Col.Number,Reference.Number,Easting,Northing,Number.of.Vehicles,Number.of.Casualties,Accident.Date,Time..24hr.,X1st.Road.Class,Road.Surface,Lighting.Conditions,Weather.Conditions,Casualty.Class,Casualty.Severity,Sex.of.Casualty,Age.of.Casualty,Type.of.Vehicle,Latitude,Longitude
481,184109,441907,445746,1,1,06/03/2009,1545,3,1,1,1,3,2,1,15,9,53.9059753608,-1.36205304241
482,184609,434737,438051,3,3,06/03/2009,1025,3,1,1,1,1,3,1,39,9,53.8373389551,-1.47206751859
483,184609,434737,438051,3,3,06/03/2009,1025,3,1,1,1,1,3,1,28,9,53.8373389551,-1.47206751859
484,184609,434737,438051,3,3,06/03/2009,1025,3,1,1,1,2,3,1,19,9,53.8373389551,-1.47206751859
485,187409,420989,441152,1,2,06/03/2009,1445,6,1,1,1,3,3,2,51,19,53.8659505953,-1.68079268787
486,187409,420989,441152,1,2,06/03/2009,1445,6,1,1,1,3,3,2,1,19,53.8659505953,-1.68079268787
487,187609,427691,433710,2,2,06/03/2009,1410,3,1,1,1,1,3,2,19,9,53.7987422058,-1.57953972695
488,187609,427691,433710,2,2,06/03/2009,1410,3,1,1,1,1,3,1,44,21,53.7987422058,-1.57953972695
489,215809,423162,434662,1,1,06/03/2009,745,6,1,1,1,3,3,2,17,19,53.8075209419,-1.64823489983
490,277409,424347,429252,2,3,06/03/2009,845,4,1,1,1,1,3,1,49,9,53.7588371452,-1.6306658052
491,277409,424347,429252,2,3,06/03/2009,845,4,1,1,1,2,3,2,7,9,53.7588371452,-1.6306658052
492,277409,424347,429252,2,3,06/03/2009,845,4,1,1,1,2,3,2,4,9,53.7588371452,-1.6306658052
493,186809,427443,436154,3,1,08/03/2009,1646,6,1,1,1,1,3,1,20,90,53.8207238707,-1.58308732279
494,188609,431821,429049,2,1,08/03/2009,1200,6,1,1,1,1,3,1,8,1,53.75660953,-1.51731306423
495,187309,431978,435540,2,2,09/03/2009,1500,6,1,1,1,1,3,1,48,9,53.8149456249,-1.51425819246
496,187309,431978,435540,2,2,09/03/2009,1500,6,1,1,1,2,3,1,25,9,53.8149456249,-1.51425819246
497,187809,433768,434036,2,2,09/03/2009,648,3,1,1,1,1,2,1,22,5,53.8013135357,-1.48723448641
498,187809,433768,434036,2,2,09/03/2009,648,3,1,1,1,2,2,2,20,5,53.8013135357,-1.48723448641
499,189809,428088,426540,2,1,09/03/2009,1425,3,1,1,1,2,3,1,81,11,53.7342711433,-1.57416451745
500,193009,424407,438121,1,1,09/03/2009,755,6,2,1,1,3,3,2,12,9,53.8385562161,-1.62905277351
501,195809,430747,439235,2,1,09/03/2009,2120,3,1,7,1,1,2,1,56,5,53.8482329939,-1.53258659845
502,202909,432734,427502,2,2,09/03/2009,1800,3,1,1,1,1,3,1,31,9,53.7426473753,-1.50362844085
503,202909,432734,427502,2,2,09/03/2009,1800,3,1,1,1,1,3,1,32,9,53.7426473753,-1.50362844085
504,214209,430211,434394,2,2,09/03/2009,1950,2,1,4,1,1,3,1,46,9,53.8047502472,-1.54121021939
505,214209,430211,434394,2,2,09/03/2009,1950,2,1,4,1,2,3,2,36,9,53.8047502472,-1.54121021939
506,217909,430677,434354,1,1,09/03/2009,1605,6,1,1,1,3,3,2,19,11,53.8043634218,-1.5341376995
507,192209,441106,438632,2,2,10/03/2009,1330,6,1,1,1,1,3,2,55,9,53.8420963051,-1.37519964764
508,192209,441106,438632,2,2,10/03/2009,1330,6,1,1,1,2,3,2,24,9,53.8420963051,-1.37519964764
509,192709,421997,443906,2,1,10/03/2009,1415,6,1,1,1,1,3,1,18,3,53.8906638343,-1.66526533439
510,202309,438833,433909,2,1,10/03/2009,2115,1,1,6,1,1,2,1,78,9,53.7998185283,-1.41034290516
511,194609,429785,430628,2,1,11/03/2009,903,3,1,1,1,2,3,2,18,11,53.770923192,-1.54804329378
512,194709,430373,433488,1,1,11/03/2009,1648,6,1,1,1,3,2,1,63,11,53.7965970338,-1.53883950792
513,195309,428511,433041,2,2,11/03/2009,2115,4,1,4,1,1,3,1,28,9,53.7926844308,-1.56715115143
514,195309,428511,433041,2,2,11/03/2009,2115,4,1,4,1,1,3,1,34,9,53.7926844308,-1.56715115143
515,196509,433194,434016,1,2,11/03/2009,1030,3,1,1,1,2,3,2,45,11,53.8011707085,-1.49595243109
516,196509,433194,434016,1,2,11/03/2009,1030,3,1,1,1,2,3,2,66,11,53.8011707085,-1.49595243109
517,197709,428417,428692,1,1,11/03/2009,2000,3,1,7,1,1,3,1,33,9,53.7535973009,-1.56897886795
518,203009,430128,436279,2,1,11/03/2009,1915,3,1,4,1,1,3,1,40,9,53.8216987673,-1.54228606254
519,225509,431883,435145,1,1,11/03/2009,1550,6,1,1,1,3,3,2,64,9,53.8114009352,-1.515742102
520,198009,428771,433285,2,1,12/03/2009,1603,3,1,1,1,1,3,1,41,1,53.7948633764,-1.56318121627
521,198109,430072,433780,1,1,12/03/2009,1300,6,1,1,1,3,3,2,19,11,53.7992392278,-1.54338099092
522,198809,428093,434519,1,1,12/03/2009,953,6,1,1,1,3,3,1,21,9,53.8059925566,-1.57336212928
523,202009,432649,433834,1,1,12/03/2009,845,3,1,1,1,3,3,1,17,9,53.799569263,-1.50424715378
524,203609,434775,437569,1,1,12/03/2009,2010,6,1,4,1,3,3,2,12,9,53.8330039198,-1.47154456751
525,205509,433258,429638,2,2,12/03/2009,1435,1,1,1,1,1,3,1,28,9,53.7618141413,-1.49545292916
526,205509,433258,429638,2,2,12/03/2009,1435,1,1,1,1,2,3,1,43,9,53.7618141413,-1.49545292916
527,240309,435001,438396,2,2,12/03/2009,1101,3,1,1,1,1,2,2,61,9,53.8404222894,-1.46801613544
528,240309,435001,438396,2,2,12/03/2009,1101,3,1,1,1,1,3,1,87,9,53.8404222894,-1.46801613544
529,199009,426280,434026,2,3,13/03/2009,1220,3,1,1,1,1,3,1,53,9,53.8016558579,-1.60093680234
530,199009,426280,434026,2,3,13/03/2009,1220,3,1,1,1,1,3,1,25,9,53.8016558579,-1.60093680234
531,199009,426280,434026,2,3,13/03/2009,1220,3,1,1,1,2,3,1,20,9,53.8016558579,-1.60093680234
532,200309,426750,431721,2,1,13/03/2009,1645,3,1,1,1,1,3,2,58,9,53.7809127223,-1.5940001426
533,200809,428912,435506,2,2,13/03/2009,842,3,1,1,1,1,3,1,37,11,53.8148195487,-1.56083195591
534,200809,428912,435506,2,2,13/03/2009,842,3,1,1,1,2,3,1,50,11,53.8148195487,-1.56083195591
535,203109,437077,435233,3,1,13/03/2009,2245,6,1,4,1,1,3,2,25,9,53.8118475133,-1.43684585263
536,205309,430001,434153,2,1,13/03/2009,945,3,1,1,1,2,3,2,19,8,53.8025961215,-1.54442269042
537,208009,420858,433408,1,1,13/03/2009,1531,6,1,1,1,2,2,2,85,11,53.7963464119,-1.68331045158
538,209309,428058,426559,2,2,13/03/2009,1345,3,1,1,1,1,3,1,21,9,53.7344435468,-1.5746176022
539,209309,428058,426559,2,2,13/03/2009,1345,3,1,1,1,2,3,2,17,9,53.7344435468,-1.5746176022
540,211909,432574,438455,2,1,13/03/2009,2000,6,1,4,1,1,3,1,27,9,53.8411104883,-1.50489653245
541,217709,429468,433305,2,1,13/03/2009,1600,6,1,1,1,1,3,1,72,9,53.7950041416,-1.5525973771
542,256409,420582,444897,2,2,13/03/2009,1700,6,1,1,1,1,3,2,69,9,53.8996297707,-1.68673081223
543,256409,420582,444897,2,2,13/03/2009,1700,6,1,1,1,1,3,2,42,9,53.8996297707,-1.68673081223
544,202509,430408,435808,2,1,14/03/2009,830,3,1,1,1,1,3,2,24,9,53.8174487902,-1.53807893051
545,202609,421937,443972,2,3,14/03/2009,2330,6,1,6,4,1,3,1,30,9,53.8912596319,-1.66617362701
546,202609,421937,443972,2,3,14/03/2009,2330,6,1,6,4,1,3,2,20,9,53.8912596319,-1.66617362701
547,202609,421937,443972,2,3,14/03/2009,2330,6,1,6,4,2,3,1,26,9,53.8912596319,-1.66617362701
548,206009,428922,429813,2,1,14/03/2009,1445,6,1,1,1,1,3,2,18,9,53.76364597,-1.56121439368
549,212609,422202,433961,2,1,14/03/2009,1550,3,1,1,4,2,3,2,73,9,53.8012616303,-1.66286484684
550,207209,436176,427380,2,1,15/03/2009,1445,3,1,1,1,1,3,1,53,5,53.741323251,-1.45145145913
551,211409,427906,432902,2,1,15/03/2009,1805,4,1,1,1,1,3,1,43,3,53.7914677897,-1.57634846262
552,212409,427749,436151,2,1,15/03/2009,2130,4,1,4,1,1,3,1,20,1,53.8206806591,-1.57843899467
553,214609,443331,435487,3,2,15/03/2009,1115,4,1,1,1,1,3,2,24,9,53.813647013,-1.34182590211
554,214609,443331,435487,3,2,15/03/2009,1115,4,1,1,1,2,3,2,2,9,53.813647013,-1.34182590211
555,256909,423707,434338,2,2,15/03/2009,1615,3,1,1,1,1,3,2,36,9,53.8045840043,-1.63998302511
556,256909,423707,434338,2,2,15/03/2009,1615,3,1,1,1,1,3,1,37,9,53.8045840043,-1.63998302511
557,199509,426231,438111,2,1,16/03/2009,746,3,1,1,1,1,3,2,40,9,53.8383774255,-1.60133246849
558,201409,423564,433905,1,1,16/03/2009,114,6,1,4,1,1,3,2,41,9,53.8006983391,-1.64218772953
559,207309,430982,433150,2,1,16/03/2009,1234,3,1,1,1,1,3,2,44,9,53.7935229381,-1.52962725101
560,211309,426284,435579,2,2,16/03/2009,2245,3,1,4,1,1,3,1,29,9,53.8156152291,-1.60074344263
561,211309,426284,435579,2,2,16/03/2009,2245,3,1,4,1,2,3,2,22,9,53.8156152291,-1.60074344263
562,213109,427287,433625,1,2,16/03/2009,2050,3,1,4,1,1,3,1,51,5,53.7979995078,-1.58568141793
563,213109,427287,433625,1,2,16/03/2009,2050,3,1,4,1,3,2,1,16,5,53.7979995078,-1.58568141793
564,214109,424127,444004,3,2,16/03/2009,1245,3,1,1,1,1,3,1,29,9,53.8914499827,-1.6328454935
565,214109,424127,444004,3,2,16/03/2009,1245,3,1,1,1,1,3,1,59,19,53.8914499827,-1.6328454935
566,214309,434895,433429,2,1,16/03/2009,1630,6,1,1,1,1,3,1,65,1,53.795783056,-1.47019061228
567,218309,431511,436760,2,1,16/03/2009,1535,6,1,1,1,1,2,1,38,1,53.8259403106,-1.52122659763
568,221609,445317,431687,1,1,16/03/2009,1755,3,1,1,1,1,2,1,29,5,53.7793219161,-1.3122210716
569,211609,440849,429211,1,1,17/03/2009,1515,6,1,1,1,3,2,1,14,9,53.7574360806,-1.38035538999
570,212109,430020,434152,1,1,17/03/2009,1800,3,1,1,1,3,3,2,26,9,53.8025860365,-1.54413427529
571,214809,424850,443299,2,1,17/03/2009,1300,6,1,1,1,3,3,2,87,9,53.8850788127,-1.62190063939
572,215409,424473,433641,1,2,17/03/2009,1800,4,1,1,1,3,3,2,12,9,53.7982833183,-1.62840613083
573,215409,424473,433641,1,2,17/03/2009,1800,4,1,1,1,3,3,2,12,9,53.7982833183,-1.62840613083
574,216409,428608,432896,7,6,17/03/2009,1550,3,1,1,1,1,3,1,21,9,53.791375736,-1.56569202533
575,216409,428608,432896,7,6,17/03/2009,1550,3,1,1,1,2,3,2,18,9,53.791375736,-1.56569202533
576,216409,428608,432896,7,6,17/03/2009,1550,3,1,1,1,1,3,2,19,9,53.791375736,-1.56569202533
577,216409,428608,432896,7,6,17/03/2009,1550,3,1,1,1,1,3,1,35,9,53.791375736,-1.56569202533
578,216409,428608,432896,7,6,17/03/2009,1550,3,1,1,1,1,3,2,37,9,53.791375736,-1.56569202533
579,216409,428608,432896,7,6,17/03/2009,1550,3,1,1,1,2,3,1,20,9,53.791375736,-1.56569202533
580,218009,433059,435032,1,1,17/03/2009,2008,6,1,4,1,3,2,2,11,9,53.8103117803,-1.4978931979
581,224209,430821,426514,3,1,17/03/2009,928,1,1,1,1,1,3,1,29,20,53.7338830554,-1.53273419611
582,227409,433180,434013,2,1,17/03/2009,2240,3,1,4,1,1,3,1,62,9,53.8011446357,-1.49616533389
583,233909,420071,434138,2,1,17/03/2009,1530,6,1,1,1,1,3,2,41,9,53.8029392535,-1.6952118003
584,217009,426298,433230,2,1,18/03/2009,2110,6,1,4,1,1,3,1,20,3,53.7944998678,-1.60073144737
585,225209,428062,435957,2,1,18/03/2009,1135,3,1,1,1,1,3,2,65,1,53.8189200418,-1.57370176274
586,234109,438077,427405,2,2,18/03/2009,1245,3,1,1,1,1,3,2,19,9,53.7414125815,-1.42262446374
587,234109,438077,427405,2,2,18/03/2009,1245,3,1,1,1,1,3,1,19,19,53.7414125815,-1.42262446374
588,214709,425040,433179,2,1,19/03/2009,1425,3,1,1,1,1,3,2,38,9,53.794103502,-1.61983466343
589,218109,426621,428768,2,1,19/03/2009,1235,3,1,1,1,1,3,2,19,9,53.7543753052,-1.59621277362
590,218609,429560,423127,1,1,19/03/2009,514,1,1,6,1,1,2,1,28,9,53.7035108052,-1.55217462394
591,218709,433008,435564,1,1,19/03/2009,33,6,1,4,1,1,3,1,31,9,53.8150969801,-1.49861069644
592,219009,430436,431155,2,1,19/03/2009,1552,6,1,1,1,1,3,1,33,5,53.7756226252,-1.53811338666
593,219509,435653,436500,2,1,19/03/2009,1425,6,1,1,1,1,3,1,28,9,53.8233356364,-1.45832673637
594,222909,429243,433843,2,2,19/03/2009,1650,6,1,1,1,1,3,2,56,9,53.7998527807,-1.55596228115
595,222909,429243,433843,2,2,19/03/2009,1650,6,1,1,1,1,3,1,19,1,53.7998527807,-1.55596228115
596,223309,434802,428891,2,3,19/03/2009,2205,6,1,4,1,1,3,1,23,9,53.7549987243,-1.4721146505
597,223309,434802,428891,2,3,19/03/2009,2205,6,1,4,1,1,3,2,44,9,53.7549987243,-1.4721146505
598,223309,434802,428891,2,3,19/03/2009,2205,6,1,4,1,2,3,2,22,9,53.7549987243,-1.4721146505
599,223909,431499,425082,4,3,19/03/2009,1605,1,1,1,1,1,3,2,27,9,53.7209705688,-1.52260151175
600,223909,431499,425082,4,3,19/03/2009,1605,1,1,1,1,1,3,1,38,9,53.7209705688,-1.52260151175
601,223909,431499,425082,4,3,19/03/2009,1605,1,1,1,1,1,3,1,38,9,53.7209705688,-1.52260151175
602,283409,427164,433573,2,1,19/03/2009,1140,6,1,1,1,2,3,1,31,9,53.7975385283,-1.58755355024
603,223709,423013,437656,2,1,20/03/2009,1312,3,1,1,1,1,2,1,17,4,53.8344400569,-1.65027371439
604,225009,430787,435294,2,1,20/03/2009,905,6,1,1,1,1,2,1,47,1,53.8128062979,-1.53237327084
605,225109,425923,437955,1,1,20/03/2009,1855,6,1,7,1,2,3,1,28,11,53.8369906435,-1.60602659508
606,227309,427896,436196,2,1,20/03/2009,1100,3,1,1,1,1,3,2,19,3,53.8210772838,-1.57620176579
607,229109,431192,433709,2,1,20/03/2009,705,2,1,1,1,1,3,1,58,9,53.7985350795,-1.52638251585
608,222009,426057,436183,1,1,21/03/2009,1445,3,1,1,1,2,3,2,47,11,53.8210558716,-1.6041403399
609,222609,427096,434808,2,1,21/03/2009,1325,3,1,1,1,1,3,2,19,9,53.8086432095,-1.58847731682
610,224509,431524,434995,2,2,21/03/2009,1245,6,1,1,1,1,3,1,30,9,53.8100745218,-1.52120996098
611,224509,431524,434995,2,2,21/03/2009,1245,6,1,1,1,1,3,1,25,9,53.8100745218,-1.52120996098
612,225709,442248,443245,1,1,21/03/2009,535,6,1,7,1,2,2,1,21,9,53.8834679297,-1.35720746907
613,235809,433357,428847,1,2,21/03/2009,505,6,1,7,1,2,3,1,22,90,53.7546977321,-1.4940365601
614,235809,433357,428847,1,2,21/03/2009,505,6,1,7,1,2,3,1,22,90,53.7546977321,-1.4940365601
615,224009,440131,432359,3,2,22/03/2009,1240,3,1,1,1,1,3,2,19,9,53.7857878188,-1.39083662124
616,224009,440131,432359,3,2,22/03/2009,1240,3,1,1,1,1,3,1,65,9,53.7857878188,-1.39083662124
617,253709,429396,431351,2,1,22/03/2009,2050,6,1,4,1,1,3,1,41,9,53.7774441816,-1.55387686145
618,255909,430865,434188,2,1,22/03/2009,1445,3,1,1,1,1,3,1,24,9,53.8028601745,-1.5312994694
619,256809,440588,448695,2,1,22/03/2009,1300,4,1,1,1,1,2,1,19,3,53.9325868705,-1.38173927391
620,231509,436441,434699,1,1,23/03/2009,1535,6,1,1,1,3,2,2,60,9,53.8070925755,-1.44656863848
621,228009,430090,431300,2,1,24/03/2009,1004,3,1,1,1,1,3,1,25,1,53.7769461067,-1.54334983503
622,237209,430232,436107,2,1,24/03/2009,1755,3,1,1,1,1,3,1,35,5,53.8201466742,-1.54072302504
623,234409,427942,426450,2,2,25/03/2009,1655,3,1,1,1,1,3,1,18,9,53.7334699897,-1.57638605569
624,234409,427942,426450,2,2,25/03/2009,1655,3,1,1,1,1,3,1,54,9,53.7334699897,-1.57638605569
625,236309,429057,433657,2,2,25/03/2009,1437,3,1,1,1,2,3,2,23,11,53.798191297,-1.55880403835
626,236309,429057,433657,2,2,25/03/2009,1437,3,1,1,1,2,3,1,45,11,53.798191297,-1.55880403835
627,236609,427946,436111,1,1,25/03/2009,1918,3,2,4,1,3,3,1,47,9,53.8203105558,-1.57544990812
628,237309,432027,435882,2,5,25/03/2009,1245,6,1,1,1,1,3,2,42,9,53.8180167308,-1.51347831432
629,237309,432027,435882,2,5,25/03/2009,1245,6,1,1,1,2,3,2,1,9,53.8180167308,-1.51347831432
630,237309,432027,435882,2,5,25/03/2009,1245,6,1,1,1,2,3,2,16,9,53.8180167308,-1.51347831432
631,237309,432027,435882,2,5,25/03/2009,1245,6,1,1,1,2,3,2,33,9,53.8180167308,-1.51347831432
632,237309,432027,435882,2,5,25/03/2009,1245,6,1,1,1,2,3,1,44,9,53.8180167308,-1.51347831432
633,237509,430990,433469,1,1,25/03/2009,1305,3,1,1,4,2,3,2,32,11,53.7963898615,-1.52947370605
634,241509,430851,434104,2,1,25/03/2009,1330,3,1,1,1,1,3,1,27,8,53.8021059538,-1.53152047519
635,250409,428763,434065,4,3,25/03/2009,1813,6,1,1,1,1,3,2,25,9,53.8018750446,-1.56322982669
636,250409,428763,434065,4,3,25/03/2009,1813,6,1,1,1,2,3,2,18,10,53.8018750446,-1.56322982669
637,250409,428763,434065,4,3,25/03/2009,1813,6,1,1,1,2,3,2,31,9,53.8018750446,-1.56322982669
638,261609,437515,433188,2,1,25/03/2009,735,3,1,1,1,1,3,1,43,9,53.7934344887,-1.43044269571
639,236009,430013,430966,1,1,26/03/2009,1700,3,1,1,1,3,3,2,14,9,53.7739483045,-1.54455086127
640,236909,430027,433362,1,1,26/03/2009,1000,6,2,1,5,3,3,1,44,9,53.7954845384,-1.54410500703
641,240909,431252,433804,2,3,26/03/2009,1845,6,1,1,1,1,3,1,51,8,53.7993854052,-1.52546187334
642,240909,431252,433804,2,3,26/03/2009,1845,6,1,1,1,2,3,2,28,8,53.7993854052,-1.52546187334
643,240909,431252,433804,2,3,26/03/2009,1845,6,1,1,1,2,3,2,6,8,53.7993854052,-1.52546187334
644,241709,439139,447070,2,1,26/03/2009,910,6,1,1,1,1,3,2,32,9,53.9180924037,-1.40401806897
645,242209,434621,441226,2,1,26/03/2009,1840,6,1,1,1,1,3,1,48,9,53.8658853542,-1.47347234066
646,245209,428098,436386,2,1,26/03/2009,2350,6,2,4,2,1,3,1,18,9,53.8227742619,-1.57311570024
647,247109,424249,428209,2,4,26/03/2009,1730,3,1,1,1,1,3,1,24,9,53.7494662999,-1.63223429515
648,247109,424249,428209,2,4,26/03/2009,1730,3,1,1,1,2,3,2,22,9,53.7494662999,-1.63223429515
649,247109,424249,428209,2,4,26/03/2009,1730,3,1,1,1,2,3,2,5,9,53.7494662999,-1.63223429515
650,247109,424249,428209,2,4,26/03/2009,1730,3,1,1,1,2,3,2,2,9,53.7494662999,-1.63223429515
651,257109,420311,445745,2,1,26/03/2009,1410,6,1,1,1,1,3,2,39,9,53.907262899,-1.6907992308
652,344809,428777,435282,1,2,26/03/2009,820,6,1,1,1,3,3,2,14,9,53.8128135635,-1.56290346532
653,344809,428777,435282,1,2,26/03/2009,820,6,1,1,1,3,3,2,13,9,53.8128135635,-1.56290346532
654,237009,428096,434522,2,1,27/03/2009,830,6,1,1,1,1,3,1,29,1,53.8060193608,-1.57331629699
655,242009,436500,434035,3,2,27/03/2009,1020,3,2,1,5,1,3,2,75,9,53.8011200189,-1.4457513694
656,242009,436500,434035,3,2,27/03/2009,1020,3,2,1,5,2,3,2,49,9,53.8011200189,-1.4457513694
657,256709,426456,435795,1,1,27/03/2009,735,6,1,1,1,3,3,1,11,9,53.817548078,-1.59811224089
658,257509,428469,435198,2,2,27/03/2009,1918,6,2,1,1,1,3,2,36,9,53.812075465,-1.5675893299
659,257509,428469,435198,2,2,27/03/2009,1918,6,2,1,1,1,3,1,21,9,53.812075465,-1.5675893299
660,258809,428913,434797,1,2,27/03/2009,2044,6,2,4,1,3,3,2,21,9,53.8084464847,-1.56088338084
661,258809,428913,434797,1,2,27/03/2009,2044,6,2,4,1,3,3,2,20,9,53.8084464847,-1.56088338084
662,241209,430205,431982,1,1,28/03/2009,930,3,1,1,1,2,3,2,26,11,53.7830697764,-1.54153782676
663,241409,430370,433485,1,1,28/03/2009,1344,6,1,1,1,3,3,1,14,11,53.7965702428,-1.53888535181
664,244509,430537,433450,2,2,28/03/2009,225,6,2,4,2,2,3,2,30,8,53.7962458621,-1.53635331378
665,244509,430537,433450,2,2,28/03/2009,225,6,2,4,2,2,3,2,31,8,53.7962458621,-1.53635331378
666,245509,440422,447903,3,4,28/03/2009,1155,3,2,1,2,1,3,2,47,9,53.9254811276,-1.38437249717
667,245509,440422,447903,3,4,28/03/2009,1155,3,2,1,2,1,3,2,22,9,53.9254811276,-1.38437249717
668,245509,440422,447903,3,4,28/03/2009,1155,3,2,1,2,2,3,1,11,9,53.9254811276,-1.38437249717
669,245509,440422,447903,3,4,28/03/2009,1155,3,2,1,2,2,3,1,55,9,53.9254811276,-1.38437249717
670,250809,429908,436997,2,4,28/03/2009,1715,3,2,1,5,1,3,1,40,9,53.8281653518,-1.54555841725
671,250809,429908,436997,2,4,28/03/2009,1715,3,2,1,5,2,3,2,40,9,53.8281653518,-1.54555841725
672,250809,429908,436997,2,4,28/03/2009,1715,3,2,1,5,2,3,1,29,9,53.8281653518,-1.54555841725
673,250809,429908,436997,2,4,28/03/2009,1715,3,2,1,5,2,3,1,35,9,53.8281653518,-1.54555841725
674,244009,424551,433725,1,1,29/03/2009,130,3,1,7,1,2,3,1,46,8,53.7990347041,-1.62721512332
675,257809,426954,432284,1,1,29/03/2009,1300,6,1,1,1,3,2,1,13,9,53.7859628968,-1.590854777
676,264409,428403,424596,2,1,29/03/2009,400,6,1,4,1,2,3,1,33,8,53.7167797208,-1.56956752275
677,344909,433251,437527,2,1,29/03/2009,1602,6,1,1,1,1,2,1,17,4,53.8327261654,-1.49470743745
678,258309,437761,433087,1,1,30/03/2009,1355,3,1,1,1,1,3,1,60,9,53.7925088484,-1.42672047838
679,251509,435106,433513,1,1,31/03/2009,730,6,1,1,1,2,3,1,40,11,53.796523906,-1.46697758621
680,253409,429691,433788,2,1,31/03/2009,1443,6,1,1,1,1,3,1,17,1,53.7993330229,-1.54916519812
681,253509,427925,437242,2,1,31/03/2009,1500,6,1,1,1,1,3,1,13,1,53.8304779326,-1.57566620875
682,254009,426426,433925,1,1,31/03/2009,1720,6,1,1,1,3,2,1,15,3,53.8007405935,-1.59872851207
683,257609,424643,433557,2,2,31/03/2009,1150,3,1,1,1,1,3,1,33,9,53.7975202322,-1.62583166127
684,257609,424643,433557,2,2,31/03/2009,1150,3,1,1,1,2,3,2,68,9,53.7975202322,-1.62583166127
685,258009,428347,429533,2,1,31/03/2009,1600,3,1,1,1,1,3,1,12,1,53.7611607119,-1.5699633591
686,259109,422293,436825,2,1,31/03/2009,1720,3,1,1,1,1,2,1,20,9,53.8270017522,-1.66127553884
687,262109,430654,434558,2,5,31/03/2009,2350,6,2,4,1,1,3,1,35,8,53.8061984738,-1.53446665263
688,262109,430654,434558,2,5,31/03/2009,2350,6,2,4,1,2,3,2,25,9,53.8061984738,-1.53446665263
689,262109,430654,434558,2,5,31/03/2009,2350,6,2,4,1,2,3,1,45,9,53.8061984738,-1.53446665263
690,262109,430654,434558,2,5,31/03/2009,2350,6,2,4,1,2,3,2,48,8,53.8061984738,-1.53446665263
691,262109,430654,434558,2,5,31/03/2009,2350,6,2,4,1,2,3,2,46,8,53.8061984738,-1.53446665263
692,258509,432524,433755,2,4,01/04/2009,834,6,1,1,1,1,3,2,22,9,53.7988669878,-1.50615345912
693,258509,432524,433755,2,4,01/04/2009,834,6,1,1,1,1,3,2,31,9,53.7988669878,-1.50615345912
694,258509,432524,433755,2,4,01/04/2009,834,6,1,1,1,2,3,2,9,9,53.7988669878,-1.50615345912
695,258509,432524,433755,2,4,01/04/2009,834,6,1,1,1,2,3,2,1,9,53.7988669878,-1.50615345912
696,258609,429201,438471,1,1,01/04/2009,1855,6,1,1,1,1,2,1,48,3,53.8414548868,-1.55616060986
697,260209,427094,432827,1,1,01/04/2009,845,6,1,1,1,3,3,2,6,9,53.7908365435,-1.58868198176
698,257909,430389,434209,2,1,02/04/2009,810,6,1,1,1,1,3,2,56,9,53.8030769655,-1.53852543559
699,258909,422813,428224,2,1,02/04/2009,716,6,1,1,1,2,3,2,61,9,53.7496659724,-1.65401143052
700,259209,435247,434842,2,1,02/04/2009,900,3,1,1,1,1,3,2,24,1,53.8084602402,-1.46468471702
701,259909,431204,434750,2,1,02/04/2009,1450,6,1,1,1,2,3,2,35,9,53.8078915939,-1.52609481174
702,261109,434516,432798,1,1,02/04/2009,1740,6,1,1,1,3,3,1,9,9,53.7901365031,-1.47601538234
703,261809,422711,434732,2,2,02/04/2009,2000,4,1,4,1,1,3,1,56,4,53.8081700515,-1.65507900797
704,261809,422711,434732,2,2,02/04/2009,2000,4,1,4,1,2,2,2,30,4,53.8081700515,-1.65507900797
705,262609,424424,435278,1,1,02/04/2009,1636,3,1,1,1,3,3,1,61,11,53.8130003081,-1.62902024285
706,262709,429158,435213,2,5,02/04/2009,2225,3,1,4,1,1,3,1,24,9,53.8121721153,-1.55712314818
707,262709,429158,435213,2,5,02/04/2009,2225,3,1,4,1,1,3,1,46,9,53.8121721153,-1.55712314818
708,262709,429158,435213,2,5,02/04/2009,2225,3,1,4,1,2,3,1,24,9,53.8121721153,-1.55712314818
709,262709,429158,435213,2,5,02/04/2009,2225,3,1,4,1,2,3,2,45,9,53.8121721153,-1.55712314818
710,262709,429158,435213,2,5,02/04/2009,2225,3,1,4,1,2,3,2,38,9,53.8121721153,-1.55712314818
711,265109,424560,444252,2,2,02/04/2009,2310,3,1,4,1,1,3,2,65,9,53.8936588444,-1.62623654549
712,265109,424560,444252,2,2,02/04/2009,2310,3,1,4,1,2,3,1,55,9,53.8936588444,-1.62623654549
713,270309,430333,426440,4,2,02/04/2009,824,1,1,1,1,1,3,2,38,9,53.7332464985,-1.54013957948
714,270309,430333,426440,4,2,02/04/2009,824,1,1,1,1,1,3,1,23,9,53.7332464985,-1.54013957948
715,264509,428836,426353,1,1,03/04/2009,1700,6,1,1,1,3,3,2,11,9,53.7325494001,-1.56284206643
716,264709,431235,432323,2,1,03/04/2009,1706,3,1,1,1,1,3,1,46,5,53.7860741425,-1.52587014689
717,265909,424120,431609,1,1,03/04/2009,1735,6,1,1,1,1,3,1,25,9,53.7800344767,-1.63392495396
718,268109,429890,434730,2,1,03/04/2009,1715,6,1,1,1,1,3,2,9,1,53.8077890033,-1.54605218966