Col.Number,Reference.Number,Easting,Northing,Number.of.Vehicles,Number.of.Casualties,Accident.Date,Time..24hr.,X1st.Road.Class,Road.Surface,Lighting.Conditions,Weather.Conditions,Casualty.Class,Casualty.Severity,Sex.of.Casualty,Age.of.Casualty,Type.of.Vehicle,Latitude,Longitude
719,259409,429001,433557,2,2,04/04/2009,1125,3,1,1,1,1,3,1,59,5,53.797295547,-1.55966372024
720,259409,429001,433557,2,2,04/04/2009,1125,3,1,1,1,2,3,2,59,5,53.797295547,-1.55966372024
721,264309,431650,436116,2,1,04/04/2009,1640,4,1,1,1,1,2,2,12,1,53.8201431679,-1.51918101478
722,265309,431196,435478,1,1,04/04/2009,1945,6,1,1,1,3,3,1,7,9,53.814435837,-1.5261425076
723,265609,418805,442399,1,1,04/04/2009,2130,6,2,7,1,1,3,1,20,9,53.8772433547,-1.7139306849
724,279109,428929,432001,3,1,04/04/2009,952,6,1,1,1,1,3,1,25,1,53.7833130446,-1.56090298291
725,286609,429310,435026,1,1,04/04/2009,1815,3,1,1,1,3,2,1,26,9,53.8104826784,-1.55483232818
726,308509,421577,436000,2,1,04/04/2009,1520,3,1,1,1,1,3,1,46,5,53.8196161908,-1.6722122787
727,263409,436205,436839,2,5,05/04/2009,1940,3,1,1,1,1,3,1,24,9,53.8263445994,-1.4499007503
728,263409,436205,436839,2,5,05/04/2009,1940,3,1,1,1,2,3,2,24,9,53.8263445994,-1.4499007503
729,263409,436205,436839,2,5,05/04/2009,1940,3,1,1,1,2,3,1,30,9,53.8263445994,-1.4499007503
730,263409,436205,436839,2,5,05/04/2009,1940,3,1,1,1,2,3,2,26,9,53.8263445994,-1.4499007503
731,263409,436205,436839,2,5,05/04/2009,1940,3,1,1,1,2,3,1,21,9,53.8263445994,-1.4499007503
732,264209,430329,433329,1,1,05/04/2009,140,6,1,4,1,2,3,1,21,10,53.7951703933,-1.53952320223
733,269609,424886,444606,2,1,05/04/2009,1550,3,1,1,1,1,3,1,46,5,53.8968252871,-1.62124669903
734,277009,427543,432903,1,2,05/04/2009,1915,6,1,1,1,1,3,1,17,9,53.7914961192,-1.5818590508
735,277009,427543,432903,1,2,05/04/2009,1915,6,1,1,1,2,3,1,18,9,53.7914961192,-1.5818590508
736,269209,428852,433990,2,1,06/04/2009,1945,6,2,4,2,1,3,1,29,1,53.8011959597,-1.5618854202
737,270209,421539,435948,3,1,06/04/2009,1658,3,2,1,2,2,3,2,55,9,53.8191503474,-1.67279318794
738,272309,430731,434283,2,2,06/04/2009,1125,6,1,1,1,1,3,1,20,9,53.8037220359,-1.53332477002
739,272309,430731,434283,2,2,06/04/2009,1125,6,1,1,1,2,3,1,18,9,53.8037220359,-1.53332477002
740,272509,431444,432701,2,2,06/04/2009,1319,3,1,1,1,1,3,2,24,9,53.7894592922,-1.52265919609
741,272509,431444,432701,2,2,06/04/2009,1319,3,1,1,1,1,3,1,36,9,53.7894592922,-1.52265919609
742,273009,425702,426862,2,1,06/04/2009,1520,3,1,1,1,1,3,2,56,9,53.7372886355,-1.61031036102
743,273909,422765,445542,2,2,06/04/2009,1600,3,2,1,2,1,3,1,72,9,53.9053361926,-1.65345702986
744,273909,422765,445542,2,2,06/04/2009,1600,3,2,1,2,1,3,1,28,9,53.9053361926,-1.65345702986
745,274609,429891,434519,2,1,06/04/2009,1900,3,2,4,1,1,3,1,39,1,53.8058923265,-1.5460574921
746,283509,430791,438688,1,1,06/04/2009,940,6,1,1,1,3,3,2,79,9,53.8433136001,-1.5319725832
747,320209,443136,439819,2,1,06/04/2009,554,2,1,4,1,1,3,1,54,9,53.8526008527,-1.34417961316
748,274109,433592,435610,1,1,07/04/2009,1425,6,1,1,1,3,3,1,12,9,53.815473052,-1.48973513733
749,275809,430370,433941,2,2,07/04/2009,1303,2,1,1,1,1,3,2,50,9,53.8006690994,-1.53884038459
750,275809,430370,433941,2,2,07/04/2009,1303,2,1,1,1,1,3,1,32,9,53.8006690994,-1.53884038459
751,290309,431327,438631,2,1,07/04/2009,1815,6,1,1,1,1,3,2,32,9,53.8427691946,-1.52383143075
752,277209,422250,436363,2,1,08/04/2009,1223,3,1,1,1,2,3,2,75,19,53.822850762,-1.66196230823
753,284909,435547,438365,2,1,08/04/2009,1205,6,1,1,1,1,3,2,27,9,53.840106566,-1.45972141472
754,285609,441282,431079,1,1,09/04/2009,1815,4,1,1,1,3,2,1,23,9,53.7741925141,-1.37353768052
755,286309,430715,434288,2,2,09/04/2009,620,6,2,1,2,1,3,1,77,9,53.8037679246,-1.53356723535
756,286309,430715,434288,2,2,09/04/2009,620,6,2,1,2,1,3,2,45,9,53.8037679246,-1.53356723535
757,286509,428059,433561,1,1,09/04/2009,1740,3,1,1,1,3,3,1,19,5,53.7973831612,-1.57396575696
758,406509,439867,427273,2,2,09/04/2009,2030,6,1,7,1,1,3,1,54,9,53.7400922689,-1.39550068942
759,406509,439867,427273,2,2,09/04/2009,2030,6,1,7,1,1,3,1,20,9,53.7400922689,-1.39550068942
760,277309,424046,430387,1,1,10/04/2009,150,3,2,4,2,1,3,1,18,2,53.7690535061,-1.63514331786
761,286809,429698,433426,1,1,10/04/2009,2255,6,1,4,1,3,3,1,45,11,53.7960787013,-1.54909381803
762,392709,425144,437875,2,1,10/04/2009,1715,3,1,1,1,1,3,1,59,9,53.8363098317,-1.61787195829
763,280109,428446,429073,1,2,11/04/2009,1535,3,1,1,1,2,3,2,60,11,53.7570204598,-1.56850391848
764,280109,428446,429073,1,2,11/04/2009,1535,3,1,1,1,2,3,2,10,11,53.7570204598,-1.56850391848
765,285709,432137,438849,1,1,11/04/2009,940,6,1,1,1,3,3,2,37,9,53.8446792258,-1.51149715462
766,287009,440840,445870,3,2,11/04/2009,1051,2,1,1,1,1,3,2,45,9,53.9071751042,-1.37827828027
767,287009,440840,445870,3,2,11/04/2009,1051,2,1,1,1,1,3,2,45,9,53.9071751042,-1.37827828027
768,290909,419544,441599,2,1,11/04/2009,1445,3,1,1,1,2,3,2,59,9,53.8700250153,-1.70273987844
769,295509,426290,435692,2,1,11/04/2009,1440,3,1,1,1,1,3,2,24,9,53.8166306564,-1.60064264808
770,304109,434257,433802,2,2,11/04/2009,1530,6,1,1,1,1,3,1,20,9,53.7991782197,-1.47983540986
771,304109,434257,433802,2,2,11/04/2009,1530,6,1,1,1,2,3,2,19,9,53.7991782197,-1.47983540986
772,285809,433167,434031,2,3,12/04/2009,30,3,1,4,1,1,3,1,21,9,53.8013072606,-1.49636079027
773,285809,433167,434031,2,3,12/04/2009,30,3,1,4,1,1,2,1,50,9,53.8013072606,-1.49636079027
774,285809,433167,434031,2,3,12/04/2009,30,3,1,4,1,2,2,2,49,9,53.8013072606,-1.49636079027
775,286009,436682,436632,1,1,12/04/2009,2020,6,1,1,1,3,3,1,9,9,53.8244505208,-1.44267827632
776,286209,435744,443414,2,4,12/04/2009,1521,6,1,1,1,2,3,2,62,9,53.8854760385,-1.45613909089
777,286209,435744,443414,2,4,12/04/2009,1521,6,1,1,1,3,3,2,45,9,53.8854760385,-1.45613909089
778,286209,435744,443414,2,4,12/04/2009,1521,6,1,1,1,2,3,1,17,9,53.8854760385,-1.45613909089
779,286209,435744,443414,2,4,12/04/2009,1521,6,1,1,1,2,3,1,17,9,53.8854760385,-1.45613909089
780,286709,431969,435824,2,4,12/04/2009,2345,3,1,4,1,1,3,1,27,9,53.8174989586,-1.51436538418
781,286709,431969,435824,2,4,12/04/2009,2345,3,1,4,1,2,3,1,15,9,53.8174989586,-1.51436538418
782,286709,431969,435824,2,4,12/04/2009,2345,3,1,4,1,2,3,1,18,9,53.8174989586,-1.51436538418
783,286709,431969,435824,2,4,12/04/2009,2345,3,1,4,1,2,3,1,22,9,53.8174989586,-1.51436538418
784,288409,425115,433769,1,2,12/04/2009,1812,6,1,1,1,2,3,2,22,11,53.7994032884,-1.61864790832
785,288409,425115,433769,1,2,12/04/2009,1812,6,1,1,1,2,3,1,21,11,53.7994032884,-1.61864790832
786,289909,432378,437421,2,1,12/04/2009,1520,6,1,1,1,2,3,1,20,9,53.8318285064,-1.50798443816
787,280209,436809,436503,2,1,13/04/2009,2020,6,1,4,1,1,3,2,45,9,53.8232820194,-1.44076426605
788,287309,428391,426416,2,1,13/04/2009,1720,1,1,1,1,1,3,1,64,9,53.7331401156,-1.56958233493
789,301009,436157,433573,2,1,13/04/2009,1605,6,1,1,1,1,3,1,20,1,53.7969912413,-1.45101376485
790,301209,431225,433708,2,1,13/04/2009,1940,6,1,1,1,2,3,1,66,8,53.798524111,-1.52588156607
791,304309,425965,439207,1,1,13/04/2009,1655,6,1,1,1,3,3,1,6,9,53.8482424391,-1.60528246672
792,311609,432509,427307,2,4,13/04/2009,2311,3,1,4,1,1,3,2,63,9,53.7409086467,-1.50706066781
793,311609,432509,427307,2,4,13/04/2009,2311,3,1,4,1,1,3,2,49,9,53.7409086467,-1.50706066781
794,311609,432509,427307,2,4,13/04/2009,2311,3,1,4,1,2,2,1,73,9,53.7409086467,-1.50706066781
795,311609,432509,427307,2,4,13/04/2009,2311,3,1,4,1,2,3,2,49,9,53.7409086467,-1.50706066781
796,287709,430003,431790,2,1,14/04/2009,1220,6,1,1,1,1,3,1,58,5,53.7813556187,-1.54462243347
797,288209,428040,431881,2,1,14/04/2009,1525,6,1,1,1,1,3,1,38,1,53.7822830402,-1.57440711259
798,289309,435064,428910,3,3,14/04/2009,1215,6,1,1,1,1,3,1,23,9,53.7551519439,-1.4681385999
799,289309,435064,428910,3,3,14/04/2009,1215,6,1,1,1,1,3,1,19,9,53.7551519439,-1.4681385999
800,289309,435064,428910,3,3,14/04/2009,1215,6,1,1,1,1,3,1,50,9,53.7551519439,-1.4681385999
801,291409,421004,441151,1,1,14/04/2009,1430,6,1,1,1,3,2,2,74,9,53.8659409996,-1.68056463554
802,301609,423835,429490,2,2,14/04/2009,1945,4,1,1,1,1,3,1,23,9,53.7610001775,-1.63841409049
803,301609,423835,429490,2,2,14/04/2009,1945,4,1,1,1,2,3,2,19,9,53.7610001775,-1.63841409049
804,312909,432515,427319,2,1,14/04/2009,945,3,1,1,1,1,3,1,64,19,53.7410161377,-1.50696843
805,293309,427817,436326,1,1,15/04/2009,1240,3,1,1,1,2,3,2,8,11,53.8222500528,-1.57739014571
806,295209,429230,433660,6,6,15/04/2009,1440,2,1,1,1,1,3,1,28,9,53.7982085716,-1.55617704106
807,295209,429230,433660,6,6,15/04/2009,1440,2,1,1,1,1,3,1,37,9,53.7982085716,-1.55617704106
808,295209,429230,433660,6,6,15/04/2009,1440,2,1,1,1,1,3,1,30,9,53.7982085716,-1.55617704106
809,295209,429230,433660,6,6,15/04/2009,1440,2,1,1,1,1,3,1,25,9,53.7982085716,-1.55617704106
810,295209,429230,433660,6,6,15/04/2009,1440,2,1,1,1,1,3,1,46,9,53.7982085716,-1.55617704106
811,295209,429230,433660,6,6,15/04/2009,1440,2,1,1,1,2,3,2,28,9,53.7982085716,-1.55617704106
812,295909,424186,428202,2,1,15/04/2009,1140,3,1,1,1,1,3,2,58,9,53.7494063052,-1.63319029363
813,298809,431165,431439,1,1,15/04/2009,1136,6,1,1,1,2,3,2,78,11,53.7781323012,-1.52702203397
814,367809,440392,433057,1,1,15/04/2009,1042,4,1,1,1,3,2,1,84,9,53.7920416097,-1.38678356276
815,296309,430068,433822,2,1,16/04/2009,230,6,2,4,1,1,3,1,25,1,53.7996169855,-1.54343762483
816,299309,428543,437391,2,1,16/04/2009,815,6,1,1,1,1,2,1,58,1,53.8317836698,-1.5662618586
817,300409,432481,430704,2,2,16/04/2009,2030,4,1,4,1,1,3,1,44,9,53.7714451529,-1.50712786489
818,300409,432481,430704,2,2,16/04/2009,2030,4,1,4,1,1,3,1,30,9,53.7714451529,-1.50712786489
819,305609,429444,434909,2,1,16/04/2009,1510,3,1,1,1,2,3,1,43,19,53.8094234277,-1.55280836403
820,300609,434718,442616,2,4,18/04/2009,2122,6,1,6,1,1,3,1,18,9,53.8783729161,-1.47183980923
821,300609,434718,442616,2,4,18/04/2009,2122,6,1,6,1,2,3,1,18,9,53.8783729161,-1.47183980923
822,300609,434718,442616,2,4,18/04/2009,2122,6,1,6,1,2,3,2,16,9,53.8783729161,-1.47183980923
823,300609,434718,442616,2,4,18/04/2009,2122,6,1,6,1,2,3,1,17,9,53.8783729161,-1.47183980923
824,300709,432436,436328,1,1,18/04/2009,1435,6,1,1,1,3,2,1,35,9,53.822000309,-1.50721841919
825,300809,431891,434950,2,1,18/04/2009,1635,6,1,1,1,2,3,1,35,9,53.8096476534,-1.515640805
826,304909,434539,433283,1,1,18/04/2009,1204,6,1,1,1,3,3,1,32,21,53.7944944698,-1.47561186574
827,305809,427785,430686,2,2,18/04/2009,950,3,1,1,1,1,3,2,64,9,53.7715550969,-1.57838507319
828,305809,427785,430686,2,2,18/04/2009,950,3,1,1,1,2,3,2,38,9,53.7715550969,-1.57838507319
829,306409,426375,427760,2,1,18/04/2009,1230,6,1,1,1,1,3,1,41,9,53.7453270383,-1.60003007226
830,306809,427967,431940,1,1,18/04/2009,1410,3,1,1,1,3,3,1,12,9,53.7828173061,-1.57550972507
831,306909,429453,431243,1,1,18/04/2009,1545,6,1,1,1,3,3,2,6,9,53.7764701728,-1.55302215517
832,307009,429556,427698,1,1,18/04/2009,1805,6,1,1,1,3,3,2,12,9,53.7445990614,-1.55179851321
833,379509,430750,433455,2,4,18/04/2009,1600,6,1,1,1,1,3,2,25,9,53.79627826,-1.53311892964
834,379509,430750,433455,2,4,18/04/2009,1600,6,1,1,1,2,3,2,36,9,53.79627826,-1.53311892964
835,379509,430750,433455,2,4,18/04/2009,1600,6,1,1,1,2,3,2,35,9,53.79627826,-1.53311892964
836,379509,430750,433455,2,4,18/04/2009,1600,6,1,1,1,2,3,2,22,9,53.79627826,-1.53311892964
837,307709,429805,434424,2,1,20/04/2009,1140,3,1,1,1,1,3,1,77,9,53.8050433336,-1.547372692
838,308109,434571,428654,3,1,20/04/2009,1805,6,1,1,1,1,3,1,6,1,53.7528837797,-1.47564488592
839,308209,428630,434178,2,1,20/04/2009,1350,6,1,1,1,1,3,2,31,9,53.8028981105,-1.56523887893
840,308409,426126,435588,2,1,20/04/2009,1130,4,1,1,1,1,3,1,61,1,53.8157040919,-1.60314265036
841,312009,435382,437391,2,1,20/04/2009,1015,3,1,1,1,1,3,2,53,9,53.8313629738,-1.46234127667
842,312509,426644,433492,1,1,20/04/2009,1519,6,1,1,1,3,3,1,10,9,53.796837328,-1.59545579394
843,313609,429107,436244,2,3,20/04/2009,836,6,1,1,1,1,3,1,53,19,53.8214423399,-1.55780020646
844,313609,429107,436244,2,3,20/04/2009,836,6,1,1,1,2,3,1,15,9,53.8214423399,-1.55780020646
845,313609,429107,436244,2,3,20/04/2009,836,6,1,1,1,2,3,1,14,9,53.8214423399,-1.55780020646
846,314809,430150,438252,2,4,20/04/2009,1402,3,1,1,1,1,3,2,63,9,53.8394321504,-1.54175831783
847,314809,430150,438252,2,4,20/04/2009,1402,3,1,1,1,2,3,1,19,9,53.8394321504,-1.54175831783
848,314809,430150,438252,2,4,20/04/2009,1402,3,1,1,1,2,3,1,21,9,53.8394321504,-1.54175831783
849,314809,430150,438252,2,4,20/04/2009,1402,3,1,1,1,2,3,2,18,9,53.8394321504,-1.54175831783
850,316609,423872,433677,2,2,20/04/2009,1518,6,1,1,1,1,3,1,28,9,53.7986348421,-1.6375286185
851,316609,423872,433677,2,2,20/04/2009,1518,6,1,1,1,2,3,2,28,9,53.7986348421,-1.6375286185
852,317409,428718,435611,2,1,20/04/2009,1220,3,1,1,1,1,3,2,29,1,53.815774117,-1.56376888544
853,322009,438167,427371,1,3,20/04/2009,1603,3,1,1,1,1,3,1,19,3,53.7411003862,-1.42126403625
854,322009,438167,427371,1,3,20/04/2009,1603,3,1,1,1,2,3,1,22,3,53.7411003862,-1.42126403625
855,322009,438167,427371,1,3,20/04/2009,1603,3,1,1,1,3,2,2,66,3,53.7411003862,-1.42126403625
856,374709,429870,427000,2,1,20/04/2009,1915,3,1,1,1,1,2,1,38,2,53.7383069679,-1.54710449332
857,310809,431599,439583,2,1,21/04/2009,1915,6,1,1,1,1,3,2,37,9,53.8513098868,-1.51959924212
858,315309,441360,430950,2,1,21/04/2009,1510,4,1,1,1,1,3,1,47,1,53.7730268063,-1.37237139168
859,318609,415989,442974,2,3,21/04/2009,1633,6,1,1,1,2,3,2,81,9,53.8825063624,-1.75673836103
860,318609,415989,442974,2,3,21/04/2009,1633,6,1,1,1,2,3,1,82,9,53.8825063624,-1.75673836103
861,318609,415989,442974,2,3,21/04/2009,1633,6,1,1,1,2,3,2,78,9,53.8825063624,-1.75673836103
862,322609,428478,435151,2,1,21/04/2009,1845,6,1,1,1,1,3,1,33,1,53.8116525016,-1.56745698428
863,329809,430465,435396,3,1,21/04/2009,1320,3,1,1,1,1,3,1,50,9,53.8137421114,-1.53725388459
864,344609,429932,433499,1,1,21/04/2009,1050,6,1,1,1,2,3,2,70,11,53.7967214689,-1.5455340133
865,316209,429147,433500,3,1,22/04/2009,1750,6,1,1,1,1,3,1,30,1,53.7967750292,-1.55745239795
866,316909,428001,436006,2,1,22/04/2009,1740,3,1,1,1,1,3,1,44,1,53.8193637791,-1.57462394322
867,318309,440544,448172,3,2,22/04/2009,1415,6,1,1,1,1,3,2,72,9,53.9278894417,-1.38247886649
868,318309,440544,448172,3,2,22/04/2009,1415,6,1,1,1,2,3,2,18,9,53.9278894417,-1.38247886649
869,318509,428177,429475,1,1,22/04/2009,1242,6,1,1,1,2,3,2,77,11,53.7606485835,-1.57254755018
870,319609,430437,434354,2,1,22/04/2009,1450,6,1,1,1,1,3,1,40,9,53.8043775221,-1.53778221915
871,324109,428382,436742,2,1,22/04/2009,2310,4,1,4,1,1,2,1,25,1,53.8259588152,-1.56876825021
872,486709,434143,428874,2,1,22/04/2009,2309,6,1,4,1,1,3,2,21,9,53.7548895159,-1.48211195147
873,318209,437502,433247,2,3,23/04/2009,1130,3,1,1,1,1,3,2,34,9,53.7939657518,-1.43063287029
874,318209,437502,433247,2,3,23/04/2009,1130,3,1,1,1,2,3,2,53,9,53.7939657518,-1.43063287029
875,318209,437502,433247,2,3,23/04/2009,1130,3,1,1,1,1,3,1,50,9,53.7939657518,-1.43063287029
876,327809,432298,434645,1,1,23/04/2009,1710,6,1,1,1,3,3,2,1,9,53.8068809901,-1.50949155843
877,345309,432515,427320,3,4,23/04/2009,1542,3,1,1,1,1,3,2,26,9,53.7410251264,-1.50696832479
878,345309,432515,427320,3,4,23/04/2009,1542,3,1,1,1,1,2,2,37,9,53.7410251264,-1.50696832479
879,345309,432515,427320,3,4,23/04/2009,1542,3,1,1,1,2,3,2,5,9,53.7410251264,-1.50696832479
880,345309,432515,427320,3,4,23/04/2009,1542,3,1,1,1,2,3,1,2,9,53.7410251264,-1.50696832479
881,315809,431882,429195,1,2,24/04/2009,225,6,1,4,1,1,2,1,17,5,53.7579181589,-1.51637272611
882,315809,431882,429195,1,2,24/04/2009,225,6,1,4,1,2,2,1,17,5,53.7579181589,-1.51637272611
883,322309,428029,435981,1,1,24/04/2009,1345,3,1,1,1,2,3,2,60,11,53.8191375517,-1.5742008734
884,322809,424983,438809,1,1,24/04/2009,1700,6,1,1,1,2,3,2,71,11,53.8447130932,-1.62024275116
885,325009,428379,434400,2,1,24/04/2009,1545,6,1,1,1,2,3,2,30,8,53.8049073682,-1.56902985911
886,326709,422672,432349,2,1,24/04/2009,2110,6,1,4,1,1,2,1,15,3,53.7867513202,-1.65584672158
887,326809,422120,438631,2,1,24/04/2009,830,3,1,1,1,1,3,1,23,3,53.8432429219,-1.66377408525
888,327609,440956,445675,2,2,24/04/2009,915,3,1,1,1,1,3,1,36,9,53.9054132265,-1.37653858773
889,327609,440956,445675,2,2,24/04/2009,915,3,1,1,1,1,3,1,51,9,53.9054132265,-1.37653858773
890,616809,425836,426292,2,1,24/04/2009,2140,1,1,7,1,1,3,1,52,21,53.7321583408,-1.60832636007
891,321309,437814,429825,3,5,25/04/2009,1803,3,1,1,1,1,1,1,39,9,53.7631842121,-1.42631590353
892,321309,437814,429825,3,5,25/04/2009,1803,3,1,1,1,1,3,1,34,9,53.7631842121,-1.42631590353
893,321309,437814,429825,3,5,25/04/2009,1803,3,1,1,1,2,1,1,16,9,53.7631842121,-1.42631590353
894,321309,437814,429825,3,5,25/04/2009,1803,3,1,1,1,2,1,1,12,9,53.7631842121,-1.42631590353
895,321309,437814,429825,3,5,25/04/2009,1803,3,1,1,1,2,2,2,7,9,53.7631842121,-1.42631590353
896,324609,421271,441399,2,2,25/04/2009,1440,6,1,1,1,1,3,1,32,9,53.8681593382,-1.67648688761
897,324609,421271,441399,2,2,25/04/2009,1440,6,1,1,1,2,3,1,11,9,53.8681593382,-1.67648688761
898,325309,430276,433779,2,1,25/04/2009,2345,6,1,7,1,1,3,1,37,9,53.7992184063,-1.54028362359
899,325509,430806,433873,1,1,25/04/2009,2325,3,1,4,1,3,3,1,36,9,53.8000322292,-1.53222689532
900,326509,438570,433806,1,1,25/04/2009,303,1,1,4,1,1,3,1,25,4,53.7989122751,-1.41434908058
901,328609,428530,431528,2,1,25/04/2009,1215,3,1,1,1,1,3,2,31,9,53.7790833739,-1.56700275935
902,329109,431636,435163,2,1,25/04/2009,1643,6,1,1,1,1,3,1,6,1,53.8115778178,-1.51949168804
903,329409,430646,434654,4,3,25/04/2009,2350,3,1,4,1,1,3,1,36,9,53.8070618607,-1.53457858444
904,329409,430646,434654,4,3,25/04/2009,2350,3,1,4,1,1,3,2,28,9,53.8070618607,-1.53457858444
905,329409,430646,434654,4,3,25/04/2009,2350,3,1,4,1,2,3,2,31,9,53.8070618607,-1.53457858444
906,344109,432192,444971,2,3,25/04/2009,1320,3,1,1,1,1,2,1,45,5,53.8997038638,-1.51001838046
907,344109,432192,444971,2,3,25/04/2009,1320,3,1,1,1,1,3,2,33,9,53.8997038638,-1.51001838046
908,344109,432192,444971,2,3,25/04/2009,1320,3,1,1,1,2,3,2,29,9,53.8997038638,-1.51001838046
909,438209,435962,435449,2,1,25/04/2009,30,3,1,4,1,1,3,1,18,9,53.8138673579,-1.45375523012
910,325909,428963,433913,2,2,26/04/2009,240,6,1,4,1,1,3,1,48,9,53.8004976578,-1.56020719382
911,325909,428963,433913,2,2,26/04/2009,240,6,1,4,1,1,3,1,23,9,53.8004976578,-1.56020719382
912,330309,439677,427189,1,1,26/04/2009,2044,6,1,1,1,3,3,2,18,9,53.7393517211,-1.39839224858
913,332609,432271,426317,1,2,26/04/2009,527,1,1,1,1,1,3,1,26,9,53.7320245443,-1.51077270456
914,332609,432271,426317,1,2,26/04/2009,527,1,1,1,1,2,3,2,24,9,53.7320245443,-1.51077270456
915,333109,435120,425904,2,1,26/04/2009,749,1,1,1,1,1,3,1,21,9,53.7281281125,-1.46763082967
916,336909,430050,433787,1,1,26/04/2009,1905,6,1,1,1,2,3,1,5,11,53.7993034202,-1.54371434843
917,330609,434634,434647,2,1,27/04/2009,1120,6,2,1,2,2,3,2,20,19,53.8067486462,-1.47401618527
918,331009,430186,433391,1,1,27/04/2009,1615,6,1,1,9,2,3,1,45,11,53.7957360108,-1.54168817914
919,331309,429130,433561,2,1,27/04/2009,2020,3,1,1,1,1,3,1,23,9,53.7973242949,-1.55770473635
920,347609,431103,433654,2,4,27/04/2009,1053,3,2,1,2,1,3,1,46,8,53.7980460293,-1.52773939043
921,347609,431103,433654,2,4,27/04/2009,1053,3,2,1,2,1,3,2,52,9,53.7980460293,-1.52773939043
922,347609,431103,433654,2,4,27/04/2009,1053,3,2,1,2,2,3,2,26,8,53.7980460293,-1.52773939043
923,347609,431103,433654,2,4,27/04/2009,1053,3,2,1,2,2,3,2,18,9,53.7980460293,-1.52773939043
924,352309,433261,429617,1,1,27/04/2009,2030,1,1,1,1,1,3,2,32,9,53.7616251866,-1.49540968195
925,379809,431270,432348,2,1,27/04/2009,1635,3,1,1,1,1,3,1,23,1,53.7862967589,-1.52533635005
926,342609,445395,431761,1,1,28/04/2009,1907,2,2,1,2,1,3,1,64,9,53.7799802613,-1.31102645996
927,342909,428059,435959,2,1,28/04/2009,1455,3,2,1,2,1,3,1,20,1,53.8189381812,-1.57374715281
928,346009,432669,438158,2,1,28/04/2009,800,6,1,1,1,1,3,1,50,9,53.838434904,-1.50348423761
929,346809,433306,434031,2,1,28/04/2009,1730,3,2,1,2,1,3,1,15,1,53.8012983791,-1.4942501727
930,347509,442860,441968,2,1,28/04/2009,1255,2,1,1,1,1,3,2,67,9,53.8719396405,-1.34807527195
931,362509,429017,433472,2,1,28/04/2009,748,3,1,1,9,2,3,2,51,1,53.7965306112,-1.55942880017
932,413909,428417,424101,1,1,28/04/2009,1655,6,2,1,2,1,3,1,32,9,53.7123294607,-1.56940080991
933,334809,429400,432219,2,2,29/04/2009,1410,6,1,1,1,2,1,1,16,3,53.785246204,-1.55373338285
934,334809,429400,432219,2,2,29/04/2009,1410,6,1,1,1,2,2,1,18,9,53.785246204,-1.55373338285
935,335609,428331,435751,2,1,29/04/2009,1830,3,1,1,1,1,3,2,23,1,53.8170537726,-1.56963440211
936,337409,425161,437878,2,1,29/04/2009,2310,3,1,4,1,1,3,1,50,9,53.8363359749,-1.61761336005
937,344009,433765,434402,1,1,29/04/2009,1925,6,1,1,1,3,3,1,43,9,53.8046035747,-1.48723990205
938,345709,427326,437196,3,1,29/04/2009,1830,3,1,1,1,1,3,2,61,9,53.8300962972,-1.58477212465
939,346509,441097,433561,2,1,29/04/2009,1510,6,1,1,1,1,3,1,78,90,53.7965166029,-1.37601396854
940,350109,442099,445188,1,1,29/04/2009,1543,6,1,1,1,3,3,1,12,11,53.900944331,-1.35920720359
941,358109,423474,434033,1,1,29/04/2009,830,6,1,1,1,3,3,1,45,9,53.801852979,-1.64354456549
942,339109,429641,434771,2,2,30/04/2009,1625,3,2,1,1,1,3,1,29,9,53.8081717927,-1.54982974508
943,339109,429641,434771,2,2,30/04/2009,1625,3,2,1,1,1,3,2,48,9,53.8081717927,-1.54982974508
944,341909,427323,425904,1,1,30/04/2009,830,3,1,1,1,3,3,2,14,9,53.7285948637,-1.5858183591
945,346109,420085,439080,1,1,30/04/2009,1330,3,2,1,1,2,3,1,19,9,53.8473615833,-1.69467638797
946,347309,433362,436188,1,1,30/04/2009,1535,6,1,1,1,3,3,2,11,9,53.8206832906,-1.49316601581
947,348309,440840,445874,2,2,30/04/2009,1215,2,1,1,1,1,3,1,68,9,53.9072110574,-1.37827774634
948,348309,440840,445874,2,2,30/04/2009,1215,2,1,1,1,2,3,2,67,9,53.9072110574,-1.37827774634
949,363309,428151,432789,1,1,30/04/2009,1805,4,1,1,1,3,3,1,16,9,53.7904388615,-1.57263946267
950,342709,445250,427974,3,2,01/05/2009,1930,6,1,1,1,3,1,1,34,9,53.745953739,-1.31378221068
951,342709,445250,427974,3,2,01/05/2009,1930,6,1,1,1,3,3,2,24,9,53.745953739,-1.31378221068
952,344309,426269,435813,1,1,01/05/2009,55,3,2,4,1,1,3,1,30,9,53.8177193587,-1.60095130691
953,344509,439776,433152,2,1,01/05/2009,1648,3,1,1,1,1,2,2,46,5,53.7929429719,-1.39612260598
954,345009,426068,431587,2,1,01/05/2009,1300,3,1,1,1,1,3,2,62,9,53.7797428194,-1.60436229623
955,345209,440965,445663,2,2,01/05/2009,1419,2,1,1,1,1,3,2,50,9,53.9053046553,-1.37640319875