Col.Number,Reference.Number,Easting,Northing,Number.of.Vehicles,Number.of.Casualties,Accident.Date,Time..24hr.,X1st.Road.Class,Road.Surface,Lighting.Conditions,Weather.Conditions,Casualty.Class,Casualty.Severity,Sex.of.Casualty,Age.of.Casualty,Type.of.Vehicle,Latitude,Longitude
1427,522109,441220,448722,2,1,28/06/2009,1945,2,1,1,1,2,3,2,55,9,53.9327796179,-1.37210926085
1428,516009,428569,431477,2,4,29/06/2009,1056,3,1,1,1,1,3,1,59,10,53.7786228071,-1.56641560386
1429,516009,428569,431477,2,4,29/06/2009,1056,3,1,1,1,1,3,2,46,9,53.7786228071,-1.56641560386
1430,516009,428569,431477,2,4,29/06/2009,1056,3,1,1,1,2,3,2,53,10,53.7786228071,-1.56641560386
1431,516009,428569,431477,2,4,29/06/2009,1056,3,1,1,1,2,3,2,68,10,53.7786228071,-1.56641560386
1432,516609,429057,433891,3,1,29/06/2009,1335,6,1,1,1,3,3,1,22,9,53.8002946632,-1.55878195985
1433,517009,430091,434604,2,1,29/06/2009,935,6,1,1,1,1,3,1,25,1,53.806644834,-1.54301197029
1434,519909,431934,435779,2,1,29/06/2009,1105,3,1,1,1,1,3,1,30,9,53.8170966199,-1.51490171244
1435,520509,432237,434671,1,1,29/06/2009,928,6,1,1,1,3,3,2,12,9,53.8071184803,-1.5104152028
1436,521109,426729,428111,1,1,29/06/2009,2030,6,1,1,1,3,3,1,44,3,53.7484640966,-1.59463153401
1437,518609,429883,432819,1,1,30/06/2009,807,6,1,1,1,3,3,2,27,9,53.7906119442,-1.54634392978
1438,521409,428097,434684,2,1,30/06/2009,1635,6,1,1,1,1,3,1,24,5,53.8074754844,-1.57328632399
1439,523909,420429,440373,2,1,30/06/2009,945,3,2,1,2,1,3,1,45,1,53.8589706801,-1.68936107782
1440,530809,424574,427831,1,1,30/06/2009,637,1,1,1,1,1,3,2,37,9,53.7460532728,-1.62733545644
1441,541809,429793,433791,2,1,01/07/2009,1300,6,1,1,1,1,3,1,29,1,53.7993541574,-1.54761617009
1442,547009,433435,442574,2,1,01/07/2009,1215,6,1,1,1,1,3,1,55,9,53.8780796839,-1.49136163066
1443,523609,429794,433789,2,1,02/07/2009,820,6,1,1,1,2,3,2,34,11,53.7993361227,-1.54760117987
1444,524709,437923,433096,3,1,02/07/2009,136,1,1,6,1,1,1,1,47,21,53.7925779639,-1.42426005724
1445,527209,430656,433451,1,1,02/07/2009,1446,6,1,1,1,2,3,2,69,11,53.7962478525,-1.53454648948
1446,527809,428647,430800,2,1,02/07/2009,1545,6,1,1,1,1,3,2,24,9,53.7725331115,-1.56529474084
1447,529109,432458,434817,1,1,02/07/2009,1154,4,1,1,1,3,3,2,78,9,53.8084170793,-1.50704360629
1448,530509,422263,433347,1,1,02/07/2009,1056,6,1,1,1,3,3,2,68,11,53.7957398657,-1.66198297073
1449,531009,428760,431606,1,1,02/07/2009,1852,1,1,1,1,1,3,2,73,9,53.7797718432,-1.56350490558
1450,531409,420981,434467,2,2,02/07/2009,940,4,1,1,1,2,2,1,66,9,53.8058606787,-1.68137080286
1451,531409,420981,434467,2,2,02/07/2009,940,4,1,1,1,2,3,2,66,9,53.8058606787,-1.68137080286
1452,531709,437768,433085,2,3,02/07/2009,2005,3,1,1,1,2,3,1,19,11,53.7924903632,-1.4266144569
1453,531709,437768,433085,2,3,02/07/2009,2005,3,1,1,1,2,3,2,54,11,53.7924903632,-1.4266144569
1454,531709,437768,433085,2,3,02/07/2009,2005,3,1,1,1,2,3,1,7,9,53.7924903632,-1.4266144569
1455,533109,428435,435000,2,1,02/07/2009,1815,6,1,1,1,1,3,1,22,1,53.8102975554,-1.56812402889
1456,538309,425634,434236,2,1,02/07/2009,1910,3,1,1,1,1,3,2,24,9,53.8035757423,-1.61072861074
1457,574709,428060,435959,2,1,02/07/2009,1605,3,1,1,1,1,3,1,45,1,53.8189381272,-1.57373196197
1458,589709,425806,427156,2,2,02/07/2009,2140,4,1,1,1,1,3,2,21,9,53.7399262328,-1.60870902379
1459,589709,425806,427156,2,2,02/07/2009,2140,4,1,1,1,2,3,2,20,9,53.7399262328,-1.60870902379
1460,532709,425623,433083,2,1,03/07/2009,845,4,1,1,1,1,3,2,22,9,53.7932121921,-1.61099157666
1461,534409,430072,433934,2,1,03/07/2009,2340,6,1,4,1,1,3,1,26,1,53.8006234914,-1.54336595244
1462,534609,429940,427139,2,1,03/07/2009,1447,6,2,1,2,1,3,1,47,9,53.7395523986,-1.54602971008
1463,538509,437664,444762,3,5,03/07/2009,2035,3,2,1,1,1,3,1,17,9,53.8974565382,-1.42676122264
1464,538509,437664,444762,3,5,03/07/2009,2035,3,2,1,1,1,3,1,38,9,53.8974565382,-1.42676122264
1465,538509,437664,444762,3,5,03/07/2009,2035,3,2,1,1,1,3,1,18,9,53.8974565382,-1.42676122264
1466,538509,437664,444762,3,5,03/07/2009,2035,3,2,1,1,2,3,1,19,9,53.8974565382,-1.42676122264
1467,538509,437664,444762,3,5,03/07/2009,2035,3,2,1,1,2,3,2,34,9,53.8974565382,-1.42676122264
1468,539909,430430,426479,2,3,03/07/2009,1920,1,1,1,1,1,3,2,41,9,53.733591411,-1.53866523468
1469,539909,430430,426479,2,3,03/07/2009,1920,1,1,1,1,2,3,2,41,9,53.733591411,-1.53866523468
1470,539909,430430,426479,2,3,03/07/2009,1920,1,1,1,1,2,3,1,10,9,53.733591411,-1.53866523468
1471,541709,435915,425859,2,1,03/07/2009,830,1,1,1,1,1,3,2,32,9,53.7276694817,-1.45558557968
1472,577609,428795,433285,1,1,03/07/2009,807,3,1,1,1,2,3,2,22,11,53.7948620486,-1.56281684538
1473,529909,424123,444005,2,4,04/07/2009,1135,3,1,1,1,1,2,1,89,9,53.8914591575,-1.63290628367
1474,529909,424123,444005,2,4,04/07/2009,1135,3,1,1,1,1,3,1,55,9,53.8914591575,-1.63290628367
1475,529909,424123,444005,2,4,04/07/2009,1135,3,1,1,1,2,1,2,91,9,53.8914591575,-1.63290628367
1476,529909,424123,444005,2,4,04/07/2009,1135,3,1,1,1,2,2,2,50,9,53.8914591575,-1.63290628367
1477,531209,424160,435104,1,1,04/07/2009,750,6,1,1,1,1,3,1,25,9,53.8114485898,-1.63304374815
1478,532109,442192,434398,2,1,04/07/2009,1315,3,1,1,1,1,3,1,35,5,53.8039522838,-1.35927476121
1479,532509,432324,434991,1,1,04/07/2009,1720,4,1,1,1,3,3,1,8,9,53.8099894535,-1.5090603768
1480,532909,438760,430808,1,1,04/07/2009,800,3,1,1,1,1,2,1,52,5,53.7719504576,-1.41184127886
1481,534009,431387,431640,2,4,04/07/2009,1516,3,1,1,1,1,3,1,58,9,53.7799256992,-1.52363250143
1482,534009,431387,431640,2,4,04/07/2009,1516,3,1,1,1,2,3,2,51,9,53.7799256992,-1.52363250143
1483,534009,431387,431640,2,4,04/07/2009,1516,3,1,1,1,2,3,2,11,11,53.7799256992,-1.52363250143
1484,534009,431387,431640,2,4,04/07/2009,1516,3,1,1,1,2,3,2,51,11,53.7799256992,-1.52363250143
1485,536809,425480,432865,2,1,04/07/2009,630,3,1,1,1,1,3,1,28,9,53.7912596524,-1.61318057741
1486,538009,421796,435470,2,1,04/07/2009,1150,4,1,1,1,1,3,2,21,9,53.8148429723,-1.66892294532
1487,546409,427835,434410,2,1,04/07/2009,1207,3,1,1,1,1,3,1,33,90,53.8050266545,-1.57729001632
1488,585209,430759,435349,2,1,04/07/2009,2140,6,1,1,1,1,3,2,41,9,53.8133023331,-1.53279305204
1489,531509,429705,432103,1,1,05/07/2009,1853,1,1,1,1,1,3,1,25,9,53.7841861905,-1.5491150824
1490,536209,429129,432126,1,1,05/07/2009,1701,6,1,1,1,3,3,2,12,9,53.7844254863,-1.55785558227
1491,543209,424923,434763,1,2,05/07/2009,1100,6,1,1,1,3,2,2,9,9,53.8083473977,-1.62148274543
1492,543209,424923,434763,1,2,05/07/2009,1100,6,1,1,1,3,2,2,4,9,53.8083473977,-1.62148274543
1493,544809,429843,438855,2,1,05/07/2009,1340,6,1,1,1,1,3,2,58,90,53.8448700437,-1.54636558053
1494,550609,424016,435856,3,1,05/07/2009,2130,4,1,1,1,1,3,1,16,2,53.8182148423,-1.63517215658
1495,537909,422730,434047,4,4,06/07/2009,1600,3,1,1,1,1,3,2,46,9,53.8020118666,-1.65484102952
1496,537909,422730,434047,4,4,06/07/2009,1600,3,1,1,1,1,3,2,22,9,53.8020118666,-1.65484102952
1497,537909,422730,434047,4,4,06/07/2009,1600,3,1,1,1,1,3,1,38,19,53.8020118666,-1.65484102952
1498,537909,422730,434047,4,4,06/07/2009,1600,3,1,1,1,2,3,1,28,19,53.8020118666,-1.65484102952
1499,543109,428224,435779,2,1,06/07/2009,1430,3,1,1,1,1,3,1,30,1,53.8173112772,-1.57125717985
1500,543609,429893,435206,2,1,06/07/2009,1530,6,1,1,1,1,3,1,31,3,53.8120674581,-1.54596039561
1501,543709,429141,435248,2,1,06/07/2009,1000,3,1,1,1,1,3,1,46,1,53.8124876736,-1.55737803585
1502,558809,437189,433452,2,2,06/07/2009,1630,3,2,1,2,1,3,1,24,9,53.7958308767,-1.43535993042
1503,558809,437189,433452,2,2,06/07/2009,1630,3,2,1,2,2,3,2,23,9,53.7958308767,-1.43535993042
1504,540809,425109,434167,1,3,07/07/2009,110,6,2,4,1,1,3,1,18,9,53.8029811241,-1.61870655758
1505,540809,425109,434167,1,3,07/07/2009,110,6,2,4,1,2,3,2,18,9,53.8029811241,-1.61870655758
1506,540809,425109,434167,1,3,07/07/2009,110,6,2,4,1,2,3,2,16,9,53.8029811241,-1.61870655758
1507,544909,427713,436839,2,1,07/07/2009,1525,6,2,1,1,1,3,1,27,5,53.8268668268,-1.57892388424
1508,547809,420467,434286,3,1,07/07/2009,1814,3,2,1,1,1,3,2,38,9,53.8042541749,-1.6891885996
1509,548009,420228,439432,2,1,07/07/2009,855,3,1,1,1,1,3,2,40,1,53.8505200928,-1.69247940712
1510,551009,433593,429745,2,1,07/07/2009,1005,3,1,1,1,1,3,2,33,9,53.7627544375,-1.49035931987
1511,559109,421366,434997,1,1,07/07/2009,1545,6,1,1,1,3,2,1,6,8,53.8106090968,-1.67548728915
1512,563009,427558,430395,2,1,07/07/2009,1115,6,1,1,1,3,3,2,48,20,53.7689514144,-1.58185550805
1513,540309,426011,440080,1,1,08/07/2009,739,6,1,1,1,2,3,1,53,11,53.8560872873,-1.60450922607
1514,544409,425239,439474,1,1,08/07/2009,2350,6,1,4,1,1,3,1,44,9,53.8506782251,-1.61629682664
1515,545109,421081,441170,1,1,08/07/2009,1305,6,1,1,1,2,3,2,71,11,53.866108664,-1.67939230988
1516,552009,431403,438152,2,1,08/07/2009,1035,6,1,1,1,1,3,1,56,1,53.838459048,-1.52272524523
1517,554009,441080,449548,3,3,08/07/2009,1002,2,1,1,1,1,3,1,46,11,53.940215056,-1.37413059454
1518,554009,441080,449548,3,3,08/07/2009,1002,2,1,1,1,1,3,1,37,11,53.940215056,-1.37413059454
1519,554009,441080,449548,3,3,08/07/2009,1002,2,1,1,1,2,3,1,11,11,53.940215056,-1.37413059454
1520,559309,427506,434573,2,1,08/07/2009,1730,3,1,1,1,1,3,2,28,9,53.8065093264,-1.58227158961
1521,576609,421757,435237,1,1,08/07/2009,1500,4,1,1,1,2,3,2,77,11,53.8127502062,-1.66953181255
1522,578009,442022,445378,1,1,08/07/2009,1240,6,1,1,1,3,3,2,14,9,53.9026583561,-1.36035306034
1523,586909,427512,440625,2,3,08/07/2009,2055,6,1,6,1,1,3,1,35,9,53.8609087417,-1.58163868462
1524,586909,427512,440625,2,3,08/07/2009,2055,6,1,6,1,1,3,1,26,9,53.8609087417,-1.58163868462
1525,586909,427512,440625,2,3,08/07/2009,2055,6,1,6,1,2,3,1,25,9,53.8609087417,-1.58163868462
1526,929009,446449,430805,1,1,08/07/2009,753,3,1,1,1,1,2,1,54,5,53.7712944063,-1.29517488731
1527,549609,435846,436401,2,1,09/07/2009,1655,3,2,1,2,1,3,1,17,4,53.8224324931,-1.45540618763
1528,550909,427882,430471,1,1,09/07/2009,1620,3,1,1,1,3,3,1,44,9,53.7696173182,-1.57693265254
1529,551509,432525,433786,2,1,09/07/2009,2300,3,1,4,1,2,3,1,55,11,53.7991455743,-1.5061350017
1530,552309,425922,427655,1,1,09/07/2009,1520,6,1,1,1,3,3,2,14,9,53.7444059316,-1.60690832763
1531,568909,430093,431352,2,1,09/07/2009,743,3,2,1,1,1,3,1,48,9,53.7774133487,-1.54329923369
1532,582409,430493,433454,2,3,09/07/2009,1225,6,1,1,1,2,3,1,23,11,53.7962843978,-1.53702095068
1533,582409,430493,433454,2,3,09/07/2009,1225,6,1,1,1,2,3,2,45,11,53.7962843978,-1.53702095068
1534,582409,430493,433454,2,3,09/07/2009,1225,6,1,1,1,2,3,1,19,11,53.7962843978,-1.53702095068
1535,588109,428793,435573,2,1,09/07/2009,1735,3,2,1,2,2,3,1,21,9,53.8154283972,-1.56263321603
1536,631709,426195,444706,2,1,09/07/2009,545,3,1,1,1,1,3,2,21,9,53.8976596551,-1.60131629215
1537,550709,427387,433466,2,1,10/07/2009,1840,6,1,1,1,1,3,1,17,2,53.7965650374,-1.58417722655
1538,552109,431896,433078,1,1,10/07/2009,1945,6,1,1,1,3,3,1,1,9,53.7928205251,-1.51575877662
1539,552509,424103,428114,2,2,10/07/2009,1330,3,1,1,1,1,3,2,20,9,53.748619127,-1.63445592655
1540,552509,424103,428114,2,2,10/07/2009,1330,3,1,1,1,2,3,2,43,9,53.748619127,-1.63445592655
1541,564009,443294,435466,2,2,10/07/2009,1540,4,1,1,1,1,3,1,33,19,53.8134613389,-1.34239082576
1542,564009,443294,435466,2,2,10/07/2009,1540,4,1,1,1,1,3,1,52,19,53.8134613389,-1.34239082576
1543,585509,435051,434948,2,1,10/07/2009,1700,6,1,1,1,1,3,1,41,1,53.8094262803,-1.46764926176
1544,585809,430464,435595,3,2,10/07/2009,57,3,1,7,1,1,3,2,33,9,53.8155309202,-1.53724936985
1545,585809,430464,435595,3,2,10/07/2009,57,3,1,7,1,2,3,2,44,9,53.8155309202,-1.53724936985
1546,615809,439580,432848,1,1,10/07/2009,1805,6,1,1,1,3,3,2,7,9,53.7902254055,-1.3991371408
1547,552209,427793,425850,2,3,11/07/2009,2117,3,2,1,2,1,3,2,48,9,53.72808463,-1.57869882462
1548,552209,427793,425850,2,3,11/07/2009,2117,3,2,1,2,2,3,1,55,9,53.72808463,-1.57869882462
1549,552209,427793,425850,2,3,11/07/2009,2117,3,2,1,2,2,3,1,19,9,53.72808463,-1.57869882462
1550,552809,430067,433971,2,1,11/07/2009,200,6,1,4,1,1,3,1,42,8,53.8009563632,-1.54343826052
1551,553909,430183,433754,1,1,11/07/2009,1650,6,1,1,1,3,3,2,23,11,53.7989990925,-1.54169815314
1552,574409,424020,434108,2,1,11/07/2009,2330,3,2,4,2,1,3,1,32,9,53.802502214,-1.63524782378
1553,576309,440692,445795,2,1,11/07/2009,1400,3,1,1,1,1,3,1,49,9,53.9065126235,-1.38054116557
1554,585709,433957,437102,3,3,11/07/2009,1240,6,1,1,1,1,3,1,59,9,53.8288603495,-1.48402626694
1555,585709,433957,437102,3,3,11/07/2009,1240,6,1,1,1,1,3,2,31,9,53.8288603495,-1.48402626694
1556,585709,433957,437102,3,3,11/07/2009,1240,6,1,1,1,2,3,2,35,9,53.8288603495,-1.48402626694
1557,597609,428978,436378,2,2,11/07/2009,1630,6,1,1,1,1,3,1,32,8,53.8226540349,-1.55974731204
1558,597609,428978,436378,2,2,11/07/2009,1630,6,1,1,1,2,3,1,4,9,53.8226540349,-1.55974731204
1559,551709,433115,434022,2,5,12/07/2009,845,3,1,1,1,1,3,1,57,9,53.8012296757,-1.49715134199
1560,551709,433115,434022,2,5,12/07/2009,845,3,1,1,1,1,3,1,35,90,53.8012296757,-1.49715134199
1561,551709,433115,434022,2,5,12/07/2009,845,3,1,1,1,2,3,1,29,90,53.8012296757,-1.49715134199
1562,551709,433115,434022,2,5,12/07/2009,845,3,1,1,1,2,3,1,47,90,53.8012296757,-1.49715134199
1563,551709,433115,434022,2,5,12/07/2009,845,3,1,1,1,2,3,1,24,90,53.8012296757,-1.49715134199
1564,551809,434977,438341,2,1,12/07/2009,253,3,2,4,2,2,3,2,19,3,53.8399295351,-1.46838715875
1565,558409,430721,439028,2,1,12/07/2009,1650,3,1,1,1,1,3,1,19,9,53.8463738842,-1.53300254332
1566,562709,422331,440438,1,1,12/07/2009,1925,6,1,1,1,1,3,1,55,9,53.8594766089,-1.66043548576
1567,564309,425080,432427,1,1,12/07/2009,1515,6,1,1,1,2,3,1,29,11,53.7873419788,-1.6192885958
1568,583209,431805,435386,2,1,12/07/2009,1800,6,1,1,1,1,3,1,42,9,53.8135719818,-1.51690185645
1569,635609,424296,434761,2,2,12/07/2009,40,6,2,4,2,1,3,1,28,9,53.8083590916,-1.63100522516
1570,635609,424296,434761,2,2,12/07/2009,40,6,2,4,2,2,3,1,36,9,53.8083590916,-1.63100522516
1571,551609,426780,428665,2,2,13/07/2009,1205,6,1,1,1,1,2,1,42,1,53.7534413057,-1.59381006105
1572,551609,426780,428665,2,2,13/07/2009,1205,6,1,1,1,1,3,2,45,9,53.7534413057,-1.59381006105
1573,559209,441195,432176,1,1,13/07/2009,745,6,1,1,1,3,2,1,12,9,53.7840597954,-1.3747112728
1574,559609,428637,432937,1,1,13/07/2009,1920,3,1,1,1,3,3,1,26,9,53.7917426802,-1.56524796945
1575,562209,423287,434644,2,1,13/07/2009,1535,6,1,1,1,1,3,1,19,3,53.8073535607,-1.64633790579
1576,564409,442049,430619,1,1,13/07/2009,1250,6,1,1,1,3,2,1,42,9,53.769996431,-1.3619617998
1577,564909,420931,434417,2,1,13/07/2009,1310,3,1,1,1,1,3,2,21,9,53.8054132502,-1.68213351756
1578,568809,424236,428165,2,1,13/07/2009,1440,3,1,1,1,1,3,1,63,9,53.749071393,-1.63243490386
1579,587409,430785,425568,2,1,13/07/2009,1500,6,1,1,1,1,3,1,17,3,53.7253817607,-1.53337412826
1580,558909,424527,437057,2,1,14/07/2009,705,3,1,1,1,1,2,1,38,1,53.8289865138,-1.62731392565
1581,560109,428416,432513,2,1,14/07/2009,713,3,1,1,1,1,3,2,30,1,53.7879435572,-1.5686420721
1582,563909,428133,431161,2,1,14/07/2009,905,3,1,1,1,1,3,1,30,1,53.7758060921,-1.57306128931
1583,564109,431906,435743,2,1,14/07/2009,1308,3,1,1,1,1,3,1,41,1,53.8167747473,-1.51533076765
1584,567409,431851,440389,1,2,14/07/2009,2005,6,1,1,1,1,3,1,25,9,53.8585393059,-1.51568458574
1585,567409,431851,440389,1,2,14/07/2009,2005,6,1,1,1,2,3,1,20,9,53.8585393059,-1.51568458574
1586,715109,426908,435448,2,2,14/07/2009,930,6,1,1,1,1,3,1,61,9,53.8144057801,-1.59127654051
1587,715109,426908,435448,2,2,14/07/2009,930,6,1,1,1,1,3,2,33,9,53.8144057801,-1.59127654051
1588,564209,430000,432558,2,1,15/07/2009,812,3,1,1,1,1,3,2,57,9,53.7882591506,-1.54459321582
1589,564509,428340,427000,1,1,15/07/2009,906,3,2,1,2,1,3,2,19,9,53.7383923804,-1.57030195224
1590,564609,425961,434759,2,1,15/07/2009,910,6,2,1,2,1,3,2,20,9,53.8082606597,-1.60571889437
1591,565809,431323,434057,1,1,15/07/2009,845,6,2,1,1,3,2,2,63,9,53.8016552759,-1.52435809784
1592,570909,427398,431910,1,1,15/07/2009,1015,6,1,1,1,3,3,1,80,19,53.7825779031,-1.58414856574
1593,571909,421770,435275,1,1,15/07/2009,1630,4,2,1,9,2,3,1,22,11,53.813091238,-1.66933167004
1594,585609,441383,430932,2,1,15/07/2009,1400,4,2,1,1,1,2,1,17,4,53.7728631857,-1.37202480992
1595,587209,428083,433566,2,1,15/07/2009,1630,3,1,1,1,1,3,1,37,1,53.7974268101,-1.57360090781
1596,588909,443225,439658,1,2,15/07/2009,8,2,2,6,2,1,3,1,26,9,53.851146328,-1.3428492645
1597,588909,443225,439658,1,2,15/07/2009,8,2,2,6,2,2,3,2,24,9,53.851146328,-1.3428492645
1598,591109,430747,439243,2,1,15/07/2009,1715,3,1,1,1,1,3,2,48,9,53.848304903,-1.53258579736
1599,596809,438949,431554,2,2,15/07/2009,1925,3,1,1,1,1,3,2,49,9,53.7786418272,-1.40887927744
1600,596809,438949,431554,2,2,15/07/2009,1925,3,1,1,1,2,3,2,77,9,53.7786418272,-1.40887927744
1601,570009,430397,433717,1,1,16/07/2009,1850,6,1,1,1,2,3,2,59,11,53.7986540494,-1.53845252228
1602,571309,436155,434847,2,2,16/07/2009,1330,3,1,1,1,1,3,1,48,9,53.8084428477,-1.45089453058
1603,571309,436155,434847,2,2,16/07/2009,1330,3,1,1,1,2,3,2,39,9,53.8084428477,-1.45089453058
1604,577709,426379,435438,2,1,16/07/2009,740,3,1,1,1,1,3,1,31,1,53.8143430014,-1.59931251113
1605,580209,426819,437997,2,1,16/07/2009,1600,3,1,1,1,1,3,1,23,4,53.8373226862,-1.5924060447
1606,585909,432223,435153,2,3,16/07/2009,2140,4,2,4,2,2,3,2,11,9,53.8114518858,-1.51057734926
1607,585909,432223,435153,2,3,16/07/2009,2140,4,2,4,2,2,3,2,24,9,53.8114518858,-1.51057734926
1608,585909,432223,435153,2,3,16/07/2009,2140,4,2,4,2,2,3,2,11,9,53.8114518858,-1.51057734926
1609,589309,441739,430216,1,1,16/07/2009,1315,4,1,1,1,3,3,1,86,9,53.7663990008,-1.36671984121
1610,572409,422605,442734,2,2,17/07/2009,1725,3,2,1,2,2,3,2,57,9,53.8801029031,-1.65609988121
1611,572409,422605,442734,2,2,17/07/2009,1725,3,2,1,2,2,3,2,27,9,53.8801029031,-1.65609988121
1612,572909,427572,436875,2,3,17/07/2009,1534,3,1,1,1,1,3,1,46,9,53.827197921,-1.58106297086
1613,572909,427572,436875,2,3,17/07/2009,1534,3,1,1,1,1,2,1,18,9,53.827197921,-1.58106297086
1614,572909,427572,436875,2,3,17/07/2009,1534,3,1,1,1,2,2,1,18,9,53.827197921,-1.58106297086
1615,575309,434257,430107,2,1,17/07/2009,620,1,5,1,5,1,3,2,41,9,53.7659650997,-1.48024601919
1616,576209,429189,431917,2,1,17/07/2009,1240,6,2,1,2,1,3,1,84,9,53.7825434729,-1.55696467229
1617,577509,428805,433293,2,1,17/07/2009,1540,3,2,1,2,1,3,1,22,9,53.7949334052,-1.56266427611
1618,577809,422012,432439,2,2,17/07/2009,1530,6,2,1,2,1,3,2,26,9,53.7875886522,-1.66585867933
1619,577809,422012,432439,2,2,17/07/2009,1530,6,2,1,2,2,3,1,6,9,53.7875886522,-1.66585867933
1620,579209,428505,432641,2,1,17/07/2009,1825,3,2,1,2,2,3,2,32,11,53.7890892527,-1.56727924488
1621,580609,427934,426300,2,1,17/07/2009,1528,3,2,1,5,1,3,2,30,9,53.7321220885,-1.57652088732
1622,584709,441092,448810,2,1,17/07/2009,810,4,2,1,2,1,3,1,25,1,53.9335807619,-1.37404707696
1623,572509,430418,433734,2,1,18/07/2009,525,6,1,1,1,1,3,1,28,9,53.7988056302,-1.53813199101
1624,573209,428519,434663,1,1,18/07/2009,1710,6,1,1,1,3,3,2,43,9,53.80726375,-1.56687948772
1625,575609,432068,430295,1,1,18/07/2009,400,1,2,4,2,1,2,1,34,9,53.7677943592,-1.51343705861
1626,575909,426351,433090,2,1,18/07/2009,1315,4,1,1,1,1,3,1,50,9,53.7932387542,-1.59993877347
1627,577909,429196,438570,2,1,18/07/2009,1315,3,1,1,1,1,3,2,80,9,53.842345047,-1.55622719485
1628,578309,424684,435039,1,1,18/07/2009,1153,6,1,1,1,2,3,1,54,11,53.8108397067,-1.62509032815
1629,581109,430332,433894,1,1,18/07/2009,2307,6,1,4,1,3,3,1,51,9,53.8002488469,-1.53942201249
1630,582509,430884,436034,2,2,18/07/2009,2042,6,1,1,1,3,3,2,64,9,53.8194521717,-1.53082569613
1631,582509,430884,436034,2,2,18/07/2009,2042,6,1,1,1,3,3,1,81,9,53.8194521717,-1.53082569613
1632,582809,439541,430544,2,2,18/07/2009,1200,6,1,1,1,2,3,1,26,20,53.7695187585,-1.40002463944
1633,582809,439541,430544,2,2,18/07/2009,1200,6,1,1,1,1,3,1,55,20,53.7695187585,-1.40002463944
1634,588609,430551,433449,2,1,18/07/2009,2225,6,1,7,1,1,3,1,18,1,53.7962360515,-1.53614085707
1635,581209,430804,433458,1,1,19/07/2009,34,6,1,4,1,3,3,2,32,9,53.7963020317,-1.53229877096
1636,582309,423623,428311,2,2,19/07/2009,1045,4,2,1,2,1,3,1,38,9,53.7504119204,-1.64172034182
1637,582309,423623,428311,2,2,19/07/2009,1045,4,2,1,2,2,3,2,56,9,53.7504119204,-1.64172034182
1638,582909,430858,435557,2,1,19/07/2009,1752,6,1,1,1,1,3,1,19,2,53.815166114,-1.53126850843
1639,617709,430495,434004,1,1,19/07/2009,1600,6,1,1,1,2,3,1,20,11,53.8012280755,-1.53693612506
1640,582609,429325,435001,1,1,20/07/2009,1525,3,1,1,1,3,3,1,41,11,53.8102571147,-1.55460689415
1641,583009,422131,433789,2,1,20/07/2009,1930,6,1,1,1,1,3,1,11,1,53.799718573,-1.66395531566
1642,586809,428456,429063,2,2,20/07/2009,1400,3,1,1,1,1,3,1,24,9,53.7569300255,-1.56835315533
1643,586809,428456,429063,2,2,20/07/2009,1400,3,1,1,1,2,3,2,23,9,53.7569300255,-1.56835315533
1644,588709,426152,437183,1,1,20/07/2009,1200,6,1,1,1,2,3,1,80,11,53.8300398559,-1.60261207714
1645,590209,430908,436542,2,1,20/07/2009,1025,4,1,1,1,1,3,1,35,1,53.8240169923,-1.53041005993
1646,597409,419795,441274,2,1,20/07/2009,1200,3,1,1,1,1,3,1,28,9,53.8670941458,-1.69894325694
1647,597709,423129,437611,2,1,20/07/2009,704,3,2,1,1,1,3,1,34,1,53.8340304102,-1.64851429712
1648,600609,424575,435147,1,1,20/07/2009,1230,6,1,1,1,3,3,1,16,9,53.8118156602,-1.62673719688
1649,586209,429589,439247,1,1,21/07/2009,1143,6,2,1,2,2,3,2,88,11,53.8484081329,-1.55018865475
1650,590609,432536,433386,2,3,21/07/2009,2145,6,1,4,1,2,3,1,41,9,53.7955494146,-1.50601023757
1651,590609,432536,433386,2,3,21/07/2009,2145,6,1,4,1,2,3,1,38,9,53.7955494146,-1.50601023757
1652,590609,432536,433386,2,3,21/07/2009,2145,6,1,4,1,1,3,1,19,9,53.7955494146,-1.50601023757
1653,591009,429652,430876,2,1,21/07/2009,1340,6,2,1,2,1,3,1,25,3,53.7731599984,-1.55003752374
1654,591509,430678,434559,3,1,21/07/2009,1325,6,2,1,2,1,3,1,19,9,53.8062060473,-1.53410208525
1655,591609,430052,432457,1,1,21/07/2009,2308,3,1,7,1,2,3,1,45,11,53.7873482873,-1.54381372071
1656,604209,420832,439676,2,2,21/07/2009,1430,3,2,1,2,1,3,2,26,9,53.8526894772,-1.68328055976
1657,604209,420832,439676,2,2,21/07/2009,1430,3,2,1,2,1,3,1,18,9,53.8526894772,-1.68328055976
1658,607909,430850,424405,2,1,21/07/2009,1729,3,2,1,2,1,3,1,27,9,53.7149239105,-1.53250487087
1659,589609,426657,441784,1,2,22/07/2009,1100,3,1,1,1,2,3,2,65,11,53.8713712438,-1.59453915173
1660,589609,426657,441784,1,2,22/07/2009,1100,3,1,1,1,2,3,2,40,11,53.8713712438,-1.59453915173
1661,589909,430691,425704,2,1,22/07/2009,1630,6,1,1,1,1,3,1,11,1,53.7266097803,-1.53478539452