Col.Number,Reference.Number,Easting,Northing,Number.of.Vehicles,Number.of.Casualties,Accident.Date,Time..24hr.,X1st.Road.Class,Road.Surface,Lighting.Conditions,Weather.Conditions,Casualty.Class,Casualty.Severity,Sex.of.Casualty,Age.of.Casualty,Type.of.Vehicle,Latitude,Longitude
1662,591309,426921,439572,1,1,22/07/2009,1728,3,1,1,1,2,3,2,82,11,53.8514746347,-1.59071783947
1663,593209,433112,434012,1,1,22/07/2009,1536,3,1,1,1,3,2,2,41,11,53.8011399801,-1.49719797014
1664,594409,430684,434966,2,1,22/07/2009,715,3,1,1,1,1,3,2,43,9,53.8098640944,-1.53397039508
1665,595109,426861,438040,2,1,22/07/2009,1415,3,1,1,1,1,3,1,52,9,53.8377070314,-1.59176398921
1666,608409,430515,428118,2,1,22/07/2009,1855,6,1,1,1,1,2,1,35,1,53.7483190958,-1.53721480287
1667,611609,431606,436165,2,1,22/07/2009,2200,6,1,4,1,1,3,1,24,9,53.8205862896,-1.51984439079
1668,597209,431360,435236,2,3,23/07/2009,1900,6,2,1,1,1,3,2,25,9,53.8122507106,-1.52367615743
1669,597209,431360,435236,2,3,23/07/2009,1900,6,2,1,1,1,3,1,42,9,53.8122507106,-1.52367615743
1670,597209,431360,435236,2,3,23/07/2009,1900,6,2,1,1,2,3,2,25,9,53.8122507106,-1.52367615743
1671,597909,429086,431240,2,1,23/07/2009,1030,6,1,1,1,1,2,1,48,5,53.7764638387,-1.55859183598
1672,595209,432223,439381,2,1,24/07/2009,1745,3,2,1,1,1,3,1,42,9,53.8494558379,-1.51013412678
1673,596009,423750,438006,2,1,24/07/2009,1415,6,1,1,1,1,3,2,12,1,53.8375529609,-1.63904678731
1674,600709,442939,445671,1,1,24/07/2009,1420,3,1,1,1,3,3,1,31,9,53.9052167539,-1.34635462587
1675,600909,429959,433217,2,2,24/07/2009,1557,6,1,1,1,1,3,1,26,11,53.794185092,-1.54515150601
1676,600909,429959,433217,2,2,24/07/2009,1557,6,1,1,1,2,3,2,46,11,53.794185092,-1.54515150601
1677,601009,430094,431351,1,1,24/07/2009,1320,3,1,1,1,2,3,2,45,11,53.7774043022,-1.5432841555
1678,601109,428367,432497,2,1,24/07/2009,2336,3,1,4,1,2,3,1,19,9,53.78780241,-1.56938734699
1679,604009,428839,434632,3,3,24/07/2009,1620,6,1,1,1,1,3,2,23,9,53.8069674524,-1.56202268001
1680,604009,428839,434632,3,3,24/07/2009,1620,6,1,1,1,1,3,1,27,9,53.8069674524,-1.56202268001
1681,604009,428839,434632,3,3,24/07/2009,1620,6,1,1,1,2,3,1,22,9,53.8069674524,-1.56202268001
1682,605209,430076,431167,1,1,24/07/2009,1315,3,1,1,1,3,2,1,9,9,53.7757514105,-1.54357526465
1683,675709,435926,436148,1,1,24/07/2009,1915,6,1,1,1,3,3,2,8,9,53.8201528616,-1.4542203941
1684,595909,430028,438533,2,1,25/07/2009,2255,6,1,4,1,1,3,1,37,9,53.8419650317,-1.54358503011
1685,598809,429996,438579,1,1,25/07/2009,1235,4,1,1,1,2,3,2,75,11,53.8423803592,-1.5440669097
1686,598909,430089,431262,1,1,25/07/2009,1200,3,1,1,1,3,3,2,22,9,53.7766045916,-1.54336871835
1687,599009,432960,439235,2,1,25/07/2009,2010,3,1,1,1,2,3,1,23,9,53.8480972451,-1.49894612168
1688,602509,428960,435470,2,2,25/07/2009,2240,3,1,4,1,1,3,1,20,9,53.8144932832,-1.56010625676
1689,602509,428960,435470,2,2,25/07/2009,2240,3,1,4,1,1,3,1,36,9,53.8144932832,-1.56010625676
1690,606409,421510,434645,5,1,25/07/2009,2355,4,1,4,1,1,1,1,24,9,53.8074390847,-1.67332481688
1691,612209,430603,435385,1,1,25/07/2009,1958,6,1,1,1,1,1,1,21,90,53.8136351314,-1.53515891253
1692,595509,424888,427728,2,1,26/07/2009,1007,3,1,1,1,1,3,1,36,9,53.7451125174,-1.62258205865
1693,599509,436261,434182,3,1,26/07/2009,1820,6,2,1,2,1,3,1,10,1,53.8024580574,-1.44936306275
1694,600509,430079,431176,1,1,26/07/2009,230,3,1,4,1,3,3,1,17,9,53.7758321361,-1.54352886131
1695,604509,430881,436221,1,1,26/07/2009,1709,6,1,1,1,3,3,2,12,9,53.8211332327,-1.53085249362
1696,606909,431886,435648,2,1,26/07/2009,1910,6,2,1,2,1,3,1,46,9,53.8159220513,-1.51564441273
1697,599209,426035,436453,2,1,27/07/2009,1203,6,1,1,1,1,3,1,58,9,53.8234839398,-1.60445169908
1698,603109,428476,444991,1,1,27/07/2009,1327,3,1,1,1,2,3,2,19,9,53.9001011164,-1.56657437641
1699,606009,431233,445742,2,3,27/07/2009,1655,3,1,1,1,1,3,1,24,9,53.9066927085,-1.52453568906
1700,606009,431233,445742,2,3,27/07/2009,1655,3,1,1,1,1,3,1,42,9,53.9066927085,-1.52453568906
1701,606009,431233,445742,2,3,27/07/2009,1655,3,1,1,1,2,3,2,35,9,53.9066927085,-1.52453568906
1702,619409,429526,440822,2,1,27/07/2009,1420,6,1,1,1,1,3,1,67,1,53.8625688435,-1.55099482929
1703,621509,440027,432377,2,1,27/07/2009,725,3,1,1,1,1,3,2,45,1,53.7859576209,-1.39241284043
1704,612909,427870,434637,3,1,28/07/2009,820,6,1,1,1,1,3,1,26,9,53.8070652276,-1.5767379611
1705,619509,425474,434287,2,1,28/07/2009,1030,3,1,1,1,1,1,2,27,1,53.8040420319,-1.61315404898
1706,627809,420188,441782,4,3,28/07/2009,1950,6,2,1,2,1,3,2,43,1,53.871645304,-1.69293287838
1707,627809,420188,441782,4,3,28/07/2009,1950,6,2,1,2,1,3,1,19,9,53.871645304,-1.69293287838
1708,627809,420188,441782,4,3,28/07/2009,1950,6,2,1,2,2,3,1,18,9,53.871645304,-1.69293287838
1709,616609,429567,430336,5,2,29/07/2009,1642,3,2,1,2,3,2,1,32,19,53.7683108917,-1.5513790917
1710,616609,429567,430336,5,2,29/07/2009,1642,3,2,1,2,3,2,2,23,19,53.7683108917,-1.5513790917
1711,621709,431402,435025,2,2,29/07/2009,940,6,1,1,1,1,3,1,28,8,53.810351564,-1.52305977875
1712,621709,431402,435025,2,2,29/07/2009,940,6,1,1,1,1,3,2,49,9,53.810351564,-1.52305977875
1713,630509,427926,435963,2,1,29/07/2009,2045,6,1,1,1,2,3,2,26,9,53.818981298,-1.57576717217
1714,675509,430662,434301,3,1,29/07/2009,1330,6,2,1,8,1,3,2,40,9,53.8038879049,-1.53437076034
1715,706709,431985,435569,2,1,29/07/2009,1830,6,2,1,2,1,3,1,30,9,53.8152058656,-1.51414885273
1716,613509,420700,441259,1,1,30/07/2009,1312,6,2,1,1,3,3,1,52,9,53.8669240025,-1.68518059572
1717,616109,424811,434789,1,1,30/07/2009,1445,3,1,1,1,2,3,1,85,11,53.8085864622,-1.62318160532
1718,618309,430015,434097,1,1,30/07/2009,1425,6,1,1,1,2,3,2,82,11,53.8020919454,-1.54421556113
1719,621309,440553,426187,1,1,30/07/2009,800,3,2,1,2,1,3,2,23,9,53.7302777498,-1.38524204807
1720,623109,426826,426665,2,1,30/07/2009,1900,3,1,1,1,1,3,1,20,9,53.735461206,-1.59328600972
1721,623609,431294,436318,1,1,30/07/2009,700,4,2,1,2,1,2,1,52,3,53.821980433,-1.52456851906
1722,670809,423864,435749,2,1,30/07/2009,740,6,2,1,1,1,3,2,63,9,53.8172600403,-1.63748944322
1723,612509,422593,434013,3,1,31/07/2009,2145,3,2,4,2,1,3,1,39,9,53.8017122146,-1.65692385169
1724,613409,430074,433914,1,1,31/07/2009,1328,6,1,1,1,2,3,2,34,11,53.8004436013,-1.54333753737
1725,617009,426977,439876,2,1,31/07/2009,1330,3,1,1,1,1,3,1,23,1,53.854204293,-1.58983977461
1726,617209,425437,434298,1,1,31/07/2009,1215,3,1,1,1,3,3,2,13,9,53.8041427196,-1.61371500485
1727,617409,429719,433418,1,1,31/07/2009,1255,6,1,1,1,2,3,1,4,11,53.7960055923,-1.54877575676
1728,619309,427489,438602,1,2,31/07/2009,2340,3,1,7,1,1,3,2,19,9,53.8427258347,-1.58216957339
1729,619309,427489,438602,1,2,31/07/2009,2340,3,1,7,1,2,3,1,17,9,53.8427258347,-1.58216957339
1730,620809,430801,433247,2,1,31/07/2009,1405,3,1,1,2,2,3,2,83,11,53.79440559,-1.53236541701
1731,621609,431899,435719,3,1,31/07/2009,1400,3,1,1,1,1,3,2,28,9,53.8165594489,-1.51543958576
1732,622009,430441,436613,2,1,31/07/2009,1620,4,1,1,1,1,3,1,18,1,53.8246827506,-1.53749797654
1733,622109,421017,441081,1,1,31/07/2009,930,6,1,1,1,2,3,1,39,11,53.8653112593,-1.68037172727
1734,623509,436498,434148,3,1,31/07/2009,1250,6,1,1,1,1,3,1,16,1,53.8021358695,-1.44576834359
1735,623809,440489,449150,1,1,31/07/2009,1000,4,1,1,1,1,3,1,38,5,53.9366842933,-1.38318689287
1736,635709,429930,432980,2,1,31/07/2009,2345,6,1,4,1,1,3,2,58,9,53.7920564302,-1.54561480425
1737,614409,418383,442335,1,1,01/08/2009,915,3,2,1,2,1,3,1,22,9,53.876683199,-1.72035407375
1738,620309,442081,434443,1,2,01/08/2009,1940,3,2,1,1,1,3,1,21,5,53.8043657562,-1.36095413434
1739,620309,442081,434443,1,2,01/08/2009,1940,3,2,1,1,2,3,1,24,5,53.8043657562,-1.36095413434
1740,622409,430438,433954,2,5,01/08/2009,2150,6,1,4,1,1,3,1,30,9,53.8007819782,-1.53780657634
1741,622409,430438,433954,2,5,01/08/2009,2150,6,1,4,1,2,3,2,20,9,53.8007819782,-1.53780657634
1742,622409,430438,433954,2,5,01/08/2009,2150,6,1,4,1,2,3,2,20,9,53.8007819782,-1.53780657634
1743,622409,430438,433954,2,5,01/08/2009,2150,6,1,4,1,2,3,2,20,9,53.8007819782,-1.53780657634
1744,622409,430438,433954,2,5,01/08/2009,2150,6,1,4,1,2,3,2,21,9,53.8007819782,-1.53780657634
1745,622609,438355,445522,2,1,01/08/2009,1140,3,1,1,1,1,3,1,24,9,53.9042370465,-1.4161496968
1746,640609,427559,434480,2,1,01/08/2009,1625,6,2,1,1,1,3,1,27,9,53.8056705658,-1.58147503814
1747,640809,430106,431626,3,4,01/08/2009,1615,3,2,1,2,1,3,1,30,9,53.7798755163,-1.5430751959
1748,640809,430106,431626,3,4,01/08/2009,1615,3,2,1,2,1,3,1,45,9,53.7798755163,-1.5430751959
1749,640809,430106,431626,3,4,01/08/2009,1615,3,2,1,2,2,3,2,46,9,53.7798755163,-1.5430751959
1750,640809,430106,431626,3,4,01/08/2009,1615,3,2,1,2,2,3,2,18,9,53.7798755163,-1.5430751959
1751,619009,421347,440477,3,1,02/08/2009,1315,3,1,1,1,1,3,1,29,5,53.8598685717,-1.67539517618
1752,621109,421046,434642,2,1,02/08/2009,1440,6,1,1,1,1,3,1,19,3,53.8074311029,-1.68037172859
1753,623309,430386,433888,1,1,02/08/2009,210,6,1,7,1,3,3,2,25,9,53.800191763,-1.5386026677
1754,624309,428014,434343,2,1,02/08/2009,2155,3,1,4,1,2,3,2,55,9,53.8044147972,-1.57457785197
1755,625009,420608,433787,1,2,02/08/2009,1530,4,1,1,1,1,3,1,35,9,53.7997631598,-1.68708080929
1756,625009,420608,433787,1,2,02/08/2009,1530,4,1,1,1,2,3,2,30,9,53.7997631598,-1.68708080929
1757,627509,432024,435868,2,1,02/08/2009,2000,3,1,1,1,1,3,1,34,1,53.8178910744,-1.51352534293
1758,631109,439026,436251,2,2,02/08/2009,1003,6,1,1,1,1,3,2,27,9,53.8208551826,-1.40711549832
1759,631109,439026,436251,2,2,02/08/2009,1003,6,1,1,1,2,3,2,25,9,53.8208551826,-1.40711549832
1760,635209,426165,434053,2,1,02/08/2009,1409,3,1,1,1,1,3,1,20,3,53.8019043527,-1.60268074279
1761,629309,433444,434037,2,2,03/08/2009,1400,3,1,1,1,1,3,1,25,8,53.8013434567,-1.49215408889
1762,629309,433444,434037,2,2,03/08/2009,1400,3,1,1,1,1,3,2,43,9,53.8013434567,-1.49215408889
1763,635309,430898,436548,2,1,03/08/2009,755,4,1,1,1,1,3,1,48,1,53.8240715189,-1.53056138295
1764,637309,430075,433856,3,1,03/08/2009,1440,6,1,1,1,1,3,2,34,9,53.7999221975,-1.54332801777
1765,650909,419680,441794,2,2,03/08/2009,1925,6,1,1,1,2,3,2,31,9,53.8717726871,-1.70065886273
1766,650909,419680,441794,2,2,03/08/2009,1925,6,1,1,1,2,3,2,13,9,53.8717726871,-1.70065886273
1767,688709,431894,434763,1,4,03/08/2009,314,6,1,4,1,1,3,1,35,9,53.8079665871,-1.51561462068
1768,688709,431894,434763,1,4,03/08/2009,314,6,1,4,1,2,2,1,18,9,53.8079665871,-1.51561462068
1769,688709,431894,434763,1,4,03/08/2009,314,6,1,4,1,2,2,1,17,9,53.8079665871,-1.51561462068
1770,688709,431894,434763,1,4,03/08/2009,314,6,1,4,1,2,3,1,17,9,53.8079665871,-1.51561462068
1771,625909,422265,433371,1,1,04/08/2009,1550,6,1,1,1,3,3,2,35,9,53.7959555128,-1.6619508707
1772,629509,431743,431415,2,2,04/08/2009,1145,3,2,1,1,1,3,1,25,9,53.7778816503,-1.51825278243
1773,629509,431743,431415,2,2,04/08/2009,1145,3,2,1,1,1,3,2,43,9,53.7778816503,-1.51825278243
1774,629609,432723,438295,2,1,04/08/2009,1705,6,2,1,1,1,3,1,25,9,53.8396629451,-1.50264896715
1775,630109,430330,434730,1,1,04/08/2009,1840,6,1,1,1,3,2,1,2,9,53.8077635278,-1.53937002242
1776,630409,435000,438396,2,2,04/08/2009,1600,3,1,1,1,1,3,1,31,9,53.8404223568,-1.46803133382
1777,630409,435000,438396,2,2,04/08/2009,1600,3,1,1,1,2,3,2,30,9,53.8404223568,-1.46803133382
1778,631609,430371,433484,1,1,04/08/2009,1505,6,2,1,2,3,2,1,61,11,53.7965611957,-1.53887026773
1779,632109,431872,425419,2,1,04/08/2009,820,1,1,1,1,1,3,1,38,4,53.7239771421,-1.51691383169
1780,633809,431473,435106,2,1,04/08/2009,1623,6,1,1,1,2,3,1,14,9,53.8110753547,-1.52197317328
1781,642909,428469,435181,1,1,04/08/2009,1610,6,1,1,1,2,3,2,17,11,53.8119226565,-1.56759090265
1782,650209,435911,425852,2,3,04/08/2009,1205,1,1,1,1,1,3,1,21,19,53.7276068361,-1.45564702306
1783,650209,435911,425852,2,3,04/08/2009,1205,1,1,1,1,1,3,1,28,9,53.7276068361,-1.45564702306
1784,650209,435911,425852,2,3,04/08/2009,1205,1,1,1,1,2,3,1,48,9,53.7276068361,-1.45564702306
1785,629709,420298,434250,2,1,05/08/2009,1605,3,1,1,1,1,3,2,28,9,53.8039371984,-1.6917573622
1786,632509,431302,429055,2,1,05/08/2009,826,6,1,1,1,1,3,2,32,5,53.7566949021,-1.52518477207
1787,632609,431886,426437,1,1,05/08/2009,1510,4,1,1,1,2,2,1,38,17,53.7331268822,-1.51659668708
1788,633209,430077,433880,1,1,05/08/2009,1400,6,1,1,1,2,3,2,65,11,53.8001378112,-1.54329530589
1789,638809,432723,438298,2,1,05/08/2009,2030,6,1,1,1,1,3,1,42,1,53.8396899109,-1.5026486476
1790,649209,430446,433718,2,1,05/08/2009,806,6,1,1,1,2,3,2,49,11,53.7986601727,-1.53770843499
1791,649509,424779,428807,1,1,05/08/2009,2220,3,2,4,2,3,3,2,16,9,53.7548167248,-1.62414840669
1792,658509,429699,432171,1,1,05/08/2009,1700,6,1,1,1,2,3,2,45,11,53.7847977682,-1.54919959993
1793,634709,430177,432167,1,1,06/08/2009,1455,3,1,1,1,2,3,2,35,11,53.7847343187,-1.54194469444
1794,634809,436941,425907,3,2,06/08/2009,1440,1,1,1,1,1,3,2,56,9,53.7280292792,-1.44002812055
1795,634809,436941,425907,3,2,06/08/2009,1440,1,1,1,1,2,3,2,17,9,53.7280292792,-1.44002812055
1796,635409,436430,434699,1,1,06/08/2009,1326,6,1,1,1,2,3,2,36,11,53.8070933461,-1.44673568748
1797,635809,437104,436084,1,1,06/08/2009,1730,6,1,1,1,2,3,2,69,11,53.8194948445,-1.43633314576
1798,640009,431233,434793,2,2,06/08/2009,2040,6,1,1,1,2,3,1,16,9,53.8082763667,-1.52565003271
1799,640009,431233,434793,2,2,06/08/2009,2040,6,1,1,1,2,3,1,22,9,53.8082763667,-1.52565003271
1800,641209,426123,434307,2,1,06/08/2009,1150,6,1,1,1,1,3,1,12,1,53.8041896163,-1.6032969513
1801,645109,428350,432436,2,2,06/08/2009,1440,3,1,1,1,1,3,1,61,9,53.7872550211,-1.56965101143
1802,645109,428350,432436,2,2,06/08/2009,1440,3,1,1,1,1,3,2,25,9,53.7872550211,-1.56965101143
1803,648609,431903,434860,1,1,06/08/2009,1635,6,1,1,1,3,3,1,45,9,53.8088379366,-1.51546788574
1804,636309,432859,435377,1,1,07/08/2009,1400,6,1,1,1,2,3,2,40,11,53.8134255415,-1.50089387227
1805,643309,428307,431249,2,1,07/08/2009,1518,3,1,1,1,1,3,1,43,5,53.7765876748,-1.57041271691
1806,644109,426373,438054,2,2,07/08/2009,1830,6,1,1,1,2,3,2,9,9,53.8378578779,-1.59917925571
1807,644109,426373,438054,2,2,07/08/2009,1830,6,1,1,1,2,3,1,6,9,53.8378578779,-1.59917925571
1808,663609,427303,433355,2,1,07/08/2009,1820,6,1,1,1,3,3,2,9,9,53.7955716979,-1.58546241905
1809,641609,439794,436996,1,1,08/08/2009,2038,6,1,1,1,3,3,1,59,9,53.827493367,-1.39535231002
1810,641909,436223,434265,2,2,08/08/2009,715,6,1,1,1,2,3,1,27,8,53.8032067582,-1.44993031308
1811,641909,436223,434265,2,2,08/08/2009,715,6,1,1,1,2,3,1,28,8,53.8032067582,-1.44993031308
1812,645709,431371,435302,2,4,08/08/2009,1345,6,1,1,1,1,3,2,27,9,53.8128432999,-1.52350235733
1813,645709,431371,435302,2,4,08/08/2009,1345,6,1,1,1,2,3,2,10,9,53.8128432999,-1.52350235733
1814,645709,431371,435302,2,4,08/08/2009,1345,6,1,1,1,2,3,2,16,9,53.8128432999,-1.52350235733
1815,645709,431371,435302,2,4,08/08/2009,1345,6,1,1,1,2,3,2,51,9,53.8128432999,-1.52350235733
1816,659609,426150,435588,2,1,08/08/2009,1845,4,1,1,1,1,3,1,35,1,53.8157028853,-1.60277809688
1817,659709,423302,434732,2,1,08/08/2009,1730,6,1,1,1,1,3,1,26,9,53.8081439056,-1.64610344204
1818,639109,430209,434002,2,1,09/08/2009,814,6,1,1,1,1,3,1,25,9,53.8012267862,-1.54127905193
1819,646609,430998,435793,2,2,09/08/2009,1805,6,1,1,1,1,3,1,56,9,53.8172791146,-1.5291182153
1820,646609,430998,435793,2,2,09/08/2009,1805,6,1,1,1,2,3,2,43,9,53.8172791146,-1.5291182153
1821,652409,434609,425872,2,1,09/08/2009,840,1,1,1,1,1,3,1,44,9,53.7278746318,-1.4753800825
1822,662109,421421,439478,1,1,09/08/2009,1705,6,1,1,1,3,3,1,9,9,53.8508857304,-1.67433966799
1823,664309,428626,436892,2,3,09/08/2009,2234,6,1,4,1,1,3,1,35,9,53.8272937392,-1.56504710283
1824,664309,428626,436892,2,3,09/08/2009,2234,6,1,4,1,1,3,1,50,8,53.8272937392,-1.56504710283
1825,664309,428626,436892,2,3,09/08/2009,2234,6,1,4,1,2,3,1,51,8,53.8272937392,-1.56504710283
1826,675809,424526,437054,2,2,09/08/2009,608,3,1,1,1,1,3,1,34,9,53.8289595947,-1.62732935958
1827,675809,424526,437054,2,2,09/08/2009,608,3,1,1,1,2,3,2,23,9,53.8289595947,-1.62732935958
1828,676109,420643,444854,1,1,09/08/2009,140,6,1,4,1,3,3,1,24,9,53.8992408296,-1.6858052744
1829,688509,431805,433131,2,1,09/08/2009,33,6,1,4,1,2,2,1,21,9,53.7933024966,-1.51713480196
1830,638509,423921,428209,2,2,10/08/2009,635,3,2,1,2,1,1,1,19,9,53.7494814585,-1.63720870528
1831,638509,423921,428209,2,2,10/08/2009,635,3,2,1,2,1,3,1,53,19,53.7494814585,-1.63720870528
1832,643809,427757,427915,1,1,10/08/2009,940,4,1,1,1,3,3,1,8,9,53.7466485462,-1.57905908779
1833,644409,435227,434811,1,1,10/08/2009,1724,3,1,1,1,2,3,2,59,11,53.8081829486,-1.46499200121
1834,644709,425646,435559,1,1,10/08/2009,2015,6,1,1,1,3,3,1,8,9,53.815467317,-1.61043614304
1835,646509,425105,432925,1,1,10/08/2009,1920,6,1,1,1,2,3,2,15,11,53.7918172091,-1.61886853475
1836,648109,426114,438127,2,3,10/08/2009,1020,3,1,1,1,1,3,1,79,9,53.8385271401,-1.60310926664
1837,648109,426114,438127,2,3,10/08/2009,1020,3,1,1,1,1,3,2,22,9,53.8385271401,-1.60310926664
1838,648109,426114,438127,2,3,10/08/2009,1020,3,1,1,1,2,3,1,20,9,53.8385271401,-1.60310926664
1839,654709,429902,437011,1,1,10/08/2009,1330,6,1,1,1,2,3,2,58,11,53.8282915386,-1.54564822026
1840,657309,425142,437856,1,1,10/08/2009,1730,3,1,1,1,3,2,2,68,9,53.8361391422,-1.61790390734
1841,658909,431883,435313,2,2,10/08/2009,1220,6,1,1,1,1,3,2,42,9,53.8129110318,-1.51572469558
1842,658909,431883,435313,2,2,10/08/2009,1220,6,1,1,1,2,3,2,38,8,53.8129110318,-1.51572469558
1843,664109,425706,433934,1,1,10/08/2009,900,6,1,1,1,3,3,1,40,90,53.8008575718,-1.60966047792
1844,649009,427826,436514,2,1,11/08/2009,1715,4,1,1,1,1,3,1,22,1,53.8239394524,-1.57723640599
1845,650609,422716,432255,2,1,11/08/2009,1800,6,1,1,1,1,3,1,52,9,53.785904448,-1.65518575807
1846,664409,425062,433369,2,1,11/08/2009,1400,4,1,1,1,1,3,2,64,9,53.7958103184,-1.61948520219
1847,683309,428596,431112,2,1,11/08/2009,1622,6,1,1,1,3,2,1,11,9,53.7753404176,-1.56603969153
1848,647409,421692,435045,1,1,12/08/2009,1210,4,1,1,1,2,3,1,50,11,53.8110270641,-1.67053261721
1849,648209,429360,434958,1,1,12/08/2009,15,3,2,7,1,3,2,1,18,8,53.8098686246,-1.55407942804
1850,648309,430294,433744,1,2,12/08/2009,1210,6,1,1,1,2,3,2,7,11,53.7989027531,-1.54001376085
1851,648309,430294,433744,1,2,12/08/2009,1210,6,1,1,1,2,3,1,9,11,53.7989027531,-1.54001376085
1852,650009,422199,435904,1,1,12/08/2009,2135,6,1,4,1,2,3,2,23,9,53.818727073,-1.66277025092
1853,656309,420846,441150,2,1,12/08/2009,1735,6,1,1,1,3,3,2,22,9,53.8659383818,-1.68296757595
1854,656709,426837,437898,2,1,12/08/2009,1316,3,1,1,1,1,3,1,46,1,53.8364318727,-1.59214113602
1855,657109,420312,441603,1,1,12/08/2009,1850,6,1,1,1,3,3,1,5,9,53.8700314739,-1.69105867893
1856,660509,443079,444314,1,1,12/08/2009,1220,6,1,1,1,1,2,2,54,1,53.8930080492,-1.34441457857
1857,667109,425715,435158,2,1,12/08/2009,1810,6,1,1,1,1,3,1,12,1,53.8118594078,-1.60942156977
1858,649409,423294,434417,2,5,13/08/2009,1034,6,1,1,1,1,3,2,41,9,53.805312783,-1.64624877579
1859,649409,423294,434417,2,5,13/08/2009,1034,6,1,1,1,2,3,1,27,9,53.805312783,-1.64624877579
1860,649409,423294,434417,2,5,13/08/2009,1034,6,1,1,1,2,3,1,11,9,53.805312783,-1.64624877579
1861,649409,423294,434417,2,5,13/08/2009,1034,6,1,1,1,2,3,2,9,9,53.805312783,-1.64624877579
1862,649409,423294,434417,2,5,13/08/2009,1034,6,1,1,1,2,3,2,31,9,53.805312783,-1.64624877579
1863,653309,430765,438785,1,1,13/08/2009,1532,6,1,1,1,2,3,2,69,11,53.8441870394,-1.53235805601
1864,655409,424175,429357,1,1,13/08/2009,1105,4,1,1,1,2,3,1,39,11,53.7597889882,-1.63326669427
1865,655509,422273,433393,1,1,13/08/2009,1715,4,1,1,1,2,3,1,71,11,53.7961529252,-1.66182781834
1866,656509,434151,433874,3,1,13/08/2009,940,6,1,1,1,2,3,2,12,9,53.7998323715,-1.48143687621
1867,656809,436163,434744,1,1,13/08/2009,1215,3,1,1,1,1,3,1,21,90,53.8075164672,-1.45078513772
1868,657809,427945,436113,2,1,13/08/2009,1600,3,1,1,1,1,2,1,66,1,53.820328587,-1.57546491774
1869,658109,421550,439245,2,1,13/08/2009,1630,6,1,1,1,1,3,1,12,1,53.8487860048,-1.67239488946
1870,663909,428436,428703,2,1,13/08/2009,1620,3,1,1,1,1,3,2,30,9,53.7536951414,-1.56868967733
1871,686909,430130,437782,2,1,13/08/2009,1610,3,1,1,1,1,3,1,8,1,53.8352086376,-1.54210837082
1872,653909,422546,435457,1,1,14/08/2009,1144,6,1,1,1,2,3,1,23,11,53.8146941346,-1.6575317624
1873,661809,425800,426834,2,1,14/08/2009,2155,3,1,4,1,1,3,1,35,9,53.7370321063,-1.60882687562
1874,663409,432205,435332,1,1,14/08/2009,1630,6,1,1,1,3,3,1,4,9,53.8130619718,-1.51083199976
1875,670309,443638,437509,3,2,14/08/2009,1412,2,1,1,1,1,3,1,62,9,53.8317958289,-1.33687616338
1876,670309,443638,437509,3,2,14/08/2009,1412,2,1,1,1,2,3,2,51,9,53.8317958289,-1.33687616338
1877,656109,433537,429825,2,1,15/08/2009,720,3,1,1,1,1,2,1,41,1,53.7634771428,-1.49120016809
1878,661909,429563,433443,2,1,15/08/2009,340,6,1,4,9,1,3,1,28,8,53.7962391985,-1.55114182857
1879,664209,434658,445065,2,1,15/08/2009,1510,3,1,1,1,2,3,1,21,9,53.900389752,-1.472475424
1880,668609,425018,433160,2,1,15/08/2009,2020,3,2,1,1,2,3,2,45,11,53.7939337727,-1.62017020945
1881,657609,430850,439706,1,2,16/08/2009,2243,3,1,4,1,1,3,1,17,9,53.8524605311,-1.53097353041
1882,657609,430850,439706,1,2,16/08/2009,2243,3,1,4,1,2,3,1,17,9,53.8524605311,-1.53097353041
1883,662309,430557,427017,1,1,16/08/2009,1340,3,1,1,1,1,3,2,46,9,53.7384199652,-1.5366867383
1884,672609,429079,435311,1,1,16/08/2009,1245,3,1,1,1,1,3,2,66,9,53.8130574343,-1.55831376796
1885,666809,427782,430733,3,1,17/08/2009,1535,3,1,1,1,1,3,2,42,9,53.771977731,-1.57842636144
1886,667309,422231,433553,2,2,17/08/2009,1900,4,1,1,1,1,3,2,47,9,53.797592939,-1.66245394606
1887,667309,422231,433553,2,2,17/08/2009,1900,4,1,1,1,1,3,1,20,9,53.797592939,-1.66245394606
1888,671609,429454,430118,3,1,17/08/2009,435,6,1,4,1,2,3,1,18,9,53.7663577395,-1.55311439608
1889,667209,431738,431420,2,1,18/08/2009,846,3,1,1,1,1,3,1,38,1,53.7779268987,-1.51832814729
1890,672109,422263,433369,1,1,18/08/2009,1000,6,1,1,1,3,3,2,75,8,53.7959376206,-1.66198138064
1891,675609,419653,444914,2,1,18/08/2009,800,6,1,1,1,1,3,1,21,9,53.8998186375,-1.70086938645
1892,676609,427433,433442,2,1,18/08/2009,2030,6,1,7,1,1,3,1,8,1,53.7963468832,-1.58348095641
1893,672409,428860,433945,2,1,19/08/2009,1710,6,1,1,1,1,3,1,25,1,53.8007910223,-1.56176816248
1894,674809,430496,437098,2,2,19/08/2009,2155,6,1,4,1,1,2,2,36,9,53.8290390338,-1.53661426274
1895,674809,430496,437098,2,2,19/08/2009,2155,6,1,4,1,1,2,2,56,9,53.8290390338,-1.53661426274
1896,675009,430479,430705,2,3,19/08/2009,2214,1,1,4,1,1,3,1,45,20,53.7715751693,-1.53750532398