Col.Number,Reference.Number,Easting,Northing,Number.of.Vehicles,Number.of.Casualties,Accident.Date,Time..24hr.,X1st.Road.Class,Road.Surface,Lighting.Conditions,Weather.Conditions,Casualty.Class,Casualty.Severity,Sex.of.Casualty,Age.of.Casualty,Type.of.Vehicle,Latitude,Longitude
1897,675009,430479,430705,2,3,19/08/2009,2214,1,1,4,1,1,3,1,36,9,53.7715751693,-1.53750532398
1898,675009,430479,430705,2,3,19/08/2009,2214,1,1,4,1,2,3,1,38,9,53.7715751693,-1.53750532398
1899,676409,431444,433162,1,1,19/08/2009,1305,6,1,1,1,3,3,2,83,9,53.7936030878,-1.52261214832
1900,674309,433771,429576,2,4,20/08/2009,1940,3,1,1,1,1,3,2,23,9,53.7612238362,-1.48767748448
1901,674309,433771,429576,2,4,20/08/2009,1940,3,1,1,1,1,3,1,38,9,53.7612238362,-1.48767748448
1902,674309,433771,429576,2,4,20/08/2009,1940,3,1,1,1,2,3,1,21,9,53.7612238362,-1.48767748448
1903,674309,433771,429576,2,4,20/08/2009,1940,3,1,1,1,2,3,1,34,9,53.7612238362,-1.48767748448
1904,676209,428487,431652,3,2,20/08/2009,1420,1,1,1,1,1,3,1,55,90,53.780200338,-1.56764388935
1905,676209,428487,431652,3,2,20/08/2009,1420,1,1,1,1,1,3,1,36,20,53.780200338,-1.56764388935
1906,676509,423384,434283,1,2,20/08/2009,1220,3,2,1,2,1,3,1,20,9,53.804104241,-1.64489220985
1907,676509,423384,434283,1,2,20/08/2009,1220,3,2,1,2,2,3,1,18,9,53.804104241,-1.64489220985
1908,676809,425548,435261,2,1,20/08/2009,1435,6,1,1,1,1,3,1,11,1,53.8127934849,-1.61194947347
1909,673809,425956,436228,1,1,21/08/2009,2220,3,2,4,1,1,1,1,38,5,53.8214654193,-1.60567090065
1910,674209,427028,426088,1,8,21/08/2009,1200,1,1,1,1,1,2,1,53,9,53.73026419,-1.59027397351
1911,674209,427028,426088,1,8,21/08/2009,1200,1,1,1,1,2,2,2,44,9,53.73026419,-1.59027397351
1912,674209,427028,426088,1,8,21/08/2009,1200,1,1,1,1,2,2,2,18,9,53.73026419,-1.59027397351
1913,674209,427028,426088,1,8,21/08/2009,1200,1,1,1,1,2,2,1,19,9,53.73026419,-1.59027397351
1914,674209,427028,426088,1,8,21/08/2009,1200,1,1,1,1,2,2,2,11,9,53.73026419,-1.59027397351
1915,674209,427028,426088,1,8,21/08/2009,1200,1,1,1,1,2,2,1,14,9,53.73026419,-1.59027397351
1916,674209,427028,426088,1,8,21/08/2009,1200,1,1,1,1,2,2,1,17,9,53.73026419,-1.59027397351
1917,674209,427028,426088,1,8,21/08/2009,1200,1,1,1,1,2,2,2,13,9,53.73026419,-1.59027397351
1918,676009,425036,433151,2,1,21/08/2009,1530,3,2,1,1,1,3,1,36,5,53.7938520075,-1.61989766681
1919,677609,426172,427422,2,1,21/08/2009,1710,4,2,1,2,1,3,1,19,3,53.74229903,-1.60313706111
1920,679009,430347,425088,2,1,21/08/2009,840,3,1,1,1,1,3,1,16,2,53.7210927864,-1.54005999146
1921,680609,429444,437310,2,3,21/08/2009,1945,6,1,1,1,1,3,1,29,9,53.8310053097,-1.55257851548
1922,680609,429444,437310,2,3,21/08/2009,1945,6,1,1,1,2,3,1,4,9,53.8310053097,-1.55257851548
1923,680609,429444,437310,2,3,21/08/2009,1945,6,1,1,1,2,3,1,29,9,53.8310053097,-1.55257851548
1924,677509,431409,433473,2,1,22/08/2009,1718,6,1,1,1,1,3,1,18,1,53.7964006893,-1.52311179295
1925,677809,428719,437082,2,1,22/08/2009,1124,4,1,1,1,1,3,1,35,1,53.8289964623,-1.56361632579
1926,679909,433538,434568,1,2,22/08/2009,1820,6,1,1,1,3,3,1,9,9,53.8061103772,-1.49066892131
1927,679909,433538,434568,1,2,22/08/2009,1820,6,1,1,1,1,3,2,23,9,53.8061103772,-1.49066892131
1928,680909,427712,436523,2,1,22/08/2009,1045,3,1,1,1,2,3,1,36,11,53.8240264418,-1.5789675583
1929,682109,428106,426257,2,1,22/08/2009,2200,3,1,4,1,1,3,2,29,9,53.7317263255,-1.57391735692
1930,691009,436174,434682,1,1,22/08/2009,1302,3,1,1,1,2,3,2,77,11,53.8069584099,-1.4506253731
1931,704609,435965,433878,2,2,22/08/2009,1905,6,1,1,1,1,3,2,54,9,53.7997460739,-1.45389321456
1932,704609,435965,433878,2,2,22/08/2009,1905,6,1,1,1,2,3,1,48,9,53.7997460739,-1.45389321456
1933,707609,431458,430308,2,1,22/08/2009,1400,6,1,1,1,2,2,1,16,3,53.7679484159,-1.52269081444
1934,688209,434117,435130,2,1,23/08/2009,2015,6,2,4,2,2,3,2,22,9,53.8111243268,-1.48181392752
1935,680309,423450,437607,1,1,24/08/2009,1455,3,2,1,2,3,3,1,16,9,53.8339800658,-1.64363654783
1936,682409,428583,430764,1,1,24/08/2009,1400,6,1,1,1,2,2,2,59,11,53.772213032,-1.56626921707
1937,683609,428556,427767,1,1,24/08/2009,1835,3,2,1,1,1,3,1,27,20,53.745275035,-1.56695613488
1938,687809,442153,434446,2,1,24/08/2009,1750,3,2,1,2,1,3,1,27,9,53.8043868912,-1.35986040018
1939,688009,421538,428486,2,2,24/08/2009,2045,3,1,4,1,1,3,1,57,9,53.7520753274,-1.67332982361
1940,688009,421538,428486,2,2,24/08/2009,2045,3,1,4,1,1,3,2,30,9,53.7520753274,-1.67332982361
1941,692309,428435,428730,2,1,24/08/2009,1615,3,2,1,2,1,3,1,17,2,53.7539378943,-1.56870235845
1942,712809,430336,433278,2,1,24/08/2009,1845,6,1,1,1,1,3,1,33,9,53.7947115602,-1.53942194943
1943,686709,433919,442115,2,2,25/08/2009,2125,6,1,6,1,1,3,1,37,9,53.873922525,-1.4840497745
1944,686709,433919,442115,2,2,25/08/2009,2125,6,1,6,1,2,3,1,30,9,53.873922525,-1.4840497745
1945,687909,430754,433456,2,2,25/08/2009,1610,6,1,1,1,1,3,1,27,9,53.7962870123,-1.53305809952
1946,687909,430754,433456,2,2,25/08/2009,1610,6,1,1,1,2,3,2,25,9,53.7962870123,-1.53305809952
1947,688809,430213,433393,1,1,25/08/2009,1330,6,1,1,1,2,3,2,22,11,53.795752421,-1.54127805842
1948,690509,431891,433592,1,1,25/08/2009,1400,3,1,1,1,2,3,2,76,11,53.7974410214,-1.51578146903
1949,693409,432139,435818,2,1,25/08/2009,1545,3,1,1,1,1,3,1,15,1,53.8174345446,-1.51178367839
1950,716809,435203,437597,3,1,25/08/2009,1813,3,1,1,1,1,3,1,52,9,53.8332267772,-1.46503760387
1951,722709,428937,425981,2,3,25/08/2009,1830,3,1,1,1,2,3,2,22,9,53.7291999529,-1.56134575149
1952,722709,428937,425981,2,3,25/08/2009,1830,3,1,1,1,2,2,2,28,9,53.7291999529,-1.56134575149
1953,722709,428937,425981,2,3,25/08/2009,1830,3,1,1,1,1,3,1,24,9,53.7291999529,-1.56134575149
1954,728009,431971,437043,2,4,25/08/2009,2145,6,1,4,1,1,3,1,22,9,53.8284560026,-1.51420827228
1955,728009,431971,437043,2,4,25/08/2009,2145,6,1,4,1,1,3,1,27,9,53.8284560026,-1.51420827228
1956,728009,431971,437043,2,4,25/08/2009,2145,6,1,4,1,2,3,1,24,9,53.8284560026,-1.51420827228
1957,728009,431971,437043,2,4,25/08/2009,2145,6,1,4,1,2,3,1,23,9,53.8284560026,-1.51420827228
1958,685009,429825,434375,1,1,26/08/2009,25,3,2,4,1,3,2,1,20,8,53.8046017397,-1.54707372376
1959,686409,430095,433239,1,1,26/08/2009,100,6,1,4,1,3,3,2,20,8,53.7943749955,-1.54308462716
1960,691209,430112,432156,2,1,26/08/2009,1318,3,1,1,1,1,3,1,54,9,53.784639207,-1.54293236649
1961,695009,429415,433924,3,3,26/08/2009,1015,2,2,1,1,1,3,1,26,9,53.8005711708,-1.5533429125
1962,695009,429415,433924,3,3,26/08/2009,1015,2,2,1,1,1,3,2,57,9,53.8005711708,-1.5533429125
1963,695009,429415,433924,3,3,26/08/2009,1015,2,2,1,1,2,3,1,55,9,53.8005711708,-1.5533429125
1964,696909,434802,434618,2,1,26/08/2009,1215,3,2,1,5,1,3,1,21,9,53.8064767612,-1.47146818051
1965,690009,431040,431363,1,1,27/08/2009,1300,6,1,1,1,2,3,2,65,11,53.7774566249,-1.52892668538
1966,693609,428947,433425,2,2,27/08/2009,1810,3,1,1,1,1,3,1,30,9,53.7961120394,-1.56049600739
1967,693609,428947,433425,2,2,27/08/2009,1810,3,1,1,1,2,3,2,28,9,53.7961120394,-1.56049600739
1968,694609,432434,435048,2,2,27/08/2009,1600,6,1,1,1,1,3,1,40,19,53.8104949579,-1.50738374836
1969,694609,432434,435048,2,2,27/08/2009,1600,6,1,1,1,2,3,1,38,19,53.8104949579,-1.50738374836
1970,695909,425623,434244,1,1,27/08/2009,1733,3,1,1,1,3,3,2,22,3,53.8036481947,-1.6108949839
1971,705009,428891,436610,2,3,27/08/2009,1255,4,1,1,1,1,3,1,47,9,53.8247442589,-1.56104723312
1972,705009,428891,436610,2,3,27/08/2009,1255,4,1,1,1,1,3,2,44,9,53.8247442589,-1.56104723312
1973,705009,428891,436610,2,3,27/08/2009,1255,4,1,1,1,2,3,2,21,9,53.8247442589,-1.56104723312
1974,776209,430403,433663,1,1,27/08/2009,1221,6,1,1,1,2,3,2,65,11,53.7981683079,-1.53836675243
1975,692709,432509,433777,1,1,28/08/2009,950,3,1,1,1,2,3,2,80,11,53.7990656763,-1.50637888847
1976,697609,420215,445630,1,1,28/08/2009,1223,4,2,1,2,3,3,1,22,9,53.9062329503,-1.6922682438
1977,698609,431470,435114,2,2,28/08/2009,2355,3,1,4,1,1,3,1,55,9,53.8111474457,-1.52201791886
1978,698609,431470,435114,2,2,28/08/2009,2355,3,1,4,1,1,3,1,20,9,53.8111474457,-1.52201791886
1979,699109,436707,428859,3,2,28/08/2009,1128,6,2,1,2,2,3,1,16,9,53.7545803655,-1.44322440589
1980,699109,436707,428859,3,2,28/08/2009,1128,6,2,1,2,1,3,1,49,9,53.7545803655,-1.44322440589
1981,700609,437395,433336,1,1,28/08/2009,1232,3,2,1,1,3,3,1,12,9,53.7947734363,-1.43224648609
1982,700809,425906,428590,2,1,28/08/2009,1915,6,2,1,1,1,2,1,24,3,53.7528113259,-1.60707253862
1983,704309,430803,435337,2,2,28/08/2009,1835,6,1,1,1,2,3,2,23,9,53.813191864,-1.53212594969
1984,704309,430803,435337,2,2,28/08/2009,1835,6,1,1,1,2,3,1,26,9,53.813191864,-1.53212594969
1985,720809,422300,433565,1,1,28/08/2009,1715,6,2,1,2,3,3,2,4,9,53.7976978521,-1.66140543065
1986,761909,433343,436231,2,1,28/08/2009,1200,3,1,1,1,1,3,2,27,9,53.8210710207,-1.49344998884
1987,670609,436120,435484,2,1,29/08/2009,1740,3,1,1,1,1,3,1,68,9,53.8141710058,-1.45135130147
1988,701609,431773,431394,1,1,29/08/2009,1035,3,1,1,1,1,3,1,32,3,53.777691057,-1.51779966938
1989,704709,431502,435090,2,3,29/08/2009,2110,6,1,4,1,1,3,2,21,9,53.8109297797,-1.52153436229
1990,704709,431502,435090,2,3,29/08/2009,2110,6,1,4,1,1,3,1,23,9,53.8109297797,-1.52153436229
1991,704709,431502,435090,2,3,29/08/2009,2110,6,1,4,1,2,3,2,38,9,53.8109297797,-1.52153436229
1992,705109,429184,433622,1,1,29/08/2009,334,2,1,4,1,2,3,1,43,9,53.7978695819,-1.55687907441
1993,707809,435289,434829,2,1,29/08/2009,602,3,1,1,1,2,3,1,17,9,53.8083405399,-1.46404836146
1994,713709,437244,429424,3,5,29/08/2009,1110,3,1,1,1,1,3,1,48,9,53.7596208385,-1.43501141118
1995,713709,437244,429424,3,5,29/08/2009,1110,3,1,1,1,1,3,1,60,5,53.7596208385,-1.43501141118
1996,713709,437244,429424,3,5,29/08/2009,1110,3,1,1,1,2,3,2,13,9,53.7596208385,-1.43501141118
1997,713709,437244,429424,3,5,29/08/2009,1110,3,1,1,1,2,3,2,49,9,53.7596208385,-1.43501141118
1998,713709,437244,429424,3,5,29/08/2009,1110,3,1,1,1,2,3,1,14,9,53.7596208385,-1.43501141118
1999,722909,426385,435884,2,1,29/08/2009,1730,6,1,1,1,2,3,1,6,9,53.8183516863,-1.59918312465
2000,701209,442592,434484,2,1,30/08/2009,157,1,2,6,1,2,3,1,21,9,53.8046926872,-1.35318891136
2001,701509,421033,440020,2,2,30/08/2009,325,4,2,4,1,1,3,1,40,19,53.8557735166,-1.68020113468
2002,701509,421033,440020,2,2,30/08/2009,325,4,2,4,1,2,3,1,44,8,53.8557735166,-1.68020113468
2003,707309,431013,430768,2,1,30/08/2009,1920,6,1,1,1,1,3,1,21,9,53.772109931,-1.52939626156
2004,704409,433983,433654,3,2,31/08/2009,315,6,2,4,1,1,3,1,32,19,53.7978658713,-1.48401202048
2005,704409,433983,433654,3,2,31/08/2009,315,6,2,4,1,2,3,2,29,19,53.7978658713,-1.48401202048
2006,704809,437516,433239,2,1,31/08/2009,2120,3,1,4,1,1,3,1,31,9,53.793892834,-1.4304213037
2007,711909,430337,433279,2,2,31/08/2009,1315,6,1,1,1,1,3,1,24,9,53.7947204906,-1.53940666893
2008,711909,430337,433279,2,2,31/08/2009,1315,6,1,1,1,2,3,2,2,9,53.7947204906,-1.53940666893
2009,719209,427007,440064,1,1,31/08/2009,1700,3,1,1,1,2,3,2,28,9,53.8558926082,-1.58936712287
2010,728809,427718,433704,1,1,31/08/2009,2050,3,2,1,2,3,2,1,13,9,53.7986868353,-1.57913031101
2011,729009,432136,430007,2,2,31/08/2009,1430,1,1,1,1,1,3,2,22,9,53.7652014121,-1.51243533953
2012,729009,432136,430007,2,2,31/08/2009,1430,1,1,1,1,2,3,1,23,9,53.7652014121,-1.51243533953
2013,798309,430025,436445,2,1,31/08/2009,2200,3,1,4,9,1,3,1,38,9,53.82319685,-1.54383460883
2014,707709,436403,434699,1,1,01/09/2009,1200,6,1,1,1,2,3,2,79,11,53.8070952368,-1.44714571685
2015,708009,428929,432428,4,1,01/09/2009,810,6,1,1,1,1,3,2,48,9,53.7871512486,-1.56086290573
2016,710009,430860,433344,1,1,01/09/2009,1728,3,1,1,1,2,3,2,35,9,53.7952739994,-1.53145996802
2017,710209,430780,433470,1,1,01/09/2009,1105,3,1,1,1,3,2,2,41,9,53.7964113168,-1.53266195364
2018,710509,433600,425845,7,3,01/09/2009,813,1,1,1,1,1,3,2,32,9,53.7276979132,-1.49067724934
2019,710509,433600,425845,7,3,01/09/2009,813,1,1,1,1,1,3,2,45,9,53.7276979132,-1.49067724934
2020,710509,433600,425845,7,3,01/09/2009,813,1,1,1,1,1,3,1,34,9,53.7276979132,-1.49067724934
2021,713609,432677,436909,2,3,01/09/2009,1853,6,1,1,1,1,3,2,18,9,53.8272076109,-1.50349545233
2022,713609,432677,436909,2,3,01/09/2009,1853,6,1,1,1,2,3,2,18,9,53.8272076109,-1.50349545233
2023,713609,432677,436909,2,3,01/09/2009,1853,6,1,1,1,2,3,2,18,9,53.8272076109,-1.50349545233
2024,715509,425749,426342,4,2,01/09/2009,1804,1,2,1,8,1,3,1,24,9,53.732612089,-1.60964108219
2025,715509,425749,426342,4,2,01/09/2009,1804,1,2,1,8,1,3,2,19,9,53.732612089,-1.60964108219
2026,716509,431720,433955,2,1,01/09/2009,1755,6,1,1,1,1,3,1,22,1,53.8007143715,-1.51834036595
2027,717309,431272,428911,2,1,01/09/2009,1800,6,1,1,1,1,2,1,32,1,53.7554023211,-1.5256544047
2028,719009,421695,444211,2,2,01/09/2009,1756,6,1,1,1,1,3,2,37,9,53.8934181194,-1.66983926322
2029,719009,421695,444211,2,2,01/09/2009,1756,6,1,1,1,1,3,1,22,9,53.8934181194,-1.66983926322
2030,740809,432822,438758,2,1,01/09/2009,1230,6,1,1,1,2,3,2,46,9,53.8438184237,-1.50109487421
2031,746609,427518,433834,2,1,01/09/2009,1650,6,2,1,2,1,3,1,32,1,53.7998659936,-1.58215540249
2032,710909,426586,427687,2,2,02/09/2009,1130,6,1,1,1,1,3,2,43,9,53.7446601312,-1.59683668111
2033,710909,426586,427687,2,2,02/09/2009,1130,6,1,1,1,2,3,2,21,9,53.7446601312,-1.59683668111
2034,714309,428854,425986,4,1,02/09/2009,1640,3,2,1,2,1,3,1,37,19,53.7292494958,-1.56260343661
2035,714609,429538,431209,1,1,02/09/2009,1350,6,1,1,1,3,3,1,5,9,53.7761597391,-1.5517354977
2036,717109,428867,432487,1,1,02/09/2009,1505,3,2,1,2,1,3,1,29,1,53.7876850284,-1.56179849794
2037,717509,436148,435264,1,1,02/09/2009,1515,3,1,1,1,3,3,2,30,9,53.8121915728,-1.45095185874
2038,721209,419910,441060,2,1,02/09/2009,1735,3,2,1,2,1,3,1,42,9,53.8651661462,-1.69720817156
2039,727009,430893,436415,1,1,02/09/2009,1100,6,1,1,1,2,3,2,65,11,53.8228763226,-1.53065070733
2040,754309,434904,429047,2,1,02/09/2009,1300,3,2,1,2,1,3,1,49,1,53.7563941375,-1.47054992747
2041,758509,429778,433635,2,1,02/09/2009,755,6,1,1,1,1,3,1,40,1,53.7979527741,-1.54785900945
2042,717409,425336,435941,2,1,03/09/2009,840,4,2,1,2,1,3,2,32,9,53.818916231,-1.61511347757
2043,722509,431858,425432,4,3,03/09/2009,810,1,2,1,2,1,3,1,23,9,53.7240948518,-1.51712468365
2044,722509,431858,425432,4,3,03/09/2009,810,1,2,1,2,1,3,2,31,9,53.7240948518,-1.51712468365
2045,722509,431858,425432,4,3,03/09/2009,810,1,2,1,2,1,3,2,25,9,53.7240948518,-1.51712468365
2046,729109,421549,435959,2,1,03/09/2009,1001,3,2,1,2,1,3,2,33,9,53.8192488101,-1.67264050639
2047,722009,432208,432990,1,1,04/09/2009,1325,6,1,1,9,2,3,1,48,11,53.792010301,-1.51103141892
2048,722809,428912,435505,2,1,04/09/2009,1745,3,1,1,1,1,2,1,54,1,53.81481056,-1.56083204988
2049,723509,429408,433919,2,1,04/09/2009,2030,2,1,4,1,1,3,1,19,9,53.8005266229,-1.55344967914
2050,728909,431379,435350,2,2,04/09/2009,1800,6,1,1,1,1,3,1,15,1,53.8132742738,-1.52337595415
2051,728909,431379,435350,2,2,04/09/2009,1800,6,1,1,1,2,3,2,16,1,53.8132742738,-1.52337595415
2052,719409,431019,430757,2,1,05/09/2009,20,6,1,4,1,1,3,2,22,9,53.7720106974,-1.52930632467
2053,720209,431906,434835,1,1,05/09/2009,1310,6,1,1,1,2,3,1,74,11,53.8086130357,-1.51542491611
2054,720409,437955,432915,1,2,05/09/2009,1550,3,1,1,1,1,3,1,19,9,53.7909486999,-1.42379656354
2055,720409,437955,432915,1,2,05/09/2009,1550,3,1,1,1,2,3,2,17,9,53.7909486999,-1.42379656354
2056,721109,423659,434671,2,1,05/09/2009,1820,6,1,1,1,1,3,1,39,1,53.8075794683,-1.64068634915
2057,721509,439029,431761,2,1,05/09/2009,1510,3,1,1,1,1,2,1,25,1,53.7804964677,-1.40763900325
2058,722109,437496,432923,1,1,05/09/2009,1000,6,1,1,1,1,3,1,29,19,53.7910538852,-1.43076339173
2059,722209,423666,437572,2,4,05/09/2009,555,3,1,7,1,1,3,1,32,9,53.8336556642,-1.64035681912
2060,722209,423666,437572,2,4,05/09/2009,555,3,1,7,1,1,2,2,42,9,53.8336556642,-1.64035681912
2061,722209,423666,437572,2,4,05/09/2009,555,3,1,7,1,2,3,1,15,9,53.8336556642,-1.64035681912
2062,722209,423666,437572,2,4,05/09/2009,555,3,1,7,1,2,3,2,6,9,53.8336556642,-1.64035681912
2063,723009,421839,441216,3,2,05/09/2009,1245,3,1,1,1,1,3,1,38,20,53.8664908009,-1.66786129834
2064,723009,421839,441216,3,2,05/09/2009,1245,3,1,1,1,2,3,2,45,20,53.8664908009,-1.66786129834
2065,727609,420505,440240,2,1,06/09/2009,2025,3,1,4,1,1,3,1,62,1,53.8577721744,-1.68821434444
2066,730309,441153,448922,1,1,06/09/2009,1230,2,1,1,1,2,3,2,67,9,53.9345826025,-1.37310283855
2067,735409,432013,426246,2,1,06/09/2009,810,1,1,1,1,1,3,1,47,9,53.7314022423,-1.51469117153
2068,721609,430067,425119,2,2,07/09/2009,1012,3,1,1,1,2,3,1,50,9,53.7213876532,-1.54430051876
2069,721609,430067,425119,2,2,07/09/2009,1012,3,1,1,1,1,3,1,26,9,53.7213876532,-1.54430051876
2070,723609,428658,434965,2,1,07/09/2009,1804,6,1,1,1,1,3,1,25,1,53.8099707076,-1.56474043054
2071,723809,429145,434068,2,1,07/09/2009,930,6,1,1,1,1,3,1,35,1,53.8018807471,-1.55742900871
2072,724509,427983,435222,2,1,07/09/2009,1750,6,1,1,1,1,2,1,31,4,53.8123175772,-1.57496869091
2073,731509,431102,430276,1,1,07/09/2009,1344,6,1,1,1,2,3,2,34,11,53.7676821577,-1.52809539072
2074,732209,430109,433598,1,1,07/09/2009,1640,6,1,1,1,3,3,1,26,9,53.7976011395,-1.54283698851
2075,732509,429339,431338,1,1,07/09/2009,2225,6,1,4,1,2,2,1,70,11,53.7773305429,-1.55474311982
2076,738409,433108,425914,2,3,07/09/2009,1945,1,1,1,1,1,2,1,44,9,53.728349602,-1.49812748625
2077,738409,433108,425914,2,3,07/09/2009,1945,1,1,1,1,2,3,2,39,9,53.728349602,-1.49812748625
2078,738409,433108,425914,2,3,07/09/2009,1945,1,1,1,1,2,3,1,11,9,53.728349602,-1.49812748625
2079,747409,436034,434795,1,1,07/09/2009,1710,6,1,1,1,3,2,1,17,9,53.8079838395,-1.45273821799
2080,732609,436609,435873,2,1,08/09/2009,1335,6,1,1,1,1,3,2,18,9,53.817633355,-1.44387767643
2081,737509,426221,431868,1,1,08/09/2009,1640,6,1,1,1,3,3,1,9,9,53.7822609942,-1.60201635613
2082,737909,435549,438366,2,1,08/09/2009,1525,6,1,1,1,1,3,2,44,9,53.8401154176,-1.45969090251
2083,738509,440854,432895,1,1,08/09/2009,1332,6,1,1,1,1,3,1,34,4,53.7905494054,-1.37979157959
2084,738709,430066,434182,1,1,08/09/2009,1615,3,1,1,1,3,3,1,24,9,53.8028530412,-1.54343284179
2085,740509,442114,445167,1,1,08/09/2009,830,6,1,1,1,3,3,2,13,9,53.9007543581,-1.35898179237
2086,740709,436329,435648,2,1,08/09/2009,2115,6,1,7,1,2,3,2,16,8,53.8156305697,-1.44815747016
2087,744509,436147,435291,1,1,08/09/2009,920,3,1,1,1,1,3,1,49,9,53.812434334,-1.45096387525
2088,752409,420695,437163,2,1,08/09/2009,1730,3,1,1,1,1,3,2,24,9,53.8301060709,-1.68553270967
2089,817409,432972,439890,2,2,08/09/2009,1725,6,1,1,1,1,3,1,36,9,53.8539840091,-1.49869335958
2090,817409,432972,439890,2,2,08/09/2009,1725,6,1,1,1,2,3,1,38,9,53.8539840091,-1.49869335958
2091,731709,418424,442588,4,1,09/09/2009,605,6,1,1,1,1,3,2,33,9,53.8789559072,-1.7197151737
2092,734009,429963,430863,1,1,09/09/2009,1607,3,1,1,1,3,3,1,19,9,53.7730253412,-1.54531959381
2093,735109,427311,433321,2,1,09/09/2009,1035,6,1,1,1,1,3,2,44,9,53.7952656594,-1.58534397422
2094,736209,431640,429137,2,1,09/09/2009,2120,6,1,4,1,2,2,1,22,9,53.757411564,-1.52004949572
2095,737409,435229,433649,1,1,09/09/2009,1505,6,1,1,1,3,3,2,40,9,53.7977380443,-1.46509458304
2096,737609,437024,429235,2,1,09/09/2009,1715,3,1,1,1,1,2,2,44,3,53.7579376672,-1.43837128365
2097,738009,431280,433837,2,1,09/09/2009,940,6,1,1,1,1,3,1,42,9,53.7996803495,-1.52503337858
2098,738609,434503,435434,3,1,09/09/2009,1950,6,1,1,1,1,3,1,12,1,53.8138313963,-1.4759173487
2099,738809,432508,427306,2,1,09/09/2009,2250,3,1,4,1,1,3,1,27,9,53.7408997203,-1.50707593554
2100,740609,431159,436390,2,2,09/09/2009,815,4,1,1,1,1,3,1,38,9,53.8226357276,-1.52661212304
2101,740609,431159,436390,2,2,09/09/2009,815,4,1,1,1,1,3,2,28,9,53.8226357276,-1.52661212304
2102,740909,437862,429858,3,2,09/09/2009,1700,3,1,1,1,1,3,2,27,9,53.7634773496,-1.42558367742
2103,740909,437862,429858,3,2,09/09/2009,1700,3,1,1,1,1,3,2,61,9,53.7634773496,-1.42558367742
2104,750709,430448,433717,1,1,09/09/2009,1320,6,1,1,1,3,2,1,33,11,53.7986510669,-1.53767816698
2105,772209,444906,444750,2,1,09/09/2009,1915,3,1,1,1,1,3,1,44,1,53.896771885,-1.31654909455
2106,735909,434529,436872,1,1,10/09/2009,1715,6,1,1,1,3,2,1,10,9,53.8267552807,-1.47536100584
2107,737309,431671,435358,2,1,10/09/2009,844,3,1,1,1,1,3,1,44,1,53.8133284786,-1.51894003582
2108,738309,426276,442370,2,1,10/09/2009,2153,3,1,4,1,1,2,1,42,5,53.8766580454,-1.60028389257
2109,741109,429973,445291,2,1,10/09/2009,1635,3,1,1,1,1,2,1,43,5,53.9027132793,-1.5437603351
2110,741709,427692,436076,1,1,10/09/2009,45,4,1,4,1,3,3,1,22,8,53.8200095435,-1.57931166185
2111,743109,429139,432052,1,1,10/09/2009,2034,6,1,4,1,3,2,2,42,9,53.7837597579,-1.55771079425
2112,743909,428237,436523,2,2,10/09/2009,1520,4,1,1,1,1,3,1,39,9,53.8239981841,-1.57099140106
2113,743909,428237,436523,2,2,10/09/2009,1520,4,1,1,1,2,3,2,14,9,53.8239981841,-1.57099140106
2114,747209,426142,437271,2,1,10/09/2009,2130,6,1,4,1,1,3,1,17,3,53.8308313689,-1.60275654212
2115,772309,440554,448560,2,1,10/09/2009,1215,4,1,1,1,1,3,2,63,1,53.9313761161,-1.38227506964
2116,746909,421104,444568,2,2,11/09/2009,1240,6,1,1,1,2,3,1,18,9,53.8966514899,-1.67880850632
2117,746909,421104,444568,2,2,11/09/2009,1240,6,1,1,1,2,3,2,18,9,53.8966514899,-1.67880850632
2118,747009,431344,434110,2,1,11/09/2009,1300,6,1,1,1,1,3,2,50,9,53.8021304118,-1.52403382838
2119,747509,438857,446387,2,1,11/09/2009,1448,6,1,1,1,2,3,2,80,11,53.9119745876,-1.40839870079
2120,785209,423254,435774,2,1,11/09/2009,1210,3,1,1,1,1,3,1,29,1,53.8175124044,-1.646753676
2121,793409,430365,433721,2,1,11/09/2009,1333,6,1,1,1,2,3,1,25,10,53.7986918731,-1.53893799796
2122,744409,441572,430325,2,3,12/09/2009,2015,4,1,7,1,1,3,2,19,9,53.7673921054,-1.36923877486
2123,744409,441572,430325,2,3,12/09/2009,2015,4,1,7,1,1,3,1,18,9,53.7673921054,-1.36923877486
2124,744409,441572,430325,2,3,12/09/2009,2015,4,1,7,1,2,3,2,18,9,53.7673921054,-1.36923877486
2125,745009,423605,437875,1,1,12/09/2009,1238,6,1,1,1,2,3,2,75,11,53.8363820399,-1.64126051787
2126,747309,420965,441141,1,1,12/09/2009,1430,6,1,1,1,2,3,2,69,11,53.8658526889,-1.68115843305
2127,750009,432274,436260,1,1,12/09/2009,1348,6,1,1,1,2,3,2,69,11,53.8213991651,-1.5096866289
2128,761409,427834,435803,2,1,12/09/2009,656,6,1,1,1,1,2,2,19,9,53.8175480342,-1.57717920934
2129,781209,427653,436667,2,1,12/09/2009,1727,3,1,1,1,1,2,1,27,1,53.8253239616,-1.57985097715
2130,750509,442103,434635,2,1,13/09/2009,930,3,1,1,1,1,3,1,65,1,53.8060897566,-1.36059380471
2131,752509,431233,445743,2,1,13/09/2009,1020,3,1,1,1,1,3,1,38,9,53.906701697,-1.52453558698
2132,742109,426949,433434,2,1,14/09/2009,1130,6,1,1,1,1,3,1,28,9,53.7963002688,-1.59083008725