Col.Number,Reference.Number,Easting,Northing,Number.of.Vehicles,Number.of.Casualties,Accident.Date,Time..24hr.,X1st.Road.Class,Road.Surface,Lighting.Conditions,Weather.Conditions,Casualty.Class,Casualty.Severity,Sex.of.Casualty,Age.of.Casualty,Type.of.Vehicle,Latitude,Longitude
2133,747809,431660,428590,3,1,14/09/2009,1940,6,1,4,1,2,3,1,21,9,53.7524934963,-1.5198022095
2134,751309,438490,438789,2,1,14/09/2009,703,3,1,1,1,1,2,1,36,3,53.8437079432,-1.41494012168
2135,760209,423545,442941,2,1,14/09/2009,255,6,1,6,1,1,3,1,18,3,53.8819217476,-1.64178363229
2136,764009,431348,435058,2,1,14/09/2009,1835,3,1,1,1,1,3,2,27,1,53.8106514487,-1.52387654955
2137,752209,435948,425912,2,1,15/09/2009,2050,1,1,4,1,1,3,2,45,9,53.72814361,-1.45507921688
2138,753209,431530,432543,2,1,15/09/2009,1042,3,1,1,1,1,3,1,38,3,53.788033872,-1.52136987529
2139,757309,442487,427645,2,2,15/09/2009,806,6,1,1,1,1,3,1,23,19,53.7432290633,-1.35572542859
2140,757309,442487,427645,2,2,15/09/2009,806,6,1,1,1,2,3,1,20,19,53.7432290633,-1.35572542859
2141,759409,432106,436049,2,2,15/09/2009,1930,6,1,4,1,1,3,2,27,9,53.8195129633,-1.51226084354
2142,759409,432106,436049,2,2,15/09/2009,1930,6,1,4,1,2,3,2,26,9,53.8195129633,-1.51226084354
2143,760409,433855,434061,4,1,15/09/2009,1247,3,1,1,1,2,3,1,33,9,53.8015325968,-1.48591070528
2144,760809,428684,435375,1,1,15/09/2009,1900,6,1,1,1,3,3,2,4,9,53.8136546542,-1.56430733646
2145,761509,425157,441198,2,1,15/09/2009,1820,6,1,1,1,1,3,1,18,3,53.8661787608,-1.61740208879
2146,777109,423724,434194,2,1,15/09/2009,1140,6,1,1,1,1,3,1,22,1,53.8032888381,-1.63973596324
2147,753009,421551,435965,2,2,16/09/2009,819,3,1,1,1,1,3,1,18,9,53.8193026602,-1.67260970375
2148,753009,421551,435965,2,2,16/09/2009,819,3,1,1,1,1,3,1,61,9,53.8193026602,-1.67260970375
2149,753109,431272,434138,1,1,16/09/2009,950,6,1,1,1,2,3,1,31,11,53.802386429,-1.5251242805
2150,757409,429864,433659,2,1,16/09/2009,100,6,1,4,1,1,3,1,26,9,53.7981635739,-1.54655092681
2151,759709,426756,427125,2,1,16/09/2009,1545,6,1,1,1,1,2,2,49,3,53.7395996868,-1.5943074467
2152,762009,446225,429783,2,1,16/09/2009,725,6,1,1,1,1,3,1,38,1,53.7621282079,-1.29872672032
2153,765809,443515,435123,1,1,16/09/2009,1933,1,1,1,1,1,3,1,22,9,53.8103598709,-1.3390827199
2154,774509,431884,434752,4,2,16/09/2009,1315,6,1,1,1,1,3,2,23,9,53.8078683249,-1.51576762767
2155,774509,431884,434752,4,2,16/09/2009,1315,6,1,1,1,3,3,2,36,9,53.8078683249,-1.51576762767
2156,762409,431075,433732,3,1,17/09/2009,1208,3,1,1,1,1,3,2,46,9,53.7987488218,-1.52815664973
2157,765209,431976,435829,2,1,17/09/2009,905,3,1,1,1,1,3,1,23,1,53.8175434713,-1.51425853307
2158,767109,430642,434705,2,1,17/09/2009,1950,3,1,4,1,1,2,1,26,1,53.8075205203,-1.53463425339
2159,758309,429923,427733,1,1,18/09/2009,1305,6,1,1,1,2,3,1,27,11,53.7448927306,-1.54622994895
2160,763609,433352,432967,1,1,18/09/2009,1205,6,1,1,1,2,3,2,60,11,53.7917314934,-1.49366690622
2161,763809,430889,433535,2,1,18/09/2009,1450,6,1,1,1,1,3,1,35,1,53.796989123,-1.53100053022
2162,764109,431661,434093,2,2,18/09/2009,935,6,1,1,1,1,3,1,27,8,53.8019584053,-1.51922204095
2163,764109,431661,434093,2,2,18/09/2009,935,6,1,1,1,1,3,1,47,8,53.8019584053,-1.51922204095
2164,764309,431189,439313,2,1,18/09/2009,1912,3,1,1,1,1,3,2,21,9,53.8489077476,-1.52585967893
2165,765509,427505,425509,2,2,18/09/2009,1800,3,1,1,1,1,3,1,34,19,53.7250346889,-1.58309467751
2166,765509,427505,425509,2,2,18/09/2009,1800,3,1,1,1,2,3,2,33,19,53.7250346889,-1.58309467751
2167,765909,433135,436121,2,2,18/09/2009,2047,3,1,4,1,1,3,1,19,9,53.8200955721,-1.49662166038
2168,765909,433135,436121,2,2,18/09/2009,2047,3,1,4,1,2,3,1,19,9,53.8200955721,-1.49662166038
2169,771309,425334,426579,3,2,18/09/2009,1647,1,1,1,1,1,3,1,72,9,53.7347627868,-1.61591297153
2170,771309,425334,426579,3,2,18/09/2009,1647,1,1,1,1,1,3,1,38,9,53.7347627868,-1.61591297153
2171,761709,420457,441582,1,1,19/09/2009,1235,6,1,1,1,2,2,2,55,11,53.8698370132,-1.68885469556
2172,768109,423652,437377,1,1,19/09/2009,1200,3,1,1,1,2,3,2,60,11,53.8319034889,-1.64058457389
2173,768409,433601,434441,2,1,20/09/2009,1500,6,1,1,1,1,3,1,12,1,53.8049647528,-1.48972606375
2174,770509,430982,427051,2,1,20/09/2009,1940,3,1,4,1,1,2,1,22,4,53.7387005018,-1.53023960538
2175,773209,435226,440384,2,2,20/09/2009,500,6,1,7,1,1,3,1,28,9,53.8582763028,-1.46436841664
2176,773209,435226,440384,2,2,20/09/2009,500,6,1,7,1,2,3,1,25,9,53.8582763028,-1.46436841664
2177,777409,432187,435079,2,1,20/09/2009,1730,6,1,1,1,1,3,1,40,9,53.8107889542,-1.51113185709
2178,799009,431116,428652,1,1,20/09/2009,2310,6,1,4,1,2,3,1,37,11,53.7530835683,-1.52804668146
2179,816309,428954,433664,2,1,20/09/2009,2338,3,1,4,1,1,3,1,23,9,53.798259961,-1.56036726188
2180,765609,433374,425875,2,1,21/09/2009,1110,1,1,1,1,1,3,1,55,9,53.7279820865,-1.49409966658
2181,768809,431427,434071,3,1,21/09/2009,639,6,1,1,1,1,3,1,59,9,53.8017748446,-1.52277748205
2182,770709,436856,428985,2,1,21/09/2009,1710,3,1,1,2,2,3,2,25,9,53.7557024173,-1.44094943739
2183,774209,429790,438917,1,1,21/09/2009,840,3,1,1,1,2,3,2,81,11,53.8454303835,-1.54716517568
2184,772509,430554,433696,1,1,22/09/2009,1135,6,1,1,1,2,3,2,43,11,53.7984560889,-1.53607080646
2185,776909,431229,430569,4,4,22/09/2009,2225,1,1,4,1,1,3,1,28,9,53.7703082614,-1.5261388592
2186,776909,431229,430569,4,4,22/09/2009,2225,1,1,4,1,1,3,1,42,9,53.7703082614,-1.5261388592
2187,776909,431229,430569,4,4,22/09/2009,2225,1,1,4,1,2,3,1,13,9,53.7703082614,-1.5261388592
2188,776909,431229,430569,4,4,22/09/2009,2225,1,1,4,1,2,3,2,28,9,53.7703082614,-1.5261388592
2189,782009,429174,438562,2,2,22/09/2009,1100,3,2,1,2,1,3,2,66,9,53.8422743737,-1.55656233883
2190,782009,429174,438562,2,2,22/09/2009,1100,3,2,1,2,1,3,1,63,9,53.8422743737,-1.55656233883
2191,787209,435801,436760,1,1,22/09/2009,1010,6,1,1,1,3,2,2,43,9,53.8256624907,-1.45604802387
2192,792009,414846,442849,1,1,22/09/2009,2317,6,1,6,1,1,3,2,18,9,53.8814167387,-1.77413422142
2193,775409,436337,433955,1,1,23/09/2009,1110,6,1,1,1,2,3,1,0,11,53.8004123436,-1.44823582061
2194,776609,430229,433392,1,1,23/09/2009,400,6,1,4,1,3,3,1,20,8,53.7957425029,-1.54103523821
2195,779309,432762,434204,2,1,23/09/2009,1210,6,1,1,1,1,3,1,40,9,53.8028879662,-1.50249203033
2196,787609,433385,437248,1,1,23/09/2009,330,6,1,4,1,1,2,1,28,9,53.8302097504,-1.49270152362
2197,811209,432614,435846,3,1,23/09/2009,2150,3,1,4,1,1,3,1,27,9,53.8176566443,-1.50456538664
2198,781009,431030,434895,2,3,24/09/2009,1335,6,1,1,1,1,3,1,19,9,53.8092053658,-1.52872268871
2199,781009,431030,434895,2,3,24/09/2009,1335,6,1,1,1,1,3,2,31,9,53.8092053658,-1.52872268871
2200,781009,431030,434895,2,3,24/09/2009,1335,6,1,1,1,2,3,2,19,9,53.8092053658,-1.52872268871
2201,781309,424370,445351,2,2,24/09/2009,1824,3,1,1,1,1,3,1,36,9,53.9035463629,-1.62904047977
2202,781309,424370,445351,2,2,24/09/2009,1824,3,1,1,1,2,3,2,32,9,53.9035463629,-1.62904047977
2203,781509,422408,428984,2,1,24/09/2009,1635,3,1,1,1,1,3,1,26,3,53.7565151248,-1.66009851213
2204,782709,427520,431356,2,1,24/09/2009,1503,3,1,1,1,1,3,1,40,5,53.7775916715,-1.58234633258
2205,783609,425161,437835,2,2,24/09/2009,940,6,1,1,1,2,3,1,46,9,53.8359494584,-1.61761688107
2206,783609,425161,437835,2,2,24/09/2009,940,6,1,1,1,2,3,1,38,9,53.8359494584,-1.61761688107
2207,787709,436539,435580,2,2,24/09/2009,1700,6,1,1,1,1,3,2,45,9,53.8150046307,-1.44497578138
2208,787709,436539,435580,2,2,24/09/2009,1700,6,1,1,1,2,3,2,23,5,53.8150046307,-1.44497578138
2209,800209,429592,433435,1,1,24/09/2009,1945,6,1,1,1,2,3,2,78,11,53.7961656399,-1.55070230196
2210,822709,431661,435028,1,1,24/09/2009,1755,6,1,1,1,3,3,1,1,9,53.8103628248,-1.51912587529
2211,837709,435897,436416,2,1,24/09/2009,1120,3,1,1,1,2,3,1,24,11,53.8225638019,-1.45462965296
2212,779109,425134,433917,3,2,25/09/2009,1000,6,1,1,1,1,3,2,54,9,53.8007327147,-1.61834733539
2213,779109,425134,433917,3,2,25/09/2009,1000,6,1,1,1,1,3,2,29,9,53.8007327147,-1.61834733539
2214,783209,430354,438557,2,1,25/09/2009,1715,3,1,1,1,1,3,2,33,9,53.8421618101,-1.53862774991
2215,783909,419291,442231,1,1,25/09/2009,1830,6,1,1,1,3,3,1,41,8,53.8757153939,-1.70654813351
2216,785509,430393,426353,2,1,25/09/2009,1145,6,1,1,1,1,3,1,37,9,53.7324609775,-1.53923853958
2217,785809,430072,433830,2,1,25/09/2009,1,6,1,7,1,1,3,1,38,1,53.7996886641,-1.54337610844
2218,792209,430670,433032,1,1,25/09/2009,2230,3,1,4,1,3,2,1,37,9,53.7924807531,-1.53437564962
2219,806309,430799,433847,2,2,25/09/2009,2150,3,1,7,1,1,3,2,24,9,53.7997989372,-1.53233578313
2220,806309,430799,433847,2,2,25/09/2009,2150,3,1,7,1,1,3,1,46,8,53.7997989372,-1.53233578313
2221,818909,419308,441741,2,1,25/09/2009,1145,3,1,1,1,1,3,1,24,3,53.8713102586,-1.70632039506
2222,784909,440853,445860,1,1,26/09/2009,1110,2,1,1,1,1,3,2,30,9,53.9070841962,-1.37808172476
2223,787909,429250,438591,2,1,26/09/2009,2230,3,1,4,1,1,2,1,45,1,53.8425307709,-1.55540443411
2224,788109,432157,436137,2,3,26/09/2009,2237,6,1,4,1,1,3,1,19,5,53.8203008124,-1.51147690637
2225,788109,432157,436137,2,3,26/09/2009,2237,6,1,4,1,2,3,2,17,5,53.8203008124,-1.51147690637
2226,788109,432157,436137,2,3,26/09/2009,2237,6,1,4,1,2,3,2,17,5,53.8203008124,-1.51147690637
2227,788709,435791,435745,1,1,26/09/2009,1735,6,1,1,1,3,3,2,9,9,53.8165397777,-1.45631807153
2228,789009,431524,432744,1,1,26/09/2009,1745,6,1,1,1,1,2,1,59,4,53.7898409668,-1.52144039048
2229,792409,427470,436001,1,1,26/09/2009,2110,6,1,4,1,3,3,1,24,9,53.8193471671,-1.58269081677
2230,793309,427851,434400,1,1,26/09/2009,226,3,1,4,1,3,2,1,19,9,53.8049359104,-1.57704794788
2231,793509,427177,426451,2,1,26/09/2009,1912,3,1,1,1,1,2,1,20,3,53.73351941,-1.58798339517
2232,794309,428557,434855,2,2,26/09/2009,1715,6,1,1,1,2,3,1,19,9,53.8089875028,-1.56628458312
2233,794309,428557,434855,2,2,26/09/2009,1715,6,1,1,1,2,3,2,19,9,53.8089875028,-1.56628458312
2234,784309,428786,436949,1,1,27/09/2009,1822,6,1,1,1,3,3,2,45,9,53.8277972573,-1.56261075076
2235,795409,430320,434118,2,1,27/09/2009,2240,6,1,4,1,1,2,1,22,5,53.8022630192,-1.53958216439
2236,795809,430222,433754,1,2,27/09/2009,2040,6,1,4,1,3,3,1,21,8,53.7989968282,-1.54110599394
2237,795809,430222,433754,1,2,27/09/2009,2040,6,1,4,1,3,3,2,19,8,53.7989968282,-1.54110599394
2238,796809,428110,426282,2,3,27/09/2009,1455,3,1,1,1,1,3,1,18,9,53.7319508315,-1.5738544467
2239,796809,428110,426282,2,3,27/09/2009,1455,3,1,1,1,2,3,2,18,9,53.7319508315,-1.5738544467
2240,796809,428110,426282,2,3,27/09/2009,1455,3,1,1,1,2,3,1,2,9,53.7319508315,-1.5738544467
2241,802309,430597,426445,2,1,27/09/2009,950,6,2,1,2,1,3,1,44,1,53.733276019,-1.53613688276
2242,794809,428905,435508,2,1,28/09/2009,1735,3,1,1,1,1,3,1,50,1,53.8148379154,-1.5609380933
2243,814209,430087,437375,2,2,28/09/2009,1225,3,1,1,1,1,3,2,64,9,53.8315527395,-1.54280167223
2244,814209,430087,437375,2,2,28/09/2009,1225,3,1,1,1,1,3,1,28,9,53.8315527395,-1.54280167223
2245,797609,431884,435156,1,2,29/09/2009,1035,6,1,1,1,3,3,1,25,9,53.8114997493,-1.51572577431
2246,797609,431884,435156,1,2,29/09/2009,1035,6,1,1,1,1,3,2,21,9,53.8114997493,-1.51572577431
2247,799109,428272,433520,2,1,29/09/2009,730,6,1,1,1,1,3,2,39,1,53.7970030903,-1.57073553136
2248,802409,429965,430874,2,1,29/09/2009,715,3,1,1,1,1,3,1,26,5,53.7731241026,-1.54528817678
2249,803509,445258,427829,1,1,29/09/2009,730,6,1,1,1,1,3,1,20,4,53.7446497196,-1.31368213972
2250,822609,430302,435025,2,2,29/09/2009,850,6,1,1,1,1,3,1,49,9,53.8104168284,-1.53976620709
2251,822609,430302,435025,2,2,29/09/2009,850,6,1,1,1,2,3,2,41,9,53.8104168284,-1.53976620709
2252,840509,430700,434876,2,1,29/09/2009,1736,3,1,1,1,1,3,1,22,1,53.8090541672,-1.53373637282
2253,802609,424278,428343,2,1,30/09/2009,655,3,1,1,1,1,3,1,61,9,53.7506694622,-1.63178395218
2254,807909,429608,431846,1,1,30/09/2009,1505,6,1,1,1,3,3,1,6,9,53.7818816063,-1.55061205595
2255,808909,420829,439688,2,2,30/09/2009,1350,3,1,1,1,1,3,1,55,9,53.8527974631,-1.68332535526
2256,808909,420829,439688,2,2,30/09/2009,1350,3,1,1,1,1,3,2,88,9,53.8527974631,-1.68332535526
2257,812909,432337,436330,1,1,30/09/2009,1841,6,1,1,1,3,3,2,17,9,53.8220244548,-1.50872219823
2258,817509,430959,433431,4,1,30/09/2009,933,3,1,1,1,1,3,2,58,9,53.796050136,-1.52994818612
2259,826209,444875,436477,1,1,30/09/2009,1800,4,1,1,1,1,2,1,17,5,53.8224145085,-1.31823076577
2260,845109,428148,435835,2,1,30/09/2009,1445,3,1,1,1,1,3,1,19,1,53.8178187668,-1.57240651483
2261,800109,429433,433462,2,1,01/10/2009,915,6,1,1,1,1,3,1,34,1,53.7964173554,-1.55311375054
2262,802809,434709,428186,2,1,01/10/2009,750,3,1,1,1,1,3,2,34,9,53.7486678923,-1.47360446212
2263,806109,428799,433315,2,1,01/10/2009,855,3,1,1,1,2,3,1,21,9,53.7951314899,-1.56275331217
2264,811009,432337,432653,2,1,01/10/2009,1827,6,1,4,1,1,3,1,49,1,53.7889731103,-1.50910844044
2265,814309,428050,432043,2,1,01/10/2009,1720,3,1,1,1,1,3,2,29,9,53.7837386849,-1.57424059561
2266,901909,422225,433765,2,1,01/10/2009,1750,4,1,1,1,1,3,1,21,1,53.7994988329,-1.66252974675
2267,804209,428110,432803,2,1,02/10/2009,1630,4,1,1,1,1,3,2,40,1,53.7905669207,-1.57326058774
2268,807309,428878,430013,2,1,02/10/2009,1925,6,1,4,1,1,3,1,18,2,53.7654461713,-1.56186319626
2269,812409,440229,432343,2,1,02/10/2009,1700,3,1,1,1,1,3,1,23,9,53.7856364368,-1.38935122406
2270,813109,427063,437408,3,3,02/10/2009,1230,3,2,1,2,1,3,2,20,9,53.8320156724,-1.58874971933
2271,813109,427063,437408,3,3,02/10/2009,1230,3,2,1,2,2,3,2,28,8,53.8320156724,-1.58874971933
2272,813109,427063,437408,3,3,02/10/2009,1230,3,2,1,2,2,3,1,83,8,53.8320156724,-1.58874971933
2273,813509,431165,439273,2,1,02/10/2009,1045,6,2,1,1,2,3,1,20,19,53.8485496434,-1.52622857716
2274,846009,431374,435071,1,1,02/10/2009,930,3,1,1,1,3,3,1,18,11,53.8107667335,-1.52348034296
2275,806909,428600,431563,2,1,03/10/2009,815,1,1,1,4,1,3,1,28,9,53.7793941404,-1.5659371627
2276,808409,420648,434347,2,2,03/10/2009,1330,3,1,1,4,1,3,2,28,9,53.8047953418,-1.68643589162
2277,808409,420648,434347,2,2,03/10/2009,1330,3,1,1,4,2,3,2,26,9,53.8047953418,-1.68643589162
2278,810209,441193,448825,1,1,03/10/2009,630,2,1,6,4,1,3,1,29,9,53.9337075589,-1.37250662656
2279,810409,423299,441643,2,1,03/10/2009,2205,6,2,4,4,1,3,1,35,9,53.8702654938,-1.64562488351
2280,811309,439477,426194,2,3,03/10/2009,1620,3,1,1,4,1,3,2,22,9,53.7304232299,-1.40155164457
2281,811309,439477,426194,2,3,03/10/2009,1620,3,1,1,4,1,3,1,19,9,53.7304232299,-1.40155164457
2282,811309,439477,426194,2,3,03/10/2009,1620,3,1,1,4,2,3,2,43,9,53.7304232299,-1.40155164457
2283,812709,435023,432532,1,1,03/10/2009,2110,6,1,7,4,1,3,1,18,9,53.7877116496,-1.46834925036
2284,813409,426404,433964,2,1,03/10/2009,2340,3,1,4,1,1,3,2,25,9,53.8010922734,-1.59905922284
2285,814809,423935,433605,2,2,03/10/2009,1930,6,1,4,4,1,3,2,51,9,53.7979847515,-1.63657764606
2286,814809,423935,433605,2,2,03/10/2009,1930,6,1,4,4,2,3,2,61,9,53.7979847515,-1.63657764606
2287,813909,419725,438727,1,1,04/10/2009,815,3,2,1,1,1,3,1,20,3,53.8442023296,-1.70017154466
2288,815909,436159,434566,1,1,04/10/2009,1434,3,1,1,1,2,3,2,5,11,53.8059167769,-1.45086679248
2289,811409,420532,434322,2,1,05/10/2009,1910,3,1,4,1,1,3,2,23,9,53.8045752124,-1.68819912624
2290,813809,429221,431643,2,1,05/10/2009,1715,6,1,1,1,1,3,1,12,1,53.7800787549,-1.55650495757
2291,815309,431015,440302,3,1,05/10/2009,1540,3,1,1,1,1,3,2,66,9,53.8578079199,-1.528404828
2292,816409,432514,427314,2,1,05/10/2009,1715,3,1,1,1,1,3,1,42,1,53.7409712562,-1.50698411862
2293,816509,429654,430709,2,1,05/10/2009,930,6,1,1,1,2,3,2,31,8,53.7716587592,-1.55002322982
2294,819209,430278,433737,1,1,05/10/2009,1330,6,1,1,1,3,3,1,19,9,53.7988407636,-1.54025738557
2295,819709,431923,428325,2,2,05/10/2009,1155,1,1,1,1,1,3,1,26,9,53.7500954289,-1.51584074706
2296,819709,431923,428325,2,2,05/10/2009,1155,1,1,1,1,2,3,2,23,9,53.7500954289,-1.51584074706
2297,820109,421020,434483,2,1,05/10/2009,1140,4,1,1,1,1,2,1,24,3,53.8060029256,-1.68077744464
2298,828109,427112,436977,3,1,05/10/2009,1300,6,2,1,2,1,3,1,19,1,53.8281389743,-1.58804314945
2299,934609,425451,437937,2,2,05/10/2009,725,3,2,1,1,1,2,1,21,9,53.8368521847,-1.6132012811
2300,934609,425451,437937,2,2,05/10/2009,725,3,2,1,1,1,3,2,26,9,53.8368521847,-1.6132012811
2301,816609,435796,436343,2,1,06/10/2009,630,6,1,4,2,2,3,2,41,9,53.8219146019,-1.45617253069
2302,817009,429147,436207,2,1,06/10/2009,1540,6,5,1,1,2,3,2,12,9,53.8211075162,-1.55719604436
2303,817909,436484,435031,2,1,06/10/2009,900,6,2,1,2,1,3,2,32,9,53.810073768,-1.44587627506
2304,825109,436118,435507,1,1,06/10/2009,1455,3,2,1,1,3,3,1,18,9,53.8143778819,-1.45137897926
2305,876409,439003,446045,2,1,06/10/2009,1510,3,2,1,2,1,3,2,81,9,53.9088895972,-1.40621957474
2306,815809,430753,438582,1,1,07/10/2009,1247,6,1,1,1,2,3,2,79,11,53.842363055,-1.53256078024
2307,820009,430230,432029,1,1,07/10/2009,950,3,1,1,1,2,3,2,80,11,53.7834907962,-1.54115377216
2308,822909,431905,435729,2,1,07/10/2009,1718,3,1,1,1,2,3,2,32,9,53.8166489674,-1.51534740952
2309,824809,430036,438512,2,1,07/10/2009,1650,6,1,1,1,1,3,1,32,9,53.8417758073,-1.54346549064
2310,824909,428837,440131,2,3,07/10/2009,1910,6,1,4,1,1,3,1,17,9,53.8563964208,-1.56153712671
2311,824909,428837,440131,2,3,07/10/2009,1910,6,1,4,1,1,3,2,21,9,53.8563964208,-1.56153712671
2312,824909,428837,440131,2,3,07/10/2009,1910,6,1,4,1,2,3,1,16,9,53.8563964208,-1.56153712671
2313,833909,421526,428486,2,2,07/10/2009,1150,3,1,1,1,1,3,2,57,9,53.7520758233,-1.67351182621
2314,833909,421526,428486,2,2,07/10/2009,1150,3,1,1,1,2,3,2,4,9,53.7520758233,-1.67351182621
2315,839009,436133,434840,2,1,07/10/2009,910,3,1,1,1,1,3,2,79,9,53.8083814567,-1.45122946131
2316,840409,432828,433603,3,1,07/10/2009,1425,6,1,1,1,1,3,1,62,3,53.7974816146,-1.5015538965
2317,825509,430672,433450,4,2,08/10/2009,1430,6,1,1,1,1,3,1,32,19,53.7962379208,-1.53430366809
2318,825509,430672,433450,4,2,08/10/2009,1430,6,1,1,1,1,3,2,29,9,53.7962379208,-1.53430366809
2319,828609,424982,427538,2,1,08/10/2009,1920,3,1,4,1,1,3,1,18,3,53.7434001301,-1.62117197716
2320,833309,432187,429090,2,3,08/10/2009,1012,1,1,1,1,1,3,1,39,9,53.7569555867,-1.51175722354
2321,833309,432187,429090,2,3,08/10/2009,1012,1,1,1,1,1,3,1,22,9,53.7569555867,-1.51175722354
2322,833309,432187,429090,2,3,08/10/2009,1012,1,1,1,1,2,3,2,19,9,53.7569555867,-1.51175722354
2323,835409,429286,433479,2,1,08/10/2009,1230,6,1,1,1,1,2,1,22,5,53.7965784596,-1.55534398599
2324,836309,444832,431567,2,2,08/10/2009,2017,3,1,6,1,1,2,1,38,5,53.7782853004,-1.31959881966
2325,836309,444832,431567,2,2,08/10/2009,2017,3,1,6,1,2,2,2,43,5,53.7782853004,-1.31959881966
2326,827109,427517,434869,2,1,09/10/2009,1655,6,1,1,1,1,3,1,23,1,53.8091694172,-1.58207807766
2327,955509,431826,435622,1,1,09/10/2009,945,3,1,1,1,3,3,1,25,9,53.8156920224,-1.51655848023
2328,825809,428578,432989,1,1,10/10/2009,810,3,2,1,4,1,3,2,26,9,53.7922133396,-1.56613882509
2329,833809,430339,433381,1,1,10/10/2009,935,6,1,1,1,3,3,1,47,11,53.7956372241,-1.53936625879
2330,834109,434973,436879,1,2,10/10/2009,1430,6,1,1,1,1,3,1,37,11,53.8267885109,-1.46861432215
2331,834109,434973,436879,1,2,10/10/2009,1430,6,1,1,1,2,3,2,0,11,53.8267885109,-1.46861432215
2332,838709,430704,439227,2,1,10/10/2009,845,3,1,1,1,1,3,1,39,1,53.8481636291,-1.53324105701
2333,838909,432331,434981,2,1,10/10/2009,1355,4,1,1,1,1,3,1,11,1,53.8098991317,-1.50895511503
2334,965209,428456,434483,1,1,10/10/2009,1630,6,1,4,1,3,2,2,45,9,53.805649227,-1.56785288358
2335,823909,423786,438053,1,1,11/10/2009,1100,6,1,1,1,3,3,2,65,9,53.8379737861,-1.63849603162
2336,836709,435821,435757,2,1,12/10/2009,835,6,1,1,1,1,3,1,16,2,53.8166455744,-1.45586098296
2337,837809,428653,437538,2,1,12/10/2009,1255,6,1,1,1,1,2,1,44,5,53.8330989546,-1.5645766522
2338,845909,434748,438041,2,2,12/10/2009,1111,3,1,1,1,1,3,1,26,9,53.8372483337,-1.47190147947
2339,845909,434748,438041,2,2,12/10/2009,1111,3,1,1,1,2,3,1,26,9,53.8372483337,-1.47190147947
2340,836809,429137,435243,2,1,13/10/2009,1820,3,1,4,1,1,3,1,30,5,53.8124429542,-1.55743926319
2341,836909,431261,433692,1,1,13/10/2009,1630,6,1,1,1,2,3,2,40,8,53.7983781297,-1.52533658906
2342,838209,433155,434031,2,1,13/10/2009,1815,3,1,4,1,2,3,2,37,9,53.8013080257,-1.49654300191
2343,838309,420340,434268,2,1,13/10/2009,1430,3,1,1,1,1,2,2,76,9,53.8040973573,-1.69111837698
2344,838409,440059,432533,1,1,13/10/2009,1450,4,1,1,1,3,3,1,13,9,53.7873573685,-1.39190685209
2345,840009,427984,435223,2,1,13/10/2009,1700,6,1,1,1,1,3,2,22,1,53.8123265122,-1.57495341152
2346,840309,426339,431703,2,2,13/10/2009,1610,3,1,1,1,1,3,1,34,2,53.7807718816,-1.600239491
2347,840309,426339,431703,2,2,13/10/2009,1610,3,1,1,1,2,3,2,27,8,53.7807718816,-1.600239491
2348,842709,420927,434418,2,1,13/10/2009,830,3,1,1,1,1,3,1,36,9,53.8054224,-1.68219419414
2349,844509,441659,430764,2,1,13/10/2009,1542,6,1,1,1,1,3,1,13,1,53.7713311089,-1.36785955713
2350,845309,434456,433702,2,5,13/10/2009,1820,6,1,1,1,1,3,2,34,9,53.7982662133,-1.4768250836
2351,845309,434456,433702,2,5,13/10/2009,1820,6,1,1,1,1,3,1,32,8,53.7982662133,-1.4768250836
2352,845309,434456,433702,2,5,13/10/2009,1820,6,1,1,1,2,3,1,17,8,53.7982662133,-1.4768250836
2353,845309,434456,433702,2,5,13/10/2009,1820,6,1,1,1,2,3,1,63,8,53.7982662133,-1.4768250836
2354,845309,434456,433702,2,5,13/10/2009,1820,6,1,1,1,2,3,2,58,8,53.7982662133,-1.4768250836
2355,865609,427393,429667,2,1,13/10/2009,715,3,1,1,1,1,2,2,31,1,53.762416255,-1.58442364615
2356,837609,420767,434402,3,1,14/10/2009,900,3,2,1,1,1,3,2,26,9,53.8052849916,-1.68462505688
2357,843809,442884,431656,3,2,14/10/2009,1453,3,1,1,1,1,3,2,35,9,53.779249381,-1.34914847782
2358,843809,442884,431656,3,2,14/10/2009,1453,3,1,1,1,1,3,2,65,9,53.779249381,-1.34914847782
2359,854509,430830,439647,2,1,14/10/2009,850,3,1,1,1,1,3,1,17,3,53.8519313899,-1.53128351361
2360,861309,415867,441870,1,2,14/10/2009,2220,6,2,6,2,1,3,1,18,9,53.8725864589,-1.75865163983
2361,861309,415867,441870,1,2,14/10/2009,2220,6,2,6,2,2,2,1,17,9,53.8725864589,-1.75865163983
2362,844009,429137,431733,1,1,15/10/2009,1235,6,1,1,1,3,3,2,3,9,53.7808924527,-1.557771301
2363,844109,426911,438080,3,3,15/10/2009,725,3,2,1,2,1,3,2,65,9,53.8380639926,-1.59100060227
2364,844109,426911,438080,3,3,15/10/2009,725,3,2,1,2,1,3,2,28,9,53.8380639926,-1.59100060227
2365,844109,426911,438080,3,3,15/10/2009,725,3,2,1,2,1,3,2,41,9,53.8380639926,-1.59100060227
2366,845409,442198,442885,1,1,15/10/2009,630,6,2,7,2,1,3,1,54,9,53.8802362044,-1.35801772847
2367,847809,441633,430767,1,1,15/10/2009,1120,6,2,1,1,3,3,1,62,9,53.7713601538,-1.36825365406