Col.Number,Reference.Number,Easting,Northing,Number.of.Vehicles,Number.of.Casualties,Accident.Date,Time..24hr.,X1st.Road.Class,Road.Surface,Lighting.Conditions,Weather.Conditions,Casualty.Class,Casualty.Severity,Sex.of.Casualty,Age.of.Casualty,Type.of.Vehicle,Latitude,Longitude
2368,848609,431893,430494,2,1,15/10/2009,620,3,2,4,1,1,3,1,27,1,53.7695938638,-1.51607163198
2369,852309,425098,431061,1,1,15/10/2009,1230,3,1,1,1,2,3,2,74,11,53.7750623563,-1.6191265687
2370,856909,428236,436524,2,2,15/10/2009,1355,4,1,1,1,1,3,2,23,9,53.8240072271,-1.5710065019
2371,856909,428236,436524,2,2,15/10/2009,1355,4,1,1,1,1,3,2,50,9,53.8240072271,-1.5710065019
2372,863309,432393,434895,1,1,15/10/2009,745,4,2,1,1,3,3,2,11,9,53.8091222481,-1.50802254556
2373,869509,422016,436494,3,2,15/10/2009,1000,3,2,1,1,1,3,1,57,9,53.8240382622,-1.66550795534
2374,869509,422016,436494,3,2,15/10/2009,1000,3,2,1,1,1,2,1,34,9,53.8240382622,-1.66550795534
2375,846109,427526,436941,2,1,16/10/2009,850,3,1,1,1,2,3,2,42,9,53.8277936157,-1.58175597855
2376,848209,429282,433492,2,1,16/10/2009,1820,6,1,4,1,1,3,1,63,9,53.7966955384,-1.55540348101
2377,848409,426019,438934,1,1,16/10/2009,1535,6,1,1,1,3,3,2,23,11,53.8457858143,-1.60448471705
2378,849809,436657,435952,1,1,16/10/2009,2245,6,1,4,1,2,3,1,15,9,53.8183400687,-1.44313913884
2379,850109,440031,439603,2,1,16/10/2009,1610,3,1,1,1,1,3,1,25,5,53.8509080381,-1.39141175767
2380,850209,427299,434685,2,1,16/10/2009,1600,3,1,1,9,1,3,2,45,9,53.8075269749,-1.58540523559
2381,850909,431606,435243,2,1,16/10/2009,1515,3,1,1,1,2,3,2,46,9,53.8122987363,-1.51993911344
2382,854909,430803,433846,2,1,16/10/2009,1200,3,1,1,1,1,3,1,26,9,53.7997897117,-1.53227514779
2383,859609,441460,439840,4,8,16/10/2009,1558,3,1,1,1,1,3,1,34,11,53.8529261488,-1.36965619523
2384,859609,441460,439840,4,8,16/10/2009,1558,3,1,1,1,2,3,1,11,11,53.8529261488,-1.36965619523
2385,859609,441460,439840,4,8,16/10/2009,1558,3,1,1,1,2,3,2,12,11,53.8529261488,-1.36965619523
2386,859609,441460,439840,4,8,16/10/2009,1558,3,1,1,1,2,3,2,11,11,53.8529261488,-1.36965619523
2387,859609,441460,439840,4,8,16/10/2009,1558,3,1,1,1,2,3,2,14,11,53.8529261488,-1.36965619523
2388,859609,441460,439840,4,8,16/10/2009,1558,3,1,1,1,2,3,2,11,11,53.8529261488,-1.36965619523
2389,859609,441460,439840,4,8,16/10/2009,1558,3,1,1,1,2,3,1,11,11,53.8529261488,-1.36965619523
2390,859609,441460,439840,4,8,16/10/2009,1558,3,1,1,1,2,3,1,12,11,53.8529261488,-1.36965619523
2391,860109,436222,434266,2,1,16/10/2009,1530,6,1,1,1,1,3,2,44,1,53.8032158164,-1.44994538031
2392,870009,425053,433332,2,1,16/10/2009,1715,6,1,1,1,1,2,1,26,3,53.7954781656,-1.61962485466
2393,844609,429899,435449,1,1,17/10/2009,2130,6,1,4,1,1,3,1,20,9,53.8142513691,-1.54584565392
2394,849109,435658,437028,4,1,17/10/2009,1115,3,1,1,1,1,3,1,53,9,53.8280812579,-1.45818954239
2395,855709,430945,433298,2,1,17/10/2009,1705,3,1,1,1,1,3,1,29,9,53.7948554699,-1.53017410204
2396,885309,430237,432959,2,1,17/10/2009,2245,6,1,4,1,1,2,1,36,3,53.7918499177,-1.54095627885
2397,848809,431881,435323,1,1,18/10/2009,1835,6,1,4,1,3,3,1,17,9,53.8130010411,-1.51575403658
2398,849209,431023,433513,2,1,18/10/2009,1330,3,1,1,1,1,2,2,62,9,53.7967833981,-1.52896824854
2399,849309,428594,432781,3,1,18/10/2009,1751,3,1,1,1,1,3,1,24,9,53.7903427975,-1.56591522972
2400,857209,424904,443281,2,1,18/10/2009,1340,6,1,1,1,1,3,2,51,9,53.8849144259,-1.62108049798
2401,859909,431344,433934,2,2,19/10/2009,1410,6,1,1,1,1,3,2,44,9,53.800548401,-1.5240517437
2402,859909,431344,433934,2,2,19/10/2009,1410,6,1,1,1,2,3,2,37,9,53.800548401,-1.5240517437
2403,860409,431571,435177,1,1,19/10/2009,1845,6,1,4,1,3,3,2,47,9,53.8117076099,-1.52047747624
2404,863409,430089,431274,2,1,19/10/2009,1715,3,1,1,1,1,3,1,21,1,53.7767124567,-1.5433675475
2405,874709,431022,433511,2,2,19/10/2009,1546,6,1,1,1,1,3,1,30,9,53.7967654803,-1.52898363272
2406,874709,431022,433511,2,2,19/10/2009,1546,6,1,1,1,2,3,1,67,9,53.7967654803,-1.52898363272
2407,855209,423771,435633,1,1,20/10/2009,1625,3,1,1,1,2,3,2,20,11,53.8162215996,-1.63891110946
2408,859809,437754,433053,1,4,20/10/2009,2345,3,2,4,1,1,3,1,22,9,53.7922037449,-1.42683091146
2409,859809,437754,433053,1,4,20/10/2009,2345,3,2,4,1,2,3,1,21,9,53.7922037449,-1.42683091146
2410,859809,437754,433053,1,4,20/10/2009,2345,3,2,4,1,2,3,1,19,9,53.7922037449,-1.42683091146
2411,859809,437754,433053,1,4,20/10/2009,2345,3,2,4,1,2,3,1,22,9,53.7922037449,-1.42683091146
2412,860009,424256,438995,2,1,20/10/2009,725,6,1,1,1,1,3,2,34,9,53.8464194651,-1.63127865965
2413,863109,434711,425874,3,3,20/10/2009,857,1,1,1,1,1,3,1,42,19,53.7278858309,-1.47383376449
2414,863109,434711,425874,3,3,20/10/2009,857,1,1,1,1,1,3,1,25,9,53.7278858309,-1.47383376449
2415,863109,434711,425874,3,3,20/10/2009,857,1,1,1,1,1,3,1,57,9,53.7278858309,-1.47383376449
2416,865209,429404,433791,1,1,20/10/2009,2030,2,2,4,2,1,3,1,28,9,53.7993762907,-1.5535226376
2417,865309,430735,433449,1,1,20/10/2009,1835,6,2,4,1,3,3,1,25,9,53.7962252141,-1.53334726688
2418,878409,431411,430752,2,1,20/10/2009,2215,6,1,4,1,1,3,1,18,9,53.7719422551,-1.52335870734
2419,862209,441998,430355,1,1,21/10/2009,805,6,2,1,1,3,3,2,13,9,53.7676275824,-1.36277154134
2420,863609,421823,446012,1,3,21/10/2009,2200,3,1,7,1,1,3,2,17,9,53.9096014072,-1.66776294339
2421,863609,421823,446012,1,3,21/10/2009,2200,3,1,7,1,2,3,2,21,9,53.9096014072,-1.66776294339
2422,863609,421823,446012,1,3,21/10/2009,2200,3,1,7,1,2,3,2,17,9,53.9096014072,-1.66776294339
2423,870109,435088,435681,2,1,21/10/2009,1820,6,1,4,1,1,3,1,47,1,53.8160124301,-1.46700375367
2424,876709,427151,432531,2,1,21/10/2009,915,6,2,1,1,1,3,1,48,9,53.7881728898,-1.58784276205
2425,866809,430293,431180,2,1,22/10/2009,1541,6,1,1,1,1,3,1,35,3,53.7758556839,-1.54028097434
2426,873909,435869,425813,2,3,22/10/2009,1050,3,1,1,1,1,3,1,61,9,53.7272591664,-1.45628816669
2427,873909,435869,425813,2,3,22/10/2009,1050,3,1,1,1,1,3,1,38,9,53.7272591664,-1.45628816669
2428,873909,435869,425813,2,3,22/10/2009,1050,3,1,1,1,2,3,2,20,9,53.7272591664,-1.45628816669
2429,875309,435910,425855,2,3,22/10/2009,725,1,1,1,1,1,3,2,25,9,53.7276338711,-1.45566183239
2430,875309,435910,425855,2,3,22/10/2009,725,1,1,1,1,1,3,1,37,9,53.7276338711,-1.45566183239
2431,875309,435910,425855,2,3,22/10/2009,725,1,1,1,1,2,3,1,23,9,53.7276338711,-1.45566183239
2432,875409,430716,436746,2,1,22/10/2009,1303,6,1,1,1,1,3,1,51,1,53.8258620643,-1.53330665972
2433,919009,442691,428996,3,2,22/10/2009,729,3,1,1,1,1,2,1,52,9,53.7553558756,-1.35244546486
2434,919009,442691,428996,3,2,22/10/2009,729,3,1,1,1,1,2,1,45,9,53.7553558756,-1.35244546486
2435,877209,432591,430577,2,1,23/10/2009,915,4,1,1,1,1,3,2,34,9,53.7702967127,-1.50547219195
2436,881209,430935,434847,1,1,23/10/2009,1200,6,1,1,1,3,2,2,33,9,53.8087795685,-1.53017030029
2437,877009,434413,434383,2,2,24/10/2009,1608,3,1,1,1,1,3,1,48,9,53.8043903192,-1.47740185219
2438,877009,434413,434383,2,2,24/10/2009,1608,3,1,1,1,1,2,1,72,90,53.8043903192,-1.47740185219
2439,878309,426136,440434,2,1,24/10/2009,1420,6,1,1,1,1,3,1,42,1,53.8592630114,-1.60257853309
2440,873609,424024,437714,2,1,25/10/2009,1240,3,2,1,2,1,3,1,32,1,53.83491564,-1.6349054495
2441,875109,419959,441964,1,1,25/10/2009,1700,6,2,4,2,3,3,2,17,9,53.8732901209,-1.69640415312
2442,881909,427786,436375,2,3,25/10/2009,1505,3,2,1,2,2,3,2,18,9,53.8226921588,-1.57785667196
2443,881909,427786,436375,2,3,25/10/2009,1505,3,2,1,2,2,3,2,18,9,53.8226921588,-1.57785667196
2444,881909,427786,436375,2,3,25/10/2009,1505,3,2,1,2,2,3,2,19,9,53.8226921588,-1.57785667196
2445,916909,420559,441123,1,1,25/10/2009,2020,6,2,4,5,3,3,2,60,9,53.8657071343,-1.68733409845
2446,872109,431542,435162,2,3,26/10/2009,725,3,2,1,1,1,3,1,39,9,53.8115745397,-1.52091946912
2447,872109,431542,435162,2,3,26/10/2009,725,3,2,1,1,2,3,1,16,9,53.8115745397,-1.52091946912
2448,872109,431542,435162,2,3,26/10/2009,725,3,2,1,1,2,3,1,17,9,53.8115745397,-1.52091946912
2449,875709,424580,435149,2,1,26/10/2009,1545,3,2,4,4,1,3,2,22,9,53.8118334015,-1.6266610953
2450,885109,431978,431223,2,1,26/10/2009,615,3,2,7,1,1,3,1,33,1,53.7761414341,-1.51470635845
2451,891109,430541,431257,2,2,26/10/2009,1705,1,1,1,1,1,3,2,26,9,53.7765333293,-1.53650989755
2452,891109,430541,431257,2,2,26/10/2009,1705,1,1,1,1,2,3,1,26,9,53.7765333293,-1.53650989755
2453,892609,429169,431578,2,1,26/10/2009,1830,6,1,4,1,1,3,1,28,1,53.779497401,-1.55730029904
2454,893309,430028,433372,2,1,26/10/2009,45,6,1,7,1,1,3,1,24,1,53.795574368,-1.54408884988
2455,896209,440438,447805,2,1,26/10/2009,1315,3,1,1,1,2,3,1,32,9,53.9245990247,-1.38414179886
2456,930209,432058,435964,4,3,26/10/2009,1816,6,1,4,1,1,3,1,37,9,53.81875189,-1.51299886667
2457,930209,432058,435964,4,3,26/10/2009,1816,6,1,4,1,1,3,1,37,9,53.81875189,-1.51299886667
2458,930209,432058,435964,4,3,26/10/2009,1816,6,1,4,1,2,3,1,32,9,53.81875189,-1.51299886667
2459,877309,425212,440811,2,2,27/10/2009,815,6,2,1,7,1,3,1,35,9,53.8626974602,-1.61659745467
2460,877309,425212,440811,2,2,27/10/2009,815,6,2,1,7,1,3,1,35,9,53.8626974602,-1.61659745467
2461,882909,428870,434835,2,1,27/10/2009,2045,6,2,4,1,1,3,1,26,1,53.8087904455,-1.56153285857
2462,903409,440713,428683,2,2,27/10/2009,1040,6,1,1,1,1,3,1,39,9,53.7527007689,-1.38248787839
2463,903409,440713,428683,2,2,27/10/2009,1040,6,1,1,1,2,3,2,7,9,53.7527007689,-1.38248787839
2464,878809,431968,431242,2,1,28/10/2009,830,3,1,1,1,2,3,2,18,9,53.7763128339,-1.5148561415
2465,879409,421871,436574,4,3,28/10/2009,730,3,2,1,1,1,3,1,22,9,53.8247634899,-1.66770522873
2466,879409,421871,436574,4,3,28/10/2009,730,3,2,1,1,1,3,2,33,9,53.8247634899,-1.66770522873
2467,879409,421871,436574,4,3,28/10/2009,730,3,2,1,1,1,3,2,22,9,53.8247634899,-1.66770522873
2468,882109,435484,439995,2,1,28/10/2009,1200,3,1,1,1,1,3,1,50,9,53.8547621938,-1.46049054579
2469,882409,431438,432700,2,1,28/10/2009,1140,3,1,1,1,2,3,2,35,9,53.789450666,-1.52275037862
2470,886509,431797,428915,2,4,28/10/2009,650,6,2,1,1,1,3,1,21,9,53.7554065018,-1.51769090105
2471,886509,431797,428915,2,4,28/10/2009,650,6,2,1,1,1,3,1,50,9,53.7554065018,-1.51769090105
2472,886509,431797,428915,2,4,28/10/2009,650,6,2,1,1,2,3,2,25,9,53.7554065018,-1.51769090105
2473,886509,431797,428915,2,4,28/10/2009,650,6,2,1,1,2,3,2,49,9,53.7554065018,-1.51769090105
2474,891009,431859,435936,2,3,28/10/2009,2042,6,1,4,1,1,3,2,19,9,53.8185124415,-1.51602470652
2475,891009,431859,435936,2,3,28/10/2009,2042,6,1,4,1,2,3,2,18,9,53.8185124415,-1.51602470652
2476,891009,431859,435936,2,3,28/10/2009,2042,6,1,4,1,1,3,1,26,9,53.8185124415,-1.51602470652
2477,891409,432099,435532,1,1,28/10/2009,1700,4,1,1,1,3,3,1,38,9,53.8148662592,-1.51242112544
2478,934109,430491,437138,2,1,28/10/2009,1200,6,1,1,1,1,3,1,55,4,53.8293988741,-1.53668626731
2479,881709,431678,434506,1,1,29/10/2009,1050,6,1,1,1,2,3,2,85,11,53.8056696981,-1.51892140868
2480,883609,426604,436350,2,1,29/10/2009,1220,6,1,1,1,1,3,1,10,1,53.8225292847,-1.59581605895
2481,885509,430339,433735,2,5,29/10/2009,1345,6,1,1,1,1,3,1,24,9,53.7988192322,-1.53933138859
2482,885509,430339,433735,2,5,29/10/2009,1345,6,1,1,1,1,3,1,48,11,53.7988192322,-1.53933138859
2483,885509,430339,433735,2,5,29/10/2009,1345,6,1,1,1,2,3,1,18,9,53.7988192322,-1.53933138859
2484,885509,430339,433735,2,5,29/10/2009,1345,6,1,1,1,2,3,1,16,9,53.7988192322,-1.53933138859
2485,885509,430339,433735,2,5,29/10/2009,1345,6,1,1,1,2,3,1,14,9,53.7988192322,-1.53933138859
2486,885909,429454,434906,2,1,29/10/2009,925,3,1,1,1,1,3,2,34,1,53.8093958953,-1.55265677753
2487,886209,430222,435117,2,3,29/10/2009,28,6,1,4,1,1,3,1,29,9,53.811248445,-1.54097218783
2488,886209,430222,435117,2,3,29/10/2009,28,6,1,4,1,1,3,1,31,9,53.811248445,-1.54097218783
2489,886209,430222,435117,2,3,29/10/2009,28,6,1,4,1,2,3,1,26,9,53.811248445,-1.54097218783
2490,899409,431880,435414,1,1,29/10/2009,1805,6,1,4,1,2,3,1,21,11,53.8138190713,-1.51575979685
2491,1450509,436210,436844,2,1,29/10/2009,659,3,1,1,1,1,1,1,41,5,53.8263891938,-1.44982419524
2492,885209,424626,434438,2,1,30/10/2009,925,6,1,1,1,1,3,2,31,9,53.8054401843,-1.62601931732
2493,885409,429342,433701,1,1,30/10/2009,135,2,1,4,1,1,2,1,20,9,53.7985708049,-1.55447260392
2494,890809,436984,433588,1,1,30/10/2009,1634,3,1,1,1,3,3,1,12,9,53.797067937,-1.43845594769
2495,892509,426258,429413,2,2,30/10/2009,1505,1,1,1,1,1,3,1,30,9,53.7601915373,-1.60166375257
2496,892509,426258,429413,2,2,30/10/2009,1505,1,1,1,1,2,3,1,25,9,53.7601915373,-1.60166375257
2497,890009,428433,435000,2,1,31/10/2009,30,6,2,7,1,1,3,1,22,1,53.8102976648,-1.5681544043
2498,890309,437310,429480,2,1,31/10/2009,1415,3,1,1,1,1,3,1,39,4,53.7601194792,-1.43400348168
2499,891509,443630,437799,1,1,31/10/2009,805,2,1,1,1,2,3,2,43,9,53.8344031245,-1.33695655357
2500,891809,426379,435438,2,1,31/10/2009,1650,3,1,1,1,1,3,2,36,9,53.8143430014,-1.59931251113
2501,891909,428958,429855,2,1,31/10/2009,30,3,2,7,2,2,3,1,42,9,53.7640214994,-1.56066430209
2502,893509,432519,434723,2,2,31/10/2009,1727,4,1,4,1,1,3,2,36,9,53.807568334,-1.50612713677
2503,893509,432519,434723,2,2,31/10/2009,1727,4,1,4,1,1,2,1,23,5,53.807568334,-1.50612713677
2504,893909,432692,433871,2,1,31/10/2009,1125,3,1,1,1,1,3,1,72,9,53.7998991434,-1.50359032713
2505,894209,435705,435738,1,1,31/10/2009,2345,6,1,4,1,3,3,2,22,9,53.8164827711,-1.45762519938
2506,895509,439881,429903,1,1,31/10/2009,1745,6,1,4,1,3,3,2,12,9,53.7637311661,-1.39494881051
2507,898609,435790,425978,2,1,31/10/2009,1930,1,2,4,1,1,3,2,22,9,53.7287477313,-1.45746651722
2508,925709,420403,434120,2,2,31/10/2009,20,4,2,4,2,1,2,1,32,9,53.8027645365,-1.69017148713
2509,925709,420403,434120,2,2,31/10/2009,20,4,2,4,2,1,3,1,52,8,53.8027645365,-1.69017148713
2510,892209,430987,432040,2,1,01/11/2009,1105,3,2,1,5,2,3,2,18,9,53.7835451566,-1.52966295866
2511,908809,425227,439892,1,1,01/11/2009,320,6,1,7,1,1,3,1,17,9,53.8544360972,-1.61644490423
2512,936809,429098,434716,2,2,01/11/2009,1100,6,2,1,2,1,3,2,19,9,53.8077080789,-1.55808143977
2513,936809,429098,434716,2,2,01/11/2009,1100,6,2,1,2,1,3,1,33,8,53.8077080789,-1.55808143977
2514,890909,424731,434895,1,1,02/11/2009,1645,3,1,1,1,3,3,1,17,9,53.809543086,-1.62438806338
2515,893209,423013,437678,2,2,02/11/2009,1720,3,1,4,1,1,3,2,60,9,53.8346378103,-1.65027206689
2516,893209,423013,437678,2,2,02/11/2009,1720,3,1,4,1,1,3,1,44,9,53.8346378103,-1.65027206689
2517,894809,425975,434138,3,1,02/11/2009,1640,3,2,1,1,1,3,2,48,9,53.8026779229,-1.60555867368
2518,894909,424266,437307,2,1,02/11/2009,1533,6,1,1,1,1,3,2,37,9,53.8312459621,-1.63125997604
2519,896509,432157,436142,2,1,02/11/2009,2140,6,1,4,1,1,3,1,36,1,53.8203457556,-1.51147638361
2520,897609,428018,427817,1,3,02/11/2009,1155,4,1,1,1,3,2,2,35,9,53.7457536745,-1.57510997299
2521,897609,428018,427817,1,3,02/11/2009,1155,4,1,1,1,3,2,1,2,9,53.7457536745,-1.57510997299
2522,897609,428018,427817,1,3,02/11/2009,1155,4,1,1,1,3,3,2,0,9,53.7457536745,-1.57510997299
2523,899309,430659,434289,2,1,02/11/2009,1352,6,2,1,1,1,3,1,39,8,53.8037802173,-1.53441751129
2524,900509,422596,429150,1,1,02/11/2009,940,3,1,1,1,3,3,2,20,20,53.7579991649,-1.65723469283
2525,902809,436443,434699,1,1,02/11/2009,1200,6,2,1,1,3,3,1,65,9,53.8070924353,-1.44653826594
2526,896809,430988,433130,2,1,03/11/2009,955,3,2,1,2,1,3,1,32,9,53.7933428064,-1.52953817336
2527,898809,423343,437654,2,2,03/11/2009,1710,3,1,7,1,1,3,2,27,9,53.8344073572,-1.64525899408
2528,898809,423343,437654,2,2,03/11/2009,1710,3,1,7,1,2,3,1,29,9,53.8344073572,-1.64525899408
2529,900009,430531,437013,1,1,03/11/2009,745,6,2,1,2,3,3,1,66,9,53.8282729415,-1.53609089984
2530,900709,428581,432963,3,3,03/11/2009,1215,3,2,1,4,1,3,1,46,9,53.791979467,-1.56609569352
2531,900709,428581,432963,3,3,03/11/2009,1215,3,2,1,4,1,3,1,48,9,53.791979467,-1.56609569352
2532,900709,428581,432963,3,3,03/11/2009,1215,3,2,1,4,2,3,2,46,9,53.791979467,-1.56609569352
2533,901109,430496,431167,2,1,03/11/2009,957,1,2,1,1,1,3,1,55,9,53.7757269794,-1.53720169268
2534,901409,428553,427758,1,5,03/11/2009,2215,3,2,4,2,2,3,1,41,9,53.7451942998,-1.56700245935
2535,901409,428553,427758,1,5,03/11/2009,2215,3,2,4,2,1,3,1,30,9,53.7451942998,-1.56700245935
2536,901409,428553,427758,1,5,03/11/2009,2215,3,2,4,2,2,3,1,30,9,53.7451942998,-1.56700245935
2537,901409,428553,427758,1,5,03/11/2009,2215,3,2,4,2,2,3,1,25,9,53.7451942998,-1.56700245935
2538,901409,428553,427758,1,5,03/11/2009,2215,3,2,4,2,2,3,1,21,9,53.7451942998,-1.56700245935
2539,902509,438955,426120,2,1,03/11/2009,1713,4,2,4,2,3,3,1,36,19,53.7297973233,-1.40947371673
2540,904609,429596,432090,4,3,03/11/2009,1023,1,2,1,2,2,3,2,57,9,53.784075546,-1.55077075879
2541,904609,429596,432090,4,3,03/11/2009,1023,1,2,1,2,2,3,2,47,9,53.784075546,-1.55077075879
2542,904609,429596,432090,4,3,03/11/2009,1023,1,2,1,2,1,3,1,46,19,53.784075546,-1.55077075879
2543,904709,424691,427748,1,1,03/11/2009,1005,1,2,1,5,1,3,1,22,9,53.7453016647,-1.62556782695
2544,917609,427162,432253,2,1,03/11/2009,1830,6,1,4,1,1,3,1,19,9,53.7856734303,-1.58770028594
2545,920009,441743,444178,9,5,03/11/2009,1650,2,2,6,2,1,3,1,38,9,53.8918949303,-1.36476325054
2546,920009,441743,444178,9,5,03/11/2009,1650,2,2,6,2,1,3,2,38,9,53.8918949303,-1.36476325054
2547,920009,441743,444178,9,5,03/11/2009,1650,2,2,6,2,1,3,1,42,9,53.8918949303,-1.36476325054
2548,920009,441743,444178,9,5,03/11/2009,1650,2,2,6,2,1,3,1,30,9,53.8918949303,-1.36476325054
2549,920009,441743,444178,9,5,03/11/2009,1650,2,2,6,2,1,3,1,19,9,53.8918949303,-1.36476325054
2550,931609,434677,438099,2,1,03/11/2009,720,3,2,4,2,1,3,1,30,9,53.8377744152,-1.47297393791
2551,903709,428763,433286,2,3,04/11/2009,1010,6,1,1,1,1,3,1,32,19,53.7948728074,-1.56330257986
2552,903709,428763,433286,2,3,04/11/2009,1010,6,1,1,1,2,3,1,22,19,53.7948728074,-1.56330257986
2553,903709,428763,433286,2,3,04/11/2009,1010,6,1,1,1,2,3,2,45,11,53.7948728074,-1.56330257986
2554,909409,432162,432913,2,1,04/11/2009,1715,6,2,4,2,1,3,2,32,9,53.7913210167,-1.51173778182
2555,909509,432775,435937,3,1,04/11/2009,2015,3,2,4,2,2,3,2,26,9,53.8184644853,-1.5021100644
2556,912909,424137,430431,2,2,04/11/2009,2150,3,2,4,1,1,3,1,42,8,53.7694448067,-1.63375913807
2557,912909,424137,430431,2,2,04/11/2009,2150,3,2,4,1,1,3,1,26,9,53.7694448067,-1.63375913807
2558,925909,431088,434206,5,2,04/11/2009,1130,6,1,1,1,1,3,1,76,9,53.8030086905,-1.52791141106
2559,925909,431088,434206,5,2,04/11/2009,1130,6,1,1,1,1,3,1,43,9,53.8030086905,-1.52791141106
2560,930509,428824,435226,3,3,04/11/2009,933,6,2,1,2,1,3,2,21,9,53.8123075913,-1.56219484647
2561,930509,428824,435226,3,3,04/11/2009,933,6,2,1,2,1,3,1,37,9,53.8123075913,-1.56219484647
2562,930509,428824,435226,3,3,04/11/2009,933,6,2,1,2,2,3,2,17,9,53.8123075913,-1.56219484647
2563,935009,424995,426933,2,1,04/11/2009,1700,1,1,7,1,1,3,1,43,9,53.737961221,-1.62102377973
2564,971909,430079,433879,1,1,04/11/2009,730,6,1,1,1,2,3,2,43,11,53.8001287068,-1.5432650356
2565,902209,424469,433641,2,2,05/11/2009,1510,4,2,1,2,1,3,1,44,9,53.7982835065,-1.62846686474
2566,902209,424469,433641,2,2,05/11/2009,1510,4,2,1,2,2,3,1,24,9,53.7982835065,-1.62846686474
2567,908909,423185,434298,1,1,05/11/2009,1935,6,2,4,2,1,3,1,18,9,53.8042479824,-1.64791301722
2568,909009,425987,427348,1,1,05/11/2009,837,4,2,1,1,3,3,2,11,9,53.741643108,-1.60594848518
2569,911409,429695,433797,1,1,05/11/2009,1705,6,2,7,2,3,3,1,35,9,53.7994136932,-1.54910359547
2570,913209,436052,444475,1,1,05/11/2009,925,6,2,1,1,2,3,1,71,11,53.8949914758,-1.45132807759
2571,913709,432094,438849,1,1,05/11/2009,2230,6,2,4,1,3,3,1,20,9,53.8446818848,-1.51215075585
2572,914209,431574,435200,2,1,05/11/2009,1130,3,2,1,1,1,3,1,33,1,53.8119141673,-1.52042955202
2573,915409,428908,433712,2,1,05/11/2009,1825,3,2,4,1,1,3,1,35,1,53.7986939791,-1.56106119018
2574,916409,428955,435470,2,1,05/11/2009,1740,3,2,4,1,1,3,2,20,3,53.8144935617,-1.5601822028
2575,916709,442879,435298,2,1,05/11/2009,2125,4,2,6,2,1,3,2,36,9,53.8119856763,-1.34871737951
2576,917109,431507,445771,2,1,05/11/2009,1400,3,1,1,1,1,3,1,26,19,53.9069367882,-1.52036172304
2577,927709,422212,436736,3,4,05/11/2009,1230,3,2,1,1,1,3,2,51,9,53.8262052162,-1.66251267589
2578,927709,422212,436736,3,4,05/11/2009,1230,3,2,1,1,1,3,1,81,9,53.8262052162,-1.66251267589
2579,927709,422212,436736,3,4,05/11/2009,1230,3,2,1,1,1,3,1,42,9,53.8262052162,-1.66251267589
2580,927709,422212,436736,3,4,05/11/2009,1230,3,2,1,1,2,3,2,77,9,53.8262052162,-1.66251267589
2581,932609,432379,433665,2,1,05/11/2009,1500,6,2,1,1,2,3,2,30,9,53.7980670518,-1.50836452123
2582,953209,432530,434887,2,2,05/11/2009,1959,6,2,4,1,1,3,2,40,9,53.8090417868,-1.50594275155
2583,953209,432530,434887,2,2,05/11/2009,1959,6,2,4,1,2,3,2,62,9,53.8090417868,-1.50594275155
2584,907209,425521,434273,2,3,06/11/2009,2000,3,2,4,1,1,3,2,52,9,53.8039138847,-1.61244148955
2585,907209,425521,434273,2,3,06/11/2009,2000,3,2,4,1,2,3,2,9,9,53.8039138847,-1.61244148955
2586,907209,425521,434273,2,3,06/11/2009,2000,3,2,4,1,2,3,2,7,9,53.8039138847,-1.61244148955
2587,907909,430372,434047,1,2,06/11/2009,537,3,1,4,1,1,2,1,22,9,53.8016217867,-1.53879956107
2588,907909,430372,434047,1,2,06/11/2009,537,3,1,4,1,2,3,2,32,9,53.8016217867,-1.53879956107
2589,908509,429390,434941,2,1,06/11/2009,830,3,1,1,1,1,3,1,43,5,53.8097141216,-1.55362542576
2590,910409,437528,433178,1,1,06/11/2009,1930,3,2,4,1,1,3,1,77,9,53.7933436655,-1.43024655703
2591,910609,433010,437091,2,2,06/11/2009,2022,6,2,7,1,2,3,1,17,9,53.8288224948,-1.49841641659
2592,910609,433010,437091,2,2,06/11/2009,2022,6,2,7,1,2,3,1,19,9,53.8288224948,-1.49841641659
2593,916809,429651,432927,2,1,06/11/2009,1720,6,2,4,2,1,3,1,30,1,53.791596,-1.54985542578
2594,917009,431167,434976,2,1,06/11/2009,2350,6,2,4,2,1,3,1,27,9,53.8099252566,-1.52663383606
2595,922109,432921,425962,4,2,06/11/2009,1725,1,2,4,1,1,3,2,25,9,53.7287929004,-1.50095692539
2596,922109,432921,425962,4,2,06/11/2009,1725,1,2,4,1,1,3,2,25,9,53.7287929004,-1.50095692539
2597,922509,430794,424479,1,1,06/11/2009,2300,1,2,4,2,1,3,2,19,9,53.7155923924,-1.53334609131
2598,938609,430483,437059,1,1,06/11/2009,1440,6,1,1,1,3,3,1,19,9,53.8286892384,-1.53681565746
2599,961109,428904,440776,1,2,06/11/2009,330,6,1,4,1,2,3,1,21,8,53.862190378,-1.5604576764
2600,961109,428904,440776,1,2,06/11/2009,330,6,1,4,1,2,2,1,19,8,53.862190378,-1.5604576764
2601,988209,429143,435247,3,3,06/11/2009,840,3,2,1,2,1,3,1,45,9,53.8124785728,-1.5573477536
2602,988209,429143,435247,3,3,06/11/2009,840,3,2,1,2,1,3,1,22,9,53.8124785728,-1.5573477536