Col.Number,Reference.Number,Easting,Northing,Number.of.Vehicles,Number.of.Casualties,Accident.Date,Time..24hr.,X1st.Road.Class,Road.Surface,Lighting.Conditions,Weather.Conditions,Casualty.Class,Casualty.Severity,Sex.of.Casualty,Age.of.Casualty,Type.of.Vehicle,Latitude,Longitude
2603,988209,429143,435247,3,3,06/11/2009,840,3,2,1,2,2,3,2,29,9,53.8124785728,-1.5573477536
2604,913809,443265,432762,1,1,07/11/2009,2115,6,1,5,1,1,2,1,32,9,53.7891590742,-1.34321121023
2605,914809,426289,435587,2,2,07/11/2009,1640,4,1,1,1,1,3,2,18,9,53.8156868865,-1.60066681058
2606,914809,426289,435587,2,2,07/11/2009,1640,4,1,1,1,2,3,2,53,9,53.8156868865,-1.60066681058
2607,916009,430895,427041,1,1,07/11/2009,1615,3,1,1,1,3,2,2,11,9,53.7386157766,-1.53155968209
2608,918909,431208,431499,1,1,07/11/2009,1405,6,1,1,1,2,3,2,20,11,53.7786690495,-1.52636339319
2609,927809,426127,435591,2,1,07/11/2009,2000,4,2,4,2,2,3,2,23,9,53.815731008,-1.60312720586
2610,936309,430964,440115,2,1,07/11/2009,1235,3,1,1,1,1,3,2,62,9,53.8561300924,-1.52919914156
2611,915709,426182,433060,2,2,08/11/2009,1520,4,1,1,1,1,3,2,56,9,53.7929776215,-1.60250701503
2612,915709,426182,433060,2,2,08/11/2009,1520,4,1,1,1,1,3,1,33,9,53.7929776215,-1.60250701503
2613,919209,427570,436880,2,1,08/11/2009,1535,3,2,1,1,1,2,1,42,1,53.8272429708,-1.58109291017
2614,923309,432269,426313,1,1,08/11/2009,1445,1,1,1,1,1,3,1,21,9,53.7319887129,-1.51080344071
2615,932109,434482,438257,2,1,08/11/2009,1800,3,2,4,1,1,3,1,21,9,53.8392075905,-1.47591970621
2616,933109,420560,437108,1,1,08/11/2009,1705,3,2,7,1,2,2,1,26,9,53.8296170443,-1.68758772379
2617,936009,427656,436650,2,1,08/11/2009,2310,3,2,4,1,1,2,2,28,9,53.8251709936,-1.57980692671
2618,921909,437049,435614,2,1,09/11/2009,1400,6,1,1,1,1,3,1,30,1,53.8152741489,-1.43722524048
2619,922609,429751,423980,1,2,09/11/2009,1500,6,2,1,1,2,3,1,17,9,53.7111674616,-1.54919917828
2620,922609,429751,423980,1,2,09/11/2009,1500,6,2,1,1,1,3,2,19,9,53.7111674616,-1.54919917828
2621,928009,430376,433494,1,1,09/11/2009,1144,6,1,1,1,2,3,2,33,10,53.796650791,-1.53879336811
2622,928109,427908,434076,2,1,09/11/2009,915,6,2,1,1,1,3,2,19,9,53.8020204971,-1.57621172701
2623,935809,428047,432832,3,2,09/11/2009,1705,6,1,4,1,1,3,2,39,9,53.7908309946,-1.57421432523
2624,935809,428047,432832,3,2,09/11/2009,1705,6,1,4,1,1,3,1,24,9,53.7908309946,-1.57421432523
2625,932409,423847,434261,2,1,10/11/2009,1830,6,2,4,8,1,3,1,21,9,53.8038854646,-1.63786298144
2626,935609,429586,434806,2,1,10/11/2009,810,3,2,1,2,1,3,1,24,1,53.8084895299,-1.55066166045
2627,936609,424358,435306,1,2,10/11/2009,1230,3,1,1,1,2,3,2,32,11,53.8132550907,-1.63002048708
2628,936609,424358,435306,1,2,10/11/2009,1230,3,1,1,1,2,3,2,39,11,53.8132550907,-1.63002048708
2629,937809,435440,434941,1,1,10/11/2009,2110,3,1,4,1,3,3,1,17,9,53.8093369945,-1.4617422641
2630,938009,428625,440691,2,1,10/11/2009,1615,6,1,4,1,1,3,2,60,9,53.8614418046,-1.5647082167
2631,940009,428008,435411,1,3,10/11/2009,1035,6,1,1,1,2,3,1,12,11,53.8140151035,-1.57457177634
2632,940009,428008,435411,1,3,10/11/2009,1035,6,1,1,1,2,3,1,35,11,53.8140151035,-1.57457177634
2633,940009,428008,435411,1,3,10/11/2009,1035,6,1,1,1,2,3,2,12,11,53.8140151035,-1.57457177634
2634,945109,428097,430025,2,1,10/11/2009,1955,3,2,4,1,1,3,1,26,1,53.7655967536,-1.57371106383
2635,957809,431792,426347,3,2,10/11/2009,1802,1,1,4,1,1,3,1,35,9,53.7323236303,-1.51803095937
2636,957809,431792,426347,3,2,10/11/2009,1802,1,1,4,1,1,3,2,38,9,53.7323236303,-1.51803095937
2637,1014709,427595,436960,2,1,10/11/2009,2250,6,1,4,1,1,3,1,38,11,53.8279607421,-1.58070588295
2638,933009,425961,434774,2,1,11/11/2009,1445,6,2,1,1,1,3,1,74,9,53.8083954914,-1.60571762918
2639,937509,431791,432050,2,2,11/11/2009,1320,6,2,1,1,2,2,2,29,9,53.7835865586,-1.51745886151
2640,937509,431791,432050,2,2,11/11/2009,1320,6,2,1,1,1,3,1,29,9,53.7835865586,-1.51745886151
2641,937609,429325,431939,1,1,11/11/2009,1613,1,1,4,1,1,2,1,25,8,53.7827335816,-1.55489841808
2642,938109,432434,435790,1,1,11/11/2009,1634,3,1,4,1,3,3,1,19,9,53.8171645412,-1.50730553353
2643,957409,423992,427979,4,1,11/11/2009,1630,1,2,7,8,1,3,2,36,9,53.7474107463,-1.63614979063
2644,935409,430066,433793,1,1,12/11/2009,1850,6,2,4,2,3,3,2,21,8,53.7993564281,-1.54347082371
2645,938309,428616,427857,2,1,12/11/2009,1625,3,2,7,2,1,3,2,35,9,53.7460807394,-1.56603794424
2646,940809,417636,443156,2,2,12/11/2009,1330,6,1,1,1,1,3,1,39,9,53.8840889304,-1.73167020179
2647,940809,417636,443156,2,2,12/11/2009,1330,6,1,1,1,2,3,2,41,9,53.8840889304,-1.73167020179
2648,947509,429579,439232,1,1,12/11/2009,1647,6,2,4,2,3,3,2,20,9,53.8482738728,-1.55034211436
2649,1450709,420763,445685,1,1,12/11/2009,1720,3,2,4,2,3,1,2,52,9,53.9067056615,-1.68392247787
2650,936209,426867,436006,3,2,13/11/2009,850,6,2,1,1,1,3,2,23,9,53.8194236265,-1.59185056662
2651,936209,426867,436006,3,2,13/11/2009,850,6,2,1,1,1,3,1,57,9,53.8194236265,-1.59185056662
2652,938209,429440,433447,1,1,13/11/2009,1730,6,2,4,2,3,3,2,22,8,53.7962821282,-1.55300890561
2653,938409,430067,433797,1,1,13/11/2009,2030,6,2,4,5,3,3,1,22,9,53.7993923252,-1.54345524947
2654,941009,439668,426126,2,2,13/11/2009,2125,6,2,5,8,1,3,1,57,9,53.7297975106,-1.39866509322
2655,941009,439668,426126,2,2,13/11/2009,2125,6,2,5,8,2,3,2,42,9,53.7297975106,-1.39866509322
2656,942009,428147,426239,3,1,13/11/2009,1650,3,2,4,1,1,3,1,30,9,53.7315623146,-1.57329746064
2657,942609,430304,433064,2,1,13/11/2009,1750,6,2,4,5,1,3,2,24,9,53.7927898369,-1.53992882499
2658,943409,429963,436654,3,1,13/11/2009,805,3,1,1,1,1,3,1,48,9,53.8250790641,-1.54475616776
2659,945209,424750,434071,2,1,13/11/2009,1000,3,1,1,1,1,3,1,39,9,53.8021354046,-1.62416574911
2660,959609,428907,435508,2,1,13/11/2009,1905,3,1,7,1,1,2,1,20,1,53.8148378042,-1.56090771464
2661,965409,420289,445365,1,1,13/11/2009,1811,6,2,4,2,3,3,1,27,9,53.903848047,-1.69115933479
2662,1031809,428746,434431,1,1,13/11/2009,2030,6,2,4,1,3,2,1,45,8,53.8051658645,-1.56345379355
2663,936909,419573,446274,1,2,14/11/2009,1110,6,1,1,1,1,3,1,40,9,53.9120463365,-1.70200002064
2664,936909,419573,446274,1,2,14/11/2009,1110,6,1,1,1,2,3,2,67,9,53.9120463365,-1.70200002064
2665,937209,427232,434728,2,1,14/11/2009,1110,3,1,1,1,1,3,2,29,1,53.8079170044,-1.58641894297
2666,945309,425955,434938,1,1,14/11/2009,1750,6,2,4,8,3,3,2,12,9,53.8098699514,-1.60579492155
2667,951609,432445,433798,1,1,14/11/2009,1900,6,1,4,1,3,3,1,38,9,53.7992584341,-1.50734842122
2668,951809,440352,432326,2,2,14/11/2009,2315,3,1,4,1,1,3,2,21,9,53.7854741103,-1.38748651091
2669,951809,440352,432326,2,2,14/11/2009,2315,3,1,4,1,2,3,2,24,9,53.7854741103,-1.38748651091
2670,952109,432961,439237,2,1,14/11/2009,1855,3,2,4,1,1,3,2,67,9,53.8481151588,-1.49893070575
2671,1095209,424178,434160,1,1,14/11/2009,1730,6,2,4,1,3,2,2,50,9,53.8029623123,-1.63284450873
2672,944309,426331,433992,2,1,15/11/2009,1525,3,1,1,1,1,3,1,27,8,53.8013476599,-1.60016529281
2673,951909,431085,434206,2,1,15/11/2009,1430,6,2,1,1,1,3,1,16,2,53.8030088698,-1.52795696603
2674,952609,442412,434477,1,1,15/11/2009,1217,1,2,1,1,1,3,1,24,5,53.8046444773,-1.35592320301
2675,956309,433425,432957,1,1,15/11/2009,1420,6,1,1,1,1,3,1,16,9,53.7916369226,-1.49255979004
2676,964309,426174,439074,1,3,15/11/2009,500,6,2,4,2,1,3,2,20,9,53.8470364467,-1.602116689
2677,964309,426174,439074,1,3,15/11/2009,500,6,2,4,2,2,3,2,20,9,53.8470364467,-1.602116689
2678,964309,426174,439074,1,3,15/11/2009,500,6,2,4,2,2,3,1,19,9,53.8470364467,-1.602116689
2679,1094209,422409,433339,1,1,15/11/2009,1910,6,2,4,1,1,3,1,37,19,53.7956616869,-1.6597668914
2680,944009,425946,434671,2,1,16/11/2009,1640,6,2,4,1,1,3,1,24,3,53.8074703952,-1.60595411795
2681,951409,431696,439625,2,1,16/11/2009,1541,6,2,4,2,2,3,1,4,9,53.8516814962,-1.51812026856
2682,952209,425559,439862,1,1,16/11/2009,825,6,2,1,2,3,3,1,11,9,53.8541501969,-1.6113997516
2683,957109,434011,439964,2,1,16/11/2009,830,6,2,1,2,3,2,2,51,9,53.8545821374,-1.48288889092
2684,958809,430867,436261,2,1,16/11/2009,1130,6,2,1,1,1,3,2,45,9,53.8214936113,-1.53106116076
2685,959209,429680,432126,4,2,16/11/2009,908,1,2,1,2,1,3,2,25,9,53.784394358,-1.54949232371
2686,959209,429680,432126,4,2,16/11/2009,908,1,2,1,2,1,3,1,38,9,53.784394358,-1.54949232371
2687,957209,427861,436236,1,1,17/11/2009,1140,6,1,1,1,3,3,1,49,9,53.8214387103,-1.57672984899
2688,957609,434064,435140,3,1,17/11/2009,836,6,2,1,1,1,3,2,23,9,53.8112176878,-1.48261777497
2689,957709,431528,434299,2,1,17/11/2009,1352,6,2,1,1,2,3,2,41,9,53.8038181542,-1.52122049783
2690,960209,424479,438084,1,1,17/11/2009,2012,6,2,4,5,2,3,1,50,11,53.8382202439,-1.62796146244
2691,961709,431419,434084,2,1,17/11/2009,1722,6,1,7,1,1,3,1,42,3,53.8018921809,-1.52289763181
2692,961809,436184,434367,2,1,17/11/2009,1935,3,2,4,2,1,3,1,51,9,53.804126309,-1.45051053564
2693,961909,433793,433978,3,1,17/11/2009,1510,6,2,1,1,1,2,1,22,3,53.8007905706,-1.48686124442
2694,962609,420385,434150,2,1,17/11/2009,1637,4,2,4,5,1,3,2,31,9,53.8030349085,-1.6904428344
2695,967109,428695,434958,1,1,17/11/2009,2310,6,2,4,2,3,2,1,20,8,53.809905746,-1.56417914269
2696,970709,424950,427657,2,1,17/11/2009,230,3,2,4,4,1,3,1,26,3,53.7444713417,-1.62164760588
2697,973409,432922,434301,1,1,17/11/2009,1900,6,1,4,1,2,3,2,28,9,53.8037497639,-1.50005207683
2698,996409,442308,442928,2,2,17/11/2009,1940,6,2,6,2,1,3,1,36,9,53.8806137413,-1.35633841553
2699,996409,442308,442928,2,2,17/11/2009,1940,6,2,6,2,1,3,2,53,9,53.8806137413,-1.35633841553
2700,996909,432513,438022,2,1,17/11/2009,2120,6,2,4,2,2,3,2,18,9,53.8372222393,-1.50586947859
2701,956809,427654,431071,2,1,18/11/2009,1020,1,2,1,2,2,3,2,30,9,53.7750227617,-1.58033831581
2702,957909,435490,433845,1,1,18/11/2009,817,6,2,1,2,3,3,2,11,9,53.799482073,-1.46110925179
2703,959809,433103,434037,2,1,18/11/2009,1330,6,2,1,5,1,3,2,32,9,53.8013652695,-1.49733194076
2704,959909,433180,434013,1,1,18/11/2009,741,3,1,1,1,2,3,2,44,11,53.8011446357,-1.49616533389
2705,967009,426328,438468,1,1,18/11/2009,850,6,1,1,1,3,3,1,7,9,53.8415814951,-1.59982767399
2706,967509,428864,432340,2,2,18/11/2009,2245,6,2,4,1,1,3,1,30,9,53.7863638461,-1.56185780407
2707,967509,428864,432340,2,2,18/11/2009,2245,6,2,4,1,2,3,1,25,9,53.7863638461,-1.56185780407
2708,970609,433903,434111,2,1,18/11/2009,1719,3,1,4,1,1,3,1,44,1,53.8019789027,-1.48517635084
2709,972909,431965,435830,1,1,18/11/2009,1313,3,2,1,2,3,2,2,53,19,53.8175531365,-1.51442552151
2710,975509,425925,428303,2,1,18/11/2009,1740,4,2,4,4,1,3,1,43,9,53.7502305749,-1.60680845586
2711,975609,432245,430944,2,1,18/11/2009,1620,4,2,4,2,1,3,1,61,3,53.7736171137,-1.51068373554
2712,964609,429026,432290,2,1,19/11/2009,1140,6,1,1,1,1,3,1,59,9,53.7859053982,-1.55940350757
2713,972109,440500,446308,4,2,19/11/2009,630,2,1,6,4,1,3,1,17,9,53.9111386765,-1.38339590358
2714,972109,440500,446308,4,2,19/11/2009,630,2,1,6,4,1,3,1,53,19,53.9111386765,-1.38339590358
2715,972509,430030,434055,1,1,19/11/2009,1800,6,1,4,1,3,3,1,34,9,53.8017135533,-1.54399188691
2716,972609,430036,435546,2,1,19/11/2009,1830,6,1,7,1,1,3,1,30,9,53.8151153768,-1.54375527958
2717,976309,429407,433914,2,1,19/11/2009,1405,2,1,1,4,1,3,2,36,9,53.8004817358,-1.55346534077
2718,967809,429486,437234,2,2,20/11/2009,1350,6,2,1,1,1,3,2,38,9,53.8303197876,-1.55194760905
2719,967809,429486,437234,2,2,20/11/2009,1350,6,2,1,1,1,3,2,70,9,53.8303197876,-1.55194760905
2720,971609,433031,437105,2,1,20/11/2009,900,6,2,1,1,1,3,1,55,1,53.8289470011,-1.49809583294
2721,971809,431419,434080,2,1,20/11/2009,1420,6,1,1,1,1,3,2,43,9,53.8018562261,-1.52289803997
2722,972809,434896,433450,2,1,20/11/2009,2059,6,2,4,1,1,3,1,22,9,53.7959717502,-1.47017305096
2723,973509,424669,434438,2,1,20/11/2009,1345,6,2,1,1,2,3,2,65,11,53.8054381464,-1.62536631679
2724,974809,431583,426811,2,1,20/11/2009,1825,3,2,7,1,1,3,1,39,9,53.7365071308,-1.52115189273
2725,976009,430535,433293,2,1,20/11/2009,1715,6,1,7,1,1,3,1,30,4,53.7948347501,-1.53639924227
2726,987209,422003,433104,2,1,20/11/2009,1534,4,1,1,1,1,3,2,16,9,53.7935666322,-1.66594780878
2727,992609,427833,436514,2,1,20/11/2009,1705,4,2,4,1,1,2,1,43,1,53.8239390776,-1.57713005738
2728,971109,428978,435454,1,2,21/11/2009,1900,3,2,4,1,1,3,1,37,5,53.8143484607,-1.55983435794
2729,971109,428978,435454,1,2,21/11/2009,1900,3,2,4,1,3,3,2,21,5,53.8143484607,-1.55983435794
2730,974309,431780,434630,1,1,21/11/2009,1602,6,2,4,2,3,2,2,70,9,53.8067780718,-1.51735964253
2731,1000509,432395,434802,2,1,21/11/2009,1517,6,1,1,1,2,3,2,54,11,53.8082861776,-1.50800195964
2732,971209,425946,434676,2,1,22/11/2009,1555,6,2,4,2,1,2,1,45,5,53.8075153391,-1.60595369648
2733,976709,429408,433918,2,4,22/11/2009,1410,6,1,1,1,2,3,2,24,9,53.8005176342,-1.55344977464
2734,976709,429408,433918,2,4,22/11/2009,1410,6,1,1,1,1,3,2,33,9,53.8005176342,-1.55344977464
2735,976709,429408,433918,2,4,22/11/2009,1410,6,1,1,1,2,3,2,38,9,53.8005176342,-1.55344977464
2736,976709,429408,433918,2,4,22/11/2009,1410,6,1,1,1,2,3,1,26,9,53.8005176342,-1.55344977464
2737,980209,424980,426960,3,2,22/11/2009,1735,1,2,4,2,2,3,2,15,9,53.7382046404,-1.62124902347
2738,980209,424980,426960,3,2,22/11/2009,1735,1,2,4,2,2,3,2,15,9,53.7382046404,-1.62124902347
2739,977209,429288,428272,1,1,23/11/2009,800,6,2,1,1,3,3,2,12,8,53.7497737711,-1.55580804208
2740,977509,432064,435960,2,1,23/11/2009,1415,6,1,1,1,1,3,1,60,9,53.8187155653,-1.51290813975
2741,977809,429902,432406,2,1,23/11/2009,145,3,2,4,5,1,3,1,39,8,53.7868985013,-1.54609557475
2742,979209,433474,434050,1,1,23/11/2009,800,3,1,1,1,3,3,1,13,9,53.8014583795,-1.49169714651
2743,985909,430958,435777,2,3,23/11/2009,1946,6,1,4,1,1,3,1,53,9,53.8171376793,-1.52972743149
2744,985909,430958,435777,2,3,23/11/2009,1946,6,1,4,1,2,3,1,19,9,53.8171376793,-1.52972743149
2745,985909,430958,435777,2,3,23/11/2009,1946,6,1,4,1,2,3,2,10,9,53.8171376793,-1.52972743149
2746,981509,424464,438596,2,1,24/11/2009,1730,6,2,4,2,1,3,1,48,9,53.8428231955,-1.62814865721
2747,981909,425578,434240,1,1,24/11/2009,1604,3,2,4,4,3,3,1,13,9,53.8036144544,-1.61157865861
2748,982509,429021,437502,2,1,24/11/2009,915,4,2,1,1,1,3,1,52,9,53.8327549368,-1.5589879462
2749,986709,431364,428350,1,1,24/11/2009,1620,6,1,4,1,3,2,1,11,9,53.7503540908,-1.52431594127
2750,988109,428717,435609,2,1,24/11/2009,1200,3,1,1,1,1,3,2,19,1,53.8157561948,-1.56378426181
2751,992809,430559,435120,2,1,24/11/2009,2230,3,2,4,5,1,3,1,56,9,53.8112557149,-1.53585353863
2752,1081909,440966,431360,1,1,24/11/2009,1350,4,2,1,1,3,3,2,85,9,53.7767432454,-1.3782954039
2753,985609,431803,434276,1,1,25/11/2009,1357,6,2,1,2,2,2,2,69,11,53.8035946722,-1.5170469274
2754,987109,430427,431051,1,2,25/11/2009,1629,1,2,4,1,1,3,1,44,9,53.7746883207,-1.53826022318
2755,987109,430427,431051,1,2,25/11/2009,1629,1,2,4,1,2,3,1,38,9,53.7746883207,-1.53826022318
2756,987809,424690,435265,2,1,25/11/2009,1225,6,1,1,1,1,2,1,25,5,53.8128708905,-1.62498106733
2757,1010409,427894,432917,1,1,25/11/2009,1915,6,2,4,1,3,3,2,52,9,53.7916032647,-1.57652927567
2758,1019409,429711,434546,3,1,25/11/2009,1550,3,2,4,1,3,3,1,18,9,53.8061453361,-1.54878837961
2759,1051109,431960,438842,2,1,25/11/2009,1208,6,1,1,1,1,3,2,83,9,53.844627228,-1.51418828882
2760,982109,428840,433981,2,1,26/11/2009,1205,6,2,1,1,2,3,2,60,11,53.8011157264,-1.562068476
2761,988709,430221,434362,2,2,26/11/2009,145,3,1,4,1,1,3,1,25,9,53.8044620274,-1.54106150417
2762,988709,430221,434362,2,2,26/11/2009,145,3,1,4,1,2,3,1,19,9,53.8044620274,-1.54106150417
2763,993809,431879,435373,2,2,26/11/2009,2245,6,1,4,1,1,3,2,34,9,53.8134505972,-1.51577923356
2764,993809,431879,435373,2,2,26/11/2009,2245,6,1,4,1,2,3,2,13,9,53.8134505972,-1.51577923356
2765,1000709,431208,433709,2,1,26/11/2009,1630,6,1,4,1,1,3,2,25,9,53.7985341199,-1.52613958195
2766,1014009,432752,434842,2,2,26/11/2009,2050,6,2,4,1,2,3,2,22,9,53.8086233625,-1.50257600084
2767,1014009,432752,434842,2,2,26/11/2009,2050,6,2,4,1,2,3,1,18,9,53.8086233625,-1.50257600084
2768,993209,426414,442200,3,3,27/11/2009,918,3,2,1,1,1,3,2,47,9,53.8751229621,-1.59819931257
2769,993209,426414,442200,3,3,27/11/2009,918,3,2,1,1,1,3,2,75,9,53.8751229621,-1.59819931257
2770,993209,426414,442200,3,3,27/11/2009,918,3,2,1,1,2,2,1,12,9,53.8751229621,-1.59819931257
2771,998609,430067,433799,1,1,27/11/2009,911,6,1,1,1,3,3,2,37,11,53.7994103026,-1.5434550542
2772,1004909,433722,436157,1,1,27/11/2009,720,6,2,4,1,3,3,1,56,9,53.8203814132,-1.48770055062
2773,987909,421928,432687,1,1,28/11/2009,1730,6,2,4,2,3,3,1,17,9,53.7898214394,-1.66711612507
2774,991409,427889,436208,1,1,28/11/2009,1550,3,2,1,5,3,3,1,23,8,53.8211855242,-1.57630701898
2775,992909,430319,433900,1,1,28/11/2009,1830,6,2,4,2,2,3,1,27,11,53.800303537,-1.53961881397
2776,993009,438613,436370,1,4,28/11/2009,1030,6,2,1,1,1,3,1,19,9,53.8219556584,-1.4133745057
2777,993009,438613,436370,1,4,28/11/2009,1030,6,2,1,1,2,3,2,17,9,53.8219556584,-1.4133745057
2778,993009,438613,436370,1,4,28/11/2009,1030,6,2,1,1,2,3,1,19,9,53.8219556584,-1.4133745057
2779,993009,438613,436370,1,4,28/11/2009,1030,6,2,1,1,2,3,2,18,9,53.8219556584,-1.4133745057
2780,996709,443677,432746,1,2,28/11/2009,1730,6,2,5,1,1,3,2,35,9,53.7889808436,-1.33695952858
2781,996709,443677,432746,1,2,28/11/2009,1730,6,2,5,1,2,3,1,42,9,53.7889808436,-1.33695952858
2782,1058809,426839,441373,2,1,28/11/2009,645,3,2,4,7,1,3,1,54,9,53.8676675147,-1.59180692632
2783,990009,431251,441108,1,1,29/11/2009,647,3,2,6,2,1,3,1,21,9,53.865038584,-1.52473439349
2784,993509,424958,430951,3,1,29/11/2009,1705,3,2,4,2,1,2,1,55,9,53.7740803124,-1.6212599818
2785,997309,431969,437037,2,1,30/11/2009,2040,6,1,4,1,1,3,2,25,9,53.8284021938,-1.51423928454
2786,1010909,427946,436112,2,1,30/11/2009,1545,3,1,1,1,1,3,1,46,1,53.8203195445,-1.57544981726
2787,1011309,414118,442717,1,1,30/11/2009,2200,6,2,6,1,2,3,2,17,9,53.8802505414,-1.78521594462
2788,996609,420180,445517,4,1,01/12/2009,1000,6,2,1,1,1,3,1,80,9,53.905218589,-1.69280849073
2789,998209,425584,443070,2,1,01/12/2009,800,3,4,1,1,1,3,1,37,1,53.8829847138,-1.61075203609
2790,1001709,427080,429422,2,1,01/12/2009,945,6,1,1,1,2,3,1,8,10,53.7602303559,-1.58919349581
2791,1004609,428934,425980,1,1,01/12/2009,1411,3,2,1,1,1,3,2,25,2,53.7291911305,-1.5613913204
2792,1005509,425529,434172,1,1,01/12/2009,755,6,4,1,1,3,3,1,12,9,53.8030056234,-1.61232838038
2793,1006609,430924,434844,1,1,01/12/2009,1912,6,2,4,2,3,3,1,14,9,53.8087532567,-1.53033765958
2794,1007509,428597,427833,1,1,01/12/2009,710,3,4,7,1,1,2,1,28,3,53.7458660502,-1.5663282919
2795,1009009,433293,436226,2,1,01/12/2009,2145,3,2,4,2,1,3,1,41,9,53.8210292825,-1.49421010219
2796,1009109,435165,434869,1,1,01/12/2009,1659,6,1,7,1,3,3,1,36,9,53.8087084839,-1.46592695102
2797,1009209,431518,429085,2,1,01/12/2009,1750,6,2,4,4,1,3,2,35,9,53.7569515431,-1.52190536394
2798,1004309,429386,433470,2,3,02/12/2009,1220,6,2,1,1,2,3,1,36,9,53.7964919222,-1.55382657246
2799,1004309,429386,433470,2,3,02/12/2009,1220,6,2,1,1,1,3,1,21,9,53.7964919222,-1.55382657246
2800,1004309,429386,433470,2,3,02/12/2009,1220,6,2,1,1,1,3,1,23,9,53.7964919222,-1.55382657246
2801,1005609,429920,436989,1,1,02/12/2009,1625,3,2,4,1,3,3,1,74,9,53.8280927515,-1.54537686637
2802,1005709,432320,435080,2,1,02/12/2009,1340,6,1,1,1,2,3,1,18,9,53.8107896933,-1.50911178003
2803,1008409,430160,433925,2,1,02/12/2009,1640,6,2,4,2,1,3,1,30,9,53.8005374981,-1.542030628
2804,1008709,432361,433692,2,4,02/12/2009,1933,3,2,4,1,1,3,1,20,9,53.7983108662,-1.50863498112
2805,1008709,432361,433692,2,4,02/12/2009,1933,3,2,4,1,1,3,2,35,9,53.7983108662,-1.50863498112
2806,1008709,432361,433692,2,4,02/12/2009,1933,3,2,4,1,3,3,2,22,9,53.7983108662,-1.50863498112
2807,1008709,432361,433692,2,4,02/12/2009,1933,3,2,4,1,3,3,1,23,9,53.7983108662,-1.50863498112
2808,1019009,428012,431093,2,1,02/12/2009,1745,3,1,4,1,1,3,1,33,9,53.7752013778,-1.57490367282
2809,1022109,443074,440606,2,1,02/12/2009,1500,2,1,1,1,1,3,1,58,9,53.859679822,-1.34501171137
2810,1025009,429779,430507,2,1,02/12/2009,605,6,2,4,1,1,3,2,37,1,53.7698358934,-1.54814601447
2811,1006909,427410,434992,2,1,03/12/2009,1245,6,1,1,1,3,2,1,19,9,53.8102806853,-1.58369216743
2812,1011009,423004,444618,1,1,03/12/2009,1524,3,2,1,1,1,2,1,20,9,53.8970200883,-1.64988834503
2813,1012409,431725,433633,2,2,03/12/2009,615,3,2,4,1,1,3,2,38,9,53.7978197073,-1.51829761641
2814,1012409,431725,433633,2,2,03/12/2009,615,3,2,4,1,1,3,2,36,9,53.7978197073,-1.51829761641
2815,1022409,424784,432895,2,1,03/12/2009,1130,6,2,1,1,1,3,1,44,9,53.7915629325,-1.62374409184
2816,1024709,427581,431052,2,2,03/12/2009,510,3,2,4,1,1,3,1,28,9,53.7748558465,-1.58144778966
2817,1024709,427581,431052,2,2,03/12/2009,510,3,2,4,1,2,3,1,38,9,53.7748558465,-1.58144778966
2818,1024809,432524,427549,2,2,03/12/2009,2210,3,1,4,1,1,2,1,21,9,53.7430829919,-1.50680776002
2819,1024809,432524,427549,2,2,03/12/2009,2210,3,1,4,1,1,2,1,18,9,53.7430829919,-1.50680776002
2820,1055209,419668,438602,1,4,03/12/2009,150,3,2,4,2,1,3,1,21,9,53.8430808886,-1.70104596067
2821,1055209,419668,438602,1,4,03/12/2009,150,3,2,4,2,2,3,1,22,9,53.8430808886,-1.70104596067
2822,1055209,419668,438602,1,4,03/12/2009,150,3,2,4,2,2,3,2,19,9,53.8430808886,-1.70104596067
2823,1055209,419668,438602,1,4,03/12/2009,150,3,2,4,2,2,3,2,16,9,53.8430808886,-1.70104596067
2824,1066309,431089,433338,1,2,03/12/2009,1505,6,1,1,1,3,2,2,11,11,53.7952064339,-1.52798385056
2825,1066309,431089,433338,1,2,03/12/2009,1505,6,1,1,1,3,3,2,11,11,53.7952064339,-1.52798385056
2826,1012909,431971,435839,2,1,04/12/2009,735,3,2,7,1,1,3,1,28,1,53.8176336655,-1.51433344484
2827,1013309,443058,447463,2,2,04/12/2009,920,6,2,1,1,1,2,2,80,9,53.9213138256,-1.34429098058
2828,1013309,443058,447463,2,2,04/12/2009,920,6,2,1,1,1,3,1,34,9,53.9213138256,-1.34429098058
2829,1014509,434456,433702,2,2,04/12/2009,1705,6,1,4,1,1,3,1,60,9,53.7982662133,-1.4768250836
2830,1014509,434456,433702,2,2,04/12/2009,1705,6,1,4,1,1,3,1,35,8,53.7982662133,-1.4768250836
2831,1014809,435898,436416,1,1,04/12/2009,1041,3,1,1,1,3,3,2,42,9,53.8225637329,-1.45461446107
2832,1016909,430379,433503,1,1,04/12/2009,1126,6,1,1,1,3,3,2,50,11,53.7967315144,-1.53874693229
2833,1017509,435915,425857,2,2,04/12/2009,1015,1,1,1,1,1,3,1,39,9,53.7276515043,-1.45558581192
2834,1017509,435915,425857,2,2,04/12/2009,1015,1,1,1,1,2,3,2,28,9,53.7276515043,-1.45558581192
2835,1024409,423036,435904,2,1,04/12/2009,1411,3,1,1,1,1,3,2,39,9,53.8186906561,-1.65005546169
2836,1015709,420842,434703,2,1,05/12/2009,1030,3,1,1,1,2,3,1,13,9,53.8079876391,-1.6834657197
2837,1016409,429595,434699,1,1,05/12/2009,1654,3,2,4,2,3,3,1,59,9,53.8075272247,-1.55053526537