Col.Number,Reference.Number,Easting,Northing,Number.of.Vehicles,Number.of.Casualties,Accident.Date,Time..24hr.,X1st.Road.Class,Road.Surface,Lighting.Conditions,Weather.Conditions,Casualty.Class,Casualty.Severity,Sex.of.Casualty,Age.of.Casualty,Type.of.Vehicle,Latitude,Longitude
2838,1016609,430774,433446,1,1,05/12/2009,1250,3,1,1,1,2,3,1,60,11,53.7961959425,-1.53275544718
2839,1017009,430871,434252,2,3,05/12/2009,730,3,2,4,2,1,3,1,45,9,53.8034350955,-1.53120194269
2840,1017009,430871,434252,2,3,05/12/2009,730,3,2,4,2,2,2,2,22,9,53.8034350955,-1.53120194269
2841,1017009,430871,434252,2,3,05/12/2009,730,3,2,4,2,2,3,2,21,9,53.8034350955,-1.53120194269
2842,1017409,424156,428205,2,3,05/12/2009,2020,3,2,4,2,1,3,2,50,9,53.7494346633,-1.63364503476
2843,1017409,424156,428205,2,3,05/12/2009,2020,3,2,4,2,2,3,1,63,9,53.7494346633,-1.63364503476
2844,1017409,424156,428205,2,3,05/12/2009,2020,3,2,4,2,2,3,1,56,9,53.7494346633,-1.63364503476
2845,1023109,429354,434966,2,1,05/12/2009,40,3,2,4,1,1,3,1,19,9,53.8099408731,-1.55416979016
2846,1024609,430085,431195,1,1,05/12/2009,1732,3,2,4,2,3,3,2,44,9,53.7760025759,-1.54343595653
2847,1025209,425627,426883,1,1,05/12/2009,100,3,2,7,2,3,3,1,21,9,53.7374810942,-1.61144572927
2848,1013409,431732,439022,2,1,06/12/2009,1315,6,1,1,1,1,3,2,74,9,53.8462591609,-1.51763529487
2849,1019509,423894,428095,1,1,06/12/2009,1140,1,2,1,1,2,3,2,34,9,53.7484579617,-1.63762700257
2850,1020909,425498,435150,2,5,06/12/2009,1855,6,1,7,1,1,3,1,39,9,53.811798184,-1.61271810577
2851,1020909,425498,435150,2,5,06/12/2009,1855,6,1,7,1,2,3,2,6,9,53.811798184,-1.61271810577
2852,1020909,425498,435150,2,5,06/12/2009,1855,6,1,7,1,2,3,2,34,9,53.811798184,-1.61271810577
2853,1020909,425498,435150,2,5,06/12/2009,1855,6,1,7,1,2,3,2,13,9,53.811798184,-1.61271810577
2854,1020909,425498,435150,2,5,06/12/2009,1855,6,1,7,1,2,3,2,12,9,53.811798184,-1.61271810577
2855,1027209,435369,436555,1,1,06/12/2009,1730,6,2,4,1,3,2,2,13,9,53.823849412,-1.46263499052
2856,1047409,431480,428569,2,1,06/12/2009,1155,6,1,1,1,1,3,2,32,9,53.7523156373,-1.52253436552
2857,1051909,430702,433603,2,1,06/12/2009,230,3,2,4,9,2,3,2,36,8,53.7976114249,-1.53383294034
2858,1058309,427327,437199,2,1,06/12/2009,2000,3,1,4,1,1,3,2,19,9,53.8301232108,-1.58475666304
2859,1025109,432072,431106,2,1,07/12/2009,1750,3,2,4,1,1,3,1,34,5,53.7750839716,-1.51329205155
2860,1025509,431583,426814,2,1,07/12/2009,1600,3,1,1,1,1,3,1,72,9,53.7365340972,-1.52115158623
2861,1025909,443630,436726,9,4,07/12/2009,655,2,2,4,8,1,3,2,39,9,53.8247586106,-1.33710884647
2862,1025909,443630,436726,9,4,07/12/2009,655,2,2,4,8,1,3,1,53,9,53.8247586106,-1.33710884647
2863,1025909,443630,436726,9,4,07/12/2009,655,2,2,4,8,1,3,1,35,9,53.8247586106,-1.33710884647
2864,1025909,443630,436726,9,4,07/12/2009,655,2,2,4,8,2,3,1,41,9,53.8247586106,-1.33710884647
2865,1026409,431086,433547,2,1,07/12/2009,1520,3,1,1,1,1,3,2,58,9,53.7970852536,-1.52800830436
2866,1027009,430884,436397,3,2,07/12/2009,1815,6,2,4,1,1,3,1,47,9,53.8227150613,-1.53078924463
2867,1027009,430884,436397,3,2,07/12/2009,1815,6,2,4,1,1,3,2,20,9,53.8227150613,-1.53078924463
2868,1039409,427590,431029,2,1,08/12/2009,700,1,2,4,1,1,3,2,36,9,53.7746486271,-1.58131327274
2869,1048009,430445,424201,2,1,08/12/2009,1725,1,1,6,1,1,3,2,25,9,53.7131139727,-1.5386620087
2870,1110209,430172,438251,1,1,08/12/2009,2045,3,2,4,1,1,3,1,75,9,53.8394218844,-1.5414240558
2871,1027309,429737,430547,1,1,09/12/2009,750,3,2,1,1,3,2,2,12,9,53.7701978445,-1.54877942736
2872,1028709,425245,434985,2,1,09/12/2009,720,6,2,4,1,1,3,1,16,2,53.8103273783,-1.61657429126
2873,1029209,430780,438443,2,1,09/12/2009,1510,6,2,1,1,1,3,2,42,9,53.8411120336,-1.53216432928
2874,1031109,429819,426400,2,1,09/12/2009,1515,1,1,1,1,1,3,2,42,9,53.7329165912,-1.5479356136
2875,1033609,429920,426399,3,2,09/12/2009,1625,1,1,4,1,1,3,1,35,9,53.7329018171,-1.54640457482
2876,1033609,429920,426399,3,2,09/12/2009,1625,1,1,4,1,1,3,1,46,9,53.7329018171,-1.54640457482
2877,1034809,430253,433910,1,1,09/12/2009,1837,6,1,4,1,2,3,1,25,11,53.8003972669,-1.5406199781
2878,1039609,431993,428408,2,1,09/12/2009,944,1,1,1,1,1,3,1,22,9,53.7508372035,-1.51477053875
2879,1045209,431493,433966,3,4,09/12/2009,1553,6,2,4,1,1,3,1,25,9,53.8008270398,-1.52178604196
2880,1045209,431493,433966,3,4,09/12/2009,1553,6,2,4,1,1,3,1,36,9,53.8008270398,-1.52178604196
2881,1045209,431493,433966,3,4,09/12/2009,1553,6,2,4,1,2,3,2,34,8,53.8008270398,-1.52178604196
2882,1045209,431493,433966,3,4,09/12/2009,1553,6,2,4,1,2,3,2,26,9,53.8008270398,-1.52178604196
2883,1045309,432213,435172,1,1,09/12/2009,1900,4,2,4,1,3,3,2,16,9,53.8116232901,-1.5107272404
2884,1046009,429237,433166,2,1,09/12/2009,745,6,1,1,1,1,2,1,38,5,53.7937677377,-1.55611764756
2885,1049209,441062,449169,2,2,09/12/2009,1230,3,2,1,1,1,2,1,54,9,53.9368099317,-1.37445577404
2886,1049209,441062,449169,2,2,09/12/2009,1230,3,2,1,1,1,2,2,57,9,53.9368099317,-1.37445577404
2887,1057709,425254,433565,1,1,09/12/2009,1945,6,2,4,1,3,2,2,18,9,53.7975628416,-1.61655407941
2888,1060809,422641,435004,1,1,09/12/2009,2301,6,2,4,2,1,2,2,20,9,53.8106180667,-1.65612209526
2889,1031609,428433,434999,2,1,10/12/2009,1210,6,2,1,1,1,3,1,19,1,53.8102886761,-1.56815449669
2890,1046209,429635,433801,1,1,10/12/2009,1215,6,1,1,1,3,2,2,16,9,53.7994530697,-1.55001423477
2891,1048209,434440,428265,1,1,10/12/2009,2015,6,1,7,1,3,3,2,17,9,53.7493958463,-1.47767511184
2892,1049509,432243,429048,2,1,10/12/2009,1725,1,1,4,1,1,3,1,49,9,53.7565745967,-1.51091218281
2893,1049809,430876,434248,2,1,10/12/2009,1600,3,1,4,1,1,3,1,45,3,53.8033988439,-1.53112641808
2894,1063809,436200,436852,1,1,10/12/2009,1945,6,1,4,1,3,3,1,77,9,53.8264617989,-1.4499751859
2895,1033309,436066,436898,1,1,11/12/2009,1230,6,2,1,1,2,3,2,72,11,53.8268845893,-1.45200569053
2896,1033409,427896,434623,1,1,11/12/2009,1635,6,2,4,1,3,3,1,18,9,53.8069379911,-1.57634437941
2897,1037109,427552,426319,5,1,11/12/2009,2025,1,2,4,8,2,3,2,21,9,53.7323131998,-1.58231013932
2898,1038409,424780,434832,2,1,11/12/2009,910,3,2,1,1,1,3,2,43,9,53.8089744588,-1.62364894632
2899,1042109,422667,432357,1,1,11/12/2009,1004,6,2,1,1,1,3,1,49,19,53.786823449,-1.65592202999
2900,1047109,430084,435429,1,1,11/12/2009,1657,6,2,4,1,3,3,1,24,8,53.8140609234,-1.5430376285
2901,1053209,431983,435796,2,1,11/12/2009,2200,4,1,4,1,1,3,1,23,3,53.8172464149,-1.51415563251
2902,1060209,441573,434639,14,6,11/12/2009,1845,1,2,6,7,1,3,1,27,9,53.8061683465,-1.36864168098
2903,1060209,441573,434639,14,6,11/12/2009,1845,1,2,6,7,1,3,1,39,9,53.8061683465,-1.36864168098
2904,1060209,441573,434639,14,6,11/12/2009,1845,1,2,6,7,1,3,1,33,9,53.8061683465,-1.36864168098
2905,1060209,441573,434639,14,6,11/12/2009,1845,1,2,6,7,2,3,2,27,9,53.8061683465,-1.36864168098
2906,1060209,441573,434639,14,6,11/12/2009,1845,1,2,6,7,2,3,2,37,9,53.8061683465,-1.36864168098
2907,1060209,441573,434639,14,6,11/12/2009,1845,1,2,6,7,2,3,2,35,9,53.8061683465,-1.36864168098
2908,1068409,432663,436931,1,2,11/12/2009,1550,6,2,1,1,1,3,2,45,9,53.8274062409,-1.5037058266
2909,1068409,432663,436931,1,2,11/12/2009,1550,6,2,1,1,2,3,1,48,9,53.8274062409,-1.5037058266
2910,1034709,426918,439555,3,2,12/12/2009,1826,3,2,4,1,1,3,2,28,9,53.8513219823,-1.59076493804
2911,1034709,426918,439555,3,2,12/12/2009,1826,3,2,4,1,2,3,2,51,9,53.8513219823,-1.59076493804
2912,1035209,430191,434345,2,2,12/12/2009,1505,2,1,1,1,2,3,1,60,9,53.8043109615,-1.54151873758
2913,1035209,430191,434345,2,2,12/12/2009,1505,2,1,1,1,2,3,1,53,9,53.8043109615,-1.54151873758
2914,1040809,426431,427675,1,1,12/12/2009,1208,6,2,1,1,3,3,1,33,9,53.7445601475,-1.59918814118
2915,1041709,424948,436736,1,1,12/12/2009,1756,3,2,4,1,1,3,1,27,9,53.8260810764,-1.62094306132
2916,1044909,430263,426183,2,1,12/12/2009,30,6,1,7,1,1,3,1,31,8,53.730940438,-1.54122592296
2917,1046509,434603,434479,1,1,12/12/2009,1759,3,1,4,1,3,2,2,34,9,53.8052406212,-1.47450584233
2918,1052709,443314,438991,3,2,12/12/2009,1333,2,1,1,1,1,3,1,45,9,53.8451436861,-1.34159038204
2919,1052709,443314,438991,3,2,12/12/2009,1333,2,1,1,1,2,3,2,39,9,53.8451436861,-1.34159038204
2920,1059609,442973,434563,2,2,12/12/2009,1428,1,1,1,1,2,3,2,36,9,53.8053714323,-1.34739234917
2921,1059609,442973,434563,2,2,12/12/2009,1428,1,1,1,1,2,3,2,7,9,53.8053714323,-1.34739234917
2922,1065209,439677,448617,1,1,12/12/2009,907,3,2,1,1,1,3,2,82,9,53.9319564053,-1.39562544077
2923,1039809,427806,425853,2,1,13/12/2009,1605,3,2,1,1,1,3,2,36,9,53.7281109038,-1.57850149981
2924,1047009,430450,433359,1,2,13/12/2009,300,6,1,4,1,3,3,2,25,9,53.7954329875,-1.53768319294
2925,1047009,430450,433359,1,2,13/12/2009,300,6,1,4,1,3,3,2,23,9,53.7954329875,-1.53768319294
2926,1047809,438162,431743,2,4,13/12/2009,1150,6,2,1,1,1,3,1,58,11,53.7803989542,-1.42079933831
2927,1047809,438162,431743,2,4,13/12/2009,1150,6,2,1,1,2,3,2,67,11,53.7803989542,-1.42079933831
2928,1047809,438162,431743,2,4,13/12/2009,1150,6,2,1,1,2,3,1,54,11,53.7803989542,-1.42079933831
2929,1047809,438162,431743,2,4,13/12/2009,1150,6,2,1,1,2,3,2,45,11,53.7803989542,-1.42079933831
2930,1055109,430650,434661,2,1,13/12/2009,1100,3,1,1,1,2,3,2,25,9,53.8071245459,-1.53451714156
2931,1058709,433105,433476,2,1,13/12/2009,2100,6,1,4,1,1,3,2,27,9,53.7963225008,-1.49736187639
2932,1064009,436125,436914,1,1,13/12/2009,2145,6,1,4,1,3,2,1,61,9,53.8270243083,-1.45110739754
2933,1451509,432596,428266,2,1,13/12/2009,1815,3,2,4,1,3,1,1,26,9,53.7495234326,-1.50564035221
2934,1043709,427705,434717,2,4,14/12/2009,2120,6,2,4,2,1,3,2,18,9,53.8077931444,-1.57923654296
2935,1043709,427705,434717,2,4,14/12/2009,2120,6,2,4,2,1,3,1,18,9,53.8077931444,-1.57923654296
2936,1043709,427705,434717,2,4,14/12/2009,2120,6,2,4,2,2,3,1,18,9,53.8077931444,-1.57923654296
2937,1043709,427705,434717,2,4,14/12/2009,2120,6,2,4,2,2,3,1,19,9,53.8077931444,-1.57923654296
2938,1046109,440676,428783,2,1,14/12/2009,140,6,2,4,1,1,2,1,18,3,53.7536025143,-1.3830358666
2939,1046609,428526,434276,2,1,14/12/2009,1955,6,2,4,2,1,3,1,21,1,53.8037847219,-1.56680904223
2940,1046909,436362,434698,2,2,14/12/2009,1105,6,1,1,1,1,3,1,35,9,53.8070891165,-1.44776847227
2941,1046909,436362,434698,2,2,14/12/2009,1105,6,1,1,1,2,3,2,31,9,53.8070891165,-1.44776847227
2942,1051309,436154,434714,3,1,14/12/2009,1755,3,2,4,2,1,3,2,34,9,53.8072474354,-1.45092533929
2943,1056009,429232,435447,2,1,14/12/2009,1006,6,1,1,1,1,3,1,19,9,53.8142713208,-1.55597697926
2944,1063309,439063,439209,2,1,14/12/2009,815,3,2,1,1,1,3,1,39,9,53.847440315,-1.40617743318
2945,1065609,429740,433414,2,1,14/12/2009,1800,6,2,4,1,1,3,2,39,9,53.7959684373,-1.5484573104
2946,1069109,424565,428027,1,1,14/12/2009,1620,3,2,1,2,3,3,2,15,9,53.7478155214,-1.62745635322
2947,1059709,424579,435154,2,1,15/12/2009,2130,3,2,4,8,1,3,1,30,9,53.8118783927,-1.62667588431
2948,1064709,436209,436845,3,1,15/12/2009,1810,3,2,4,1,1,3,1,49,9,53.8263982521,-1.44983927073
2949,1067909,437321,429489,3,2,15/12/2009,1520,3,2,1,1,1,3,1,54,9,53.760199589,-1.43383553142
2950,1067909,437321,429489,3,2,15/12/2009,1520,3,2,1,1,1,3,1,44,9,53.760199589,-1.43383553142
2951,1055309,428808,433297,3,2,16/12/2009,1215,3,2,1,2,1,3,2,43,9,53.7949691941,-1.56261835559
2952,1055309,428808,433297,3,2,16/12/2009,1215,3,2,1,2,2,3,1,80,9,53.7949691941,-1.56261835559
2953,1058009,429102,432189,2,1,16/12/2009,2130,6,2,4,1,1,3,1,25,9,53.7849932889,-1.55825944932
2954,1062009,427830,430580,1,1,16/12/2009,1727,3,2,4,2,3,3,2,17,9,53.7705998801,-1.57771181773
2955,1068809,431180,434718,3,3,16/12/2009,1250,6,2,1,2,1,3,2,30,9,53.8076053953,-1.52646253528
2956,1068809,431180,434718,3,3,16/12/2009,1250,6,2,1,2,1,3,1,18,19,53.8076053953,-1.52646253528
2957,1068809,431180,434718,3,3,16/12/2009,1250,6,2,1,2,2,3,1,31,19,53.8076053953,-1.52646253528
2958,1069009,431803,435827,2,1,16/12/2009,1855,6,2,4,1,1,3,2,32,9,53.8175361063,-1.51688664747
2959,1069809,436577,435721,2,2,16/12/2009,1220,6,1,1,1,1,3,1,20,9,53.8162693462,-1.44438183133
2960,1069809,436577,435721,2,2,16/12/2009,1220,6,1,1,1,2,3,2,21,9,53.8162693462,-1.44438183133
2961,1082209,434643,437505,2,3,16/12/2009,2031,3,2,4,2,1,3,2,39,9,53.8324374687,-1.4735576152
2962,1082209,434643,437505,2,3,16/12/2009,2031,3,2,4,2,2,3,1,39,9,53.8324374687,-1.4735576152
2963,1082209,434643,437505,2,3,16/12/2009,2031,3,2,4,2,2,3,1,19,9,53.8324374687,-1.4735576152
2964,1089409,427198,431818,2,1,16/12/2009,800,3,2,1,7,1,3,1,30,9,53.7817614219,-1.5871922289
2965,1057809,429653,439140,1,1,17/12/2009,1205,6,1,1,1,2,3,2,23,11,53.8474426956,-1.54922609439
2966,1063609,429907,432147,4,2,17/12/2009,1715,1,2,4,1,1,3,1,53,9,53.784570128,-1.54604481038
2967,1063609,429907,432147,4,2,17/12/2009,1715,1,2,4,1,1,3,2,31,9,53.784570128,-1.54604481038
2968,1066409,441484,430774,1,1,17/12/2009,1155,6,1,1,1,3,3,1,73,9,53.7714349646,-1.37051351399
2969,1066509,429058,433891,2,1,17/12/2009,1630,6,2,4,6,2,3,2,62,9,53.8002946073,-1.55876677577
2970,1083409,428381,432673,1,1,17/12/2009,1640,6,1,7,1,3,3,2,50,9,53.7893836708,-1.56915862351
2971,1451609,427549,430500,1,1,17/12/2009,1406,6,2,1,1,3,1,2,91,9,53.7698957164,-1.58198268733
2972,1049909,430214,435117,3,1,18/12/2009,925,6,3,1,3,1,3,2,27,9,53.8112489099,-1.54109369179
2973,1057209,431300,429109,1,1,18/12/2009,1840,6,3,4,1,2,3,1,66,11,53.7571804156,-1.52520963427
2974,1057609,424291,433955,1,1,18/12/2009,1200,3,3,1,1,1,3,1,28,9,53.8011143391,-1.63114475657
2975,1057909,436513,428366,2,1,18/12/2009,633,6,4,6,1,1,3,1,62,9,53.7501625861,-1.44622515282
2976,1059909,420799,436997,3,1,18/12/2009,1210,6,3,1,3,3,2,2,61,9,53.8286097728,-1.68396365377
2977,1064109,431432,431600,2,1,18/12/2009,1100,3,3,1,3,3,3,1,18,9,53.7795634349,-1.52295363022
2978,1064409,432701,434958,2,1,18/12/2009,2245,6,3,4,3,2,3,2,54,11,53.8096692564,-1.50333821111
2979,1066209,431347,437166,2,2,18/12/2009,850,6,3,1,3,1,3,2,38,9,53.8295996234,-1.52367689655
2980,1066209,431347,437166,2,2,18/12/2009,850,6,3,1,3,1,3,2,46,10,53.8295996234,-1.52367689655
2981,1066609,429151,433513,1,1,18/12/2009,1630,6,4,4,1,3,3,1,41,9,53.7968916588,-1.55739043638
2982,1067709,429280,433494,2,1,18/12/2009,1740,6,2,4,1,1,3,1,43,9,53.7967136285,-1.55543365642
2983,1069409,432164,434821,2,2,18/12/2009,1107,6,4,1,3,2,3,2,15,9,53.8084713009,-1.51150813843
2984,1069409,432164,434821,2,2,18/12/2009,1107,6,4,1,3,2,3,2,16,9,53.8084713009,-1.51150813843
2985,1072809,426214,437739,2,1,18/12/2009,1240,6,4,1,3,1,3,1,45,19,53.8350344733,-1.60162257003
2986,1072909,426131,427613,2,2,18/12/2009,1205,4,2,1,1,1,3,1,43,9,53.744017963,-1.60374260231
2987,1072909,426131,427613,2,2,18/12/2009,1205,4,2,1,1,1,3,1,25,9,53.744017963,-1.60374260231
2988,1074909,437613,425470,5,4,18/12/2009,857,1,2,1,1,1,3,2,50,9,53.7240531985,-1.42989526484
2989,1074909,437613,425470,5,4,18/12/2009,857,1,2,1,1,1,3,1,29,9,53.7240531985,-1.42989526484
2990,1074909,437613,425470,5,4,18/12/2009,857,1,2,1,1,2,3,1,20,9,53.7240531985,-1.42989526484
2991,1074909,437613,425470,5,4,18/12/2009,857,1,2,1,1,2,3,1,20,9,53.7240531985,-1.42989526484
2992,1061309,422872,439315,2,2,19/12/2009,700,6,4,7,1,1,3,1,22,9,53.8493586719,-1.6522929036
2993,1061309,422872,439315,2,2,19/12/2009,700,6,4,7,1,1,3,1,40,11,53.8493586719,-1.6522929036
2994,1067309,431165,434990,2,3,19/12/2009,1530,3,2,1,3,1,3,1,75,9,53.8100512181,-1.52666279335
2995,1067309,431165,434990,2,3,19/12/2009,1530,3,2,1,3,1,3,1,37,9,53.8100512181,-1.52666279335
2996,1067309,431165,434990,2,3,19/12/2009,1530,3,2,1,3,2,3,2,54,9,53.8100512181,-1.52666279335
2997,1079909,440400,449273,2,1,20/12/2009,1030,4,2,1,1,1,3,1,41,1,53.9377968065,-1.38452636979
2998,1071109,425546,435376,2,2,21/12/2009,825,6,4,1,1,1,3,2,29,9,53.8138272933,-1.61197030327
2999,1071109,425546,435376,2,2,21/12/2009,825,6,4,1,1,1,3,1,53,9,53.8138272933,-1.61197030327
3000,1073209,433700,425861,3,5,21/12/2009,1730,1,4,4,1,1,2,1,47,9,53.7278352816,-1.4891597307
3001,1073209,433700,425861,3,5,21/12/2009,1730,1,4,4,1,1,3,2,18,9,53.7278352816,-1.4891597307
3002,1073209,433700,425861,3,5,21/12/2009,1730,1,4,4,1,2,2,2,45,9,53.7278352816,-1.4891597307
3003,1073209,433700,425861,3,5,21/12/2009,1730,1,4,4,1,1,3,1,52,9,53.7278352816,-1.4891597307
3004,1073209,433700,425861,3,5,21/12/2009,1730,1,4,4,1,2,3,2,50,9,53.7278352816,-1.4891597307
3005,1074709,424081,428217,2,1,21/12/2009,1000,3,3,1,8,1,3,1,34,9,53.7495460011,-1.6347815395
3006,1075309,430693,432923,2,1,21/12/2009,1005,6,2,1,1,1,3,1,28,9,53.7914996259,-1.53403734074
3007,1079009,431640,435002,1,1,21/12/2009,2130,6,3,7,3,1,3,1,31,9,53.8101303974,-1.51944748848
3008,1080509,429931,433585,1,1,21/12/2009,1448,6,2,1,1,3,3,1,46,11,53.7974945574,-1.54554083874
3009,1083509,429559,431560,2,2,21/12/2009,2245,6,2,4,1,1,3,1,55,9,53.7793136048,-1.55138316922
3010,1083509,429559,431560,2,2,21/12/2009,2245,6,2,4,1,1,3,1,19,9,53.7793136048,-1.55138316922
3011,1079209,425220,434356,2,1,22/12/2009,845,3,2,1,1,1,3,1,58,9,53.8046746376,-1.61700552314
3012,1085809,424594,428010,2,1,22/12/2009,126,3,3,4,1,1,3,1,62,9,53.7476613424,-1.62701791369
3013,1086309,425171,437850,4,1,23/12/2009,800,3,3,1,8,1,3,2,42,9,53.8360838054,-1.61746368153
3014,1091109,434990,436888,2,2,23/12/2009,1425,6,2,1,1,1,3,2,23,9,53.8268682639,-1.46835500926
3015,1091109,434990,436888,2,2,23/12/2009,1425,6,2,1,1,2,3,2,67,9,53.8268682639,-1.46835500926
3016,1093709,431332,434833,2,1,23/12/2009,2050,6,4,4,3,3,3,1,60,9,53.8086299589,-1.52414245925
3017,1094709,423957,438251,1,1,23/12/2009,1500,6,2,1,1,3,3,2,77,9,53.8397457046,-1.63588176027
3018,1086509,431983,430373,1,1,24/12/2009,702,1,3,4,3,1,3,1,24,9,53.7685007074,-1.51471861444
3019,1093509,441107,432024,1,1,24/12/2009,1715,3,4,4,7,1,3,2,45,9,53.7827005005,-1.37606718529
3020,1094809,440749,434468,1,1,24/12/2009,2346,1,2,6,7,1,2,1,41,9,53.8046965315,-1.38117737699
3021,1095009,426135,437193,1,1,24/12/2009,15,6,3,4,3,1,3,2,36,9,53.8301305987,-1.60286954046
3022,1106909,431007,439223,2,1,24/12/2009,1630,3,3,4,7,1,3,1,21,9,53.8481096704,-1.52863545807
3023,1087009,432363,436360,2,1,25/12/2009,1235,6,4,1,3,1,3,1,53,9,53.822292496,-1.50832405392
3024,1087409,427609,429941,3,2,25/12/2009,2020,6,4,4,8,3,3,1,39,9,53.7648677892,-1.58112231704
3025,1087409,427609,429941,3,2,25/12/2009,2020,6,4,4,8,3,3,2,34,9,53.7648677892,-1.58112231704
3026,1087909,435143,428614,2,1,25/12/2009,2015,6,4,4,8,3,3,1,44,9,53.7524859693,-1.46697404636
3027,1093909,436304,435058,3,1,25/12/2009,2140,6,4,4,1,3,3,1,37,9,53.8103290575,-1.44860681365
3028,1104409,427309,430777,4,8,25/12/2009,1320,1,1,1,1,1,3,1,35,9,53.77239826,-1.58559972249
3029,1104409,427309,430777,4,8,25/12/2009,1320,1,1,1,1,2,2,2,30,9,53.77239826,-1.58559972249
3030,1104409,427309,430777,4,8,25/12/2009,1320,1,1,1,1,2,2,2,10,9,53.77239826,-1.58559972249
3031,1104409,427309,430777,4,8,25/12/2009,1320,1,1,1,1,2,3,1,9,9,53.77239826,-1.58559972249
3032,1104409,427309,430777,4,8,25/12/2009,1320,1,1,1,1,2,3,2,4,9,53.77239826,-1.58559972249
3033,1104409,427309,430777,4,8,25/12/2009,1320,1,1,1,1,2,3,2,9,9,53.77239826,-1.58559972249
3034,1104409,427309,430777,4,8,25/12/2009,1320,1,1,1,1,2,3,1,54,9,53.77239826,-1.58559972249
3035,1104409,427309,430777,4,8,25/12/2009,1320,1,1,1,1,1,3,1,39,9,53.77239826,-1.58559972249
3036,1083209,430688,433690,2,1,26/12/2009,1345,3,2,1,1,2,3,2,12,8,53.7983942692,-1.53403683429
3037,1084809,428213,431202,2,1,26/12/2009,1800,3,1,4,1,1,3,1,34,9,53.7761703038,-1.57184351764
3038,1094109,429320,436083,8,1,26/12/2009,645,6,4,4,8,1,3,1,32,8,53.8199831868,-1.55457972019
3039,1092709,420266,434235,2,2,27/12/2009,1415,3,2,1,1,2,3,2,35,9,53.8038036131,-1.69224428946
3040,1092709,420266,434235,2,2,27/12/2009,1415,3,2,1,1,2,3,1,1,9,53.8038036131,-1.69224428946
3041,1098309,426143,437272,2,2,27/12/2009,45,6,4,4,1,1,2,1,30,9,53.8308403074,-1.60274126187
3042,1098309,426143,437272,2,2,27/12/2009,45,6,4,4,1,2,2,1,34,9,53.8308403074,-1.60274126187
3043,1082909,429798,431075,1,1,28/12/2009,1600,6,4,4,1,3,3,1,16,19,53.7749404287,-1.54780285641
3044,1088509,431447,434162,1,1,28/12/2009,700,6,4,4,1,3,3,2,24,21,53.802591607,-1.52246449748
3045,1092509,425921,436242,1,2,28/12/2009,2355,3,2,4,1,1,2,1,28,9,53.8215930086,-1.60620143433
3046,1092509,425921,436242,1,2,28/12/2009,2355,3,2,4,1,2,3,2,22,9,53.8215930086,-1.60620143433
3047,1101409,431419,434085,2,1,28/12/2009,1707,6,2,4,1,2,3,2,41,9,53.8019011696,-1.52289752977
3048,1110409,431875,435943,2,1,28/12/2009,1715,4,2,4,1,1,3,1,27,9,53.8185743814,-1.51578093209
3049,1092409,423477,434036,2,2,29/12/2009,2309,6,2,4,2,1,3,1,19,9,53.8018798101,-1.64349878237
3050,1092409,423477,434036,2,2,29/12/2009,2309,6,2,4,2,1,3,1,25,9,53.8018798101,-1.64349878237
3051,1102709,429247,433845,2,1,29/12/2009,2000,6,2,4,2,1,3,1,19,1,53.7998705333,-1.55590135557
3052,1097109,430513,433709,1,1,31/12/2009,1320,6,1,1,1,2,3,2,75,11,53.7985753487,-1.53669203637
3053,1100409,441649,434613,4,1,31/12/2009,639,1,1,7,1,1,3,1,42,9,53.805928566,-1.36749108385
3054,1101709,438554,433797,1,1,31/12/2009,1139,1,1,1,1,1,3,1,26,9,53.7988325643,-1.41459313897
3055,1103809,433646,435324,2,1,31/12/2009,1914,6,2,4,1,2,3,2,5,9,53.8128988117,-1.48894618412
3056,1107309,425112,436680,2,2,31/12/2009,1330,6,2,1,1,1,3,1,38,9,53.8255698065,-1.61845589926
3057,1107309,425112,436680,2,2,31/12/2009,1330,6,2,1,1,2,3,2,24,9,53.8255698065,-1.61845589926
3058,10BA0000011,430408,437054,2,1,01/01/2010,1650,6,2,4,3,1,3,2,62,9,53.8286486891,-1.53795572424
3059,10BA0000014,435011,436276,2,1,01/01/2010,205,6,2,4,1,2,3,1,36,19,53.8213658348,-1.4681056265
3060,10BA0000037,430429,437764,1,1,01/01/2010,124,6,4,4,1,3,3,2,34,19,53.835029415,-1.53756635273
3061,10BA0000064,429002,436842,2,1,01/01/2010,550,6,2,4,1,1,3,1,27,9,53.8268234563,-1.55933893621
3062,10CA0000023,429399,433811,2,3,01/01/2010,1825,2,2,4,1,1,3,1,18,9,53.799556348,-1.55359664697
3063,10CA0000023,429399,433811,2,3,01/01/2010,1825,2,2,4,1,2,3,1,20,9,53.799556348,-1.55359664697
3064,10CA0000023,429399,433811,2,3,01/01/2010,1825,2,2,4,1,2,3,2,21,9,53.799556348,-1.55359664697
3065,10CA0000024,432367,427238,1,4,01/01/2010,1715,3,2,4,1,1,3,1,19,9,53.7402972574,-1.50922097644
3066,10CA0000024,432367,427238,1,4,01/01/2010,1715,3,2,4,1,2,3,1,18,9,53.7402972574,-1.50922097644
3067,10CA0000024,432367,427238,1,4,01/01/2010,1715,3,2,4,1,2,3,1,19,9,53.7402972574,-1.50922097644
3068,10CA0000024,432367,427238,1,4,01/01/2010,1715,3,2,4,1,2,3,1,21,9,53.7402972574,-1.50922097644
3069,10CA0000026,430653,434680,2,1,02/01/2010,1730,3,2,4,3,1,3,1,26,9,53.8072951545,-1.53446969002