Col.Number,Reference.Number,Easting,Northing,Number.of.Vehicles,Number.of.Casualties,Accident.Date,Time..24hr.,X1st.Road.Class,Road.Surface,Lighting.Conditions,Weather.Conditions,Casualty.Class,Casualty.Severity,Sex.of.Casualty,Age.of.Casualty,Type.of.Vehicle,Latitude,Longitude
3070,10CA0000038,428267,426152,2,2,02/01/2010,1820,3,3,4,3,1,3,1,26,9,53.7307737929,-1.5714862948
3071,10CA0000038,428267,426152,2,2,02/01/2010,1820,3,3,4,3,1,3,1,38,9,53.7307737929,-1.5714862948
3072,10BA0000071,435011,436276,2,2,03/01/2010,2020,6,2,4,1,1,3,1,20,9,53.8213658348,-1.4681056265
3073,10BA0000071,435011,436276,2,2,03/01/2010,2020,6,2,4,1,2,3,2,18,9,53.8213658348,-1.4681056265
3074,10CA0000039,428594,427816,1,2,03/01/2010,1155,3,4,1,1,1,3,1,67,9,53.7457134046,-1.56637535863
3075,10CA0000039,428594,427816,1,2,03/01/2010,1155,3,4,1,1,2,3,2,64,9,53.7457134046,-1.56637535863
3076,10CA0000040,428552,427713,1,2,03/01/2010,1015,3,3,1,1,1,3,1,20,9,53.744789857,-1.56702178201
3077,10CA0000040,428552,427713,1,2,03/01/2010,1015,3,3,1,1,2,3,2,18,9,53.744789857,-1.56702178201
3078,10CA0000203,424323,427170,2,3,03/01/2010,2243,3,2,4,8,2,3,2,36,9,53.7401233775,-1.63119381221
3079,10CA0000203,424323,427170,2,3,03/01/2010,2243,3,2,4,8,2,3,2,9,9,53.7401233775,-1.63119381221
3080,10CA0000203,424323,427170,2,3,03/01/2010,2243,3,2,4,8,2,3,2,17,9,53.7401233775,-1.63119381221
3081,10AA0000097,424066,439065,2,2,04/01/2010,2045,6,4,4,3,1,3,1,39,9,53.8470575178,-1.63416134467
3082,10AA0000097,424066,439065,2,2,04/01/2010,2045,6,4,4,3,1,3,2,57,9,53.8470575178,-1.63416134467
3083,10AA0000200,429601,434670,2,2,04/01/2010,1330,3,2,1,1,2,3,1,19,9,53.8072662102,-1.55044693418
3084,10AA0000200,429601,434670,2,2,04/01/2010,1330,3,2,1,1,2,3,1,20,9,53.8072662102,-1.55044693418
3085,10BA0000020,428698,436765,3,1,04/01/2010,815,6,4,1,1,1,3,1,35,1,53.8261482021,-1.56396500029
3086,10BA0000162,431287,435025,1,1,04/01/2010,920,3,1,1,1,3,3,2,17,8,53.810358496,-1.5248063568
3087,10CA0000035,432073,430377,1,1,04/01/2010,1000,3,4,1,1,1,3,2,20,9,53.7685311274,-1.51335267342
3088,10AA0000089,421392,445782,2,2,05/01/2010,926,3,3,1,3,1,3,2,30,9,53.9075519802,-1.67434052499
3089,10AA0000089,421392,445782,2,2,05/01/2010,926,3,3,1,3,1,3,2,46,9,53.9075519802,-1.67434052499
3090,10AA0000116,421491,434043,2,2,05/01/2010,2015,4,3,4,3,1,3,1,30,9,53.8020285783,-1.6736553916
3091,10AA0000116,421491,434043,2,2,05/01/2010,2015,4,3,4,3,1,3,2,33,9,53.8020285783,-1.6736553916
3092,10BA0000140,432062,436085,2,4,06/01/2010,1600,6,4,1,1,1,3,1,19,9,53.8198392706,-1.5129254915
3093,10BA0000140,432062,436085,2,4,06/01/2010,1600,6,4,1,1,2,3,1,4,9,53.8198392706,-1.5129254915
3094,10BA0000140,432062,436085,2,4,06/01/2010,1600,6,4,1,1,2,3,2,20,9,53.8198392706,-1.5129254915
3095,10BA0000140,432062,436085,2,4,06/01/2010,1600,6,4,1,1,2,3,1,18,9,53.8198392706,-1.5129254915
3096,10BA0000145,434488,435735,1,1,06/01/2010,1445,6,3,1,1,3,3,2,8,8,53.8165379635,-1.4761114397
3097,10BA0000133,431978,435830,3,2,07/01/2010,1840,3,4,4,2,1,3,1,59,9,53.817552337,-1.5142280487
3098,10BA0000133,431978,435830,3,2,07/01/2010,1840,3,4,4,2,1,3,2,23,9,53.817552337,-1.5142280487
3099,10AA0000122,428948,435467,2,1,08/01/2010,1600,6,2,4,1,2,3,1,6,9,53.8144669853,-1.56028880951
3100,10AA0000180,422298,433420,1,1,08/01/2010,1330,4,3,1,1,2,3,1,82,11,53.7963945536,-1.66144629467
3101,10AA0000579,427568,434539,2,1,08/01/2010,835,3,4,1,1,2,3,2,60,11,53.8062004257,-1.58133307992
3102,10AA0000093,428138,435846,2,1,09/01/2010,420,3,3,4,8,1,3,1,40,11,53.8179181843,-1.572557413
3103,10AA0000151,424819,437833,1,1,09/01/2010,100,3,4,7,1,2,3,1,30,8,53.8359479321,-1.62281444665
3104,10BA0000123,432177,434624,2,2,09/01/2010,1600,6,1,1,1,1,3,1,35,9,53.8066997284,-1.51133130202
3105,10BA0000123,432177,434624,2,2,09/01/2010,1600,6,1,1,1,2,3,2,26,9,53.8066997284,-1.51133130202
3106,10CA0000303,426784,430438,2,1,09/01/2010,2358,3,4,4,3,3,3,1,24,9,53.7693783166,-1.59359554249
3107,10AA0000117,426380,437870,2,2,10/01/2010,4,6,3,4,8,1,3,1,22,9,53.8362035953,-1.599088669
3108,10AA0000117,426380,437870,2,2,10/01/2010,4,6,3,4,8,1,3,1,40,9,53.8362035953,-1.599088669
3109,10AA0000386,422475,432947,1,1,10/01/2010,1305,6,3,1,3,3,3,1,26,9,53.792135207,-1.65879343994
3110,10BA0000195,431966,435821,2,6,10/01/2010,1905,3,2,4,2,1,3,1,53,9,53.8174721771,-1.51441126651
3111,10BA0000195,431966,435821,2,6,10/01/2010,1905,3,2,4,2,1,3,1,23,9,53.8174721771,-1.51441126651
3112,10BA0000195,431966,435821,2,6,10/01/2010,1905,3,2,4,2,2,3,2,40,9,53.8174721771,-1.51441126651
3113,10BA0000195,431966,435821,2,6,10/01/2010,1905,3,2,4,2,2,3,1,22,9,53.8174721771,-1.51441126651
3114,10BA0000195,431966,435821,2,6,10/01/2010,1905,3,2,4,2,2,3,1,15,9,53.8174721771,-1.51441126651
3115,10BA0000195,431966,435821,2,6,10/01/2010,1905,3,2,4,2,2,3,1,21,9,53.8174721771,-1.51441126651
3116,10CA0000193,429716,431856,1,1,10/01/2010,449,6,4,4,8,1,3,1,24,9,53.7819653397,-1.54897193218
3117,10AA0000155,425451,438747,2,1,11/01/2010,1940,6,3,4,1,2,3,2,61,9,53.8441330675,-1.61313417294
3118,10AA0000157,419385,432660,1,3,11/01/2010,1555,6,3,4,1,3,3,2,7,9,53.789679683,-1.70572191849
3119,10AA0000157,419385,432660,1,3,11/01/2010,1555,6,3,4,1,3,3,2,33,9,53.789679683,-1.70572191849
3120,10AA0000157,419385,432660,1,3,11/01/2010,1555,6,3,4,1,3,3,2,5,9,53.789679683,-1.70572191849
3121,10BA0000224,435127,441257,2,1,11/01/2010,825,6,3,1,3,1,3,1,26,9,53.8661299944,-1.46577374047
3122,10BA0000236,431815,439663,2,1,11/01/2010,950,6,4,1,1,3,3,2,51,9,53.8520157854,-1.51630722383
3123,10CA0000298,424277,428345,2,1,11/01/2010,1320,3,4,1,8,1,2,1,19,1,53.7506874866,-1.63179896128
3124,10CA0000444,430804,433254,2,3,11/01/2010,46,3,2,4,1,2,3,2,82,9,53.7944683334,-1.53231917137
3125,10CA0000444,430804,433254,2,3,11/01/2010,46,3,2,4,1,2,3,2,56,9,53.7944683334,-1.53231917137
3126,10CA0000444,430804,433254,2,3,11/01/2010,46,3,2,4,1,2,3,1,19,9,53.7944683334,-1.53231917137
3127,10AA0000204,427953,432874,1,1,12/01/2010,630,4,4,7,4,3,2,1,93,9,53.7912135813,-1.57563749967
3128,10AA0000395,425412,440434,2,1,12/01/2010,1420,6,2,1,2,1,3,1,35,1,53.859298961,-1.61358732664
3129,10CA0000267,430092,432869,2,1,12/01/2010,1750,3,2,4,8,1,3,1,46,9,53.791049337,-1.54316631255
3130,10MU0000265,439212,434013,1,1,12/01/2010,2005,1,2,6,1,1,3,1,28,19,53.8007249042,-1.40457510275
3131,10AA0000275,426338,438939,2,2,13/01/2010,1350,6,4,1,8,1,3,1,28,9,53.8458146775,-1.59963529319
3132,10AA0000275,426338,438939,2,2,13/01/2010,1350,6,4,1,8,2,3,1,25,9,53.8458146775,-1.59963529319
3133,10BA0000256,439474,429485,1,1,13/01/2010,845,6,4,1,1,2,3,1,19,19,53.7600049441,-1.40117666058
3134,10BA0000385,431035,439065,2,1,13/01/2010,715,6,4,4,1,1,3,1,32,9,53.8466877935,-1.52822579034
3135,10CA0000317,424964,427568,1,1,13/01/2010,139,3,4,4,2,1,3,1,39,21,53.7436706595,-1.62144249959
3136,10CA0001024,429797,433779,2,1,13/01/2010,830,6,1,1,1,1,3,1,25,9,53.7992460635,-1.54755659632
3137,10BA0000322,430725,435018,2,1,14/01/2010,1900,3,2,4,1,1,3,1,61,9,53.8103290857,-1.53334251708
3138,10BA0000388,436093,434819,2,1,14/01/2010,1900,3,2,4,1,1,2,1,16,1,53.8081954741,-1.45183939386
3139,10BA0000384,434455,433701,2,1,15/01/2010,1615,6,2,1,1,2,3,2,14,9,53.7982572909,-1.47684037863
3140,10BA0000555,430801,438596,1,1,15/01/2010,1800,6,2,4,1,3,3,2,17,9,53.8424860518,-1.53182981314
3141,10CA0000326,425689,426886,1,1,15/01/2010,1339,4,2,1,2,2,3,1,62,11,53.7375050097,-1.6105054654
3142,10CA0000391,429188,431294,1,1,15/01/2010,905,6,2,1,2,3,3,1,44,9,53.7769435243,-1.55703882718
3143,10AA0000302,425218,437646,1,1,16/01/2010,100,6,2,4,1,1,2,1,25,9,53.8342478198,-1.61676615772
3144,10AA0000338,425824,429806,1,1,16/01/2010,1325,3,1,1,1,1,3,1,59,8,53.7637458529,-1.60821452032
3145,10BA0000406,432090,435866,1,1,16/01/2010,2100,3,2,4,1,3,3,2,36,9,53.8178690272,-1.51252298946
3146,10CA0000332,425687,426882,1,1,16/01/2010,1210,4,2,1,2,2,3,2,14,11,53.7374691527,-1.61053612087
3147,10MU0000431,436189,431145,1,1,16/01/2010,927,1,2,1,2,1,3,2,23,9,53.7751646531,-1.45081301036
3148,10BA0000381,443329,437455,1,1,17/01/2010,1445,6,3,1,1,3,3,2,16,9,53.8313363164,-1.34157900254
3149,10AA0000397,428527,434276,3,2,18/01/2010,1635,6,2,4,1,1,3,1,35,8,53.8037846671,-1.56679385688
3150,10AA0000397,428527,434276,3,2,18/01/2010,1635,6,2,4,1,1,3,1,43,9,53.8037846671,-1.56679385688
3151,10AA0000400,425062,433368,2,1,18/01/2010,2056,4,2,4,1,1,3,2,22,9,53.7958013296,-1.61948528356
3152,10AA0000677,427712,433705,2,1,18/01/2010,1100,3,2,1,1,1,3,2,48,9,53.7986961437,-1.57922132223
3153,10BA0000494,431782,437636,2,1,18/01/2010,1250,6,2,1,1,1,3,2,67,9,53.8337978619,-1.51701865344
3154,10CA0000435,429972,433280,2,1,18/01/2010,745,6,1,4,1,1,3,1,31,1,53.7947506336,-1.54494801249
3155,10MU0000428,432336,426036,2,1,18/01/2010,741,1,1,1,1,1,3,1,39,9,53.7294946693,-1.5098167297
3156,10AA0000450,420069,440803,2,1,19/01/2010,717,3,2,4,1,1,3,1,36,1,53.8628499037,-1.69480694649
3157,10MU0000429,430186,432023,2,1,19/01/2010,1702,1,1,4,1,1,3,2,58,9,53.7834394173,-1.54182219043
3158,10AA0000480,429067,435488,3,1,20/01/2010,2000,6,1,4,1,1,3,1,46,8,53.8146491091,-1.55847931129
3159,10AA0000567,428966,435475,2,1,20/01/2010,1945,6,2,4,1,2,3,2,20,8,53.8145378926,-1.56001465079
3160,10BA0000493,432515,435811,1,1,20/01/2010,1500,3,2,1,1,1,2,1,30,9,53.817348243,-1.50607291926
3161,10CA0000451,430636,433680,2,1,20/01/2010,2013,6,1,4,1,1,3,1,37,1,53.7983074469,-1.53482736255
3162,10AA0000457,426026,432976,1,1,21/01/2010,815,6,1,1,1,3,3,2,13,8,53.792230388,-1.60488242812
3163,10AA0000474,426982,439914,2,1,21/01/2010,1045,3,1,1,1,1,3,2,38,9,53.8545456037,-1.58976041594
3164,10AA0000486,427480,433696,2,1,21/01/2010,835,3,1,1,1,1,3,1,32,2,53.7986275517,-1.58274470721
3165,10CA0000481,431038,430851,1,1,21/01/2010,1710,6,1,4,1,3,2,2,13,9,53.7728545075,-1.52900856394
3166,10CA0000522,428584,427728,1,1,21/01/2010,1220,3,1,1,1,1,2,1,55,21,53.7449229357,-1.56653514402
3167,10CA0000541,433672,429612,2,1,21/01/2010,730,3,1,7,1,1,3,1,57,9,53.7615538384,-1.48917536969
3168,10AA0000488,424614,435108,2,1,22/01/2010,1300,3,2,1,2,1,3,2,49,9,53.8114632522,-1.6261479701
3169,10AA0000602,428649,433174,2,1,22/01/2010,1500,3,1,1,1,2,3,2,32,9,53.7938723561,-1.56504375845
3170,10BA0005204,445690,431405,2,2,22/01/2010,715,3,2,6,1,1,3,2,22,9,53.7767545887,-1.30660226631
3171,10BA0005204,445690,431405,2,2,22/01/2010,715,3,2,6,1,1,3,1,47,9,53.7767545887,-1.30660226631
3172,10CA0000500,431964,430482,2,1,22/01/2010,1549,3,2,1,2,2,3,2,22,9,53.7694816459,-1.51499559935
3173,10CA0000520,425794,429763,1,2,22/01/2010,2035,3,2,4,1,1,3,1,25,9,53.7633608186,-1.60867324356
3174,10CA0000520,425794,429763,1,2,22/01/2010,2035,3,2,4,1,2,2,1,29,9,53.7633608186,-1.60867324356
3175,10CA0000536,430560,434089,2,1,22/01/2010,1250,6,2,1,2,1,3,1,31,19,53.8019883014,-1.53594070543
3176,10CA0000538,430070,433366,1,1,22/01/2010,528,6,2,4,2,3,3,1,30,8,53.7955180099,-1.54345177744
3177,10CA0000542,429739,432940,5,1,22/01/2010,1340,6,2,1,2,2,3,2,52,9,53.7917078318,-1.54851825077
3178,10MU0000551,426342,426035,2,2,22/01/2010,808,1,2,1,2,1,3,1,43,9,53.72982288,-1.60067749812
3179,10MU0000551,426342,426035,2,2,22/01/2010,808,1,2,1,2,2,3,2,38,9,53.72982288,-1.60067749812
3180,10MU0000661,423935,428097,1,1,22/01/2010,2049,1,2,4,1,1,3,1,21,9,53.7484740582,-1.63700506118
3181,10MU0000698,426709,429863,1,1,22/01/2010,1439,1,2,1,2,1,3,1,28,9,53.7642135885,-1.5947832877
3182,10AA0000533,427980,435129,4,1,23/01/2010,120,6,1,4,1,1,3,1,21,9,53.8114817854,-1.57502271228
3183,10AA0000556,426542,432008,2,1,23/01/2010,1215,6,1,1,1,1,3,1,49,19,53.7835031591,-1.59713227982
3184,10BA0000543,432566,434372,2,1,23/01/2010,1135,6,2,1,1,1,3,1,27,9,53.8044103712,-1.50545049939
3185,10CA0000504,429795,433788,1,1,23/01/2010,1020,6,1,1,1,3,2,1,19,9,53.7993270767,-1.54758609292
3186,10CA0000531,435796,428227,1,1,23/01/2010,1239,3,2,1,1,1,3,2,24,9,53.748962902,-1.45711510738
3187,10AA0000491,421055,439380,2,2,24/01/2010,1140,3,1,1,1,1,3,1,86,9,53.8500197991,-1.67991053691
3188,10AA0000491,421055,439380,2,2,24/01/2010,1140,3,1,1,1,2,3,2,86,9,53.8500197991,-1.67991053691
3189,10BA0000517,440139,426162,2,1,24/01/2010,920,3,2,1,1,1,3,1,42,1,53.7300850629,-1.39152088083
3190,10CA0000558,428741,432716,2,2,24/01/2010,1310,3,2,1,1,1,3,2,24,9,53.7897504296,-1.56368976048
3191,10CA0000558,428741,432716,2,2,24/01/2010,1310,3,2,1,1,2,3,2,23,9,53.7897504296,-1.56368976048
3192,10AA0000637,429309,435027,2,1,25/01/2010,1735,3,1,4,1,1,3,2,37,9,53.8104917235,-1.5548474207
3193,10BA0000789,434563,433642,2,1,25/01/2010,814,6,2,1,8,1,3,2,52,9,53.7977197973,-1.47520721939
3194,10MU0000645,432052,425612,2,1,25/01/2010,1848,1,2,4,1,1,3,2,18,9,53.7257009513,-1.51416566948
3195,10AA0000604,427997,436012,2,1,26/01/2010,1830,3,1,4,1,1,3,1,23,1,53.8194179269,-1.57468416108
3196,10AA0000614,427325,437192,2,1,26/01/2010,1655,3,1,4,1,1,3,2,47,4,53.8300603948,-1.58478767512
3197,10BA0000606,429175,438565,2,2,26/01/2010,825,3,1,1,1,1,3,2,43,9,53.8423012836,-1.55654685463
3198,10BA0000606,429175,438565,2,2,26/01/2010,825,3,1,1,1,2,3,2,10,9,53.8423012836,-1.55654685463
3199,10CA0000640,430344,428101,2,1,26/01/2010,1900,6,1,4,1,1,2,1,45,4,53.7481762704,-1.53980973677
3200,10CA0000618,430028,434105,2,1,27/01/2010,1230,3,1,1,1,3,3,1,40,20,53.8021631048,-1.54401737995
3201,10CA0000646,433562,429749,2,3,27/01/2010,2242,3,1,4,1,1,3,2,29,9,53.7627923906,-1.49082916663
3202,10CA0000646,433562,429749,2,3,27/01/2010,2242,3,1,4,1,1,3,1,56,21,53.7627923906,-1.49082916663
3203,10CA0000646,433562,429749,2,3,27/01/2010,2242,3,1,4,1,2,3,1,22,9,53.7627923906,-1.49082916663
3204,10CA0000739,429279,430095,2,2,27/01/2010,2100,3,1,4,1,1,3,1,21,9,53.7661608646,-1.55577164684
3205,10CA0000739,429279,430095,2,2,27/01/2010,2100,3,1,4,1,1,3,1,51,9,53.7661608646,-1.55577164684
3206,10MU0000616,432356,426127,1,1,27/01/2010,608,1,1,4,1,1,3,1,18,9,53.7303114083,-1.50950403978
3207,10BA0000619,430850,435443,3,1,28/01/2010,853,6,1,1,1,1,3,2,31,9,53.8141418784,-1.53140145409
3208,10BA0000676,432788,434405,2,2,28/01/2010,1115,4,1,1,1,2,3,2,23,9,53.8046930494,-1.50207581741
3209,10BA0000676,432788,434405,2,2,28/01/2010,1115,4,1,1,1,2,3,2,28,9,53.8046930494,-1.50207581741
3210,10BA0000708,432951,435584,2,5,28/01/2010,2110,6,1,4,1,1,3,1,26,9,53.8152803687,-1.4994743442
3211,10BA0000708,432951,435584,2,5,28/01/2010,2110,6,1,4,1,1,3,1,37,9,53.8152803687,-1.4994743442
3212,10BA0000708,432951,435584,2,5,28/01/2010,2110,6,1,4,1,2,3,2,20,9,53.8152803687,-1.4994743442
3213,10BA0000708,432951,435584,2,5,28/01/2010,2110,6,1,4,1,2,3,1,22,9,53.8152803687,-1.4994743442
3214,10BA0000708,432951,435584,2,5,28/01/2010,2110,6,1,4,1,2,3,1,28,9,53.8152803687,-1.4994743442
3215,10BA0000710,433044,435014,2,1,28/01/2010,1635,6,1,1,1,1,3,2,50,9,53.810150938,-1.49812294397
3216,10AA0000631,420187,445471,1,2,29/01/2010,1055,6,1,1,1,3,3,1,72,9,53.9048048351,-1.69270496907
3217,10AA0000631,420187,445471,1,2,29/01/2010,1055,6,1,1,1,3,3,2,77,9,53.9048048351,-1.69270496907
3218,10AA0000644,424923,434470,2,1,29/01/2010,1530,3,1,1,1,1,3,2,39,9,53.8057136784,-1.62150646877
3219,10AA0000668,426073,433116,1,2,29/01/2010,1920,6,1,4,1,2,3,1,29,11,53.7934864679,-1.60415706112
3220,10AA0000668,426073,433116,1,2,29/01/2010,1920,6,1,4,1,2,3,2,49,11,53.7934864679,-1.60415706112
3221,10CA0000656,434806,429071,2,1,29/01/2010,840,3,1,1,1,1,3,2,68,9,53.7566164221,-1.47203368996
3222,10CA0000674,428325,429612,2,1,29/01/2010,1545,3,1,1,1,2,3,2,30,9,53.761872025,-1.57028984902
3223,10CA0000689,430373,433482,1,1,29/01/2010,1140,6,1,1,1,3,2,2,79,9,53.7965431015,-1.53884009958
3224,10CA0000791,428854,432537,2,1,29/01/2010,1520,3,1,1,1,1,3,1,21,9,53.7881351876,-1.56199115032
3225,10MU0000709,425588,428817,2,1,29/01/2010,1535,1,1,1,1,1,3,2,20,9,53.7548675126,-1.61187684957
3226,10AA0000733,427123,435700,2,1,30/01/2010,15,6,1,4,1,1,3,1,38,8,53.8166597746,-1.58798863939
3227,10AA0000847,427374,434788,1,1,30/01/2010,2254,6,1,4,1,1,2,1,20,9,53.8084488749,-1.58425706998
3228,10BA0000666,439583,439392,1,1,30/01/2010,1710,3,1,7,1,1,3,2,49,9,53.8490458236,-1.39824945461
3229,10BA0000693,432405,433265,1,1,30/01/2010,1745,6,1,7,1,3,3,1,47,8,53.7944699593,-1.50801184108
3230,10MU0000841,424352,427870,3,1,30/01/2010,1234,1,1,1,1,1,3,1,36,9,53.7464142595,-1.63069893354
3231,10BA0000694,430785,438590,2,1,31/01/2010,45,6,1,4,1,1,3,2,50,9,53.8424330685,-1.53207360295
3232,10BA0000703,427980,441453,2,1,31/01/2010,1140,6,1,1,1,1,3,1,15,1,53.8683263386,-1.57444672969
3233,10BA0000760,436124,435556,2,2,31/01/2010,1245,3,1,1,1,1,3,2,25,9,53.8148179053,-1.45128209274
3234,10BA0000760,436124,435556,2,2,31/01/2010,1245,3,1,1,1,2,3,1,23,9,53.8148179053,-1.45128209274
3235,10CA0000678,427617,426255,1,1,31/01/2010,745,3,4,1,1,1,2,1,40,9,53.7317344737,-1.5813304807
3236,10MU0000855,424124,428071,1,1,31/01/2010,533,1,4,4,8,1,3,2,23,9,53.7482316325,-1.63414080754
3237,10AA0000714,427710,434724,2,1,01/02/2010,1200,6,1,1,1,1,3,2,53,9,53.8078557993,-1.57915997866
3238,10AA0001017,419226,441788,1,1,01/02/2010,1525,3,1,1,1,3,3,2,13,9,53.8717357766,-1.70756467098
3239,10AA0001543,418437,445786,2,2,01/02/2010,1745,3,1,4,1,1,3,1,53,9,53.9077015061,-1.71932485753
3240,10AA0001543,418437,445786,2,2,01/02/2010,1745,3,1,4,1,1,2,2,32,9,53.9077015061,-1.71932485753
3241,10BA0000662,435210,433637,2,2,01/02/2010,1110,6,1,1,1,1,3,1,49,9,53.7976314671,-1.46538443074
3242,10BA0000662,435210,433637,2,2,01/02/2010,1110,6,1,1,1,2,3,2,39,9,53.7976314671,-1.46538443074
3243,10BA0000748,435911,434894,1,1,01/02/2010,715,6,1,4,1,3,3,2,52,9,53.8088822181,-1.45459462082
3244,10CA0000731,430414,433703,1,1,01/02/2010,1709,6,1,4,1,3,3,1,62,9,53.7985272137,-1.5381957864
3245,10CA0000740,429695,427845,2,2,01/02/2010,1617,6,1,1,1,2,3,2,19,9,53.7459125169,-1.54967659316
3246,10CA0000740,429695,427845,2,2,01/02/2010,1617,6,1,1,1,2,3,2,23,9,53.7459125169,-1.54967659316
3247,10AA0000794,427242,437281,1,1,02/02/2010,845,3,1,1,1,3,2,2,26,9,53.8308647498,-1.58604096328
3248,10AA0000811,427873,436580,1,1,02/02/2010,1725,6,2,4,1,3,3,1,49,9,53.82453019,-1.57651636855
3249,10AA0000825,421585,433555,2,1,02/02/2010,1400,6,2,1,2,1,3,2,48,9,53.7976381209,-1.67226221593
3250,10AA0000891,427322,435941,3,2,02/02/2010,2105,6,4,4,1,1,2,2,22,9,53.8188156424,-1.584944416
3251,10AA0000891,427322,435941,3,2,02/02/2010,2105,6,4,4,1,1,3,1,39,8,53.8188156424,-1.584944416
3252,10BA0000759,429705,439011,2,2,02/02/2010,1555,6,2,1,1,1,3,1,42,11,53.8462801865,-1.54844811545
3253,10BA0000759,429705,439011,2,2,02/02/2010,1555,6,2,1,1,2,3,2,50,11,53.8462801865,-1.54844811545
3254,10BA0000761,432573,433795,1,1,02/02/2010,2335,3,4,4,1,1,3,1,18,1,53.799223469,-1.5054052397
3255,10CA0000826,428322,434094,2,1,02/02/2010,1930,3,2,4,1,1,3,1,31,1,53.8021599174,-1.56992359645
3256,10MU0000956,430636,430568,1,1,02/02/2010,1400,1,1,1,1,1,3,1,43,9,53.7703344965,-1.53513666497
3257,10AA0000838,424965,434812,2,1,03/02/2010,1730,6,3,4,3,1,3,1,45,9,53.8087858343,-1.62084091272
3258,10AA0000854,425141,433911,1,1,03/02/2010,1747,6,3,4,3,1,3,2,51,9,53.8006784436,-1.61824153484
3259,10AA0001076,428004,435412,2,1,03/02/2010,900,6,1,1,1,1,3,1,21,1,53.8140243077,-1.57463244158
3260,10AA0001207,427011,437438,2,3,03/02/2010,1325,3,1,1,1,1,3,1,35,90,53.8322880402,-1.58953725426
3261,10AA0001207,427011,437438,2,3,03/02/2010,1325,3,1,1,1,1,3,1,24,9,53.8322880402,-1.58953725426
3262,10AA0001207,427011,437438,2,3,03/02/2010,1325,3,1,1,1,2,3,2,36,90,53.8322880402,-1.58953725426
3263,10AA0001224,422434,435474,2,2,03/02/2010,1520,6,2,1,1,1,3,1,27,9,53.8148517895,-1.65923174229
3264,10AA0001224,422434,435474,2,2,03/02/2010,1520,6,2,1,1,1,3,2,26,9,53.8148517895,-1.65923174229
3265,10BA0000807,434786,438014,2,1,03/02/2010,1445,3,1,1,9,1,3,2,27,9,53.8370030991,-1.47132704105
3266,10BA0005199,446723,430334,1,1,03/02/2010,710,3,2,6,1,1,3,1,48,9,53.7670363728,-1.29108884186
3267,10CA0000810,425955,427330,1,1,03/02/2010,1530,4,2,1,1,3,3,1,14,9,53.7414829023,-1.60643521344
3268,10MU0000948,432324,426032,2,1,03/02/2010,1020,1,1,1,1,1,3,2,25,9,53.729459458,-1.50999904914
3269,10BA0000951,437069,437608,2,2,04/02/2010,1520,3,2,1,1,1,3,1,48,9,53.83319587,-1.43668107966
3270,10BA0000951,437069,437608,2,2,04/02/2010,1520,3,2,1,1,1,3,2,34,9,53.83319587,-1.43668107966
3271,10CA0000783,427284,431051,2,1,04/02/2010,11,3,2,4,1,1,3,1,25,19,53.7748625058,-1.58595483629
3272,10CA0000845,429721,431857,2,4,04/02/2010,1825,6,2,4,7,1,3,1,25,9,53.781974043,-1.54889594859
3273,10CA0000845,429721,431857,2,4,04/02/2010,1825,6,2,4,7,2,3,2,22,9,53.781974043,-1.54889594859
3274,10CA0000845,429721,431857,2,4,04/02/2010,1825,6,2,4,7,2,3,1,23,9,53.781974043,-1.54889594859
3275,10CA0000845,429721,431857,2,4,04/02/2010,1825,6,2,4,7,2,3,1,21,9,53.781974043,-1.54889594859
3276,10MU0001027,431512,426441,5,4,04/02/2010,1842,1,2,7,1,1,3,1,36,9,53.7331855725,-1.52226603671
3277,10MU0001027,431512,426441,5,4,04/02/2010,1842,1,2,7,1,1,3,1,52,9,53.7331855725,-1.52226603671
3278,10MU0001027,431512,426441,5,4,04/02/2010,1842,1,2,7,1,1,3,1,39,9,53.7331855725,-1.52226603671
3279,10MU0001027,431512,426441,5,4,04/02/2010,1842,1,2,7,1,2,3,1,63,9,53.7331855725,-1.52226603671
3280,10AA0001013,428372,434402,1,1,05/02/2010,1724,6,1,4,1,3,2,2,12,9,53.8049257276,-1.56913597512
3281,10AA0001071,421012,433629,1,1,05/02/2010,2045,6,1,4,7,3,2,1,19,9,53.7983267563,-1.68095721367
3282,10AA0001102,419983,446454,1,1,05/02/2010,1610,6,1,1,1,3,3,1,12,9,53.9136486528,-1.69574608427
3283,10AA0001603,419974,446602,2,2,05/02/2010,1424,6,1,1,1,1,3,1,30,19,53.9149793292,-1.69587344678
3284,10AA0001603,419974,446602,2,2,05/02/2010,1424,6,1,1,1,2,3,1,29,19,53.9149793292,-1.69587344678
3285,10BA0000832,433122,436115,3,1,05/02/2010,610,3,2,4,2,1,2,1,37,3,53.8200424688,-1.49681979075
3286,10BA0001192,432707,435236,3,1,06/02/2010,2041,6,2,4,1,1,3,1,61,9,53.8121677253,-1.5032175414
3287,10CA0000886,429133,430518,2,1,06/02/2010,1727,6,2,1,1,1,2,1,30,1,53.7699713099,-1.55794678247
3288,10CA0000990,431538,432539,2,1,06/02/2010,1435,6,1,1,1,1,2,1,42,5,53.7879974324,-1.52124884811
3289,10AA0001604,426093,436989,1,1,07/02/2010,1,6,1,7,9,3,2,2,34,8,53.8282990043,-1.60352504413
3290,10AA0002538,427507,435081,1,2,07/02/2010,150,6,1,4,1,1,2,1,57,9,53.8110755624,-1.58221100275
3291,10AA0002538,427507,435081,1,2,07/02/2010,150,6,1,4,1,2,2,1,26,9,53.8110755624,-1.58221100275
3292,10BA0000927,438463,432688,2,1,07/02/2010,1250,3,2,1,1,1,3,1,63,1,53.7888709963,-1.4161132739
3293,10AA0000996,421291,439740,2,1,08/02/2010,1030,6,1,1,1,1,3,2,57,9,53.8532461398,-1.67629783279