Col.Number,Reference.Number,Easting,Northing,Number.of.Vehicles,Number.of.Casualties,Accident.Date,Time..24hr.,X1st.Road.Class,Road.Surface,Lighting.Conditions,Weather.Conditions,Casualty.Class,Casualty.Severity,Sex.of.Casualty,Age.of.Casualty,Type.of.Vehicle,Latitude,Longitude
3294,10AA0001133,427584,435349,3,1,08/02/2010,2309,6,2,4,1,1,3,1,24,9,53.8134804687,-1.5810175021
3295,10BA0000920,431246,441100,2,1,08/02/2010,1521,3,1,1,1,1,3,1,59,9,53.8649669763,-1.52481124558
3296,10CA0000932,430076,433868,1,1,08/02/2010,1621,6,2,1,1,2,3,1,45,11,53.8000300043,-1.54331166187
3297,10CA0000971,426882,427582,1,1,08/02/2010,1243,4,1,1,1,2,3,1,39,11,53.7437011186,-1.59235724941
3298,10CA0000997,427581,431060,2,1,08/02/2010,1800,3,2,4,1,1,3,1,47,3,53.774927757,-1.58144707423
3299,10MU0000926,432144,429709,2,3,08/02/2010,1858,1,1,4,1,1,3,1,19,9,53.7625222744,-1.51234500689
3300,10MU0000926,432144,429709,2,3,08/02/2010,1858,1,1,4,1,2,3,1,20,9,53.7625222744,-1.51234500689
3301,10MU0000926,432144,429709,2,3,08/02/2010,1858,1,1,4,1,2,3,1,21,9,53.7625222744,-1.51234500689
3302,10AA0000944,428091,434520,1,1,09/02/2010,710,6,1,1,1,3,3,1,24,9,53.8060016534,-1.57339241035
3303,10AA0001146,423100,437693,2,1,09/02/2010,1525,3,1,1,1,1,3,2,22,9,53.8347687812,-1.64894883
3304,10BA0000945,431289,437145,2,1,09/02/2010,830,6,2,1,1,1,3,1,62,9,53.8294143573,-1.52456032066
3305,10BA0001021,431324,440683,1,4,09/02/2010,2159,6,2,4,1,1,3,1,17,9,53.8612140261,-1.52366764625
3306,10BA0001021,431324,440683,1,4,09/02/2010,2159,6,2,4,1,2,3,1,19,9,53.8612140261,-1.52366764625
3307,10BA0001021,431324,440683,1,4,09/02/2010,2159,6,2,4,1,2,3,2,14,9,53.8612140261,-1.52366764625
3308,10BA0001021,431324,440683,1,4,09/02/2010,2159,6,2,4,1,2,3,2,15,9,53.8612140261,-1.52366764625
3309,10BA0001026,434540,434430,1,1,09/02/2010,2015,3,2,4,1,3,3,1,16,9,53.8048043662,-1.47546803738
3310,10CA0001150,430368,432785,2,1,09/02/2010,930,3,1,1,1,1,3,2,40,9,53.7902782495,-1.53898471963
3311,10CA0001494,427295,434691,2,2,09/02/2010,820,3,1,1,1,1,3,2,23,9,53.8075811174,-1.5854654505
3312,10CA0001494,427295,434691,2,2,09/02/2010,820,3,1,1,1,2,3,1,33,9,53.8075811174,-1.5854654505
3313,10AA0001063,430303,434774,1,1,10/02/2010,1755,6,2,4,1,3,3,1,13,9,53.808160605,-1.53977573239
3314,10AA0001103,422350,435550,1,1,10/02/2010,130,6,1,4,1,2,3,2,23,9,53.8155385583,-1.66050214089
3315,10AA0001160,427739,436459,2,2,10/02/2010,1310,3,2,1,1,2,3,2,76,11,53.8234497227,-1.5785631288
3316,10AA0001160,427739,436459,2,2,10/02/2010,1310,3,2,1,1,2,3,2,45,11,53.8234497227,-1.5785631288
3317,10BA0001007,430799,435339,1,1,10/02/2010,1845,6,2,4,1,3,3,1,10,9,53.8132100783,-1.53218650422
3318,10BA0001085,429534,437115,2,3,10/02/2010,850,6,2,1,1,1,3,2,45,9,53.8292474076,-1.55122968647
3319,10BA0001085,429534,437115,2,3,10/02/2010,850,6,2,1,1,1,3,2,28,9,53.8292474076,-1.55122968647
3320,10BA0001085,429534,437115,2,3,10/02/2010,850,6,2,1,1,2,3,1,29,9,53.8292474076,-1.55122968647
3321,10CA0000976,428741,433229,1,1,10/02/2010,1310,3,2,1,1,3,3,1,59,9,53.794361664,-1.56364190474
3322,10CA0000979,431155,431882,1,2,10/02/2010,1620,3,2,1,1,3,2,2,20,3,53.7821149087,-1.52712902961
3323,10CA0000979,431155,431882,1,2,10/02/2010,1620,3,2,1,1,1,3,1,19,3,53.7821149087,-1.52712902961
3324,10CA0001184,430333,433350,1,1,10/02/2010,42,6,2,4,1,3,2,1,20,9,53.7953589234,-1.53946040558
3325,10AA0000977,420431,440367,2,1,11/02/2010,700,3,4,1,1,1,3,2,43,5,53.8589166686,-1.68933106624
3326,10AA0001012,424029,434099,2,3,11/02/2010,1225,3,1,1,1,1,3,1,30,9,53.8024208989,-1.63511186103
3327,10AA0001012,424029,434099,2,3,11/02/2010,1225,3,1,1,1,1,3,1,56,19,53.8024208989,-1.63511186103
3328,10AA0001012,424029,434099,2,3,11/02/2010,1225,3,1,1,1,2,3,2,35,9,53.8024208989,-1.63511186103
3329,10AA0001043,427146,432414,1,1,11/02/2010,735,6,4,1,1,1,3,1,49,3,53.7871214615,-1.58792896685
3330,10AA0001048,422256,433376,1,1,11/02/2010,935,4,1,1,1,2,3,2,65,11,53.7960008421,-1.66208715366
3331,10AA0001233,428129,434490,1,1,11/02/2010,1643,6,1,1,1,3,2,2,26,11,53.805729937,-1.57281807738
3332,10BA0001467,438412,436425,2,1,11/02/2010,910,6,1,1,1,1,3,1,52,9,53.8224649194,-1.41642114059
3333,10CA0001068,425687,426866,1,1,11/02/2010,2100,3,1,4,1,3,3,2,46,9,53.7373253304,-1.61053745045
3334,10CA0001098,425907,427302,1,1,11/02/2010,1620,4,1,1,1,3,3,2,45,9,53.7412336011,-1.60716538273
3335,10CA0001107,430989,434055,3,4,11/02/2010,1447,6,1,1,1,1,3,1,23,90,53.801657304,-1.52942992261
3336,10CA0001107,430989,434055,3,4,11/02/2010,1447,6,1,1,1,2,3,1,18,90,53.801657304,-1.52942992261
3337,10CA0001107,430989,434055,3,4,11/02/2010,1447,6,1,1,1,3,2,2,75,90,53.801657304,-1.52942992261
3338,10CA0001107,430989,434055,3,4,11/02/2010,1447,6,1,1,1,3,2,1,80,90,53.801657304,-1.52942992261
3339,10CA0001366,428004,434327,2,1,11/02/2010,1745,3,1,4,1,1,3,2,20,9,53.8042715156,-1.57473116329
3340,10MU0001092,430525,433921,1,2,11/02/2010,1935,2,1,4,1,1,3,1,37,9,53.8004802526,-1.53648882183
3341,10MU0001092,430525,433921,1,2,11/02/2010,1935,2,1,4,1,2,3,2,19,9,53.8004802526,-1.53648882183
3342,10AA0001058,425962,434784,2,2,12/02/2010,1745,6,1,4,1,1,3,2,59,9,53.8084853294,-1.60570159859
3343,10AA0001058,425962,434784,2,2,12/02/2010,1745,6,1,4,1,1,3,1,16,2,53.8084853294,-1.60570159859
3344,10BA0001288,440897,433583,2,1,12/02/2010,645,6,1,7,1,1,3,1,58,9,53.7967301097,-1.3790475006
3345,10CA0001004,429242,433859,3,1,12/02/2010,1030,6,2,1,1,1,3,2,25,9,53.7999966567,-1.55597594574
3346,10CA0001066,430898,432311,2,2,12/02/2010,1601,3,1,1,1,1,3,2,22,9,53.7859863936,-1.5309866319
3347,10CA0001066,430898,432311,2,2,12/02/2010,1601,3,1,1,1,2,3,2,35,11,53.7859863936,-1.5309866319
3348,10CA0001112,431861,429415,2,1,12/02/2010,1431,6,1,1,1,3,3,1,40,9,53.759896969,-1.51666856338
3349,10MU0001093,428025,426411,2,1,12/02/2010,1107,1,1,1,1,2,3,2,55,9,53.7331149699,-1.5751313094
3350,10AA0001212,419177,442201,1,1,13/02/2010,2145,6,2,4,1,3,3,1,18,9,53.8754499573,-1.70828413673
3351,10BA0001089,431882,435381,1,1,13/02/2010,1740,6,1,4,1,3,3,2,33,9,53.8135223226,-1.51573283844
3352,10BA0001113,438949,431555,1,1,13/02/2010,2050,3,1,7,1,1,3,1,22,9,53.7786508158,-1.40887915112
3353,10CA0001050,424249,437208,1,1,13/02/2010,1202,3,1,1,1,2,3,2,50,11,53.8303568667,-1.63152610804
3354,10BA0001078,432001,435766,2,2,14/02/2010,1805,4,1,4,1,1,2,1,41,5,53.8169756474,-1.51388533136
3355,10BA0001078,432001,435766,2,2,14/02/2010,1805,4,1,4,1,1,3,1,27,9,53.8169756474,-1.51388533136
3356,10BA0001297,435938,437824,1,1,14/02/2010,1345,6,2,1,1,1,2,1,56,5,53.8352168584,-1.4538421836
3357,10CA0001056,429188,431914,2,4,14/02/2010,1953,6,1,4,1,1,3,2,34,9,53.7825165627,-1.556980134
3358,10CA0001056,429188,431914,2,4,14/02/2010,1953,6,1,4,1,2,3,2,17,9,53.7825165627,-1.556980134
3359,10CA0001056,429188,431914,2,4,14/02/2010,1953,6,1,4,1,2,3,2,11,9,53.7825165627,-1.556980134
3360,10CA0001056,429188,431914,2,4,14/02/2010,1953,6,1,4,1,2,3,1,43,9,53.7825165627,-1.556980134
3361,10CA0001060,430028,433364,1,3,14/02/2010,1741,6,1,1,1,3,3,2,18,8,53.7955024582,-1.54408962975
3362,10CA0001060,430028,433364,1,3,14/02/2010,1741,6,1,1,1,3,3,2,19,8,53.7955024582,-1.54408962975
3363,10CA0001060,430028,433364,1,3,14/02/2010,1741,6,1,1,1,3,3,2,19,8,53.7955024582,-1.54408962975
3364,10CA0001595,427503,431349,2,1,14/02/2010,1220,3,1,1,1,1,3,1,38,3,53.7775296482,-1.58260494763
3365,10AA0001155,426631,433493,1,2,15/02/2010,1815,6,2,4,2,3,3,1,12,9,53.7968469824,-1.59565308514
3366,10AA0001155,426631,433493,1,2,15/02/2010,1815,6,2,4,2,1,3,1,42,9,53.7968469824,-1.59565308514
3367,10BA0001172,435650,436498,2,1,15/02/2010,2205,6,2,4,1,2,3,2,24,9,53.823317865,-1.45837254476
3368,10CA0001181,428940,429846,3,1,15/02/2010,1542,3,2,1,2,1,3,1,61,9,53.7639416006,-1.56093822385
3369,10CA0001476,429702,432144,2,3,15/02/2010,1725,1,2,4,1,1,3,1,42,9,53.7845549006,-1.54915666633
3370,10CA0001476,429702,432144,2,3,15/02/2010,1725,1,2,4,1,2,3,2,35,9,53.7845549006,-1.54915666633
3371,10CA0001476,429702,432144,2,3,15/02/2010,1725,1,2,4,1,2,3,2,57,9,53.7845549006,-1.54915666633
3372,10CA0001752,429326,435000,2,2,15/02/2010,1500,3,1,1,1,1,3,2,46,9,53.8102480695,-1.55459180177
3373,10CA0001752,429326,435000,2,2,15/02/2010,1500,3,1,1,1,2,3,1,7,9,53.8102480695,-1.55459180177
3374,10AA0001149,425022,439308,1,1,16/02/2010,2110,6,2,4,1,3,3,1,18,9,53.8491965975,-1.61960928016
3375,10BA0001190,432544,437159,1,3,16/02/2010,1329,6,1,1,1,1,3,2,19,9,53.829463115,-1.50548974755
3376,10BA0001190,432544,437159,1,3,16/02/2010,1329,6,1,1,1,2,2,1,15,9,53.829463115,-1.50548974755
3377,10BA0001190,432544,437159,1,3,16/02/2010,1329,6,1,1,1,2,3,2,16,9,53.829463115,-1.50548974755
3378,10BA0001335,431192,434733,3,2,16/02/2010,1040,6,2,1,1,1,3,1,46,9,53.8077395061,-1.52627877547
3379,10BA0001335,431192,434733,3,2,16/02/2010,1040,6,2,1,1,1,3,1,35,8,53.8077395061,-1.52627877547
3380,10CA0001175,427141,426211,2,1,16/02/2010,5,3,2,4,2,1,3,1,37,9,53.7313639539,-1.58855022369
3381,10CA0001920,429690,425694,2,1,16/02/2010,850,3,1,1,1,1,3,1,67,9,53.7265778322,-1.54995900253
3382,10AA0001209,415478,443054,1,1,17/02/2010,805,6,4,1,7,1,3,1,22,3,53.8832409692,-1.76450875989
3383,10AA0001701,424855,434709,1,1,17/02/2010,2115,6,2,4,3,3,3,1,32,9,53.8078652569,-1.62251982908
3384,10CA0001262,426306,428090,1,1,17/02/2010,1310,4,2,1,1,3,3,2,23,9,53.748296853,-1.60104831161
3385,10CA0001329,430660,433450,2,6,17/02/2010,1224,6,1,1,1,1,3,2,47,9,53.7962386281,-1.53448585877
3386,10CA0001329,430660,433450,2,6,17/02/2010,1224,6,1,1,1,2,3,2,9,9,53.7962386281,-1.53448585877
3387,10CA0001329,430660,433450,2,6,17/02/2010,1224,6,1,1,1,2,3,2,7,9,53.7962386281,-1.53448585877
3388,10CA0001329,430660,433450,2,6,17/02/2010,1224,6,1,1,1,2,3,2,4,9,53.7962386281,-1.53448585877
3389,10CA0001329,430660,433450,2,6,17/02/2010,1224,6,1,1,1,2,3,1,31,9,53.7962386281,-1.53448585877
3390,10CA0001329,430660,433450,2,6,17/02/2010,1224,6,1,1,1,2,3,2,6,9,53.7962386281,-1.53448585877
3391,10AA0001236,428397,434800,2,1,18/02/2010,1838,6,2,4,3,1,3,1,21,1,53.8085018838,-1.56871961501
3392,10AA0001267,425137,433910,2,1,18/02/2010,1434,6,2,1,1,2,3,2,50,9,53.8006696481,-1.61830235377
3393,10CA0001222,429777,433409,1,2,18/02/2010,1450,6,2,1,2,3,3,1,51,8,53.7959213773,-1.54789604167
3394,10CA0001222,429777,433409,1,2,18/02/2010,1450,6,2,1,2,3,3,2,28,8,53.7959213773,-1.54789604167
3395,10CA0001271,424123,428197,2,1,18/02/2010,1444,3,2,1,1,2,3,2,54,9,53.7493642806,-1.63414613322
3396,10CA0001300,430390,427021,2,1,18/02/2010,1650,3,1,1,1,1,3,1,32,9,53.7384656816,-1.53921835252
3397,10CA0001413,430973,433236,1,1,18/02/2010,2115,3,2,4,2,3,3,2,32,9,53.7942965035,-1.52975523852
3398,10MU0001215,428345,431607,2,1,18/02/2010,1530,1,2,1,1,2,3,2,4,9,53.7798035939,-1.56980313773
3399,10MU0001289,435930,425929,2,1,18/02/2010,1722,1,2,6,2,1,3,1,50,21,53.7282976584,-1.45535008292
3400,10AA0001235,425766,434346,1,1,19/02/2010,1630,6,1,1,1,3,3,1,22,9,53.8045579873,-1.60871493777
3401,10AA0001446,422276,436156,2,1,19/02/2010,1810,6,2,7,1,3,2,2,36,9,53.8209889626,-1.66158229909
3402,10CA0001322,429917,427971,2,1,19/02/2010,1045,6,1,1,1,1,3,1,74,9,53.7470324116,-1.54629788701
3403,10CA0001333,428176,431183,2,2,19/02/2010,1956,3,2,4,1,1,3,1,50,9,53.7760015203,-1.57240674308
3404,10CA0001333,428176,431183,2,2,19/02/2010,1956,3,2,4,1,2,3,2,46,9,53.7760015203,-1.57240674308
3405,10BA0001326,430459,437483,1,1,20/02/2010,2130,6,1,4,1,3,2,1,32,9,53.832501842,-1.53713830534
3406,10MU0001261,442786,442109,2,1,20/02/2010,1245,2,1,1,1,1,3,1,20,9,53.8732131014,-1.34918109719
3407,10BA0001328,433619,436401,2,1,21/02/2010,515,3,1,4,1,2,3,2,41,8,53.8225813084,-1.48923856998
3408,10MU0001281,431949,428140,2,1,21/02/2010,640,1,3,4,3,1,2,2,26,9,53.7484309142,-1.51546556905
3409,10MU0001361,432094,430212,3,4,21/02/2010,650,1,3,4,3,1,3,1,19,9,53.7670466927,-1.51305121338
3410,10MU0001361,432094,430212,3,4,21/02/2010,650,1,3,4,3,2,3,1,28,9,53.7670466927,-1.51305121338
3411,10MU0001361,432094,430212,3,4,21/02/2010,650,1,3,4,3,2,2,1,20,9,53.7670466927,-1.51305121338
3412,10MU0001361,432094,430212,3,4,21/02/2010,650,1,3,4,3,2,3,1,19,9,53.7670466927,-1.51305121338
3413,10MU0001319,429833,434392,2,3,22/02/2010,1457,2,2,1,1,1,3,1,53,9,53.8047540892,-1.54695059155
3414,10MU0001319,429833,434392,2,3,22/02/2010,1457,2,2,1,1,1,3,2,23,9,53.8047540892,-1.54695059155
3415,10MU0001319,429833,434392,2,3,22/02/2010,1457,2,2,1,1,2,3,2,55,9,53.8047540892,-1.54695059155
3416,10AA0001350,428906,435505,2,1,23/02/2010,2120,3,3,4,3,1,3,1,24,1,53.8148108936,-1.56092318582
3417,10AA0001531,420759,440047,1,1,23/02/2010,820,6,1,1,1,3,3,2,15,9,53.8560272429,-1.6843653054
3418,10AA0002067,420201,445696,1,1,23/02/2010,1510,4,1,1,1,3,3,2,23,9,53.9068267519,-1.6924770041
3419,10CA0001400,429490,425807,2,1,23/02/2010,2239,3,2,4,3,1,2,1,65,4,53.727604918,-1.55297972675
3420,10AA0001362,427603,436790,2,1,24/02/2010,1620,3,1,1,1,1,3,1,33,1,53.8264322334,-1.58059959304
3421,10AA0001437,429565,434816,2,1,24/02/2010,1530,3,1,1,1,1,3,1,57,9,53.8085806115,-1.55097962728
3422,10BA0001375,432153,434607,2,1,24/02/2010,1919,6,1,4,1,1,3,1,40,9,53.8065484054,-1.51169754858
3423,10CA0001445,426375,426745,2,1,24/02/2010,1830,3,1,4,1,1,3,1,42,1,53.7362033252,-1.60011669465
3424,10CA0001458,429505,430287,1,1,24/02/2010,1145,6,2,1,1,3,3,1,43,9,53.7678739575,-1.55232447351
3425,10AA0001396,429714,435509,1,1,25/02/2010,2010,6,2,4,8,3,3,1,36,9,53.8148012975,-1.54864984215
3426,10AA0001434,427372,433508,1,1,25/02/2010,2030,6,1,4,1,3,3,1,13,9,53.7969433555,-1.58440123576
3427,10AA0001676,424298,437191,2,1,25/02/2010,740,3,2,1,9,1,3,1,30,1,53.8302017685,-1.63078289298
3428,10AA0082105,424058,431839,2,1,25/02/2010,843,6,2,1,1,1,1,2,23,9,53.7821047825,-1.63484797385
3429,10BA0001411,431741,435483,1,1,25/02/2010,1035,3,2,1,1,2,3,2,67,11,53.8144477939,-1.51786393215
3430,10BA0002459,431908,432301,3,1,25/02/2010,1235,3,2,1,1,1,3,1,52,21,53.785835566,-1.5156570581
3431,10CA0001408,429772,434480,1,1,25/02/2010,1537,3,2,1,1,2,3,2,56,11,53.8055485921,-1.54786840656
3432,10CA0001417,428944,429843,2,1,25/02/2010,1640,3,2,1,2,1,3,1,25,1,53.7639144119,-1.56087782136
3433,10CA0001443,430698,434887,4,3,25/02/2010,1846,3,2,4,2,2,3,2,57,9,53.809153161,-1.53376565005
3434,10CA0001443,430698,434887,4,3,25/02/2010,1846,3,2,4,2,1,3,2,43,9,53.809153161,-1.53376565005
3435,10CA0001443,430698,434887,4,3,25/02/2010,1846,3,2,4,2,1,3,1,60,9,53.809153161,-1.53376565005
3436,10AA0001397,425064,433367,2,1,26/02/2010,1035,4,2,1,2,1,3,2,72,9,53.7957922445,-1.6194549998
3437,10AA0001622,424399,439038,2,1,26/02/2010,1740,6,2,1,1,1,3,1,56,8,53.8467992825,-1.62910151546
3438,10CA0001452,436200,427757,2,1,26/02/2010,1645,3,2,1,1,1,3,1,34,1,53.7447103184,-1.45104339263
3439,10CA0001459,427802,430640,3,2,26/02/2010,1505,3,1,1,1,1,3,1,63,9,53.7711407043,-1.5781312654
3440,10CA0001459,427802,430640,3,2,26/02/2010,1505,3,1,1,1,2,3,2,62,9,53.7711407043,-1.5781312654
3441,10CA0001716,430426,433457,2,1,26/02/2010,512,6,1,7,1,2,3,2,21,8,53.7963152865,-1.5380378873
3442,10AA0001435,419404,441973,2,3,27/02/2010,1538,6,1,1,1,1,3,1,40,9,53.8733920746,-1.70484554932
3443,10AA0001435,419404,441973,2,3,27/02/2010,1538,6,1,1,1,2,3,2,31,9,53.8733920746,-1.70484554932
3444,10AA0001435,419404,441973,2,3,27/02/2010,1538,6,1,1,1,2,3,2,10,9,53.8733920746,-1.70484554932
3445,10AA0001438,429230,435447,2,1,27/02/2010,1420,6,2,1,1,1,3,1,24,3,53.8142714333,-1.5560073575
3446,10AA0001532,422004,440637,2,2,27/02/2010,645,6,4,7,1,1,2,1,43,9,53.8612793384,-1.66539347252
3447,10AA0001532,422004,440637,2,2,27/02/2010,645,6,4,7,1,2,2,1,64,9,53.8612793384,-1.66539347252
3448,10BA0001433,440026,448365,1,1,27/02/2010,1405,3,1,1,1,3,3,1,45,9,53.9296644874,-1.39034268959
3449,10BA0001454,435744,436069,2,3,27/02/2010,1645,6,2,1,1,1,3,2,28,9,53.8194553109,-1.45699434009
3450,10BA0001454,435744,436069,2,3,27/02/2010,1645,6,2,1,1,1,3,2,28,9,53.8194553109,-1.45699434009
3451,10BA0001454,435744,436069,2,3,27/02/2010,1645,6,2,1,1,2,3,2,32,9,53.8194553109,-1.45699434009
3452,10CA0001620,427843,430554,2,1,27/02/2010,1300,3,2,1,1,1,3,2,21,9,53.7703654761,-1.57751691021
3453,10AA0001453,420089,441166,1,4,28/02/2010,104,6,1,4,1,1,3,2,22,9,53.866112059,-1.69447903468
3454,10AA0001453,420089,441166,1,4,28/02/2010,104,6,1,4,1,2,3,2,18,9,53.866112059,-1.69447903468
3455,10AA0001453,420089,441166,1,4,28/02/2010,104,6,1,4,1,2,3,1,25,9,53.866112059,-1.69447903468
3456,10AA0001453,420089,441166,1,4,28/02/2010,104,6,1,4,1,2,3,1,24,9,53.866112059,-1.69447903468
3457,10BA0001845,445337,431665,2,5,28/02/2010,1235,3,1,1,1,1,3,2,38,9,53.7791224301,-1.31192078926
3458,10BA0001845,445337,431665,2,5,28/02/2010,1235,3,1,1,1,1,3,1,42,9,53.7791224301,-1.31192078926
3459,10BA0001845,445337,431665,2,5,28/02/2010,1235,3,1,1,1,2,3,1,9,9,53.7791224301,-1.31192078926
3460,10BA0001845,445337,431665,2,5,28/02/2010,1235,3,1,1,1,2,2,1,8,9,53.7791224301,-1.31192078926
3461,10BA0001845,445337,431665,2,5,28/02/2010,1235,3,1,1,1,2,3,1,10,9,53.7791224301,-1.31192078926
3462,10CA0001456,430705,433034,1,2,28/02/2010,825,3,1,1,1,1,3,1,34,9,53.7924966664,-1.53384410831
3463,10CA0001456,430705,433034,1,2,28/02/2010,825,3,1,1,1,3,3,2,26,9,53.7924966664,-1.53384410831
3464,10CA0001754,430412,433883,1,1,28/02/2010,49,6,1,4,1,3,2,1,29,10,53.8001453,-1.53820837765
3465,10CA0001515,429904,433411,2,1,01/03/2010,1645,6,1,1,1,1,3,1,44,8,53.7959320706,-1.54596767403
3466,10AA0001552,426760,438352,2,1,02/03/2010,2040,6,1,4,1,1,3,1,57,8,53.8405167262,-1.59327177778
3467,10AA0001570,422391,432662,1,1,02/03/2010,1531,6,1,1,1,3,2,1,7,9,53.7895770017,-1.66008938104
3468,10AA0001577,428595,435253,2,1,02/03/2010,1736,6,1,1,1,1,3,1,26,1,53.8125629313,-1.56567048742
3469,10AA0001626,425143,437846,2,1,02/03/2010,1616,3,1,1,1,1,3,2,25,1,53.8360492062,-1.61788952845
3470,10AA0001638,428952,433915,1,1,02/03/2010,2015,6,1,4,1,3,3,1,17,9,53.8005162476,-1.56037403144
3471,10BA0001602,431084,434205,2,1,02/03/2010,2340,6,1,4,1,1,3,2,21,9,53.8029999408,-1.52797225197
3472,10BA0001605,432938,440121,2,1,02/03/2010,2050,6,1,4,1,2,3,1,20,9,53.8560625301,-1.4991854843
3473,10BA0001623,440031,436981,3,1,02/03/2010,850,6,4,1,1,1,3,2,51,9,53.8273403378,-1.39175340286
3474,10BA0001625,429403,439561,1,1,02/03/2010,2345,6,1,4,1,3,3,1,69,9,53.8512411378,-1.55298605645
3475,10CA0001567,424237,428237,2,1,02/03/2010,1330,3,1,1,1,2,3,2,17,9,53.7497185473,-1.63241408863
3476,10CA0001709,429671,432926,2,2,02/03/2010,1309,6,1,1,1,1,3,1,19,9,53.7915858712,-1.54955190382
3477,10CA0001709,429671,432926,2,2,02/03/2010,1309,6,1,1,1,1,3,1,57,9,53.7915858712,-1.54955190382
3478,10AA0001548,423135,433801,2,1,03/03/2010,1230,6,1,1,1,2,3,2,35,11,53.7997827564,-1.648709643
3479,10AA0001635,429586,434803,1,1,03/03/2010,2230,3,1,4,1,3,2,2,20,9,53.8084625638,-1.55066194882
3480,10BA0001535,431523,435142,2,1,03/03/2010,915,3,1,1,1,1,3,1,17,3,53.8113959184,-1.52121009116
3481,10BA0001689,430968,433420,3,3,03/03/2010,839,3,1,1,1,1,3,2,22,9,53.7959507246,-1.52981264972
3482,10BA0001689,430968,433420,3,3,03/03/2010,839,3,1,1,1,2,3,2,22,9,53.7959507246,-1.52981264972
3483,10BA0001689,430968,433420,3,3,03/03/2010,839,3,1,1,1,2,3,1,25,9,53.7959507246,-1.52981264972
3484,10CA0001576,426382,427931,2,2,03/03/2010,855,6,1,1,1,1,3,2,24,9,53.7468637812,-1.59990931986
3485,10CA0001576,426382,427931,2,2,03/03/2010,855,6,1,1,1,2,3,1,23,9,53.7468637812,-1.59990931986
3486,10MU0001656,429023,431726,2,1,03/03/2010,755,1,1,1,1,1,2,1,42,5,53.7808358997,-1.55950214591
3487,10AA0001598,422734,435525,2,3,04/03/2010,2300,6,1,4,1,1,3,1,29,8,53.815297188,-1.65467112058
3488,10AA0001598,422734,435525,2,3,04/03/2010,2300,6,1,4,1,2,3,2,30,8,53.815297188,-1.65467112058
3489,10AA0001598,422734,435525,2,3,04/03/2010,2300,6,1,4,1,2,3,1,18,8,53.815297188,-1.65467112058
3490,10AA0001614,420263,445404,2,1,04/03/2010,2210,6,1,4,1,1,3,1,40,1,53.9041996245,-1.69155252
3491,10AA0001630,424893,434685,1,1,04/03/2010,1720,6,1,1,1,1,2,1,32,2,53.807647708,-1.62194466672
3492,10BA0001673,440158,448317,1,1,04/03/2010,730,3,1,1,1,3,3,1,16,9,53.9292228273,-1.38833856204
3493,10BA0001685,436153,434841,1,1,04/03/2010,1201,3,1,1,1,1,3,1,72,9,53.8083890552,-1.45092560888
3494,10CA0001596,431159,431435,2,1,04/03/2010,1550,6,1,1,1,1,2,1,39,5,53.7780967054,-1.5271134942
3495,10CA0001672,430355,432103,2,1,04/03/2010,1645,6,1,1,1,1,3,2,34,9,53.7841486884,-1.53924923916
3496,10CA0001758,429594,427352,2,1,04/03/2010,1919,6,1,4,1,1,3,1,57,9,53.7414867737,-1.55125541905
3497,10AA0001621,426766,438352,2,1,05/03/2010,850,3,1,1,1,1,3,2,44,9,53.840516417,-1.59318058565
3498,10AA0001694,425203,437136,2,1,05/03/2010,1650,6,1,1,9,1,3,1,7,1,53.8296642795,-1.61703592466
3499,10BA0001687,433619,434710,1,1,05/03/2010,1925,6,1,4,1,3,3,2,77,9,53.8073815347,-1.4894233449
3500,10BA0002219,433354,439045,3,1,05/03/2010,1916,3,1,6,1,2,3,1,12,9,53.8463642561,-1.49297747661
3501,10CA0001713,430659,433713,2,1,05/03/2010,855,3,1,1,1,1,3,2,23,1,53.7986027196,-1.53447486139
3502,10BA0001702,436798,434609,3,2,06/03/2010,930,6,2,1,2,1,2,1,47,5,53.8062584662,-1.44115790237
3503,10BA0001702,436798,434609,3,2,06/03/2010,930,6,2,1,2,2,3,2,42,5,53.8062584662,-1.44115790237
3504,10CA0001926,431943,430332,1,3,06/03/2010,1411,3,1,1,1,1,3,1,20,9,53.7681346242,-1.51532975942
3505,10CA0001926,431943,430332,1,3,06/03/2010,1411,3,1,1,1,2,3,1,21,9,53.7681346242,-1.51532975942
3506,10CA0001926,431943,430332,1,3,06/03/2010,1411,3,1,1,1,2,3,1,20,9,53.7681346242,-1.51532975942
3507,10MU0001700,432194,426021,1,1,06/03/2010,1819,1,1,4,1,1,3,1,49,9,53.7293686224,-1.51197079117
3508,10AA0002071,428241,435028,1,1,07/03/2010,1705,6,1,1,1,3,2,2,5,9,53.8105598125,-1.57106787563
3509,10BA0001665,433585,435805,1,1,07/03/2010,15,6,1,4,1,2,3,2,32,9,53.8172262868,-1.4898201754
3510,10BA0001934,434262,433828,1,1,07/03/2010,202,6,1,4,1,3,3,1,34,9,53.7994115951,-1.47975659979
3511,10BA0002235,427840,441570,2,5,07/03/2010,1315,6,1,1,1,1,3,1,21,9,53.8693855421,-1.57656533126
3512,10BA0002235,427840,441570,2,5,07/03/2010,1315,6,1,1,1,1,3,1,44,9,53.8693855421,-1.57656533126
3513,10BA0002235,427840,441570,2,5,07/03/2010,1315,6,1,1,1,2,2,1,20,9,53.8693855421,-1.57656533126
3514,10BA0002235,427840,441570,2,5,07/03/2010,1315,6,1,1,1,2,2,1,21,9,53.8693855421,-1.57656533126
3515,10BA0002235,427840,441570,2,5,07/03/2010,1315,6,1,1,1,2,2,2,22,9,53.8693855421,-1.57656533126
3516,10MU0001832,432311,426789,1,1,07/03/2010,2336,1,1,4,1,2,3,1,23,9,53.7362647717,-1.51011700271