Col.Number,Reference.Number,Easting,Northing,Number.of.Vehicles,Number.of.Casualties,Accident.Date,Time..24hr.,X1st.Road.Class,Road.Surface,Lighting.Conditions,Weather.Conditions,Casualty.Class,Casualty.Severity,Sex.of.Casualty,Age.of.Casualty,Type.of.Vehicle,Latitude,Longitude
3517,10AA0001714,430042,434029,1,1,08/03/2010,1420,6,1,1,1,2,3,2,36,11,53.8014791535,-1.54381220893
3518,10AA0001735,426020,432972,1,1,08/03/2010,810,6,1,1,1,3,2,1,11,9,53.7921947329,-1.60497385345
3519,10AA0001766,425057,433375,2,1,08/03/2010,1350,4,1,1,1,1,3,2,42,9,53.7958644922,-1.61956062696
3520,10AA0001774,423950,434177,2,1,08/03/2010,1730,3,1,1,8,1,3,1,24,3,53.8031256707,-1.63630540761
3521,10BA0002293,440137,426162,2,1,08/03/2010,915,3,1,1,1,1,2,2,69,1,53.7300852168,-1.39155119754
3522,10MU0002013,430829,430567,2,1,08/03/2010,1610,1,1,1,1,1,3,2,48,9,53.7703141177,-1.5322083362
3523,10BA0001736,431006,440304,2,2,09/03/2010,815,3,1,1,1,1,3,1,52,9,53.8578264347,-1.52854146933
3524,10BA0001736,431006,440304,2,2,09/03/2010,815,3,1,1,1,1,3,2,22,9,53.8578264347,-1.52854146933
3525,10CA0001764,430844,433328,1,1,09/03/2010,1100,3,1,1,1,2,3,2,43,11,53.7951311287,-1.53170448537
3526,10CA0001924,426455,428516,2,1,09/03/2010,1705,3,1,1,1,1,3,1,47,9,53.7521185672,-1.59875218053
3527,10MU0001750,434026,429900,2,1,09/03/2010,1226,1,1,1,1,1,3,2,34,9,53.7641195816,-1.48377346348
3528,10AA0001822,424093,437269,2,1,10/03/2010,845,3,1,1,1,1,3,1,28,1,53.830912439,-1.63389175974
3529,10AA0002103,427904,434616,2,1,10/03/2010,815,6,1,1,1,1,2,1,16,2,53.8068746406,-1.57622352189
3530,10BA0001837,430784,438587,1,1,10/03/2010,1640,6,1,1,1,2,3,2,83,11,53.8424061618,-1.53208910287
3531,10CA0001757,426776,430432,1,1,10/03/2010,1330,3,1,1,1,3,2,1,22,19,53.769324795,-1.5937174471
3532,10CA0001768,428499,427575,2,1,10/03/2010,800,3,1,1,1,1,3,1,70,9,53.7435522979,-1.56783820621
3533,10CA0001811,429647,433378,2,1,10/03/2010,1645,6,1,1,1,2,3,1,36,11,53.7956501506,-1.54987274712
3534,10CA0001813,424930,427639,2,6,10/03/2010,2200,3,1,4,1,1,3,1,45,9,53.7443104985,-1.62195233942
3535,10CA0001813,424930,427639,2,6,10/03/2010,2200,3,1,4,1,1,3,1,35,8,53.7443104985,-1.62195233942
3536,10CA0001813,424930,427639,2,6,10/03/2010,2200,3,1,4,1,2,3,2,16,9,53.7443104985,-1.62195233942
3537,10CA0001813,424930,427639,2,6,10/03/2010,2200,3,1,4,1,2,3,1,16,9,53.7443104985,-1.62195233942
3538,10CA0001813,424930,427639,2,6,10/03/2010,2200,3,1,4,1,2,3,1,16,9,53.7443104985,-1.62195233942
3539,10CA0001813,424930,427639,2,6,10/03/2010,2200,3,1,4,1,2,3,2,16,8,53.7443104985,-1.62195233942
3540,10CA0001933,427505,425499,2,1,10/03/2010,1820,3,1,4,1,2,3,1,32,9,53.7249448,-1.58309556665
3541,10AA0001805,424895,443474,2,1,11/03/2010,1015,3,1,1,1,1,2,2,71,1,53.8866496742,-1.62120174802
3542,10AA0001918,421904,442191,2,1,11/03/2010,1500,6,1,1,1,2,3,1,46,10,53.8752520941,-1.66680311501
3543,10AA0002171,427328,437195,2,1,11/03/2010,1738,3,1,4,1,1,2,1,39,5,53.8300872033,-1.58474182375
3544,10AA0002221,426284,435585,2,1,11/03/2010,1710,3,1,1,1,1,3,1,27,9,53.8156691617,-1.60074293003
3545,10BA0001930,430513,439244,2,1,11/03/2010,1720,3,1,1,1,1,3,2,35,9,53.8483276943,-1.53614282417
3546,10CA0001796,430321,433737,1,1,11/03/2010,930,6,1,1,1,3,3,1,17,11,53.7988382591,-1.53960449469
3547,10MU0001815,432060,428815,2,1,11/03/2010,2119,1,1,4,1,1,3,2,19,9,53.7544915101,-1.51371215623
3548,10AA0002501,420331,434271,2,1,12/03/2010,1700,3,1,1,9,1,3,1,23,9,53.8041246759,-1.69125484996
3549,10BA0001821,434531,435514,1,1,12/03/2010,1515,6,1,1,1,3,3,2,12,9,53.8145486264,-1.47548308459
3550,10CA0001872,429796,433868,1,1,12/03/2010,1110,6,1,1,1,3,3,1,57,9,53.8000461178,-1.54756316883
3551,10CA0002041,431124,431926,2,2,12/03/2010,1405,3,1,1,1,1,3,1,64,9,53.7825122674,-1.52759508808
3552,10CA0002041,431124,431926,2,2,12/03/2010,1405,3,1,1,1,2,3,2,65,9,53.7825122674,-1.52759508808
3553,10AA0001949,424187,438884,2,1,13/03/2010,1509,6,1,1,1,1,3,1,51,5,53.8454249314,-1.63233626401
3554,10BA0001840,442898,429642,1,1,13/03/2010,755,6,4,1,1,1,3,2,23,9,53.7611454404,-1.34921606415
3555,10BA0002216,432062,435973,1,1,13/03/2010,1130,6,1,1,1,3,3,1,48,9,53.8188325412,-1.51293716599
3556,10CA0001846,432296,427197,2,1,13/03/2010,1710,3,1,1,1,1,2,1,45,5,53.739933121,-1.51030178653
3557,10BA0001824,435607,435049,2,3,14/03/2010,1830,3,1,4,1,1,3,2,36,9,53.8102963546,-1.45919352069
3558,10BA0001824,435607,435049,2,3,14/03/2010,1830,3,1,4,1,1,3,2,38,9,53.8102963546,-1.45919352069
3559,10BA0001824,435607,435049,2,3,14/03/2010,1830,3,1,4,1,2,3,2,19,9,53.8102963546,-1.45919352069
3560,10BA0001867,438779,430860,1,1,14/03/2010,1205,3,1,1,1,1,3,1,19,5,53.772416449,-1.4115464453
3561,10BA0002227,430437,435045,2,1,14/03/2010,1541,6,1,1,1,1,3,1,32,9,53.810588718,-1.53771389116
3562,10CA0001835,430779,433473,3,2,14/03/2010,1200,3,1,1,1,1,3,1,54,9,53.7964383421,-1.53267683648
3563,10CA0001835,430779,433473,3,2,14/03/2010,1200,3,1,1,1,1,3,1,46,9,53.7964383421,-1.53267683648
3564,10AA0001955,419616,438542,1,1,15/03/2010,2325,6,2,4,1,1,3,1,40,9,53.8425435258,-1.70184018188
3565,10BA0001819,431703,432857,2,1,15/03/2010,830,6,1,1,1,1,3,2,42,9,53.7908458164,-1.51871150568
3566,10AA0001927,426629,437615,2,1,16/03/2010,1750,6,1,1,9,2,3,2,76,11,53.8338987648,-1.59532668012
3567,10AA0002101,427399,438128,3,1,16/03/2010,1255,6,1,1,1,1,3,1,43,19,53.838469941,-1.58357980242
3568,10BA0001917,432510,438021,2,1,16/03/2010,755,6,1,1,1,1,3,2,50,9,53.8372134384,-1.50591517634
3569,10BA0001919,442693,429010,2,1,16/03/2010,1815,3,1,6,1,1,3,1,59,9,53.7554815508,-1.35241319448
3570,10BA0001925,431882,435285,1,1,16/03/2010,1715,6,1,1,1,3,3,1,16,9,53.8126594104,-1.51574278521
3571,10BA0002043,431266,436332,2,1,16/03/2010,900,4,1,1,1,1,3,2,40,9,53.8221079594,-1.5249924673
3572,10AA0001981,430672,433454,1,1,17/03/2010,1043,6,1,1,1,2,3,2,85,11,53.7962738756,-1.53430326977
3573,10AA0002075,427381,442276,2,1,17/03/2010,840,6,1,1,1,2,3,1,10,9,53.8757559627,-1.58348327346
3574,10AA0002084,428525,433265,2,1,17/03/2010,840,3,1,1,1,1,3,1,19,9,53.7946971463,-1.56691787157
3575,10AA0002096,427954,435687,2,4,17/03/2010,1435,6,1,1,1,1,3,1,33,9,53.8164989019,-1.57536690883
3576,10AA0002096,427954,435687,2,4,17/03/2010,1435,6,1,1,1,2,3,1,34,9,53.8164989019,-1.57536690883
3577,10AA0002096,427954,435687,2,4,17/03/2010,1435,6,1,1,1,2,3,1,33,9,53.8164989019,-1.57536690883
3578,10AA0002096,427954,435687,2,4,17/03/2010,1435,6,1,1,1,2,3,1,33,9,53.8164989019,-1.57536690883
3579,10BA0002028,435371,436546,2,2,17/03/2010,1245,6,1,1,1,1,3,1,45,20,53.8237683787,-1.462605641
3580,10BA0002028,435371,436546,2,2,17/03/2010,1245,6,1,1,1,1,3,1,30,9,53.8237683787,-1.462605641
3581,10BA0002032,441361,433577,2,1,17/03/2010,720,6,1,1,1,1,3,2,37,9,53.7966394973,-1.37200370629
3582,10BA0002035,434889,442792,1,1,17/03/2010,1000,6,1,1,1,1,3,1,42,9,53.8799434196,-1.46921849685
3583,10BA0002363,430784,434550,1,1,17/03/2010,1810,3,1,1,1,2,3,1,65,11,53.8061188855,-1.53249325284
3584,10CA0001922,430072,433367,1,1,17/03/2010,840,6,1,1,1,3,3,2,28,8,53.795526883,-1.54342131518
3585,10CA0001937,430411,433697,1,1,17/03/2010,1327,6,1,1,1,2,3,1,29,11,53.7984734568,-1.53824192904
3586,10AA0002070,425001,432199,2,1,18/03/2010,845,6,1,1,1,3,3,1,4,9,53.7852963259,-1.62050627248
3587,10AA0002072,422449,432845,2,1,18/03/2010,1310,6,1,1,1,2,3,1,34,9,53.7912194653,-1.65919558592
3588,10AA0002077,429741,434519,1,1,18/03/2010,1340,3,1,1,1,3,3,2,20,9,53.8059009259,-1.54833540318
3589,10CA0001991,431152,431889,2,1,18/03/2010,1954,3,2,7,2,1,3,1,24,2,53.7821780094,-1.52717385458
3590,10CA0002111,430764,424529,3,1,18/03/2010,1840,3,1,4,1,1,3,1,41,9,53.7160436039,-1.53379572662
3591,10AA0002078,428044,432826,1,2,19/03/2010,820,4,1,1,1,1,2,1,23,1,53.7907772237,-1.5742604134
3592,10AA0002078,428044,432826,1,2,19/03/2010,820,4,1,1,1,3,3,1,90,1,53.7907772237,-1.5742604134
3593,10AA0002089,420714,440961,1,2,19/03/2010,2030,6,2,4,1,1,3,2,19,9,53.8642447887,-1.68498780242
3594,10AA0002089,420714,440961,1,2,19/03/2010,2030,6,2,4,1,2,3,1,20,9,53.8642447887,-1.68498780242
3595,10AA0002185,429577,434795,1,1,19/03/2010,805,3,1,1,1,3,2,1,29,9,53.808391166,-1.55079940065
3596,10BA0002030,433833,434461,2,1,19/03/2010,2210,6,2,7,5,1,3,1,23,9,53.8051294855,-1.48620080607
3597,10BA0002085,443332,435486,2,2,19/03/2010,1800,4,1,1,1,1,3,1,18,9,53.8136379412,-1.34181085459
3598,10BA0002085,443332,435486,2,2,19/03/2010,1800,4,1,1,1,1,3,2,24,9,53.8136379412,-1.34181085459
3599,10BA0002139,433161,435240,2,1,19/03/2010,2020,6,2,4,2,1,3,2,19,9,53.8121749239,-1.49632165363
3600,10CA0002001,426313,426961,2,1,19/03/2010,2350,6,1,4,1,1,3,1,41,9,53.7381480573,-1.60103829297
3601,10CA0002040,426992,427909,2,1,19/03/2010,1742,6,1,5,1,1,3,1,35,8,53.7466347923,-1.59066067205
3602,10MU0002003,424465,427800,2,1,19/03/2010,1110,1,1,1,1,1,3,1,64,9,53.7457797445,-1.62899085726
3603,10AA0002113,420437,445240,2,1,20/03/2010,1110,6,2,1,2,1,3,1,43,1,53.9027186413,-1.68891485188
3604,10BA0002068,431691,433964,2,1,20/03/2010,1400,6,1,1,1,1,3,1,52,9,53.8007970373,-1.51877977978
3605,10MU0002002,427283,426210,2,2,20/03/2010,1125,1,2,1,2,1,3,1,30,9,53.7313475553,-1.58639769421
3606,10MU0002002,427283,426210,2,2,20/03/2010,1125,1,2,1,2,2,3,2,18,9,53.7313475553,-1.58639769421
3607,10MU0002056,429418,433941,2,3,20/03/2010,1500,2,2,1,8,1,3,1,45,9,53.8007238097,-1.55329573596
3608,10MU0002056,429418,433941,2,3,20/03/2010,1500,2,2,1,8,2,3,2,43,9,53.8007238097,-1.55329573596
3609,10MU0002056,429418,433941,2,3,20/03/2010,1500,2,2,1,8,2,3,2,18,9,53.8007238097,-1.55329573596
3610,10BA0002081,442464,445849,2,1,22/03/2010,830,3,1,1,1,1,3,2,50,9,53.9068558086,-1.35356017186
3611,10BA0002266,441404,449827,3,1,22/03/2010,703,4,1,1,1,1,3,1,55,9,53.9426969596,-1.36915682636
3612,10CA0002074,430112,431743,1,1,22/03/2010,1155,3,1,1,1,2,3,2,76,11,53.7809268534,-1.54297270883
3613,10CA0002214,435794,425979,2,1,22/03/2010,1557,3,1,1,1,1,3,1,45,1,53.7287564455,-1.45740576928
3614,10CA0002341,430022,433781,2,1,22/03/2010,1710,6,1,1,1,1,3,1,39,1,53.7992511045,-1.54414007653
3615,10BA0002151,431597,434012,2,1,23/03/2010,1640,6,1,1,1,1,3,1,48,3,53.8012342128,-1.52020216665
3616,10CA0002128,433549,429830,2,1,23/03/2010,718,3,2,1,1,1,3,1,51,1,53.7635213136,-1.4910175769
3617,10CA0002166,429701,433432,1,1,23/03/2010,1705,6,2,1,2,3,3,2,28,9,53.7961324625,-1.54904769189
3618,10BA0002228,435863,436381,1,1,24/03/2010,2149,3,2,4,1,1,3,1,39,5,53.8222515491,-1.45515025865
3619,10BA0003378,430650,434641,2,1,24/03/2010,1055,3,1,1,1,1,3,1,51,9,53.8069447719,-1.53451913301
3620,10CA0002186,430153,432848,2,1,24/03/2010,1410,3,1,1,1,2,3,2,76,9,53.7908570424,-1.54224234492
3621,10CA0002292,424177,428139,2,3,24/03/2010,1905,3,2,7,1,1,3,1,83,9,53.7488404219,-1.63333171733
3622,10CA0002292,424177,428139,2,3,24/03/2010,1905,3,2,7,1,2,3,2,81,9,53.7488404219,-1.63333171733
3623,10CA0002292,424177,428139,2,3,24/03/2010,1905,3,2,7,1,2,3,2,79,9,53.7488404219,-1.63333171733
3624,10CA0002343,430676,434520,2,3,24/03/2010,1245,6,1,1,1,2,3,2,19,9,53.8058556059,-1.53413634393
3625,10CA0002343,430676,434520,2,3,24/03/2010,1245,6,1,1,1,2,3,2,21,9,53.8058556059,-1.53413634393
3626,10CA0002343,430676,434520,2,3,24/03/2010,1245,6,1,1,1,2,3,2,20,9,53.8058556059,-1.53413634393
3627,10MU0002161,431977,426257,3,1,24/03/2010,710,1,1,1,1,1,3,2,23,9,53.7315033277,-1.51523576323
3628,10BA0002220,434945,434666,2,1,25/03/2010,1510,3,1,1,1,1,3,2,35,9,53.8068986257,-1.46929111812
3629,10BA0002286,433161,435238,2,2,25/03/2010,845,6,2,1,2,1,3,2,38,9,53.8121569466,-1.49632186915
3630,10BA0002286,433161,435238,2,2,25/03/2010,845,6,2,1,2,2,3,2,5,9,53.8121569466,-1.49632186915
3631,10CA0002177,429121,433562,2,1,25/03/2010,753,3,1,1,1,1,3,2,19,9,53.7973337875,-1.55784128879
3632,10MU0002211,443277,439467,3,2,25/03/2010,1150,2,1,1,1,1,3,2,50,9,53.8494252233,-1.34208568794
3633,10MU0002211,443277,439467,3,2,25/03/2010,1150,2,1,1,1,1,3,1,45,9,53.8494252233,-1.34208568794
3634,10AA0002168,425917,436241,2,1,26/03/2010,1330,3,1,1,1,1,3,2,50,9,53.8215842193,-1.60626228606
3635,10AA0002173,428297,432860,2,2,26/03/2010,1445,4,1,1,1,1,3,1,18,9,53.7910691455,-1.57041658355
3636,10AA0002173,428297,432860,2,2,26/03/2010,1445,4,1,1,1,1,2,1,45,9,53.7910691455,-1.57041658355
3637,10AA0002244,425965,434868,1,1,26/03/2010,1945,6,2,4,1,3,2,1,13,9,53.8092402374,-1.60564895086
3638,10BA0002299,431881,435332,1,1,26/03/2010,1600,6,2,1,2,3,2,2,81,19,53.8130819392,-1.5157531041
3639,10BA0002313,433726,438976,2,3,26/03/2010,2147,3,1,6,1,1,3,1,30,8,53.8457200184,-1.48733043712
3640,10BA0002313,433726,438976,2,3,26/03/2010,2147,3,1,6,1,1,3,1,22,9,53.8457200184,-1.48733043712
3641,10BA0002313,433726,438976,2,3,26/03/2010,2147,3,1,6,1,2,3,1,24,9,53.8457200184,-1.48733043712
3642,10BA0002423,432658,438129,2,1,26/03/2010,1330,6,1,1,1,1,3,2,31,9,53.8381749259,-1.50365449541
3643,10BA0126930,438792,430898,2,1,26/03/2010,1203,3,1,1,1,1,1,1,19,1,53.7727570466,-1.41134440882
3644,10CA0002250,430379,433540,1,1,26/03/2010,1045,6,1,1,1,3,3,1,22,11,53.7970640971,-1.53874328294
3645,10AA0002233,422818,437425,3,4,27/03/2010,1340,3,1,1,1,1,3,1,42,9,53.8323722462,-1.65325420107
3646,10AA0002233,422818,437425,3,4,27/03/2010,1340,3,1,1,1,2,3,2,43,9,53.8323722462,-1.65325420107
3647,10AA0002233,422818,437425,3,4,27/03/2010,1340,3,1,1,1,1,3,1,20,9,53.8323722462,-1.65325420107
3648,10AA0002233,422818,437425,3,4,27/03/2010,1340,3,1,1,1,2,3,1,9,9,53.8323722462,-1.65325420107
3649,10AA0002245,426320,435507,2,1,27/03/2010,1725,3,1,1,1,1,3,1,25,9,53.8149662165,-1.60020277319
3650,10AA0002317,426483,435749,2,1,27/03/2010,2305,6,1,4,1,1,3,1,24,1,53.8171332202,-1.59770606054
3651,10AA0002320,426968,439828,2,1,27/03/2010,2350,3,1,7,1,2,3,2,19,9,53.853773303,-1.58998082464
3652,10BA0002218,430743,435758,2,2,27/03/2010,1815,6,1,1,1,1,3,2,18,9,53.816979653,-1.53299520304
3653,10BA0002218,430743,435758,2,2,27/03/2010,1815,6,1,1,1,2,3,2,15,9,53.816979653,-1.53299520304
3654,10CA0002210,430071,433827,1,1,27/03/2010,1655,6,1,1,1,3,3,1,15,9,53.7996617557,-1.5433915852
3655,10AA0002230,428093,434568,1,1,28/03/2010,2045,6,1,4,1,3,3,1,58,9,53.8064330054,-1.5733576575
3656,10BA0002197,432614,434949,1,1,28/03/2010,1730,6,1,1,1,3,3,1,12,9,53.8095938223,-1.50466046371
3657,10BA0002239,434065,435141,2,1,28/03/2010,1730,6,1,1,1,1,3,1,21,3,53.8112266109,-1.48260247642
3658,10BA0002301,440347,439747,2,1,28/03/2010,1940,3,1,1,1,1,3,2,52,9,53.8521779115,-1.38658901051
3659,10CA0002206,430152,433384,1,1,28/03/2010,250,6,1,4,1,3,3,2,18,9,53.7956750613,-1.5422050657
3660,10CA0002213,428929,433665,3,1,28/03/2010,1650,3,1,1,1,1,3,1,28,9,53.7982703406,-1.56074675152
3661,10CA0002291,430806,433845,2,1,28/03/2010,2145,3,1,4,1,1,3,2,28,9,53.7997805453,-1.53222969632
3662,10MU0002457,432381,426255,2,1,28/03/2010,1345,1,1,1,1,2,3,2,22,9,53.731460421,-1.509111668
3663,10BA0002372,434994,433421,2,1,29/03/2010,920,6,2,1,2,1,3,1,50,3,53.7957044976,-1.46868847917
3664,10CA0002297,430040,434053,2,1,29/03/2010,2015,6,2,4,2,1,3,1,25,1,53.8016949984,-1.54384023647
3665,10CA0002302,430672,433648,1,1,29/03/2010,1440,3,2,1,2,2,3,1,43,11,53.7980176868,-1.53428395046
3666,10CA0002312,430868,433354,2,1,29/03/2010,840,3,2,1,2,1,3,1,40,9,53.795363412,-1.53133750831
3667,10CA0002336,431273,429629,1,1,29/03/2010,2035,6,1,4,1,2,3,1,34,11,53.7618561935,-1.52556650373
3668,10AA0002368,429055,435490,2,1,30/03/2010,1145,6,2,1,1,1,3,2,29,9,53.8146677573,-1.55866139356
3669,10AA0002370,426861,438039,2,1,30/03/2010,1900,3,2,1,2,2,3,2,70,9,53.8376980427,-1.59176407663
3670,10AA0003115,427636,433716,2,1,30/03/2010,2030,3,1,1,1,1,3,1,59,9,53.7987990632,-1.5803742841
3671,10BA0002340,431948,435858,1,1,30/03/2010,1542,4,2,1,1,2,3,2,45,11,53.817805864,-1.51468084724
3672,10BA0002344,432106,435605,2,1,30/03/2010,645,6,2,1,1,1,3,1,43,1,53.8155219993,-1.51230718296
3673,10BA0002380,431336,433932,3,3,30/03/2010,2030,6,2,4,2,1,3,2,31,9,53.8005309056,-1.52417341995
3674,10BA0002380,431336,433932,3,3,30/03/2010,2030,6,2,4,2,2,3,1,28,9,53.8005309056,-1.52417341995
3675,10BA0002380,431336,433932,3,3,30/03/2010,2030,6,2,4,2,2,3,1,41,8,53.8005309056,-1.52417341995
3676,10MU0002347,444595,433616,1,1,30/03/2010,1355,2,2,1,1,1,3,2,57,9,53.796722889,-1.32289892056
3677,10AA0002376,426309,436559,1,1,31/03/2010,1735,6,1,1,1,3,2,2,13,9,53.8244229505,-1.60027987435
3678,10BA0002414,433115,435282,1,1,31/03/2010,1505,6,1,1,1,3,3,2,9,9,53.8125553786,-1.49701579248
3679,10BA0002417,436789,434648,1,1,31/03/2010,1300,6,1,1,1,2,3,2,82,11,53.8066096572,-1.44128991505
3680,10BA0002435,441634,433776,2,1,31/03/2010,1530,3,2,1,1,1,3,2,20,9,53.7984064268,-1.36783204327
3681,10BA0002498,430906,436549,2,1,31/03/2010,1630,4,1,1,1,1,3,2,30,9,53.8240800319,-1.53043974157
3682,10CA0002558,429693,433797,2,2,31/03/2010,1230,6,1,1,1,1,3,1,36,9,53.7994138074,-1.54913396294
3683,10CA0002558,429693,433797,2,2,31/03/2010,1230,6,1,1,1,2,3,2,30,9,53.7994138074,-1.54913396294
3684,10AA0002387,423475,434032,1,1,01/04/2010,1740,6,1,1,1,3,3,1,47,9,53.8018439451,-1.64352945693
3685,10BA0002482,430654,434688,2,1,01/04/2010,640,3,1,1,1,1,3,1,26,9,53.8073670051,-1.53445370677
3686,10CA0002361,426927,429265,1,1,01/04/2010,2007,3,1,4,1,2,3,1,34,11,53.7588270385,-1.59152815173
3687,10CA0002390,428984,425430,2,1,01/04/2010,815,6,2,1,1,1,3,1,27,9,53.7242444835,-1.56068493569
3688,10CA0002392,430420,433810,1,1,01/04/2010,940,6,1,1,1,2,3,2,21,11,53.7994886559,-1.53809411691
3689,10CA0002422,430378,433518,1,1,01/04/2010,1036,6,1,1,1,3,3,1,45,9,53.7968664036,-1.53876063563
3690,10CA0002468,430041,432509,1,1,01/04/2010,1730,3,1,1,1,3,3,2,46,9,53.7878163371,-1.54397562485
3691,10CA0002561,430702,434899,2,1,01/04/2010,1040,3,1,1,1,1,3,2,40,9,53.8092607892,-1.53370370412
3692,10MU0002409,435929,425930,2,2,01/04/2010,718,1,2,1,2,1,3,1,47,9,53.728306716,-1.45536512463
3693,10MU0002409,435929,425930,2,2,01/04/2010,718,1,2,1,2,1,3,1,57,9,53.728306716,-1.45536512463
3694,10MU0002433,435930,425929,2,1,01/04/2010,1300,1,1,1,1,1,3,2,45,9,53.7282976584,-1.45535008292
3695,10MU0002450,429963,434425,2,1,01/04/2010,1900,2,1,1,1,1,3,2,23,9,53.8050432439,-1.54497324431
3696,10AA0002375,426731,431736,4,1,02/04/2010,157,3,1,4,1,1,3,2,23,9,53.7810485305,-1.59428720781
3697,10AA0002395,422169,433993,2,1,02/04/2010,5,4,1,4,1,1,3,1,51,9,53.8015506811,-1.66336363515
3698,10AA0002442,429794,435257,2,3,02/04/2010,1800,6,1,1,1,2,3,1,18,9,53.8125315645,-1.54745909981
3699,10AA0002442,429794,435257,2,3,02/04/2010,1800,6,1,1,1,2,3,1,16,9,53.8125315645,-1.54745909981
3700,10AA0002442,429794,435257,2,3,02/04/2010,1800,6,1,1,1,1,3,1,18,9,53.8125315645,-1.54745909981
3701,10BA0002438,432531,433773,1,1,02/04/2010,2320,3,2,4,1,3,3,1,37,8,53.7990283463,-1.50604527365
3702,10BA0002454,432293,436288,2,3,02/04/2010,1615,6,2,1,2,1,3,1,22,9,53.8216496671,-1.50939504853
3703,10BA0002454,432293,436288,2,3,02/04/2010,1615,6,2,1,2,2,3,1,29,9,53.8216496671,-1.50939504853
3704,10BA0002454,432293,436288,2,3,02/04/2010,1615,6,2,1,2,2,3,2,20,9,53.8216496671,-1.50939504853
3705,10BA0002464,430786,438589,2,2,02/04/2010,1321,6,1,1,1,1,3,2,66,9,53.8424240206,-1.53205850392
3706,10BA0002464,430786,438589,2,2,02/04/2010,1321,6,1,1,1,1,3,2,36,9,53.8424240206,-1.53205850392
3707,10BA0002473,435885,435359,2,1,02/04/2010,2115,6,2,4,2,3,3,1,27,9,53.8130637056,-1.45493525934
3708,10CA0002554,425157,428997,3,2,02/04/2010,1740,3,2,1,2,1,3,1,64,8,53.7565064981,-1.61839950474
3709,10CA0002554,425157,428997,3,2,02/04/2010,1740,3,2,1,2,2,3,2,36,9,53.7565064981,-1.61839950474
3710,10CA0002563,428451,425846,2,1,02/04/2010,1100,6,1,1,1,1,3,1,15,1,53.7280131955,-1.56872518363
3711,10AA0002360,421634,440842,2,4,03/04/2010,2130,3,2,4,1,1,3,1,30,9,53.8631375899,-1.67100536391
3712,10AA0002360,421634,440842,2,4,03/04/2010,2130,3,2,4,1,2,3,1,23,9,53.8631375899,-1.67100536391
3713,10AA0002360,421634,440842,2,4,03/04/2010,2130,3,2,4,1,2,3,1,21,9,53.8631375899,-1.67100536391
3714,10AA0002360,421634,440842,2,4,03/04/2010,2130,3,2,4,1,2,3,1,30,9,53.8631375899,-1.67100536391
3715,10BA0002471,440541,431756,1,1,03/04/2010,1732,4,1,1,1,1,3,1,20,9,53.7803359682,-1.3846927746
3716,10BA0003351,430671,436794,2,1,03/04/2010,1430,6,1,1,1,2,3,2,35,9,53.8262961783,-1.5339855684
3717,10BA0003451,440024,427146,2,1,03/04/2010,338,6,2,4,1,1,3,1,22,9,53.7389386875,-1.39313670689
3718,10CA0002472,428308,429624,2,2,03/04/2010,1225,3,1,1,1,1,3,2,36,9,53.7619808149,-1.57054664242
3719,10CA0002472,428308,429624,2,2,03/04/2010,1225,3,1,1,1,2,3,2,5,9,53.7619808149,-1.57054664242
3720,10AA0002386,421910,441369,2,1,04/04/2010,1535,3,1,1,1,1,2,1,57,5,53.8678630879,-1.66677058406
3721,10AA0002698,427124,435703,2,2,04/04/2010,1815,4,1,1,1,1,3,1,67,9,53.8166866887,-1.58797318484
3722,10AA0002698,427124,435703,2,2,04/04/2010,1815,4,1,1,1,1,3,2,49,9,53.8166866887,-1.58797318484
3723,10BA0002467,434064,433352,1,1,04/04/2010,2145,6,1,4,1,3,3,1,19,11,53.795146002,-1.48281559412
3724,10BA0004480,431268,433820,2,1,04/04/2010,1530,6,1,1,1,1,2,1,30,9,53.799528263,-1.52521731002
3725,10CA0002743,428784,432725,2,1,04/04/2010,1745,3,1,1,1,1,3,1,41,9,53.7898289518,-1.56303616794
3726,10AA0002388,427276,437248,2,3,05/04/2010,1450,3,1,1,1,1,3,2,20,9,53.8305663381,-1.58552725549
3727,10AA0002388,427276,437248,2,3,05/04/2010,1450,3,1,1,1,1,3,1,40,9,53.8305663381,-1.58552725549
3728,10AA0002388,427276,437248,2,3,05/04/2010,1450,3,1,1,1,2,3,2,63,9,53.8305663381,-1.58552725549
3729,10AA0002673,420950,445760,1,1,05/04/2010,1150,3,1,1,1,1,3,2,17,16,53.907372288,-1.68107066846
3730,10MU0139624,441454,444853,1,1,05/04/2010,317,2,1,6,1,1,1,1,52,19,53.8979852357,-1.36906951436
3731,10AA0002507,426446,435335,3,2,06/04/2010,1610,3,1,1,1,1,3,2,45,9,53.8134137546,-1.59830368571
3732,10AA0002507,426446,435335,3,2,06/04/2010,1610,3,1,1,1,1,3,2,21,9,53.8134137546,-1.59830368571
3733,10AA0002644,422562,435165,2,1,06/04/2010,2100,6,1,4,1,1,2,1,52,9,53.8120687024,-1.65731014201
3734,10BA0002530,432362,434624,1,1,06/04/2010,1333,6,1,1,1,3,3,2,5,9,53.8066882494,-1.50852184009
3735,10MU0002531,430059,432406,1,1,06/04/2010,920,1,1,1,1,3,3,1,25,8,53.7868894571,-1.54371243942
3736,10AA0002520,422971,433001,2,4,07/04/2010,1635,6,1,1,1,1,3,1,25,9,53.792598945,-1.65125948986
3737,10AA0002520,422971,433001,2,4,07/04/2010,1635,6,1,1,1,1,3,1,21,9,53.792598945,-1.65125948986
3738,10AA0002520,422971,433001,2,4,07/04/2010,1635,6,1,1,1,2,3,2,21,9,53.792598945,-1.65125948986
3739,10AA0002520,422971,433001,2,4,07/04/2010,1635,6,1,1,1,2,3,2,21,9,53.792598945,-1.65125948986