Col.Number,Reference.Number,Easting,Northing,Number.of.Vehicles,Number.of.Casualties,Accident.Date,Time..24hr.,X1st.Road.Class,Road.Surface,Lighting.Conditions,Weather.Conditions,Casualty.Class,Casualty.Severity,Sex.of.Casualty,Age.of.Casualty,Type.of.Vehicle,Latitude,Longitude
3740,10AA0002533,417948,443073,3,3,07/04/2010,1800,3,1,1,1,1,3,1,73,9,53.8833321574,-1.72692807706
3741,10AA0002533,417948,443073,3,3,07/04/2010,1800,3,1,1,1,1,3,1,27,9,53.8833321574,-1.72692807706
3742,10AA0002533,417948,443073,3,3,07/04/2010,1800,3,1,1,1,1,3,2,51,9,53.8833321574,-1.72692807706
3743,10BA0002613,429236,438602,2,2,07/04/2010,2250,3,1,4,1,1,3,1,33,9,53.8426304346,-1.55561617792
3744,10BA0002613,429236,438602,2,2,07/04/2010,2250,3,1,4,1,2,2,1,20,9,53.8426304346,-1.55561617792
3745,10CA0002543,429861,433524,1,1,07/04/2010,1115,6,1,1,1,2,3,2,71,11,53.7969502673,-1.54660956535
3746,10CA0002652,423800,428190,2,3,07/04/2010,1640,3,1,1,1,1,3,1,46,9,53.7493162092,-1.63904524241
3747,10CA0002652,423800,428190,2,3,07/04/2010,1640,3,1,1,1,1,3,1,48,9,53.7493162092,-1.63904524241
3748,10CA0002652,423800,428190,2,3,07/04/2010,1640,3,1,1,1,2,3,1,15,9,53.7493162092,-1.63904524241
3749,10MU0002547,424388,427850,3,1,07/04/2010,820,1,1,1,1,1,3,1,38,9,53.7462327982,-1.63015458042
3750,10AA0002579,426543,435617,1,1,08/04/2010,1330,6,1,1,1,3,3,1,11,9,53.8159436435,-1.59680603535
3751,10BA0002535,431509,435129,2,2,08/04/2010,1650,3,1,1,1,1,3,1,60,19,53.8112799141,-1.5214240543
3752,10BA0002535,431509,435129,2,2,08/04/2010,1650,3,1,1,1,1,3,2,26,9,53.8112799141,-1.5214240543
3753,10CA0002596,426861,427579,1,1,08/04/2010,1335,6,1,1,1,3,3,2,4,19,53.7436752346,-1.59267594854
3754,10CA0002609,436609,428642,3,2,08/04/2010,1815,3,1,1,1,1,3,2,43,9,53.7526367215,-1.44473652801
3755,10CA0002609,436609,428642,3,2,08/04/2010,1815,3,1,1,1,2,3,1,13,9,53.7526367215,-1.44473652801
3756,10DA0002623,432195,426084,2,1,08/04/2010,640,1,1,1,1,1,2,1,38,4,53.7299348544,-1.5119490742
3757,10AA0002551,424613,437001,2,4,09/04/2010,1655,3,1,1,1,2,3,1,73,9,53.8284790761,-1.62601167583
3758,10AA0002551,424613,437001,2,4,09/04/2010,1655,3,1,1,1,1,3,1,64,9,53.8284790761,-1.62601167583
3759,10AA0002551,424613,437001,2,4,09/04/2010,1655,3,1,1,1,2,3,1,77,9,53.8284790761,-1.62601167583
3760,10AA0002551,424613,437001,2,4,09/04/2010,1655,3,1,1,1,3,2,2,70,9,53.8284790761,-1.62601167583
3761,10BA0003461,440578,428742,1,1,09/04/2010,2003,6,1,1,1,3,3,2,85,9,53.7532416241,-1.38452760068
3762,10CA0002624,430474,433749,2,1,09/04/2010,1630,6,1,1,1,1,3,1,36,1,53.7989371835,-1.53728023123
3763,10AA0002622,424386,438712,1,1,10/04/2010,2030,6,1,4,1,1,2,1,37,9,53.8438695594,-1.62932501519
3764,10BA0002584,434972,433410,1,1,10/04/2010,910,6,1,1,1,3,2,1,86,9,53.7956071019,-1.46902373675
3765,10BA0002585,432972,435577,1,1,10/04/2010,1710,6,1,1,1,3,3,1,10,9,53.8152161168,-1.49915611782
3766,10BA0002594,431435,432708,2,1,10/04/2010,1330,3,1,1,1,1,3,1,21,9,53.789522757,-1.52279510275
3767,10BA0002610,443105,433188,3,4,10/04/2010,1415,3,1,1,1,1,3,1,29,9,53.7930014256,-1.34558033516
3768,10BA0002610,443105,433188,3,4,10/04/2010,1415,3,1,1,1,2,3,1,38,9,53.7930014256,-1.34558033516
3769,10BA0002610,443105,433188,3,4,10/04/2010,1415,3,1,1,1,2,3,1,13,9,53.7930014256,-1.34558033516
3770,10BA0002610,443105,433188,3,4,10/04/2010,1415,3,1,1,1,2,3,2,9,9,53.7930014256,-1.34558033516
3771,10BA0003100,440390,433157,1,1,10/04/2010,100,4,1,4,1,3,3,1,21,9,53.7929406155,-1.38680081428
3772,10CA0002597,424349,429245,2,1,10/04/2010,1840,4,1,1,1,1,3,2,47,9,53.7587741295,-1.6306360188
3773,10CA0002617,430326,433888,2,1,10/04/2010,20,6,1,4,1,1,3,1,20,8,53.8001952644,-1.53951370746
3774,10CA0002649,430041,432653,1,3,10/04/2010,1425,3,1,1,1,2,3,2,19,8,53.789110716,-1.54396158711
3775,10CA0002649,430041,432653,1,3,10/04/2010,1425,3,1,1,1,2,3,1,45,8,53.789110716,-1.54396158711
3776,10CA0002649,430041,432653,1,3,10/04/2010,1425,3,1,1,1,3,2,2,19,8,53.789110716,-1.54396158711
3777,10AA0002660,427583,437308,2,2,11/04/2010,2030,6,1,4,1,1,3,2,47,9,53.8310894554,-1.58085698627
3778,10AA0002660,427583,437308,2,2,11/04/2010,2030,6,1,4,1,1,3,2,60,9,53.8310894554,-1.58085698627
3779,10BA0002741,442614,427844,2,1,11/04/2010,1313,3,1,1,1,1,2,1,29,5,53.7450074124,-1.35377228528
3780,10AA0002863,426431,431881,2,1,12/04/2010,1710,3,1,1,1,2,3,1,11,9,53.782367228,-1.59882793677
3781,10BA0002631,432383,434802,1,1,12/04/2010,724,6,1,1,1,2,3,2,42,11,53.808286925,-1.50818420187
3782,10BA0003585,440247,426169,2,2,12/04/2010,1850,3,1,1,1,1,3,2,33,9,53.7301396597,-1.3898828675
3783,10BA0003585,440247,426169,2,2,12/04/2010,1850,3,1,1,1,2,3,2,9,9,53.7301396597,-1.3898828675
3784,10AA0002708,418329,441441,2,2,13/04/2010,903,3,1,1,1,1,3,2,41,9,53.8686491277,-1.72122896698
3785,10AA0002708,418329,441441,2,2,13/04/2010,903,3,1,1,1,1,3,2,75,9,53.8686491277,-1.72122896698
3786,10AA0002718,427324,437198,2,1,13/04/2010,1815,3,1,1,1,1,3,1,19,1,53.8301143798,-1.58480233667
3787,10BA0002830,430670,436796,2,1,13/04/2010,1850,6,1,1,1,1,2,1,36,1,53.8263142146,-1.53400056232
3788,10AA0002690,427369,433523,1,1,14/04/2010,1410,6,1,1,1,1,3,1,16,5,53.797078345,-1.58444545161
3789,10AA0002736,420930,436856,1,4,14/04/2010,2120,3,1,4,1,2,3,1,18,9,53.8273370881,-1.68198276997
3790,10AA0002736,420930,436856,1,4,14/04/2010,2120,3,1,4,1,2,3,2,17,9,53.8273370881,-1.68198276997
3791,10AA0002736,420930,436856,1,4,14/04/2010,2120,3,1,4,1,2,3,1,17,9,53.8273370881,-1.68198276997
3792,10AA0002736,420930,436856,1,4,14/04/2010,2120,3,1,4,1,2,3,2,16,9,53.8273370881,-1.68198276997
3793,10BA0002693,429945,436623,2,1,14/04/2010,740,3,1,1,1,1,3,1,49,1,53.8248014522,-1.54503266085
3794,10BA0003376,430458,437480,4,2,14/04/2010,1925,6,1,1,1,1,3,2,18,9,53.8324749346,-1.53715379832
3795,10BA0003376,430458,437480,4,2,14/04/2010,1925,6,1,1,1,1,3,2,18,9,53.8324749346,-1.53715379832
3796,10CA0002731,429209,433502,1,1,14/04/2010,820,6,1,1,1,3,3,1,29,9,53.7967895295,-1.5565108748
3797,10CA0002735,425796,428120,2,1,14/04/2010,2344,3,1,4,1,1,2,1,30,3,53.748592012,-1.60878016694
3798,10CA0002738,430404,433672,1,1,15/04/2010,1358,6,1,1,1,3,2,2,42,11,53.7982491479,-1.53835068069
3799,10CA0002787,432301,432573,2,1,15/04/2010,1535,3,1,1,1,1,3,2,31,9,53.7882562503,-1.50966330161
3800,10CA0002814,430645,434701,2,1,15/04/2010,1559,3,1,1,1,2,3,2,70,11,53.8074843887,-1.53458909172
3801,10MU0002737,431913,428038,2,1,15/04/2010,1513,1,1,1,1,1,3,2,34,9,53.7475162656,-1.51602205622
3802,10AA0002745,428047,434299,2,1,16/04/2010,748,3,1,1,1,1,3,1,40,9,53.8040175135,-1.57408073581
3803,10CA0002727,429981,433281,1,1,16/04/2010,1635,6,1,1,1,3,3,1,37,11,53.7947591038,-1.54481127678
3804,10BA0002809,433343,436230,2,1,17/04/2010,1000,3,1,1,1,2,3,2,26,9,53.8210620321,-1.49345009725
3805,10BA0003816,440430,448142,1,2,17/04/2010,1500,6,1,1,1,3,3,2,28,8,53.9276287068,-1.38421904618
3806,10BA0003816,440430,448142,1,2,17/04/2010,1500,6,1,1,1,3,3,2,53,8,53.9276287068,-1.38421904618
3807,10BA0157603,434234,438660,1,2,17/04/2010,2,3,1,6,1,1,3,2,27,9,53.8428463907,-1.47964389095
3808,10BA0157603,434234,438660,1,2,17/04/2010,2,3,1,6,1,2,1,1,30,9,53.8428463907,-1.47964389095
3809,10CA0002832,429629,430865,1,1,17/04/2010,1835,6,1,1,1,3,3,1,9,9,53.7730624311,-1.55038758841
3810,10AA0002828,419275,446306,1,2,18/04/2010,1150,6,1,1,1,1,3,1,25,9,53.9123451486,-1.706535004
3811,10AA0002828,419275,446306,1,2,18/04/2010,1150,6,1,1,1,2,2,1,20,9,53.9123451486,-1.706535004
3812,10AA0003148,427348,435789,2,1,18/04/2010,122,4,1,4,1,1,3,1,43,9,53.8174479857,-1.58456296819
3813,10BA0002812,436495,437142,2,1,18/04/2010,1435,3,1,1,1,1,3,1,69,5,53.8290478452,-1.44545874432
3814,10AA0002821,428119,435888,2,1,19/04/2010,1845,3,1,1,1,1,3,1,27,1,53.8182967391,-1.57284219271
3815,10BA0002835,438617,430531,2,1,19/04/2010,1005,3,1,1,1,1,3,2,49,9,53.7694712444,-1.4140457637
3816,10BA0002859,438740,438887,2,1,19/04/2010,810,3,1,1,1,1,3,1,51,5,53.8445702256,-1.41112790366
3817,10BA0002864,430544,439559,1,1,19/04/2010,1735,6,1,1,1,2,3,1,40,11,53.8511572934,-1.53564024324
3818,10CA0002829,430409,433687,1,1,19/04/2010,1620,6,1,1,1,3,3,2,12,9,53.7983836865,-1.53827328317
3819,10CA0160378,428338,430634,1,1,19/04/2010,800,6,2,1,2,3,1,1,55,21,53.7710578789,-1.5699987795
3820,10AA0002817,427897,436192,2,1,20/04/2010,1015,3,1,1,1,1,2,1,21,1,53.8210412752,-1.57618693699
3821,10AA0002907,426821,434970,2,1,20/04/2010,730,3,1,1,1,1,3,1,48,1,53.8101136462,-1.59263966707
3822,10CA0002881,429093,429965,2,1,20/04/2010,2015,3,1,1,1,1,3,1,26,1,53.7650027442,-1.55860584925
3823,10CA0002883,432514,427314,1,1,20/04/2010,1545,3,1,1,1,3,3,1,12,9,53.7409712562,-1.50698411862
3824,10AA0002877,428664,434138,2,2,21/04/2010,1733,6,1,1,1,2,3,2,15,11,53.8025366881,-1.56472631187
3825,10AA0002877,428664,434138,2,2,21/04/2010,1733,6,1,1,1,2,3,2,15,11,53.8025366881,-1.56472631187
3826,10AA0002909,429528,434850,1,1,21/04/2010,1445,3,1,1,1,3,3,1,23,9,53.8088883302,-1.55153828637
3827,10BA0002987,432585,436058,1,1,21/04/2010,1450,6,1,1,1,1,3,1,49,9,53.8195640558,-1.50498344576
3828,10CA0002851,430684,432929,2,1,21/04/2010,2230,3,1,4,1,1,3,2,25,9,53.7915540891,-1.53417337081
3829,10CA0002898,431524,432510,2,2,21/04/2010,1145,3,1,1,1,1,3,1,37,9,53.7877376079,-1.52146432836
3830,10CA0002898,431524,432510,2,2,21/04/2010,1145,3,1,1,1,2,3,2,29,9,53.7877376079,-1.52146432836
3831,10CA0003077,428550,431537,2,1,21/04/2010,1715,3,1,1,1,1,3,1,26,9,53.7791631765,-1.56669839736
3832,10AA0002892,427204,434743,2,1,22/04/2010,830,3,1,1,1,1,3,1,35,1,53.8080533014,-1.58684284997
3833,10AA0002911,427493,435938,1,1,22/04/2010,300,6,1,4,1,3,3,2,20,8,53.8187796604,-1.5823470546
3834,10AA0002933,427570,436870,2,1,22/04/2010,810,3,1,1,1,1,3,1,25,1,53.8271530835,-1.58109380693
3835,10AA0003106,426057,436615,2,1,22/04/2010,1250,6,1,1,1,1,3,2,32,1,53.8249390162,-1.60410373539
3836,10BA0003171,430949,438645,4,2,22/04/2010,1425,6,1,1,1,1,3,1,19,9,53.8429176974,-1.52957538332
3837,10BA0003171,430949,438645,4,2,22/04/2010,1425,6,1,1,1,1,3,2,42,9,53.8429176974,-1.52957538332
3838,10BA0003460,430837,436573,3,1,22/04/2010,1130,4,1,1,1,3,2,1,40,19,53.8242998585,-1.53148562517
3839,10CA0002912,429584,431558,1,1,22/04/2010,1730,6,1,1,1,3,3,1,12,8,53.7792942071,-1.55100394904
3840,10CA0002944,425981,426782,2,1,22/04/2010,1950,3,1,1,1,1,3,1,46,1,53.7365556959,-1.60608704064
3841,10CA0002979,430207,433759,1,1,22/04/2010,1700,6,1,1,1,3,3,1,22,11,53.7990426431,-1.54133325704
3842,10AA0002998,426815,437534,2,1,23/04/2010,1515,6,1,1,1,1,3,1,51,9,53.8331611109,-1.59250723714
3843,10BA0003368,433561,432095,1,1,23/04/2010,1830,3,1,1,1,1,3,1,37,21,53.7838799328,-1.49058907508
3844,10CA0002928,428849,433931,1,1,23/04/2010,330,6,1,4,1,3,3,1,20,8,53.8006657901,-1.56193650093
3845,10CA0002949,426460,428515,2,1,23/04/2010,1019,3,1,1,1,1,3,1,43,1,53.7521093245,-1.59867643234
3846,10CA0002997,430359,433408,1,1,23/04/2010,1250,6,1,1,1,3,3,2,25,11,53.795878753,-1.53905995067
3847,10CA0003045,434487,427976,1,1,23/04/2010,1820,3,1,1,1,3,3,2,11,9,53.7467950001,-1.47699459557
3848,10DA0002964,435789,425977,2,2,23/04/2010,815,1,1,1,9,1,3,2,33,9,53.7287388112,-1.457481791
3849,10DA0002964,435789,425977,2,2,23/04/2010,815,1,1,1,9,2,3,2,22,9,53.7287388112,-1.457481791
3850,10BA0002939,431282,437129,2,1,24/04/2010,2140,6,1,4,1,1,3,1,33,9,53.8292709602,-1.52466831057
3851,10BA0002977,430402,435021,2,2,24/04/2010,945,6,1,1,1,1,3,1,25,9,53.8103750366,-1.53824783331
3852,10BA0002977,430402,435021,2,2,24/04/2010,945,6,1,1,1,1,3,2,55,9,53.8103750366,-1.53824783331
3853,10BA0003001,431252,438280,2,2,24/04/2010,1240,6,1,1,1,1,3,2,53,9,53.8396187006,-1.52500709296
3854,10BA0003001,431252,438280,2,2,24/04/2010,1240,6,1,1,1,1,3,1,22,9,53.8396187006,-1.52500709296
3855,10BA0005780,432948,434453,2,1,24/04/2010,1900,6,1,1,1,2,2,1,38,9,53.8051143939,-1.49964099467
3856,10CA0002954,427921,430416,3,3,24/04/2010,1435,3,1,1,1,1,3,2,27,9,53.7691208442,-1.57634588162
3857,10CA0002954,427921,430416,3,3,24/04/2010,1435,3,1,1,1,2,3,2,38,9,53.7691208442,-1.57634588162
3858,10CA0002954,427921,430416,3,3,24/04/2010,1435,3,1,1,1,2,3,2,27,9,53.7691208442,-1.57634588162
3859,10CA0003659,431192,434850,2,1,24/04/2010,1035,6,1,1,1,1,3,1,42,5,53.8087911828,-1.52626691866
3860,10AA0002993,430048,434794,1,1,25/04/2010,1835,6,1,1,1,3,2,1,7,9,53.8083551757,-1.54364643513
3861,10BA0002983,432027,442126,2,3,25/04/2010,1235,3,1,1,1,1,3,1,36,9,53.8741416494,-1.51282712078
3862,10BA0002983,432027,442126,2,3,25/04/2010,1235,3,1,1,1,2,3,2,33,9,53.8741416494,-1.51282712078
3863,10BA0002983,432027,442126,2,3,25/04/2010,1235,3,1,1,1,2,3,2,5,9,53.8741416494,-1.51282712078
3864,10MU0003046,436943,425907,2,1,25/04/2010,1257,1,1,1,1,2,3,2,62,9,53.7280291376,-1.43999780505
3865,10AA0003007,427809,436340,2,1,26/04/2010,1605,3,1,1,1,1,3,1,26,5,53.8223763231,-1.57751041613
3866,10AA0003012,428093,432956,1,1,26/04/2010,2000,6,1,1,1,3,3,2,52,11,53.7919431212,-1.57350470747
3867,10AA0003024,428532,435076,1,1,26/04/2010,1735,6,1,1,1,3,3,2,8,9,53.8109753861,-1.56664377544
3868,10AA0003098,422042,443848,2,2,26/04/2010,1150,6,1,1,1,1,3,1,48,9,53.8901405774,-1.66458474361
3869,10AA0003098,422042,443848,2,2,26/04/2010,1150,6,1,1,1,1,3,2,48,9,53.8901405774,-1.66458474361
3870,10BA0003088,436083,434784,2,1,26/04/2010,1445,6,1,1,1,1,3,2,43,9,53.8078815675,-1.45199536371
3871,10CA0003006,429962,433214,1,1,26/04/2010,1530,6,1,1,1,3,3,1,40,9,53.7941579531,-1.54510625228
3872,10CA0003061,431693,428634,2,2,26/04/2010,2050,6,1,4,1,1,3,2,74,9,53.7528869959,-1.51929719144
3873,10CA0003061,431693,428634,2,2,26/04/2010,2050,6,1,4,1,1,2,1,17,2,53.7528869959,-1.51929719144
3874,10CA0003192,429859,433411,2,1,26/04/2010,915,6,1,1,1,1,3,2,55,1,53.7959346552,-1.54665088529
3875,10AA0003042,428272,432846,1,1,27/04/2010,1710,4,1,1,1,2,3,1,2,11,53.7909446616,-1.57079738732
3876,10BA0003067,432780,435396,2,1,27/04/2010,2100,6,1,4,1,1,3,1,35,1,53.8136013125,-1.50209175508
3877,10BA0003097,431474,432437,2,2,27/04/2010,1200,3,1,1,1,1,3,2,22,9,53.7870844579,-1.52223075676
3878,10BA0003097,431474,432437,2,2,27/04/2010,1200,3,1,1,1,1,3,1,38,90,53.7870844579,-1.52223075676
3879,10BA0003123,431550,435830,2,3,27/04/2010,1905,6,1,1,1,2,3,2,9,9,53.8175784882,-1.52072946619
3880,10BA0003123,431550,435830,2,3,27/04/2010,1905,6,1,1,1,2,3,1,7,9,53.8175784882,-1.52072946619
3881,10BA0003123,431550,435830,2,3,27/04/2010,1905,6,1,1,1,2,3,2,33,9,53.8175784882,-1.52072946619
3882,10BA0003124,433294,440133,1,1,27/04/2010,2238,6,1,4,1,3,2,1,34,9,53.8561476834,-1.4937715181
3883,10CA0003055,429952,433130,1,1,27/04/2010,1606,6,1,1,1,3,3,2,61,8,53.793403475,-1.54526623762
3884,10CA0003105,429108,426561,1,1,27/04/2010,2315,3,1,6,1,1,3,1,32,9,53.7344039676,-1.55869905908
3885,10CA0003231,430888,434282,1,1,27/04/2010,1540,3,1,1,1,3,2,2,35,9,53.8037037473,-1.53094078542
3886,10AA0003064,424067,435806,2,1,28/04/2010,1355,6,1,1,1,1,3,2,27,9,53.8177630437,-1.63440134316
3887,10AA0003326,419973,444969,2,2,28/04/2010,1542,3,1,1,1,2,3,1,45,9,53.9003007852,-1.69599527794
3888,10AA0003326,419973,444969,2,2,28/04/2010,1542,3,1,1,1,1,2,2,43,9,53.9003007852,-1.69599527794
3889,10BA0003108,432445,434845,1,1,28/04/2010,1830,6,1,1,8,3,3,2,47,9,53.8086695731,-1.50723808439
3890,10CA0003109,429241,433874,2,1,28/04/2010,900,6,1,1,1,1,3,1,23,9,53.800131544,-1.55598970538
3891,10CA0003239,430424,433711,1,1,28/04/2010,1144,6,1,1,1,2,2,2,86,11,53.7985985387,-1.53804316218
3892,10CA0003307,427139,426476,1,2,28/04/2010,1611,3,1,1,1,1,3,1,46,3,53.733746111,-1.58855728297
3893,10CA0003307,427139,426476,1,2,28/04/2010,1611,3,1,1,1,3,3,1,18,3,53.733746111,-1.58855728297
3894,10MU0003215,427698,431166,4,1,28/04/2010,1935,1,1,1,1,2,3,2,32,9,53.7758743594,-1.57966208409
3895,10AA0003102,421757,435236,2,1,29/04/2010,855,4,1,1,1,3,3,2,39,9,53.8127412173,-1.66953188326
3896,10AA0003116,419316,441764,2,2,29/04/2010,2255,6,2,4,1,1,3,2,58,9,53.8715167029,-1.70619726587
3897,10AA0003116,419316,441764,2,2,29/04/2010,2255,6,2,4,1,2,3,2,63,9,53.8715167029,-1.70619726587
3898,10BA0003908,430868,436259,2,2,29/04/2010,1507,6,1,1,1,1,3,1,28,9,53.8214755746,-1.53104616981
3899,10BA0003908,430868,436259,2,2,29/04/2010,1507,6,1,1,1,2,3,2,24,9,53.8214755746,-1.53104616981
3900,10CA0003198,430475,433715,1,1,29/04/2010,1500,6,1,1,1,3,1,2,85,9,53.7986315085,-1.53726841213
3901,10MU0003290,436263,425941,2,1,29/04/2010,2118,1,2,6,2,2,3,2,12,9,53.728382476,-1.45030110348
3902,10AA0003107,433017,435014,1,1,30/04/2010,1415,6,1,1,1,2,3,1,91,11,53.8101526531,-1.49853300657
3903,10AA0003127,428098,434807,1,1,30/04/2010,1730,6,2,1,1,3,3,1,4,9,53.8085810464,-1.57325990899
3904,10AA0003252,427739,436441,3,2,30/04/2010,1830,6,1,1,1,1,3,1,36,9,53.8232879256,-1.57856475247
3905,10AA0003252,427739,436441,3,2,30/04/2010,1830,6,1,1,1,2,3,2,39,9,53.8232879256,-1.57856475247
3906,10CA0003113,421957,429261,2,1,30/04/2010,1300,4,1,1,1,1,3,2,39,9,53.7590242577,-1.66691979241
3907,10CA0003165,429842,425307,2,1,30/04/2010,1200,3,1,1,1,1,3,2,28,9,53.7230904757,-1.54769239845
3908,10CA0003201,428331,429610,3,2,30/04/2010,1630,3,2,1,2,2,3,2,57,9,53.7618537211,-1.5701990112
3909,10CA0003201,428331,429610,3,2,30/04/2010,1630,3,2,1,2,2,3,2,26,9,53.7618537211,-1.5701990112
3910,10MU0003225,431871,425415,3,1,30/04/2010,833,1,1,1,1,1,3,2,25,9,53.723941248,-1.51692940025
3911,10AA0003095,421625,436504,1,1,01/05/2010,950,6,1,1,1,3,3,1,3,9,53.8241445661,-1.67144765903
3912,10AA0003332,421361,444878,2,2,01/05/2010,815,3,1,1,1,1,3,2,48,9,53.8994274655,-1.67487554281
3913,10AA0003332,421361,444878,2,2,01/05/2010,815,3,1,1,1,2,3,2,57,9,53.8994274655,-1.67487554281
3914,10AA0003377,421780,446000,2,1,01/05/2010,1600,3,1,1,1,2,3,2,36,5,53.9094953523,-1.66841842494
3915,10BA0003159,436159,434604,2,1,01/05/2010,1200,3,1,1,1,1,3,1,31,1,53.8062583433,-1.45086232893
3916,10BA0004198,435940,432739,1,1,01/05/2010,905,6,1,1,1,1,2,1,79,9,53.7895097748,-1.45440569242
3917,10CA0003158,429781,433661,2,1,01/05/2010,2130,6,1,4,1,1,3,2,20,9,53.7981863094,-1.54781094572
3918,10AA0003470,425300,435958,2,3,02/05/2010,945,4,1,1,1,1,3,1,39,9,53.8190707936,-1.61565895217
3919,10AA0003470,425300,435958,2,3,02/05/2010,945,4,1,1,1,1,3,2,27,9,53.8190707936,-1.61565895217
3920,10AA0003470,425300,435958,2,3,02/05/2010,945,4,1,1,1,2,3,1,8,9,53.8190707936,-1.61565895217
3921,10BA0003177,430805,436637,2,1,02/05/2010,1435,6,1,1,1,1,3,1,35,1,53.8248770313,-1.53196537979
3922,10BA0003199,430118,438165,3,4,02/05/2010,1548,3,1,1,1,1,3,1,34,9,53.838651993,-1.54225318893
3923,10BA0003199,430118,438165,3,4,02/05/2010,1548,3,1,1,1,2,3,2,31,9,53.838651993,-1.54225318893
3924,10BA0003199,430118,438165,3,4,02/05/2010,1548,3,1,1,1,2,3,2,28,9,53.838651993,-1.54225318893
3925,10BA0003199,430118,438165,3,4,02/05/2010,1548,3,1,1,1,2,3,1,29,9,53.838651993,-1.54225318893
3926,10AA0003218,423838,434266,2,1,03/05/2010,1910,6,1,1,1,1,3,1,33,11,53.8039308213,-1.63799926397
3927,10CA0003654,428091,429997,2,1,03/05/2010,1350,3,2,1,2,1,3,1,21,9,53.7653453905,-1.57380464217
3928,10MU0003329,428021,426431,2,1,03/05/2010,1637,1,1,1,1,1,3,2,28,9,53.7332949621,-1.57519013641
3929,10AA0003666,429525,434851,1,1,04/05/2010,1910,3,1,1,1,3,3,2,19,9,53.8088974893,-1.55158375194
3930,10BA0003228,436174,434635,2,1,04/05/2010,1240,3,1,1,1,1,3,1,36,1,53.8065359463,-1.45063089632
3931,10BA0003361,443671,431688,1,1,04/05/2010,1230,3,1,1,1,1,3,2,53,9,53.7794715864,-1.3372004992
3932,10CA0003224,426746,427514,2,1,04/05/2010,730,4,1,1,1,1,3,1,34,1,53.7430968714,-1.59442540299
3933,10CA0003265,430375,433497,1,1,04/05/2010,1212,6,1,1,1,3,3,2,20,8,53.7966778156,-1.53880825498
3934,10AA0003335,424678,444841,2,1,05/05/2010,1840,3,1,1,1,1,3,1,33,5,53.8989475687,-1.62439334269
3935,10AA0003359,420270,437118,1,1,05/05/2010,731,3,1,1,1,1,2,1,36,5,53.8297183261,-1.69199358712
3936,10BA0003412,430420,437826,2,1,05/05/2010,2125,6,1,4,1,2,3,1,19,9,53.8355872392,-1.53769698444
3937,10BA0003806,431665,435349,2,1,05/05/2010,2130,3,1,1,1,3,3,2,30,9,53.813247946,-1.51903209419
3938,10CA0003263,430807,433222,2,1,05/05/2010,500,3,1,1,1,1,3,1,35,9,53.7941805168,-1.5322768258
3939,10CA0003285,429788,433791,1,1,05/05/2010,1645,6,1,1,1,3,3,2,31,9,53.7993544438,-1.54769208865
3940,10CA0003292,429836,427667,2,1,05/05/2010,1720,6,1,1,1,1,3,2,7,1,53.7443044562,-1.54755559618
3941,10AA0003322,424112,434581,1,1,06/05/2010,1650,6,1,1,1,3,2,1,18,9,53.8067496689,-1.63381375684
3942,10BA0003325,432259,439373,2,1,06/05/2010,820,3,2,1,2,1,2,1,18,5,53.8493816937,-1.50958770419
3943,10BA0003343,430489,437157,2,1,06/05/2010,1815,6,1,1,1,1,3,1,31,5,53.8295697762,-1.53671477193
3944,10BA0003387,437583,433207,2,2,06/05/2010,1755,3,1,1,1,1,3,2,27,9,53.7936003644,-1.42940804984
3945,10BA0003387,437583,433207,2,2,06/05/2010,1755,3,1,1,1,2,3,2,27,9,53.7936003644,-1.42940804984
3946,10CA0003321,428897,433383,3,2,06/05/2010,750,3,2,1,2,1,3,1,48,9,53.7957372914,-1.56125907598
3947,10CA0003321,428897,433383,3,2,06/05/2010,750,3,2,1,2,1,3,2,18,9,53.7957372914,-1.56125907598
3948,10CA0003327,429981,433444,1,1,06/05/2010,1330,6,2,1,1,3,3,1,50,19,53.7962242673,-1.54479541185
3949,10MU0003364,428269,431573,2,1,06/05/2010,1416,1,1,1,1,1,3,2,38,9,53.7795021077,-1.57095968424
3950,10AA0003315,422873,439313,2,4,07/05/2010,1110,6,1,1,1,1,3,1,81,9,53.8493406503,-1.6522778506
3951,10AA0003315,422873,439313,2,4,07/05/2010,1110,6,1,1,1,1,3,2,37,9,53.8493406503,-1.6522778506
3952,10AA0003315,422873,439313,2,4,07/05/2010,1110,6,1,1,1,2,3,2,66,9,53.8493406503,-1.6522778506
3953,10AA0003315,422873,439313,2,4,07/05/2010,1110,6,1,1,1,2,3,1,4,9,53.8493406503,-1.6522778506
3954,10AA0003324,427316,433637,2,1,07/05/2010,1040,3,1,1,1,1,3,2,40,9,53.7981058512,-1.585240038
3955,10BA0003384,434666,435103,2,1,07/05/2010,1400,6,1,1,1,1,3,2,42,9,53.8108453235,-1.47347886689
3956,10CA0003379,428166,430072,2,5,07/05/2010,1740,6,1,1,1,1,3,2,23,9,53.7660155009,-1.57265993484
3957,10CA0003379,428166,430072,2,5,07/05/2010,1740,6,1,1,1,1,3,1,47,9,53.7660155009,-1.57265993484
3958,10CA0003379,428166,430072,2,5,07/05/2010,1740,6,1,1,1,2,3,2,43,9,53.7660155009,-1.57265993484
3959,10CA0003379,428166,430072,2,5,07/05/2010,1740,6,1,1,1,2,3,2,10,9,53.7660155009,-1.57265993484
3960,10CA0003379,428166,430072,2,5,07/05/2010,1740,6,1,1,1,2,3,2,7,9,53.7660155009,-1.57265993484
3961,10CA0003496,429089,432201,1,1,07/05/2010,610,6,1,1,1,1,3,1,25,9,53.7851018808,-1.55845563794
3962,10CA0003568,431604,431169,3,4,07/05/2010,1518,6,1,1,1,1,3,2,27,9,53.7756788794,-1.52038744358
3963,10CA0003568,431604,431169,3,4,07/05/2010,1518,6,1,1,1,2,3,2,22,9,53.7756788794,-1.52038744358