Col.Number,Reference.Number,Easting,Northing,Number.of.Vehicles,Number.of.Casualties,Accident.Date,Time..24hr.,X1st.Road.Class,Road.Surface,Lighting.Conditions,Weather.Conditions,Casualty.Class,Casualty.Severity,Sex.of.Casualty,Age.of.Casualty,Type.of.Vehicle,Latitude,Longitude
3964,10CA0003568,431604,431169,3,4,07/05/2010,1518,6,1,1,1,2,3,2,6,9,53.7756788794,-1.52038744358
3965,10CA0003568,431604,431169,3,4,07/05/2010,1518,6,1,1,1,2,3,2,2,9,53.7756788794,-1.52038744358
3966,10MU0003462,443438,438581,3,1,07/05/2010,1724,2,1,1,1,2,3,2,58,9,53.8414481069,-1.33976359834
3967,10AA0003311,420485,433949,1,1,08/05/2010,1530,6,1,1,1,3,3,1,10,9,53.801224216,-1.6889376778
3968,10BA0003396,442957,431618,2,1,09/05/2010,830,3,1,1,1,1,3,1,20,1,53.778901801,-1.34804592799
3969,10BA0003414,431594,434405,2,1,09/05/2010,2030,6,1,1,1,1,3,1,36,8,53.8047669503,-1.52020739244
3970,10BA0003572,430937,435425,2,1,09/05/2010,1730,6,1,1,1,1,2,2,10,1,53.8139749126,-1.53008181936
3971,10CA0003374,429964,433327,1,1,09/05/2010,15,6,1,4,1,1,2,2,42,9,53.7951735649,-1.54506489702
3972,10CA0004411,429796,433797,2,1,09/05/2010,2305,6,2,4,1,1,3,1,30,9,53.799407918,-1.54757003844
3973,10AA0003375,421811,432943,1,3,10/05/2010,1620,4,1,1,1,2,3,2,8,11,53.792127508,-1.66887412026
3974,10AA0003375,421811,432943,1,3,10/05/2010,1620,4,1,1,1,2,3,1,30,11,53.792127508,-1.66887412026
3975,10AA0003375,421811,432943,1,3,10/05/2010,1620,4,1,1,1,2,3,2,10,11,53.792127508,-1.66887412026
3976,10AA0003458,426847,437802,2,1,10/05/2010,1700,3,1,1,1,2,3,2,20,9,53.8355684381,-1.59199755148
3977,10AA0003524,424695,438447,2,1,10/05/2010,610,6,2,1,1,1,3,1,31,3,53.8414729392,-1.6246495327
3978,10BA0003336,430455,437508,2,2,10/05/2010,710,6,1,1,1,1,3,1,24,9,53.8327267931,-1.53719661076
3979,10BA0003336,430455,437508,2,2,10/05/2010,710,6,1,1,1,1,2,1,26,4,53.8327267931,-1.53719661076
3980,10BA0003356,432262,435282,1,1,10/05/2010,750,6,2,1,1,3,3,1,11,9,53.8126090051,-1.50997149281
3981,10BA0003415,440575,448900,2,2,10/05/2010,1300,4,1,1,1,1,3,1,37,19,53.9344304883,-1.38191005566
3982,10BA0003415,440575,448900,2,2,10/05/2010,1300,4,1,1,1,2,2,2,33,9,53.9344304883,-1.38191005566
3983,10BA0003514,443093,445556,1,1,10/05/2010,1200,3,1,1,1,3,3,2,55,9,53.9041703201,-1.34402670147
3984,10BA0003576,431536,433707,1,1,10/05/2010,1900,6,1,1,1,3,3,2,23,9,53.7984963623,-1.52115964478
3985,10CA0003348,430336,433361,1,1,10/05/2010,220,6,1,4,1,3,2,1,25,8,53.7954576245,-1.53941377552
3986,10MU0003472,434309,425878,2,1,10/05/2010,1250,1,1,1,1,1,3,1,81,9,53.727948385,-1.47992675458
3987,10AA0003459,427886,440270,2,2,11/05/2010,740,6,1,1,1,1,3,1,62,9,53.8576978034,-1.57598388504
3988,10AA0003459,427886,440270,2,2,11/05/2010,740,6,1,1,1,1,3,1,43,9,53.8576978034,-1.57598388504
3989,10AA0003676,427546,438689,2,1,11/05/2010,1825,6,1,1,1,1,3,2,50,9,53.8435048321,-1.58129540131
3990,10BA0003457,431127,434259,2,1,11/05/2010,1920,6,1,1,1,1,3,1,21,1,53.8034827591,-1.52731383831
3991,10CA0003439,426238,427449,1,1,11/05/2010,1900,4,1,1,1,3,3,2,17,9,53.7425384119,-1.60213399451
3992,10BA0196118,432534,433773,1,1,12/05/2010,1317,3,1,1,1,3,1,2,32,9,53.7990281587,-1.50599972314
3993,10CA0003477,429010,429692,2,2,12/05/2010,1122,6,1,1,1,1,3,1,45,8,53.7625534315,-1.55989073209
3994,10CA0003477,429010,429692,2,2,12/05/2010,1122,6,1,1,1,2,3,2,23,8,53.7625534315,-1.55989073209
3995,10CA0004300,429975,433281,1,1,12/05/2010,1630,6,1,1,1,3,3,1,21,11,53.7947594495,-1.54490236905
3996,10AA0004038,427980,436049,1,1,13/05/2010,1040,3,1,1,1,1,2,1,41,1,53.8197514254,-1.57493904262
3997,10AA0004041,425022,434400,2,1,13/05/2010,2230,3,1,4,1,1,3,1,62,5,53.8050797085,-1.62000872971
3998,10BA0003538,431593,439582,2,1,13/05/2010,2030,6,1,4,1,1,3,1,41,1,53.8513012633,-1.51969055972
3999,10BA0003560,435235,432992,1,1,13/05/2010,732,6,1,1,1,3,3,2,50,9,53.7918321108,-1.46507863462
4000,10CA0003522,426077,428165,2,1,13/05/2010,1105,4,1,1,1,1,3,1,33,9,53.7489825269,-1.60451485832
4001,10CA0003547,430064,431113,1,1,13/05/2010,1906,3,1,1,1,3,3,1,8,9,53.7752667105,-1.54376263091
4002,10AA0003504,422055,433783,2,1,14/05/2010,1105,6,1,1,1,1,2,1,16,1,53.7996678676,-1.66510973366
4003,10AA0003646,422909,433571,1,2,14/05/2010,1255,6,1,1,1,1,3,1,50,11,53.7977253238,-1.65215834923
4004,10AA0003646,422909,433571,1,2,14/05/2010,1255,6,1,1,1,2,3,1,32,11,53.7977253238,-1.65215834923
4005,10BA0003535,431970,435825,2,2,14/05/2010,1455,3,1,1,1,1,3,1,50,9,53.8175078857,-1.51435009005
4006,10BA0003535,431970,435825,2,2,14/05/2010,1455,3,1,1,1,2,3,1,24,9,53.8175078857,-1.51435009005
4007,10BA0003561,431724,438820,1,1,14/05/2010,1325,6,1,1,1,3,3,1,4,9,53.8444439478,-1.51777776634
4008,10BA0003584,432227,435158,2,2,14/05/2010,1455,6,1,1,1,1,3,2,46,9,53.8114965813,-1.51051607363
4009,10BA0003584,432227,435158,2,2,14/05/2010,1455,6,1,1,1,2,3,2,18,9,53.8114965813,-1.51051607363
4010,10CA0003605,430219,432057,1,1,14/05/2010,915,3,1,1,1,1,3,2,22,1,53.7837431198,-1.5413179849
4011,10CA0003732,428979,425976,2,2,14/05/2010,1500,3,1,1,1,1,3,1,44,9,53.7291526766,-1.5607095651
4012,10CA0003732,428979,425976,2,2,14/05/2010,1500,3,1,1,1,2,3,1,46,9,53.7291526766,-1.5607095651
4013,10AA0003603,424104,431568,2,3,15/05/2010,1445,6,1,1,1,1,3,2,68,9,53.7796666746,-1.63417098965
4014,10AA0003603,424104,431568,2,3,15/05/2010,1445,6,1,1,1,1,3,2,35,9,53.7796666746,-1.63417098965
4015,10AA0003603,424104,431568,2,3,15/05/2010,1445,6,1,1,1,2,3,2,10,9,53.7796666746,-1.63417098965
4016,10BA0003515,434344,435499,1,1,15/05/2010,1805,6,1,1,1,3,2,1,3,9,53.8144261834,-1.47832511028
4017,10BA0003569,431226,434785,2,2,15/05/2010,2008,6,1,1,1,1,3,1,37,9,53.8082048776,-1.52575715253
4018,10BA0003569,431226,434785,2,2,15/05/2010,2008,6,1,1,1,2,3,2,33,9,53.8082048776,-1.52575715253
4019,10CA0003577,429920,427803,2,1,15/05/2010,2210,6,1,7,1,1,3,1,23,9,53.7455221195,-1.54626866244
4020,10CA0003611,429139,433088,2,1,15/05/2010,1957,6,1,1,1,1,3,2,21,9,53.7930721126,-1.55761283315
4021,10AA0003579,427452,431885,2,3,16/05/2010,1010,3,1,1,1,1,3,1,45,9,53.782350338,-1.58333119481
4022,10AA0003579,427452,431885,2,3,16/05/2010,1010,3,1,1,1,1,3,1,31,9,53.782350338,-1.58333119481
4023,10AA0003579,427452,431885,2,3,16/05/2010,1010,3,1,1,1,2,3,2,43,9,53.782350338,-1.58333119481
4024,10BA0003587,435744,437005,2,1,16/05/2010,1835,6,1,1,1,1,3,1,27,9,53.8278686127,-1.45688554214
4025,10BA0003616,430603,437922,1,1,16/05/2010,10,6,1,4,1,2,3,2,51,8,53.8364394029,-1.5349064113
4026,10AA0003635,421663,434385,2,1,17/05/2010,1545,4,1,1,1,1,3,1,14,1,53.8050956323,-1.67101952494
4027,10AA0003660,427655,436024,1,1,17/05/2010,1351,4,1,1,1,3,3,2,79,9,53.8195440989,-1.5798784132
4028,10CA0003639,429167,431111,2,1,17/05/2010,1830,6,1,1,1,1,3,1,17,1,53.7752997549,-1.55737482336
4029,10CA0003730,431898,430496,2,1,17/05/2010,1020,3,1,1,1,1,3,1,46,1,53.769611535,-1.51599556068
4030,10CA0003733,431952,430324,1,1,17/05/2010,1710,3,1,1,1,1,3,1,38,21,53.7680621622,-1.51519403652
4031,10AA0003618,426851,437896,1,1,18/05/2010,815,3,1,1,1,2,3,2,75,11,53.8364131718,-1.59192854988
4032,10AA0003650,427798,436377,1,1,18/05/2010,1900,6,1,1,1,3,3,1,8,8,53.8227094946,-1.57767418467
4033,10AA0003657,422187,436398,2,1,18/05/2010,905,3,1,1,1,1,3,1,41,1,53.8231680639,-1.6629169052
4034,10AA0003663,425056,439256,2,1,18/05/2010,2306,6,1,7,1,2,3,2,53,8,53.8487275436,-1.61909665969
4035,10AA0003678,421715,433959,2,1,18/05/2010,1620,3,1,1,1,2,3,2,54,9,53.801264211,-1.67025989787
4036,10BA0003765,430170,438243,2,1,18/05/2010,1620,3,1,1,1,1,3,1,51,1,53.8393500912,-1.54145523781
4037,10CA0003679,430402,433655,1,1,18/05/2010,1120,6,1,1,1,3,3,1,62,11,53.7980964566,-1.5383827254
4038,10AA0003692,427349,436094,1,1,19/05/2010,317,6,1,4,1,2,3,2,20,8,53.8201895004,-1.58452065985
4039,10AA0003720,428058,435956,2,1,19/05/2010,1445,3,1,1,1,1,3,1,22,1,53.8189112689,-1.57376261731
4040,10AA0003741,420645,445085,2,1,19/05/2010,1440,6,1,1,1,1,3,2,20,3,53.9013171452,-1.68575925356
4041,10AA0003869,426181,433583,2,1,19/05/2010,1610,6,1,1,1,1,3,1,23,9,53.7976788145,-1.60247774479
4042,10BA0003658,432630,434923,2,3,19/05/2010,945,6,1,1,1,1,3,1,20,3,53.8093591134,-1.50442022317
4043,10BA0003658,432630,434923,2,3,19/05/2010,945,6,1,1,1,1,3,2,49,9,53.8093591134,-1.50442022317
4044,10BA0003658,432630,434923,2,3,19/05/2010,945,6,1,1,1,2,3,2,49,9,53.8093591134,-1.50442022317
4045,10BA0207610,438825,430992,1,1,19/05/2010,1940,3,1,1,1,1,1,1,35,5,53.7735995131,-1.41083184205
4046,10CA0003689,429926,432841,2,1,19/05/2010,1630,3,1,1,1,1,3,1,37,1,53.7908072254,-1.5456890294
4047,10CA0003780,428097,426639,4,1,19/05/2010,1905,3,1,1,1,2,3,1,21,9,53.7351605555,-1.57401907752
4048,10AA0004015,420598,434330,1,1,20/05/2010,1820,3,1,1,1,2,3,2,45,11,53.8046445137,-1.68719632523
4049,10BA0003718,444870,436474,2,1,20/05/2010,1919,4,1,1,1,1,3,1,19,9,53.8223879752,-1.3183071607
4050,10CA0003739,430069,433822,1,1,20/05/2010,1030,6,1,1,1,3,3,1,55,11,53.7996169277,-1.54342244103
4051,10AA0003872,424371,445352,2,1,21/05/2010,1515,3,1,1,1,1,3,1,18,9,53.9035553045,-1.62902517851
4052,10BA0003821,430834,439685,1,1,21/05/2010,1115,3,1,1,1,1,2,2,85,9,53.8522727203,-1.53121888599
4053,10CA0003787,430099,431473,2,2,21/05/2010,720,3,1,1,1,1,3,1,18,9,53.7785006415,-1.54319636812
4054,10CA0003787,430099,431473,2,2,21/05/2010,720,3,1,1,1,1,3,1,44,3,53.7785006415,-1.54319636812
4055,10CA0003881,424609,428004,2,1,21/05/2010,1830,3,1,1,1,1,3,1,18,9,53.747606701,-1.62679091338
4056,10MU0003833,436188,431145,1,1,21/05/2010,140,1,1,6,1,1,2,1,19,19,53.7751647226,-1.45082818512
4057,10BA0003812,435392,435918,2,1,22/05/2010,1610,6,1,1,1,1,3,1,5,1,53.8181221193,-1.46235886805
4058,10CA0003979,430738,424544,2,1,22/05/2010,1304,3,1,1,1,1,3,1,49,9,53.7161799688,-1.5341882322
4059,10AA0003743,427469,434591,2,2,23/05/2010,1210,3,1,1,1,2,3,2,41,9,53.8066730797,-1.58283187894
4060,10AA0003743,427469,434591,2,2,23/05/2010,1210,3,1,1,1,2,3,1,33,9,53.8066730797,-1.58283187894
4061,10AA0004036,421827,436598,2,1,23/05/2010,2240,3,1,7,1,1,3,1,38,8,53.8249810714,-1.66837202216
4062,10BA0003798,440100,448342,2,1,23/05/2010,1255,3,1,1,1,1,2,1,89,9,53.9294520303,-1.38921864527
4063,10BA0003825,441517,430725,2,2,23/05/2010,1820,4,1,1,1,1,3,1,49,9,53.7709918977,-1.37001939331
4064,10BA0003825,441517,430725,2,2,23/05/2010,1820,4,1,1,1,2,3,2,52,9,53.7709918977,-1.37001939331
4065,10MU0003814,428829,426407,1,2,23/05/2010,1000,1,1,1,1,1,3,2,25,9,53.733035185,-1.5629431492
4066,10MU0003814,428829,426407,1,2,23/05/2010,1000,1,1,1,1,2,3,2,27,9,53.733035185,-1.5629431492
4067,10BA0003805,434064,435140,2,1,24/05/2010,805,6,1,1,1,1,3,1,23,1,53.8112176878,-1.48261777497
4068,10BA0003813,435429,439797,2,3,24/05/2010,1930,3,1,1,1,1,3,1,29,9,53.8529862209,-1.46134959546
4069,10BA0003813,435429,439797,2,3,24/05/2010,1930,3,1,1,1,1,3,2,54,9,53.8529862209,-1.46134959546
4070,10BA0003813,435429,439797,2,3,24/05/2010,1930,3,1,1,1,2,3,1,27,9,53.8529862209,-1.46134959546
4071,10BA0003841,431228,434783,2,2,24/05/2010,2130,6,1,4,1,2,3,1,34,9,53.8081867801,-1.52572698172
4072,10BA0003841,431228,434783,2,2,24/05/2010,2130,6,1,4,1,2,3,1,31,9,53.8081867801,-1.52572698172
4073,10CA0003836,428751,432727,2,1,24/05/2010,1945,3,1,1,1,1,3,1,24,1,53.7898487536,-1.56353693136
4074,10AA0003875,423979,443923,2,2,25/05/2010,1025,3,2,1,8,1,3,1,58,9,53.8907287649,-1.63510398661
4075,10AA0003875,423979,443923,2,2,25/05/2010,1025,3,2,1,8,1,3,1,56,9,53.8907287649,-1.63510398661
4076,10BA0003867,436175,434693,2,2,25/05/2010,1300,3,1,1,1,1,2,2,37,9,53.8070572148,-1.45060889414
4077,10BA0003867,436175,434693,2,2,25/05/2010,1300,3,1,1,1,2,3,2,37,9,53.8070572148,-1.45060889414
4078,10CA0003839,432545,427800,2,6,25/05/2010,1520,3,1,1,1,1,3,1,46,8,53.74533786,-1.50646289272
4079,10CA0003839,432545,427800,2,6,25/05/2010,1520,3,1,1,1,1,3,2,32,9,53.74533786,-1.50646289272
4080,10CA0003839,432545,427800,2,6,25/05/2010,1520,3,1,1,1,2,3,1,82,8,53.74533786,-1.50646289272
4081,10CA0003839,432545,427800,2,6,25/05/2010,1520,3,1,1,1,2,3,2,73,8,53.74533786,-1.50646289272
4082,10CA0003839,432545,427800,2,6,25/05/2010,1520,3,1,1,1,2,3,2,6,9,53.74533786,-1.50646289272
4083,10CA0003839,432545,427800,2,6,25/05/2010,1520,3,1,1,1,2,3,2,3,9,53.74533786,-1.50646289272
4084,10MU0004133,444817,432313,1,1,25/05/2010,2350,2,1,6,1,1,3,2,19,9,53.784991941,-1.31971800488
4085,10AA0003984,424395,439037,1,1,26/05/2010,2205,6,1,7,1,3,3,1,42,9,53.8467904816,-1.62916239902
4086,10AA0004006,425963,434808,2,1,26/05/2010,1130,6,1,1,1,1,3,1,26,1,53.8087010103,-1.60568438698
4087,10AA0004030,428680,434127,1,1,26/05/2010,1745,6,1,1,1,3,3,1,24,11,53.8024369299,-1.56448437815
4088,10BA0003864,441050,432134,2,1,26/05/2010,1140,6,1,1,1,1,3,2,35,9,53.7836937342,-1.37691764161
4089,10BA0003989,431235,435000,1,1,26/05/2010,1315,3,1,1,1,2,3,1,75,11,53.810136905,-1.52559865137
4090,10CA0003863,426219,427421,1,1,26/05/2010,845,4,1,1,1,2,3,1,60,11,53.7422876793,-1.60242447347
4091,10AA0003987,428433,435000,2,1,27/05/2010,1407,6,1,1,1,1,3,1,35,1,53.8102976648,-1.5681544043
4092,10BA0003940,430152,436257,2,1,27/05/2010,1759,3,1,1,1,1,3,1,30,3,53.8214996245,-1.5419236168
4093,10BA0003946,430800,435339,2,1,27/05/2010,1249,6,1,1,1,1,3,1,22,9,53.8132100191,-1.53217131553
4094,10BA0003990,437308,435784,1,1,27/05/2010,825,6,1,1,1,3,3,1,12,9,53.8167836805,-1.43327062317
4095,10BA0003991,431967,435828,2,1,27/05/2010,1525,3,1,1,1,1,3,1,45,9,53.8175350362,-1.51439534891
4096,10BA0004009,435012,436278,2,1,27/05/2010,2315,6,1,7,1,1,3,1,20,3,53.8213837446,-1.46809020733
4097,10BA0004031,440906,439813,3,1,27/05/2010,1740,3,1,1,1,1,3,1,50,9,53.8527274059,-1.37808207118
4098,10CA0003980,431741,434582,1,1,27/05/2010,2035,6,1,1,1,2,3,2,50,11,53.8063489968,-1.5179568588
4099,10CA0004003,430985,433143,2,1,27/05/2010,1546,3,1,1,1,1,3,1,71,9,53.7934598384,-1.52958241035
4100,10CA0004046,428609,432730,2,1,27/05/2010,2330,3,1,4,1,1,3,2,37,9,53.789883546,-1.5656922575
4101,10MU0004070,437308,425724,2,1,27/05/2010,835,1,1,1,1,1,3,2,34,9,53.7263582275,-1.4344873039
4102,10AA0003985,427484,434584,2,1,28/05/2010,1110,3,1,1,1,1,3,1,15,1,53.8066093659,-1.58260470754
4103,10AA0004829,418475,444634,2,1,28/05/2010,735,3,1,1,1,1,3,2,49,1,53.8973451152,-1.71881591604
4104,10BA0003981,437474,429594,2,1,28/05/2010,535,3,2,1,1,1,3,1,49,9,53.7611324113,-1.43150187981
4105,10BA0004013,437766,433086,2,1,28/05/2010,1910,3,1,1,1,1,3,2,47,9,53.7924994969,-1.4266446962
4106,10BA0004017,441140,428315,1,1,28/05/2010,1615,6,1,1,1,3,3,1,28,9,53.7493594458,-1.37606081788
4107,10BA0004032,436366,436540,1,1,28/05/2010,1710,6,1,1,1,3,3,2,11,9,53.8236457806,-1.44749000172
4108,10CA0003969,430152,432852,1,1,28/05/2010,1050,3,1,1,1,3,3,2,55,9,53.7908930553,-1.54225713411
4109,10CA0003993,430856,434119,2,1,28/05/2010,1310,3,1,1,1,1,3,1,38,9,53.8022404878,-1.53144304866
4110,10AA0003988,421125,434478,2,4,29/05/2010,1705,4,2,1,8,1,3,2,27,9,53.8059537269,-1.67918322111
4111,10AA0003988,421125,434478,2,4,29/05/2010,1705,4,2,1,8,1,3,1,18,9,53.8059537269,-1.67918322111
4112,10AA0003988,421125,434478,2,4,29/05/2010,1705,4,2,1,8,2,3,1,17,9,53.8059537269,-1.67918322111
4113,10AA0003988,421125,434478,2,4,29/05/2010,1705,4,2,1,8,2,3,1,17,9,53.8059537269,-1.67918322111
4114,10AA0005095,426273,433442,3,2,29/05/2010,1955,6,2,1,2,1,3,2,37,9,53.7964067561,-1.60109291681
4115,10AA0005095,426273,433442,3,2,29/05/2010,1955,6,2,1,2,2,3,2,37,9,53.7964067561,-1.60109291681
4116,10BA0003982,434880,438143,2,1,29/05/2010,1141,3,2,1,5,2,3,2,57,9,53.8381563216,-1.46988386449
4117,10BA0003998,431907,435740,2,3,29/05/2010,1730,3,2,1,1,1,3,1,20,9,53.8167477199,-1.51531588886
4118,10BA0003998,431907,435740,2,3,29/05/2010,1730,3,2,1,1,2,3,1,20,9,53.8167477199,-1.51531588886
4119,10BA0003998,431907,435740,2,3,29/05/2010,1730,3,2,1,1,2,3,2,19,9,53.8167477199,-1.51531588886
4120,10BA0004035,433323,441770,2,2,29/05/2010,1135,6,2,1,2,1,3,2,27,9,53.8708600999,-1.49315277809
4121,10BA0004035,433323,441770,2,2,29/05/2010,1135,6,2,1,2,2,3,2,25,9,53.8708600999,-1.49315277809
4122,10BA0004039,442629,426475,2,3,29/05/2010,1710,3,2,1,1,1,3,1,43,9,53.7327008889,-1.35373364155
4123,10BA0004039,442629,426475,2,3,29/05/2010,1710,3,2,1,1,2,3,2,32,9,53.7327008889,-1.35373364155
4124,10BA0004039,442629,426475,2,3,29/05/2010,1710,3,2,1,1,2,3,2,4,9,53.7327008889,-1.35373364155
4125,10CA0003942,429950,433094,2,1,29/05/2010,310,6,2,7,2,1,3,1,48,9,53.7930799956,-1.54530010054
4126,10CA0003968,429183,431910,2,1,29/05/2010,1245,6,1,1,1,1,3,2,31,9,53.7824808879,-1.55705640092
4127,10MU0005777,432137,430007,1,2,29/05/2010,1641,1,2,1,2,1,3,1,44,9,53.7652013504,-1.51242016822
4128,10MU0005777,432137,430007,1,2,29/05/2010,1641,1,2,1,2,2,3,2,37,9,53.7652013504,-1.51242016822
4129,10AA0003996,428557,433010,2,2,30/05/2010,2318,3,1,4,1,1,3,1,47,9,53.7924032566,-1.56645568318
4130,10AA0003996,428557,433010,2,2,30/05/2010,2318,3,1,4,1,1,3,1,45,8,53.7924032566,-1.56645568318
4131,10AA0004252,427005,438153,2,1,30/05/2010,900,3,1,1,1,1,3,1,25,9,53.8387152911,-1.58956559307
4132,10BA0004196,437044,438282,2,2,30/05/2010,1435,6,1,1,1,1,3,1,55,9,53.8392559165,-1.43697971711
4133,10BA0004196,437044,438282,2,2,30/05/2010,1435,6,1,1,1,1,3,2,46,9,53.8392559165,-1.43697971711
4134,10CA0003986,429931,433590,1,1,30/05/2010,1647,6,1,1,1,3,3,1,24,11,53.797539501,-1.54554035284
4135,10CA0004101,431008,428212,2,1,30/05/2010,2200,6,1,4,1,1,3,2,35,9,53.7491349428,-1.52972888956
4136,10AA0003945,426073,436836,1,1,31/05/2010,1830,6,1,1,1,1,3,1,58,9,53.8269247289,-1.60384190553
4137,10AA0004284,423669,434163,2,1,31/05/2010,1450,6,1,1,1,1,3,1,16,2,53.8030126902,-1.64057353825
4138,10BA0004150,432391,437579,1,1,31/05/2010,1740,6,1,1,1,1,3,1,18,9,53.8332478996,-1.50777024677
4139,10BA0004153,438431,436412,2,1,31/05/2010,1037,6,1,1,1,1,3,1,44,9,53.8223466643,-1.41613412189
4140,10MU0004061,432129,427397,2,2,31/05/2010,1110,1,1,1,1,1,3,1,59,9,53.7417411945,-1.51281308315
4141,10MU0004061,432129,427397,2,2,31/05/2010,1110,1,1,1,1,1,3,2,25,9,53.7417411945,-1.51281308315
4142,10AA0004096,420754,433798,2,1,01/06/2010,1155,6,1,1,1,1,3,2,27,9,53.799856233,-1.6848631889
4143,10AA0004367,426969,439829,2,1,01/06/2010,2110,3,2,1,2,2,3,2,18,9,53.8537822398,-1.58996553329
4144,10BA0004140,440390,433173,1,1,01/06/2010,1107,4,2,1,2,3,3,2,80,9,53.7930844316,-1.38679871664
4145,10CA0004021,430440,433953,1,1,01/06/2010,330,6,1,4,1,3,3,2,19,9,53.8007728725,-1.53777630678
4146,10CA0004044,429871,434398,3,2,01/06/2010,1520,2,2,1,2,1,3,1,34,9,53.8048058404,-1.54637295432
4147,10CA0004044,429871,434398,3,2,01/06/2010,1520,2,2,1,2,1,3,2,33,9,53.8048058404,-1.54637295432
4148,10CA0004059,429373,433780,2,2,01/06/2010,1920,6,1,1,1,1,3,2,47,9,53.7992791659,-1.55399438247
4149,10CA0004059,429373,433780,2,2,01/06/2010,1920,6,1,1,1,2,3,2,25,9,53.7992791659,-1.55399438247
4150,10AA0004071,419555,442204,2,1,02/06/2010,1215,6,1,1,1,1,3,2,30,9,53.8754628125,-1.70253398581
4151,10AA0005740,426331,433705,2,1,02/06/2010,1920,6,1,1,1,1,3,1,54,9,53.7987678769,-1.60018983279
4152,10BA0004123,431474,433964,2,2,02/06/2010,1258,6,1,1,1,1,3,1,46,8,53.8008102124,-1.52207474595
4153,10BA0004123,431474,433964,2,2,02/06/2010,1258,6,1,1,1,2,3,2,35,8,53.8008102124,-1.52207474595
4154,10BA0004197,436157,434499,1,1,02/06/2010,910,3,1,1,1,3,3,2,50,9,53.8053146805,-1.45090503349
4155,10BA0004519,429252,438588,3,3,02/06/2010,2017,3,1,1,1,1,3,2,17,9,53.8425036922,-1.55537432112
4156,10BA0004519,429252,438588,3,3,02/06/2010,2017,3,1,1,1,2,3,1,16,9,53.8425036922,-1.55537432112
4157,10BA0004519,429252,438588,3,3,02/06/2010,2017,3,1,1,1,1,3,2,41,9,53.8425036922,-1.55537432112
4158,10AA0004590,420317,437121,1,1,03/06/2010,1100,3,1,1,1,2,3,1,74,11,53.829743457,-1.69127922652
4159,10BA0004135,436028,443794,1,2,03/06/2010,2250,6,1,6,1,1,3,1,21,9,53.888872003,-1.45177342909
4160,10BA0004135,436028,443794,1,2,03/06/2010,2250,6,1,6,1,2,3,1,20,9,53.888872003,-1.45177342909
4161,10BA0004159,431824,435510,2,1,03/06/2010,1830,6,1,1,1,1,3,2,9,1,53.8146854141,-1.51660044425
4162,10AA0004083,422898,433560,2,1,04/06/2010,2100,6,2,1,2,1,3,1,55,9,53.7976269308,-1.65232618352
4163,10AA0004173,428202,435787,2,1,04/06/2010,1205,3,1,1,1,1,3,1,55,1,53.817384381,-1.57159063194
4164,10AA0004177,428469,435197,2,2,04/06/2010,110,6,1,4,1,1,3,1,52,9,53.8120664763,-1.56758942242
4165,10AA0004177,428469,435197,2,2,04/06/2010,110,6,1,4,1,1,3,1,34,9,53.8120664763,-1.56758942242
4166,10AA0004224,428123,432796,2,1,04/06/2010,1910,4,1,1,1,1,3,1,24,8,53.7905032969,-1.57306387898
4167,10BA0004128,431160,436388,2,1,04/06/2010,1720,4,1,1,1,1,3,2,44,9,53.8226176903,-1.52659713361
4168,10BA0004129,432096,435481,2,3,04/06/2010,1945,4,1,1,1,1,3,1,38,9,53.8144080226,-1.51247201335
4169,10BA0004129,432096,435481,2,3,04/06/2010,1945,4,1,1,1,2,3,1,47,9,53.8144080226,-1.51247201335
4170,10BA0004129,432096,435481,2,3,04/06/2010,1945,4,1,1,1,2,3,2,33,9,53.8144080226,-1.51247201335
4171,10BA0004152,431418,435591,2,1,04/06/2010,1130,6,1,1,1,1,3,1,15,1,53.8154381896,-1.52275898629
4172,10BA0004157,431568,434379,1,1,04/06/2010,1240,6,1,1,1,3,3,2,4,11,53.8045348231,-1.52060488428
4173,10BA0004214,430783,438588,1,1,04/06/2010,820,6,1,1,1,3,3,2,30,9,53.8424152097,-1.5321042019
4174,10MU0004725,428184,426384,3,3,04/06/2010,1725,1,1,1,1,1,3,2,26,9,53.7328637012,-1.57272334911
4175,10MU0004725,428184,426384,3,3,04/06/2010,1725,1,1,1,1,2,3,2,5,9,53.7328637012,-1.57272334911
4176,10MU0004725,428184,426384,3,3,04/06/2010,1725,1,1,1,1,2,3,2,49,9,53.7328637012,-1.57272334911
4177,10BA0004124,429038,438550,3,1,05/06/2010,2344,3,1,4,1,1,3,1,50,9,53.8421741308,-1.55863057224
4178,10BA0004125,429102,438945,3,2,05/06/2010,1610,6,1,1,1,1,3,1,27,90,53.8457210758,-1.55762039428
4179,10BA0004125,429102,438945,3,2,05/06/2010,1610,6,1,1,1,1,3,1,58,9,53.8457210758,-1.55762039428
4180,10CA0004122,431517,430022,2,4,05/06/2010,2338,6,1,4,1,1,3,1,38,8,53.7653740672,-1.52182485934
4181,10CA0004122,431517,430022,2,4,05/06/2010,2338,6,1,4,1,2,3,1,55,8,53.7653740672,-1.52182485934
4182,10CA0004122,431517,430022,2,4,05/06/2010,2338,6,1,4,1,2,3,2,59,8,53.7653740672,-1.52182485934
4183,10CA0004122,431517,430022,2,4,05/06/2010,2338,6,1,4,1,2,3,1,59,8,53.7653740672,-1.52182485934
4184,10CA0004156,426392,427742,2,2,05/06/2010,1315,6,1,1,1,1,3,2,39,1,53.7451643781,-1.59977381622
4185,10CA0004156,426392,427742,2,2,05/06/2010,1315,6,1,1,1,3,2,2,71,90,53.7451643781,-1.59977381622
4186,10CA0004242,429797,433999,2,1,05/06/2010,1543,6,1,1,1,1,3,2,21,9,53.801223584,-1.54753530885