Col.Number,Reference.Number,Easting,Northing,Number.of.Vehicles,Number.of.Casualties,Accident.Date,Time..24hr.,X1st.Road.Class,Road.Surface,Lighting.Conditions,Weather.Conditions,Casualty.Class,Casualty.Severity,Sex.of.Casualty,Age.of.Casualty,Type.of.Vehicle,Latitude,Longitude
4187,10MU0004172,443596,435546,2,2,05/06/2010,1037,1,1,1,1,1,3,1,51,9,53.8141551756,-1.3377926333
4188,10MU0004172,443596,435546,2,2,05/06/2010,1037,1,1,1,1,2,3,1,3,9,53.8141551756,-1.3377926333
4189,10MU0004178,443627,437600,2,2,05/06/2010,1200,2,1,1,1,1,3,1,56,9,53.8326146933,-1.33703039029
4190,10MU0004178,443627,437600,2,2,05/06/2010,1200,2,1,1,1,2,3,2,59,9,53.8326146933,-1.33703039029
4191,10AA0004258,425058,433371,2,1,06/06/2010,1235,4,2,1,2,1,3,1,47,9,53.7958284887,-1.61954576977
4192,10MU0004185,431092,424744,2,1,06/06/2010,1319,1,2,1,2,1,3,1,33,9,53.7179567608,-1.52880372894
4193,10AA0004174,419949,441970,1,1,07/06/2010,1745,6,1,1,1,2,3,2,75,11,53.8733444382,-1.6965558701
4194,10AA0004203,424967,445055,2,2,07/06/2010,1627,3,1,1,1,1,2,1,43,11,53.900857302,-1.61997732572
4195,10AA0004203,424967,445055,2,2,07/06/2010,1627,3,1,1,1,1,2,1,77,9,53.900857302,-1.61997732572
4196,10AA0004244,425704,434303,3,1,07/06/2010,1445,6,1,1,1,1,3,2,20,9,53.8041745369,-1.609660042
4197,10BA0004144,435528,440086,1,2,07/06/2010,240,3,1,7,1,1,3,1,19,9,53.8555771406,-1.45981105556
4198,10BA0004144,435528,440086,1,2,07/06/2010,240,3,1,7,1,2,3,1,19,9,53.8555771406,-1.45981105556
4199,10BA0004213,432206,432985,3,1,07/06/2010,1600,6,2,1,1,1,3,2,25,9,53.7919654814,-1.51106230354
4200,10BA0004225,444511,444764,2,1,07/06/2010,728,3,1,1,1,1,3,2,52,9,53.8969317886,-1.32255833185
4201,10MU0004602,432404,426083,2,1,07/06/2010,1700,1,1,1,1,1,3,1,61,9,53.7299129216,-1.50878103079
4202,10AA0004254,423873,434255,4,1,08/06/2010,940,3,2,1,2,1,3,2,19,9,53.8038303389,-1.63746862323
4203,10AA0004256,422873,439313,3,1,08/06/2010,1355,6,2,1,2,1,3,2,45,9,53.8493406503,-1.6522778506
4204,10AA0004278,426151,435590,2,1,08/06/2010,1900,4,2,1,1,1,3,1,26,1,53.8157208126,-1.60276273715
4205,10AA0004375,424887,443500,2,2,08/06/2010,1451,3,2,1,1,1,3,2,64,9,53.886883764,-1.62132135952
4206,10AA0004375,424887,443500,2,2,08/06/2010,1451,3,2,1,1,1,3,2,53,9,53.886883764,-1.62132135952
4207,10CA0004239,429560,427669,1,1,08/06/2010,1505,6,2,1,1,2,3,2,5,11,53.7443381589,-1.55174063172
4208,10CA0004290,425848,426820,3,3,08/06/2010,1048,3,1,1,1,1,3,2,54,9,53.7369038843,-1.60810030103
4209,10CA0004290,425848,426820,3,3,08/06/2010,1048,3,1,1,1,1,3,2,37,9,53.7369038843,-1.60810030103
4210,10CA0004290,425848,426820,3,3,08/06/2010,1048,3,1,1,1,2,3,2,66,19,53.7369038843,-1.60810030103
4211,10AA0004210,426815,434974,1,1,09/06/2010,745,3,1,1,1,2,3,2,25,11,53.8101499107,-1.59273044469
4212,10AA0004243,427843,435954,2,4,09/06/2010,2100,6,1,1,1,1,3,1,22,9,53.8189048516,-1.57702882857
4213,10AA0004243,427843,435954,2,4,09/06/2010,2100,6,1,1,1,1,3,1,41,9,53.8189048516,-1.57702882857
4214,10AA0004243,427843,435954,2,4,09/06/2010,2100,6,1,1,1,2,3,1,21,9,53.8189048516,-1.57702882857
4215,10AA0004243,427843,435954,2,4,09/06/2010,2100,6,1,1,1,2,3,1,21,9,53.8189048516,-1.57702882857
4216,10BA0004217,436170,434462,2,1,09/06/2010,1112,3,2,1,1,1,3,1,67,9,53.8049811988,-1.45071196734
4217,10BA0004341,446361,430910,1,1,09/06/2010,1607,3,2,1,8,1,3,1,27,9,53.7722460276,-1.29649432302
4218,10BA0004373,432764,433770,2,1,09/06/2010,1248,6,2,1,8,1,3,1,58,9,53.7989867576,-1.50250783836
4219,10CA0004263,429572,433803,2,1,09/06/2010,1445,6,2,1,1,1,2,1,47,5,53.7994746323,-1.55097061918
4220,10CA0004279,430733,435010,2,3,09/06/2010,1600,3,2,1,2,1,3,1,26,9,53.8102567034,-1.5332218148
4221,10CA0004279,430733,435010,2,3,09/06/2010,1600,3,2,1,2,2,3,1,38,9,53.8102567034,-1.5332218148
4222,10CA0004279,430733,435010,2,3,09/06/2010,1600,3,2,1,2,2,3,1,21,9,53.8102567034,-1.5332218148
4223,10AA0005475,428571,433907,1,1,10/06/2010,1525,3,1,1,1,2,3,1,65,11,53.8004654036,-1.56615994123
4224,10BA0004339,431462,435092,1,1,10/06/2010,1515,6,2,1,1,3,3,1,12,9,53.8109501788,-1.52214167137
4225,10BA0004365,443907,431651,2,1,10/06/2010,1637,3,1,1,1,1,3,2,24,9,53.7791191633,-1.33362423645
4226,10BA0004371,437548,433165,2,3,10/06/2010,1617,3,1,1,1,1,3,2,33,9,53.7932253712,-1.42994451623
4227,10BA0004371,437548,433165,2,3,10/06/2010,1617,3,1,1,1,2,3,2,14,9,53.7932253712,-1.42994451623
4228,10BA0004371,437548,433165,2,3,10/06/2010,1617,3,1,1,1,2,3,1,10,9,53.7932253712,-1.42994451623
4229,10CA0004317,430134,433773,1,1,10/06/2010,1345,6,1,1,1,3,2,2,82,8,53.799172719,-1.54244028902
4230,10CA0004388,430246,433248,1,1,10/06/2010,1900,6,1,1,1,3,3,1,25,8,53.794447138,-1.54079127674
4231,10BA0241025,437476,429596,1,1,11/06/2010,1441,3,1,1,1,1,1,1,37,5,53.7611502446,-1.43147129769
4232,10CA0004260,427842,428074,1,1,11/06/2010,856,6,1,1,1,3,3,1,20,19,53.7480732389,-1.57775575302
4233,10CA0004285,422472,427896,2,1,11/06/2010,1311,3,1,1,1,1,3,2,31,9,53.7467324195,-1.65920689454
4234,10MU0004310,443591,437896,1,2,11/06/2010,1552,2,1,1,1,1,3,1,50,9,53.8352782687,-1.33753543196
4235,10MU0004310,443591,437896,1,2,11/06/2010,1552,2,1,1,1,2,3,1,21,9,53.8352782687,-1.33753543196
4236,10MU0004323,447413,429835,2,1,11/06/2010,613,2,1,1,1,1,3,1,29,20,53.7624888272,-1.28069728767
4237,10MU0004418,428665,431580,2,1,11/06/2010,1610,1,1,1,1,1,3,1,47,9,53.7795433746,-1.56494910706
4238,10AA0004343,425062,433381,2,1,12/06/2010,1218,6,1,1,1,1,3,1,43,5,53.7959181843,-1.61948422583
4239,10AA0004364,426623,433087,1,1,12/06/2010,1105,4,1,1,1,2,3,1,58,11,53.7931979416,-1.59580963774
4240,10AA0004382,429216,434151,2,2,12/06/2010,750,6,1,1,1,1,3,2,81,9,53.8026228292,-1.55634302356
4241,10AA0004382,429216,434151,2,2,12/06/2010,750,6,1,1,1,1,3,1,38,3,53.8026228292,-1.55634302356
4242,10CA0004270,429634,433379,1,1,12/06/2010,657,6,1,1,1,2,2,1,35,11,53.7956598799,-1.55007002183
4243,10CA0004301,426525,428603,2,1,12/06/2010,1815,3,1,1,1,1,3,1,19,9,53.7528970395,-1.59768303422
4244,10AA0004374,420840,439775,1,1,13/06/2010,1244,4,1,1,1,3,2,1,12,9,53.8535790466,-1.6831522125
4245,10AA0004424,424674,434997,2,1,13/06/2010,2220,3,1,4,1,3,3,2,30,9,53.8104626516,-1.62524557562
4246,10AA0004443,424375,435634,2,2,13/06/2010,1237,6,1,1,1,1,3,2,38,9,53.8162026204,-1.6297362906
4247,10AA0004443,424375,435634,2,2,13/06/2010,1237,6,1,1,1,1,3,1,25,9,53.8162026204,-1.6297362906
4248,10BA0004503,434462,433713,2,2,13/06/2010,1655,6,2,1,2,1,2,1,57,9,53.7983646909,-1.47673275379
4249,10BA0004503,434462,433713,2,2,13/06/2010,1655,6,2,1,2,1,2,2,38,9,53.7983646909,-1.47673275379
4250,10CA0004331,430379,432150,2,1,13/06/2010,1503,6,2,1,2,2,3,1,6,9,53.7845697591,-1.53888033014
4251,10CA0004447,431458,430252,1,1,13/06/2010,2045,6,2,1,2,3,3,2,30,9,53.7674450461,-1.5226965239
4252,10AA0004344,419544,441595,3,1,14/06/2010,1857,3,1,1,1,1,2,1,30,9,53.8699890602,-1.70274013338
4253,10BA0004410,432113,435378,2,1,14/06/2010,1500,4,1,1,1,1,3,1,40,8,53.8134811406,-1.51222454903
4254,10BA0006990,431885,435471,2,1,14/06/2010,1802,6,1,1,1,2,3,1,44,9,53.8143311187,-1.5156779457
4255,10AA0004423,420604,441478,2,4,15/06/2010,1600,6,1,1,1,1,3,1,18,9,53.8688963645,-1.68662589061
4256,10AA0004423,420604,441478,2,4,15/06/2010,1600,6,1,1,1,1,3,2,43,9,53.8688963645,-1.68662589061
4257,10AA0004423,420604,441478,2,4,15/06/2010,1600,6,1,1,1,2,3,1,19,9,53.8688963645,-1.68662589061
4258,10AA0004423,420604,441478,2,4,15/06/2010,1600,6,1,1,1,2,3,1,12,9,53.8688963645,-1.68662589061
4259,10AA0004446,424370,445352,2,2,15/06/2010,1755,3,1,1,1,1,3,2,41,9,53.9035553516,-1.62904040014
4260,10AA0004446,424370,445352,2,2,15/06/2010,1755,3,1,1,1,1,3,1,40,9,53.9035553516,-1.62904040014
4261,10AA0004521,424706,434470,2,1,15/06/2010,1515,6,1,1,1,1,3,1,13,1,53.805724032,-1.62480186452
4262,10BA0004392,431602,434425,1,1,15/06/2010,1535,6,1,1,1,2,3,1,65,11,53.804946238,-1.52008385456
4263,10BA0004396,433595,436294,2,2,15/06/2010,2240,6,1,4,1,1,3,1,16,1,53.8216210778,-1.48961486597
4264,10BA0004396,433595,436294,2,2,15/06/2010,2240,6,1,4,1,2,3,1,16,1,53.8216210778,-1.48961486597
4265,10BA0004409,433168,434012,2,1,15/06/2010,1705,3,1,1,1,1,3,1,27,3,53.8011364123,-1.49634765254
4266,10BA0004415,431905,435731,2,1,15/06/2010,840,3,1,1,1,1,2,1,42,1,53.8166669447,-1.5153472021
4267,10CA0004353,429573,433790,1,1,15/06/2010,943,6,1,1,1,2,3,2,62,11,53.799357722,-1.5509566838
4268,10CA0004381,431015,428484,2,1,15/06/2010,1445,6,1,1,1,1,3,2,19,9,53.7515794749,-1.52959541807
4269,10CA0004391,427843,426267,2,1,15/06/2010,1150,3,1,1,1,2,3,1,23,9,53.7318303225,-1.57790337646
4270,10CA0004504,429734,430545,2,2,15/06/2010,1435,3,1,1,1,1,3,1,24,9,53.7701800382,-1.54882513969
4271,10CA0004504,429734,430545,2,2,15/06/2010,1435,3,1,1,1,1,3,1,59,9,53.7701800382,-1.54882513969
4272,10AA0004438,428507,434480,1,1,16/06/2010,113,6,1,7,1,2,3,1,25,8,53.8056194678,-1.56707867408
4273,10AA0004945,425919,436256,2,1,16/06/2010,812,3,1,1,1,1,3,1,43,1,53.821718951,-1.60623063818
4274,10BA0004416,430894,435526,2,1,16/06/2010,1515,6,1,1,1,1,3,1,31,1,53.8148853268,-1.53072480321
4275,10BA0004489,432844,434338,2,1,17/06/2010,2210,6,1,4,1,1,3,1,16,1,53.8040872757,-1.50123257501
4276,10CA0004485,430696,433644,2,1,17/06/2010,1620,3,1,1,1,3,3,1,62,1,53.7979803163,-1.53391995235
4277,10CA0004496,427842,430577,2,1,17/06/2010,1220,3,1,1,1,1,3,1,22,9,53.7705722722,-1.57753000776
4278,10CA0004507,430694,433653,2,2,17/06/2010,1645,3,1,1,1,1,3,1,35,1,53.7980613328,-1.53394942178
4279,10CA0004507,430694,433653,2,2,17/06/2010,1645,3,1,1,1,3,3,2,20,1,53.7980613328,-1.53394942178
4280,10BA0004478,440652,448196,1,1,18/06/2010,1520,6,1,1,1,3,3,1,14,9,53.9280966926,-1.38083084353
4281,10BA0004493,431469,433529,2,1,18/06/2010,1650,6,1,1,1,1,3,1,12,1,53.7969004309,-1.52219511612
4282,10BA0004499,439133,426666,4,2,18/06/2010,710,3,1,1,1,1,3,1,18,9,53.7346917891,-1.40670643904
4283,10BA0004499,439133,426666,4,2,18/06/2010,710,3,1,1,1,1,3,1,61,9,53.7346917891,-1.40670643904
4284,10BA0004951,437501,433074,2,2,18/06/2010,1535,6,1,1,1,1,3,2,66,9,53.7924108002,-1.43066911046
4285,10BA0004951,437501,433074,2,2,18/06/2010,1535,6,1,1,1,2,3,2,4,9,53.7924108002,-1.43066911046
4286,10BA0006989,431208,433712,2,2,18/06/2010,1340,6,1,1,1,2,3,2,83,9,53.798561086,-1.52613927795
4287,10BA0006989,431208,433712,2,2,18/06/2010,1340,6,1,1,1,2,3,2,40,9,53.798561086,-1.52613927795
4288,10CA0004487,431478,428776,2,2,18/06/2010,1555,6,1,1,1,1,3,1,13,1,53.7541764331,-1.52254359927
4289,10CA0004487,431478,428776,2,2,18/06/2010,1555,6,1,1,1,1,3,1,18,3,53.7541764331,-1.52254359927
4290,10MU0004501,429419,433959,2,1,18/06/2010,1305,2,1,1,1,1,3,1,39,9,53.8008855503,-1.55327883207
4291,10MU0004502,432134,430047,1,1,18/06/2010,1505,1,1,1,1,1,3,2,53,9,53.765561085,-1.51246151691
4292,10AA0004482,424244,438996,1,1,19/06/2010,1940,6,1,1,1,3,3,1,31,9,53.8464290142,-1.63146099145
4293,10BA0004465,432101,436042,2,2,19/06/2010,310,6,1,4,1,2,3,2,31,9,53.8194503515,-1.51233752869
4294,10BA0004465,432101,436042,2,2,19/06/2010,310,6,1,4,1,2,3,2,26,9,53.8194503515,-1.51233752869
4295,10BA0006540,431597,436155,3,2,19/06/2010,1940,4,1,1,1,1,2,1,21,4,53.8204969501,-1.51998214004
4296,10BA0006540,431597,436155,3,2,19/06/2010,1940,4,1,1,1,1,3,1,27,9,53.8204969501,-1.51998214004
4297,10AA0004454,427386,433435,3,2,20/06/2010,1755,6,1,1,1,1,3,1,31,9,53.7962864379,-1.58419516559
4298,10AA0004454,427386,433435,3,2,20/06/2010,1755,6,1,1,1,1,3,2,41,9,53.7962864379,-1.58419516559
4299,10AA0004468,420947,434430,2,2,20/06/2010,1330,3,1,1,1,1,3,1,43,9,53.8055294612,-1.68188965475
4300,10AA0004468,420947,434430,2,2,20/06/2010,1330,3,1,1,1,2,3,2,16,9,53.8055294612,-1.68188965475
4301,10AA0004582,423999,436673,2,1,20/06/2010,1305,6,1,1,1,1,3,1,48,1,53.8255594729,-1.63536664358
4302,10MU0004529,433629,429688,3,1,20/06/2010,2015,1,1,1,1,1,3,1,51,9,53.7622397581,-1.48981939685
4303,10AA0004527,428500,433282,2,3,21/06/2010,1830,3,1,1,1,1,2,1,24,9,53.7948513253,-1.56729585047
4304,10AA0004527,428500,433282,2,3,21/06/2010,1830,3,1,1,1,1,2,1,37,9,53.7948513253,-1.56729585047
4305,10AA0004527,428500,433282,2,3,21/06/2010,1830,3,1,1,1,2,2,2,24,9,53.7948513253,-1.56729585047
4306,10AA0004547,423963,434172,2,1,21/06/2010,1345,3,1,1,1,1,3,1,31,9,53.8030801279,-1.63610838863
4307,10AA0004557,425925,434600,2,1,21/06/2010,1415,6,1,1,1,1,3,2,32,9,53.8068332386,-1.60627901969
4308,10BA0004575,431875,435942,2,3,21/06/2010,1910,4,1,1,1,1,3,1,39,9,53.8185653927,-1.51578103572
4309,10BA0004575,431875,435942,2,3,21/06/2010,1910,4,1,1,1,1,3,1,23,9,53.8185653927,-1.51578103572
4310,10BA0004575,431875,435942,2,3,21/06/2010,1910,4,1,1,1,2,3,1,21,9,53.8185653927,-1.51578103572
4311,10BA0004594,440390,433240,1,1,21/06/2010,1110,4,1,1,1,3,2,2,68,9,53.7936866614,-1.38678993258
4312,10CA0004567,429925,433805,1,1,21/06/2010,1235,6,1,1,1,3,3,2,22,9,53.799472423,-1.5456105603
4313,10MU0004600,441149,445498,4,2,21/06/2010,1044,2,1,1,1,1,3,2,47,9,53.9038070051,-1.37362459846
4314,10MU0004600,441149,445498,4,2,21/06/2010,1044,2,1,1,1,1,3,1,35,9,53.9038070051,-1.37362459846
4315,10BA0004578,436697,433044,2,2,22/06/2010,1700,6,1,1,1,1,2,1,93,9,53.7921984659,-1.44287817013
4316,10BA0004578,436697,433044,2,2,22/06/2010,1700,6,1,1,1,2,3,2,84,9,53.7921984659,-1.44287817013
4317,10BA0004586,431942,435730,2,1,23/06/2010,1415,6,1,1,1,2,3,2,51,9,53.816655684,-1.51478527974
4318,10BA0004638,443083,433504,2,1,23/06/2010,1130,3,1,1,1,1,3,1,23,9,53.7958435923,-1.34587012067
4319,10BA0004729,434232,433849,2,1,23/06/2010,1550,6,1,1,1,1,3,1,25,1,53.7996023316,-1.48020977286
4320,10CA0004616,425105,429094,1,1,23/06/2010,1944,6,1,1,1,3,2,1,9,9,53.7573809273,-1.61918037377
4321,10MU0004645,432776,426014,2,1,23/06/2010,835,1,1,1,1,1,3,2,29,9,53.7292694495,-1.50314935031
4322,10AA0004579,430363,434665,2,1,24/06/2010,1756,6,1,1,1,1,3,2,33,9,53.8071773362,-1.53887527204
4323,10AA0004584,424016,437296,2,1,24/06/2010,2030,3,1,1,1,1,3,1,24,1,53.8311587007,-1.63505968721
4324,10AA0004972,421500,433987,2,3,24/06/2010,1510,3,1,1,1,1,3,2,22,9,53.8015248302,-1.67352263765
4325,10AA0004972,421500,433987,2,3,24/06/2010,1510,3,1,1,1,1,2,1,37,9,53.8015248302,-1.67352263765
4326,10AA0004972,421500,433987,2,3,24/06/2010,1510,3,1,1,1,2,3,1,36,9,53.8015248302,-1.67352263765
4327,10BA0004593,432287,435988,2,1,24/06/2010,1700,6,1,1,1,1,3,2,47,9,53.8189534449,-1.50951769088
4328,10CA0004581,431255,425990,1,1,24/06/2010,1610,6,1,1,1,3,3,2,8,9,53.7291470884,-1.52620769203
4329,10CA0004589,428660,429348,1,1,24/06/2010,938,6,1,1,1,2,3,2,52,11,53.7594806556,-1.56523233545
4330,10CA0004607,436168,427509,2,1,24/06/2010,2035,3,1,1,1,1,2,1,63,3,53.7424833465,-1.45155766184
4331,10CA0004756,430013,434133,2,1,24/06/2010,1030,6,1,1,1,1,3,2,27,1,53.8024156548,-1.54424242143
4332,10MU0004723,431221,426511,7,6,24/06/2010,1701,1,1,1,1,1,3,1,42,9,53.7338322928,-1.526670473
4333,10MU0004723,431221,426511,7,6,24/06/2010,1701,1,1,1,1,1,3,1,39,9,53.7338322928,-1.526670473
4334,10MU0004723,431221,426511,7,6,24/06/2010,1701,1,1,1,1,1,3,2,54,9,53.7338322928,-1.526670473
4335,10MU0004723,431221,426511,7,6,24/06/2010,1701,1,1,1,1,1,3,1,30,9,53.7338322928,-1.526670473
4336,10MU0004723,431221,426511,7,6,24/06/2010,1701,1,1,1,1,2,2,1,29,9,53.7338322928,-1.526670473
4337,10MU0004723,431221,426511,7,6,24/06/2010,1701,1,1,1,1,2,2,1,28,9,53.7338322928,-1.526670473
4338,10AA0004642,423295,434687,2,1,25/06/2010,2052,6,1,1,1,1,3,1,22,1,53.807739722,-1.64621315724
4339,10AA0004662,427277,433078,2,1,25/06/2010,1600,6,1,1,1,2,3,2,22,9,53.7930831686,-1.58588168937
4340,10BA0004630,436849,433636,1,1,25/06/2010,1540,6,1,1,1,2,2,1,5,11,53.7975089686,-1.44049986049
4341,10BA0004693,434367,438457,2,1,25/06/2010,1600,3,1,1,1,2,3,2,20,9,53.8410129269,-1.4776450982
4342,10BA0004937,436301,433611,2,1,25/06/2010,1006,6,1,1,1,1,3,1,17,3,53.7973227802,-1.44882298761
4343,10MU0004644,428025,431431,3,1,25/06/2010,1625,1,1,1,1,1,3,2,26,9,53.7782388917,-1.57467568045
4344,10AA0004920,428513,433382,2,1,26/06/2010,1700,6,1,1,1,1,3,2,26,1,53.7957494891,-1.56708922644
4345,10MU0004643,431957,428237,1,2,26/06/2010,433,1,1,1,1,2,3,2,20,9,53.7493023339,-1.51533421178
4346,10MU0004643,431957,428237,1,2,26/06/2010,433,1,1,1,1,2,2,1,22,9,53.7493023339,-1.51533421178
4347,10AA0004691,427745,436148,2,1,27/06/2010,1750,4,1,1,1,1,3,1,24,1,53.8206539064,-1.57850003123
4348,10BA0004715,430630,437289,1,1,27/06/2010,1710,6,1,1,1,3,3,2,17,9,53.8307479882,-1.53455917881
4349,10CA0004637,428830,430266,2,2,27/06/2010,333,6,1,7,1,1,2,1,22,9,53.7677229963,-1.56256779043
4350,10CA0004637,428830,430266,2,2,27/06/2010,333,6,1,7,1,1,2,2,60,9,53.7677229963,-1.56256779043
4351,10MU0004779,430071,434419,3,1,27/06/2010,1735,2,1,1,1,1,3,1,42,5,53.8049830784,-1.54333376853
4352,10AA0004722,422998,432690,3,2,28/06/2010,1520,6,1,1,1,1,3,2,37,9,53.7898022181,-1.65087280404
4353,10AA0004722,422998,432690,3,2,28/06/2010,1520,6,1,1,1,2,3,2,12,9,53.7898022181,-1.65087280404
4354,10BA0004726,432115,435376,2,1,28/06/2010,1855,4,1,1,1,1,3,2,28,9,53.8134630398,-1.51219438029
4355,10CA0004701,430467,433992,2,1,28/06/2010,1225,6,1,1,1,2,3,2,49,11,53.8011218517,-1.53736247462
4356,10CA0004794,427701,431593,2,2,28/06/2010,1208,3,1,1,1,1,3,1,53,9,53.7797124179,-1.57957819944
4357,10CA0004794,427701,431593,2,2,28/06/2010,1208,3,1,1,1,2,3,2,48,9,53.7797124179,-1.57957819944
4358,10CA0004796,422156,428049,2,1,28/06/2010,1130,4,1,1,1,1,3,2,61,9,53.7481212553,-1.66398804356
4359,10MU0004732,431049,424680,1,1,28/06/2010,2135,1,2,4,1,1,3,1,38,9,53.7173840363,-1.52946178648
4360,10AA0004752,428840,436571,2,1,29/06/2010,814,6,1,1,1,1,3,2,37,9,53.8243965318,-1.56182572983
4361,10BA0004751,430959,433407,2,1,29/06/2010,1945,3,1,1,1,1,3,1,28,5,53.7958344069,-1.52995059832
4362,10CA0004758,430846,433997,1,1,29/06/2010,1350,6,1,1,1,3,2,1,47,9,53.8011444587,-1.53160711739
4363,10CA0004770,429405,433469,2,1,29/06/2010,1630,6,1,1,1,1,3,2,62,9,53.7964818599,-1.55353819682
4364,10CA0004884,428793,430526,3,2,29/06/2010,1632,6,1,1,1,1,3,1,30,9,53.77006213,-1.56310490222
4365,10CA0004884,428793,430526,3,2,29/06/2010,1632,6,1,1,1,2,3,2,4,9,53.77006213,-1.56310490222
4366,10AA0004780,427374,437138,2,1,30/06/2010,830,3,1,1,1,1,2,1,32,1,53.8295724245,-1.58404793447
4367,10BA0004748,440344,432860,1,1,30/06/2010,1520,4,1,1,1,3,3,2,2,9,53.7902745971,-1.38753803005
4368,10BA0004839,433892,435204,2,1,30/06/2010,1230,6,1,1,1,1,3,2,28,9,53.8118041994,-1.48522303784
4369,10BA0004841,437982,432919,2,1,30/06/2010,959,3,1,1,1,1,3,2,41,9,53.7909826842,-1.4233862002
4370,10BA0004847,431401,435025,3,2,30/06/2010,1315,6,1,1,1,1,2,2,80,9,53.8103516244,-1.52307496638
4371,10BA0004847,431401,435025,3,2,30/06/2010,1315,6,1,1,1,1,3,1,40,9,53.8103516244,-1.52307496638
4372,10BA0004903,436975,433610,2,2,30/06/2010,1845,3,1,1,1,1,3,2,29,9,53.7972663255,-1.4385899503
4373,10BA0004903,436975,433610,2,2,30/06/2010,1845,3,1,1,1,2,3,2,7,9,53.7972663255,-1.4385899503
4374,10CA0004999,430977,428447,2,1,30/06/2010,1040,6,1,1,1,1,3,1,21,2,53.7512491503,-1.53017545382
4375,10AA0004785,423479,434610,4,1,01/07/2010,1708,6,1,1,1,1,3,1,19,9,53.8070393078,-1.64342463715
4376,10BA0004803,430740,435058,3,1,01/07/2010,1653,6,1,1,1,1,3,1,24,9,53.810687747,-1.53311070698
4377,10MU0004797,424727,427497,2,1,01/07/2010,1740,1,1,1,1,2,3,2,31,9,53.7430437439,-1.62504199638
4378,10AA0005075,427576,434802,2,1,02/07/2010,1530,6,1,1,1,1,3,1,33,9,53.8085640451,-1.58118802836
4379,10BA0004804,432155,435617,2,2,02/07/2010,1610,6,1,1,1,1,3,1,45,9,53.8156268349,-1.51156164446
4380,10BA0004804,432155,435617,2,2,02/07/2010,1610,6,1,1,1,2,3,2,14,9,53.8156268349,-1.51156164446
4381,10CA0004806,430375,433531,1,1,02/07/2010,1243,6,1,1,1,2,3,1,77,11,53.7969834322,-1.53880490197
4382,10CA0004882,435911,425988,2,4,02/07/2010,5,3,2,4,2,1,3,1,21,9,53.728829301,-1.45563123214
4383,10CA0004882,435911,425988,2,4,02/07/2010,5,3,2,4,2,2,3,2,16,9,53.728829301,-1.45563123214
4384,10CA0004882,435911,425988,2,4,02/07/2010,5,3,2,4,2,2,3,2,15,9,53.728829301,-1.45563123214
4385,10CA0004882,435911,425988,2,4,02/07/2010,5,3,2,4,2,2,3,2,16,9,53.728829301,-1.45563123214
4386,10AA0004802,428530,436885,2,1,03/07/2010,1602,4,1,1,1,1,3,2,46,9,53.8272360975,-1.56650636205
4387,10AA0004928,429701,435051,2,4,03/07/2010,10,6,1,4,1,1,3,2,21,9,53.8106852102,-1.54889151023
4388,10AA0004928,429701,435051,2,4,03/07/2010,10,6,1,4,1,2,3,2,16,9,53.8106852102,-1.54889151023
4389,10AA0004928,429701,435051,2,4,03/07/2010,10,6,1,4,1,2,3,2,16,9,53.8106852102,-1.54889151023
4390,10AA0004928,429701,435051,2,4,03/07/2010,10,6,1,4,1,2,3,2,17,9,53.8106852102,-1.54889151023
4391,10AA0004934,422387,432648,2,1,03/07/2010,1610,6,1,1,1,1,3,1,9,1,53.7894513297,-1.66015111971
4392,10CA0004915,425542,426595,3,2,03/07/2010,1122,4,1,1,1,2,3,2,12,9,53.7348964619,-1.61275825493
4393,10CA0004915,425542,426595,3,2,03/07/2010,1122,4,1,1,1,2,3,2,41,9,53.7348964619,-1.61275825493
4394,10AA0004935,425945,434675,2,2,04/07/2010,1730,6,1,1,1,1,3,1,58,9,53.8075064002,-1.60596896755
4395,10AA0004935,425945,434675,2,2,04/07/2010,1730,6,1,1,1,2,3,2,56,9,53.8075064002,-1.60596896755
4396,10AA0004831,423475,434031,2,4,05/07/2010,10,6,1,4,1,1,3,1,25,9,53.8018349562,-1.64352953317
4397,10AA0004831,423475,434031,2,4,05/07/2010,10,6,1,4,1,1,2,1,63,9,53.8018349562,-1.64352953317
4398,10AA0004831,423475,434031,2,4,05/07/2010,10,6,1,4,1,2,3,2,17,9,53.8018349562,-1.64352953317
4399,10AA0004831,423475,434031,2,4,05/07/2010,10,6,1,4,1,2,3,2,17,9,53.8018349562,-1.64352953317
4400,10AA0004890,423881,434903,1,1,05/07/2010,2030,6,1,1,1,3,3,1,12,9,53.8096547268,-1.63729686702
4401,10BA0004881,430981,438656,3,1,05/07/2010,1755,6,1,1,1,1,3,1,25,9,53.8430146646,-1.52908789208
4402,10BA0004896,432280,436272,2,1,05/07/2010,1810,6,1,1,1,1,3,2,22,1,53.8215066563,-1.50959421982
4403,10BA0004897,444969,428122,1,2,05/07/2010,2025,6,1,1,1,1,3,1,21,9,53.7473083494,-1.31802170947
4404,10BA0004897,444969,428122,1,2,05/07/2010,2025,6,1,1,1,2,3,1,21,9,53.7473083494,-1.31802170947
4405,10BA0004901,433598,435587,2,1,05/07/2010,1520,6,1,1,1,1,3,1,18,3,53.8152659258,-1.48964651257
4406,10BA0004902,430784,438588,2,3,05/07/2010,2027,6,1,1,1,1,3,1,43,9,53.8424151505,-1.53208900265
4407,10BA0004902,430784,438588,2,3,05/07/2010,2027,6,1,1,1,2,3,1,22,9,53.8424151505,-1.53208900265
4408,10BA0004902,430784,438588,2,3,05/07/2010,2027,6,1,1,1,2,3,1,22,9,53.8424151505,-1.53208900265
4409,10BA0004904,432539,434899,1,1,05/07/2010,1800,6,1,1,1,2,3,1,36,9,53.8091490876,-1.50580479881
4410,10BA0004910,434829,438005,1,1,05/07/2010,710,3,1,1,1,2,3,2,60,11,53.8369193209,-1.4706745837