Col.Number,Reference.Number,Easting,Northing,Number.of.Vehicles,Number.of.Casualties,Accident.Date,Time..24hr.,X1st.Road.Class,Road.Surface,Lighting.Conditions,Weather.Conditions,Casualty.Class,Casualty.Severity,Sex.of.Casualty,Age.of.Casualty,Type.of.Vehicle,Latitude,Longitude
4411,10CA0004888,424249,428209,2,1,05/07/2010,1645,3,1,1,4,1,3,1,48,5,53.7494662999,-1.63223429515
4412,10AA0004938,427569,434537,2,1,06/07/2010,950,3,1,1,1,1,3,1,41,1,53.8061823952,-1.58131807278
4413,10AA0278852,428769,434209,1,1,06/07/2010,1649,6,1,1,1,3,1,1,4,9,53.803169092,-1.563125264
4414,10MU0005013,437708,431607,2,2,06/07/2010,1305,1,1,1,1,1,3,2,22,9,53.77920959,-1.42770613849
4415,10MU0005013,437708,431607,2,2,06/07/2010,1305,1,1,1,1,2,3,2,46,9,53.77920959,-1.42770613849
4416,10AA0004964,422707,445558,1,1,07/07/2010,25,3,1,6,1,1,2,2,25,9,53.9054825564,-1.65433873682
4417,10BA0004965,435303,435118,2,2,07/07/2010,1747,6,1,1,1,1,3,1,20,9,53.8109372956,-1.46380259673
4418,10BA0004965,435303,435118,2,2,07/07/2010,1747,6,1,1,1,3,3,2,16,9,53.8109372956,-1.46380259673
4419,10BA0004968,442323,428105,1,1,07/07/2010,1951,6,1,1,1,2,3,1,17,9,53.7473771274,-1.35814914743
4420,10AA0005063,420532,444017,2,1,08/07/2010,1900,6,1,1,1,1,3,1,17,3,53.8917216692,-1.68755083996
4421,10CA0005036,430002,434152,2,4,08/07/2010,725,3,1,1,1,1,2,2,50,9,53.8025870751,-1.54440760298
4422,10CA0005036,430002,434152,2,4,08/07/2010,725,3,1,1,1,2,3,2,14,9,53.8025870751,-1.54440760298
4423,10CA0005036,430002,434152,2,4,08/07/2010,725,3,1,1,1,1,3,1,43,9,53.8025870751,-1.54440760298
4424,10CA0005036,430002,434152,2,4,08/07/2010,725,3,1,1,1,2,3,2,30,9,53.8025870751,-1.54440760298
4425,10MU0005011,435917,425859,2,3,08/07/2010,1800,1,1,1,1,1,3,1,60,9,53.727669344,-1.45555526436
4426,10MU0005011,435917,425859,2,3,08/07/2010,1800,1,1,1,1,2,3,2,26,9,53.727669344,-1.45555526436
4427,10MU0005011,435917,425859,2,3,08/07/2010,1800,1,1,1,1,2,3,2,60,9,53.727669344,-1.45555526436
4428,10MU0005033,432393,426256,2,1,08/07/2010,1637,1,1,1,1,2,3,2,26,9,53.7314686645,-1.50892965342
4429,10MU0005037,431963,428416,2,2,08/07/2010,1055,1,1,1,1,1,3,1,48,9,53.7509109545,-1.51522469507
4430,10MU0005037,431963,428416,2,2,08/07/2010,1055,1,1,1,1,1,3,2,27,9,53.7509109545,-1.51522469507
4431,10AA0004958,428472,435199,2,1,10/07/2010,2235,6,1,4,1,1,3,1,25,1,53.8120842895,-1.56754367233
4432,10AA0004963,423542,435415,2,3,10/07/2010,1905,4,1,1,1,1,3,1,23,9,53.8142724589,-1.64240629681
4433,10AA0004963,423542,435415,2,3,10/07/2010,1905,4,1,1,1,1,3,1,26,8,53.8142724589,-1.64240629681
4434,10AA0004963,423542,435415,2,3,10/07/2010,1905,4,1,1,1,2,3,1,16,9,53.8142724589,-1.64240629681
4435,10AA0004971,424455,433725,1,3,10/07/2010,1914,6,1,1,1,1,3,1,17,9,53.7990392259,-1.62867276329
4436,10AA0004971,424455,433725,1,3,10/07/2010,1914,6,1,1,1,2,3,1,14,9,53.7990392259,-1.62867276329
4437,10AA0004971,424455,433725,1,3,10/07/2010,1914,6,1,1,1,2,3,1,17,9,53.7990392259,-1.62867276329
4438,10AA0005101,418436,442245,2,1,10/07/2010,1145,6,1,1,1,1,2,1,27,5,53.8758723272,-1.71955325059
4439,10BA0005146,431883,435239,3,2,10/07/2010,335,6,1,7,1,1,3,1,23,9,53.8122458702,-1.51573236289
4440,10BA0005146,431883,435239,3,2,10/07/2010,335,6,1,7,1,1,3,1,43,9,53.8122458702,-1.51573236289
4441,10CA0004997,430075,431160,1,1,10/07/2010,1155,3,1,1,1,3,3,1,14,9,53.775688547,-1.54359112247
4442,10CA0005014,429399,431340,3,1,10/07/2010,930,6,1,1,1,1,3,2,22,9,53.7773451357,-1.55383238272
4443,10CA0005658,428268,429587,2,1,10/07/2010,1450,3,1,1,1,1,3,2,30,9,53.7616504009,-1.57115684196
4444,10AA0005118,428080,434946,1,1,11/07/2010,1330,6,1,1,1,3,3,2,5,9,53.8098314545,-1.57352059508
4445,10BA0005008,437963,428081,2,1,11/07/2010,1755,6,1,1,1,1,3,1,61,1,53.747497216,-1.42426993506
4446,10BA0005038,430686,439202,1,1,11/07/2010,1555,3,1,1,1,3,2,2,11,9,53.8479399771,-1.5335171795
4447,10BA0005157,432390,443627,1,1,11/07/2010,2330,3,1,6,1,2,3,1,19,9,53.8876109352,-1.50714698787
4448,10MU0005057,443103,440642,1,1,11/07/2010,550,2,1,1,1,1,3,1,40,9,53.8600009946,-1.34456570869
4449,10MU0005060,443256,439265,1,2,11/07/2010,1330,2,1,1,1,1,3,1,50,9,53.8476113275,-1.3424333722
4450,10MU0005060,443256,439265,1,2,11/07/2010,1330,2,1,1,1,2,3,2,50,9,53.8476113275,-1.3424333722
4451,10AA0005070,419965,446141,2,2,12/07/2010,1455,6,1,1,1,1,3,1,34,9,53.910835879,-1.69604057222
4452,10AA0005070,419965,446141,2,2,12/07/2010,1455,6,1,1,1,2,3,2,29,9,53.910835879,-1.69604057222
4453,10AA0005110,420450,434940,3,1,12/07/2010,1720,6,1,1,1,1,3,1,12,1,53.8101335627,-1.68940330761
4454,10BA0005006,437471,444522,1,1,12/07/2010,2350,3,1,6,1,1,3,1,23,9,53.8953133052,-1.42972785796
4455,10BA0005028,431579,432944,2,1,12/07/2010,910,6,2,1,2,1,3,1,46,11,53.7916353739,-1.52058498068
4456,10BA0005039,433500,434045,2,1,12/07/2010,1550,3,1,1,1,2,3,2,30,9,53.8014117624,-1.49130289749
4457,10BA0005064,433995,437090,1,1,12/07/2010,1900,6,1,1,1,2,3,1,53,11,53.8287500018,-1.483450213
4458,10BA0005073,435898,436413,2,1,12/07/2010,1332,3,2,1,2,2,3,2,62,9,53.8225367672,-1.45461481126
4459,10BA0005076,432164,434817,2,1,12/07/2010,1500,6,1,1,1,1,3,1,53,8,53.8084353462,-1.51150855643
4460,10CA0006321,431381,431662,2,2,12/07/2010,1515,3,1,1,1,1,3,2,33,9,53.780123813,-1.52372132213
4461,10CA0006321,431381,431662,2,2,12/07/2010,1515,3,1,1,1,2,3,2,70,9,53.780123813,-1.52372132213
4462,10MU0005058,436640,425930,2,1,12/07/2010,1239,1,2,1,2,1,3,1,36,9,53.7282572517,-1.44458788153
4463,10AA0005049,420560,441128,2,1,13/07/2010,2115,6,2,4,2,1,3,1,15,1,53.8657520385,-1.68731855532
4464,10AA0005052,426970,439832,1,1,13/07/2010,1700,3,1,1,1,3,3,1,16,9,53.8538091539,-1.58995006621
4465,10AA0005062,423621,431754,2,1,13/07/2010,1750,6,2,1,2,1,3,1,51,1,53.7813607433,-1.64148712286
4466,10AA0005355,426598,435546,2,1,13/07/2010,1730,6,1,1,1,1,2,1,31,1,53.8153026304,-1.59597673438
4467,10BA0005068,431245,433800,2,4,13/07/2010,1730,6,1,1,1,1,3,1,33,9,53.7993498709,-1.5255685649
4468,10BA0005068,431245,433800,2,4,13/07/2010,1730,6,1,1,1,2,3,1,30,9,53.7993498709,-1.5255685649
4469,10BA0005068,431245,433800,2,4,13/07/2010,1730,6,1,1,1,2,3,2,23,9,53.7993498709,-1.5255685649
4470,10BA0005068,431245,433800,2,4,13/07/2010,1730,6,1,1,1,2,3,2,32,9,53.7993498709,-1.5255685649
4471,10CA0005085,430962,433507,1,1,13/07/2010,1200,6,1,1,1,3,3,2,89,8,53.7967330997,-1.52989499908
4472,10MU0005111,432409,426223,2,1,13/07/2010,808,1,1,1,1,1,3,2,29,9,53.7311710406,-1.50869056558
4473,10CA0005087,432085,431105,1,1,14/07/2010,1210,4,1,1,1,3,2,1,36,9,53.775074182,-1.5130948822
4474,10CA0005093,427949,430323,1,1,14/07/2010,1615,3,1,1,1,1,3,2,53,9,53.7682833828,-1.57592946627
4475,10CA0005189,431960,430312,2,1,14/07/2010,1335,3,1,1,1,1,3,2,29,9,53.7679538065,-1.51507390074
4476,10MU0005109,431926,427936,2,2,14/07/2010,1843,1,2,1,2,2,3,1,57,9,53.746598615,-1.51583545287
4477,10MU0005109,431926,427936,2,2,14/07/2010,1843,1,2,1,2,2,3,2,20,9,53.746598615,-1.51583545287
4478,10AA0005133,427521,434553,2,1,15/07/2010,910,6,2,1,2,1,3,2,59,9,53.8063287576,-1.5820455822
4479,10AA0005144,425113,434369,1,1,15/07/2010,1316,3,1,1,1,2,3,2,69,11,53.8047966695,-1.61862934005
4480,10AA0005156,429476,435141,3,2,16/07/2010,2110,6,1,4,1,1,2,1,17,1,53.8115069978,-1.55230014804
4481,10AA0005156,429476,435141,3,2,16/07/2010,2110,6,1,4,1,2,3,1,16,9,53.8115069978,-1.55230014804
4482,10BA0005168,440940,428432,2,1,16/07/2010,1810,6,1,1,1,1,3,1,29,5,53.7504268567,-1.3790783622
4483,10CA0005143,429128,432131,3,1,16/07/2010,830,6,1,1,1,1,3,1,40,1,53.7844704861,-1.55787028812
4484,10CA0005145,430339,432767,2,1,16/07/2010,20,6,2,4,2,1,3,2,31,9,53.7901181438,-1.539426724
4485,10MU0005154,437790,432206,2,2,16/07/2010,1130,1,2,1,1,1,3,1,48,9,53.7845878073,-1.42638826803
4486,10MU0005154,437790,432206,2,2,16/07/2010,1130,1,2,1,1,2,3,2,21,9,53.7845878073,-1.42638826803
4487,10AA0005120,424704,438859,2,1,17/07/2010,1010,6,2,1,2,1,3,2,47,9,53.845175877,-1.62447960302
4488,10AA0005155,422030,443849,2,3,17/07/2010,1720,6,1,1,1,1,3,1,36,9,53.8901500761,-1.6647672734
4489,10AA0005155,422030,443849,2,3,17/07/2010,1720,6,1,1,1,2,3,1,29,9,53.8901500761,-1.6647672734
4490,10AA0005155,422030,443849,2,3,17/07/2010,1720,6,1,1,1,2,3,1,18,9,53.8901500761,-1.6647672734
4491,10BA0005845,435054,432441,1,4,17/07/2010,2356,6,1,6,1,1,3,2,26,10,53.7868915961,-1.46788904192
4492,10BA0005845,435054,432441,1,4,17/07/2010,2356,6,1,6,1,2,3,1,31,10,53.7868915961,-1.46788904192
4493,10BA0005845,435054,432441,1,4,17/07/2010,2356,6,1,6,1,2,3,2,36,10,53.7868915961,-1.46788904192
4494,10BA0005845,435054,432441,1,4,17/07/2010,2356,6,1,6,1,2,3,1,40,10,53.7868915961,-1.46788904192
4495,10AA0005126,421089,439364,1,1,18/07/2010,825,3,1,1,1,1,3,2,32,9,53.8498745986,-1.67939475852
4496,10AA0005137,420051,446831,3,1,18/07/2010,1630,6,1,1,1,1,3,1,22,90,53.9170347686,-1.69468603821
4497,10BA0005177,431881,435316,1,1,18/07/2010,1345,6,1,1,1,3,2,1,11,9,53.8129381205,-1.51575476184
4498,10BA0005187,436156,434707,1,2,18/07/2010,940,3,1,1,1,1,3,2,34,9,53.8071843763,-1.45089578883
4499,10BA0005187,436156,434707,1,2,18/07/2010,940,3,1,1,1,3,3,2,36,9,53.8071843763,-1.45089578883
4500,10CA0005131,431011,430757,1,1,18/07/2010,1656,6,1,1,1,3,3,1,2,9,53.7720111739,-1.52942771509
4501,10AA0005326,428183,433501,1,1,19/07/2010,2220,3,2,4,2,3,2,1,15,9,53.7968371327,-1.57208854899
4502,10BA0005169,431525,434297,2,3,19/07/2010,30,6,1,4,9,1,3,1,27,9,53.8038003587,-1.52126625842
4503,10BA0005169,431525,434297,2,3,19/07/2010,30,6,1,4,9,2,3,2,25,9,53.8038003587,-1.52126625842
4504,10BA0005169,431525,434297,2,3,19/07/2010,30,6,1,4,9,2,3,2,21,9,53.8038003587,-1.52126625842
4505,10CA0005172,428312,429593,2,2,19/07/2010,1250,3,1,1,1,1,3,1,47,19,53.7617019443,-1.57048880485
4506,10CA0005172,428312,429593,2,2,19/07/2010,1250,3,1,1,1,2,3,1,34,19,53.7617019443,-1.57048880485
4507,10CA0005206,429575,431019,3,1,19/07/2010,1910,6,1,1,1,3,2,2,9,9,53.7744497722,-1.55119223014
4508,10AA0005207,426378,435439,2,1,20/07/2010,851,3,1,1,1,1,3,1,46,1,53.8143520409,-1.59932761463
4509,10AA0005218,425456,434289,1,2,20/07/2010,2345,3,2,4,2,1,3,2,49,9,53.8040608908,-1.61342722319
4510,10AA0005218,425456,434289,1,2,20/07/2010,2345,3,2,4,2,2,3,2,20,9,53.8040608908,-1.61342722319
4511,10AA0005243,427519,435871,2,2,20/07/2010,1855,4,5,1,2,1,3,2,20,9,53.8181760389,-1.58195808774
4512,10AA0005243,427519,435871,2,2,20/07/2010,1855,4,5,1,2,2,3,2,20,9,53.8181760389,-1.58195808774
4513,10BA0005236,433952,434138,2,1,20/07/2010,1755,3,2,1,2,1,3,2,25,9,53.8022184,-1.48442933227
4514,10MU0005205,430435,430785,1,1,20/07/2010,840,1,1,1,1,1,3,2,38,9,53.7722968436,-1.53816507207
4515,10AA0005213,418136,442482,2,1,21/07/2010,1655,3,1,1,1,1,3,1,38,1,53.8780132455,-1.72410274167
4516,10AA0005216,427277,433073,2,1,21/07/2010,830,4,1,1,1,1,3,1,46,9,53.7930382247,-1.58588213207
4517,10AA0005220,427822,435410,2,2,21/07/2010,900,6,1,1,1,1,3,2,24,9,53.8140161011,-1.57739703353
4518,10AA0005220,427822,435410,2,2,21/07/2010,900,6,1,1,1,1,3,2,28,9,53.8140161011,-1.57739703353
4519,10AA0005222,424370,438738,2,2,21/07/2010,1610,6,1,1,1,1,3,2,35,9,53.8441040181,-1.62956615167
4520,10AA0005222,424370,438738,2,2,21/07/2010,1610,6,1,1,1,1,3,1,12,1,53.8441040181,-1.62956615167
4521,10BA0005233,432060,435963,2,3,21/07/2010,1745,6,2,1,2,1,3,1,62,9,53.818742778,-1.5129685896
4522,10BA0005233,432060,435963,2,3,21/07/2010,1745,6,2,1,2,1,3,1,21,9,53.818742778,-1.5129685896
4523,10BA0005233,432060,435963,2,3,21/07/2010,1745,6,2,1,2,2,3,1,23,9,53.818742778,-1.5129685896
4524,10BA0005244,428674,437010,3,1,21/07/2010,1236,4,1,1,1,1,3,1,52,1,53.8283517605,-1.56430679236
4525,10BA0005258,431172,434708,2,1,21/07/2010,1618,6,1,1,1,2,3,2,27,9,53.807515988,-1.52658504117
4526,10BA0005364,434787,433463,2,1,21/07/2010,2220,6,1,7,1,1,3,1,51,9,53.796095902,-1.47182645529
4527,10CA0005214,426369,428469,2,1,21/07/2010,1530,3,1,1,1,2,3,2,17,9,53.7517004495,-1.60006053607
4528,10CA0005276,429864,430837,1,1,21/07/2010,2020,6,1,1,1,1,2,1,51,9,53.7727973206,-1.54682435746
4529,10AA0005242,425180,437760,1,1,22/07/2010,1020,6,1,1,1,2,3,1,31,20,53.8352743812,-1.61733428229
4530,10AA0005261,427963,436082,3,2,22/07/2010,2318,3,1,4,1,2,3,2,16,9,53.8200489683,-1.57519429184
4531,10AA0005261,427963,436082,3,2,22/07/2010,2318,3,1,4,1,2,3,1,18,9,53.8200489683,-1.57519429184
4532,10BA0005264,430527,435408,2,1,22/07/2010,2015,6,1,1,1,1,3,1,17,1,53.8138463392,-1.53631098305
4533,10CA0005234,430406,433670,1,1,22/07/2010,1605,6,1,1,1,2,3,2,68,11,53.7982310536,-1.53832051156
4534,10MU0005328,443629,437798,2,1,22/07/2010,1409,2,1,1,1,1,3,2,36,9,53.8343942201,-1.33697189138
4535,10AA0005277,428061,435959,2,1,23/07/2010,1230,3,1,1,1,1,3,1,26,1,53.8189380732,-1.57371677113
4536,10AA0005320,426155,435588,2,1,23/07/2010,845,4,1,1,1,1,2,2,27,1,53.8157026338,-1.60270214824
4537,10AA0005343,427239,434861,2,1,23/07/2010,1415,6,1,1,1,1,2,2,25,9,53.8091121433,-1.58630086445
4538,10BA0005287,442158,434442,2,2,23/07/2010,1950,3,1,1,1,1,3,2,52,9,53.8043505322,-1.35978502265
4539,10BA0005287,442158,434442,2,2,23/07/2010,1950,3,1,1,1,1,3,1,37,9,53.8043505322,-1.35978502265
4540,10CA0005245,429921,432723,2,1,23/07/2010,837,3,1,1,1,2,3,2,26,11,53.7897468414,-1.54577639095
4541,10CA0005283,429152,431712,2,1,23/07/2010,2043,6,1,1,1,1,3,1,11,1,53.7807028487,-1.55754563067
4542,10BA0005294,435746,432309,1,1,24/07/2010,2250,6,1,6,1,3,3,2,63,2,53.7856580281,-1.45740047814
4543,10BA0005295,432376,434919,1,1,24/07/2010,1627,4,1,1,1,3,3,2,15,9,53.8093390347,-1.50827820255
4544,10BA0005322,433907,436532,2,1,24/07/2010,825,3,1,1,1,1,2,1,46,5,53.8237401086,-1.48484883901
4545,10CA0005340,426827,426664,2,1,24/07/2010,1050,3,1,1,1,1,3,1,48,9,53.7354521656,-1.59327093574
4546,10AA0005300,425069,434274,2,1,25/07/2010,1415,3,1,1,1,1,3,1,16,1,53.8039448558,-1.61930525161
4547,10AA0005700,423850,434549,3,1,25/07/2010,2241,6,1,4,1,1,2,1,17,3,53.8064741079,-1.63779511278
4548,10BA0005298,431440,435735,1,1,25/07/2010,1445,6,1,1,1,3,3,1,22,9,53.8167312286,-1.52241010198
4549,10BA0005301,431889,432696,1,1,25/07/2010,1240,6,1,1,1,3,3,1,5,9,53.7893872699,-1.51590458165
4550,10BA0005310,430955,440085,2,1,25/07/2010,850,3,1,1,1,1,3,1,5,1,53.8558609705,-1.52933900532
4551,10MU0005302,432311,426789,1,1,25/07/2010,1,1,1,4,1,1,2,1,34,9,53.7362647717,-1.51011700271
4552,10MU0005317,432172,427281,1,12,25/07/2010,1350,1,1,1,1,1,2,1,46,10,53.740695845,-1.51217315609
4553,10MU0005317,432172,427281,1,12,25/07/2010,1350,1,1,1,1,2,2,1,55,10,53.740695845,-1.51217315609
4554,10MU0005317,432172,427281,1,12,25/07/2010,1350,1,1,1,1,2,3,1,65,10,53.740695845,-1.51217315609
4555,10MU0005317,432172,427281,1,12,25/07/2010,1350,1,1,1,1,2,2,1,34,10,53.740695845,-1.51217315609
4556,10MU0005317,432172,427281,1,12,25/07/2010,1350,1,1,1,1,2,2,1,29,10,53.740695845,-1.51217315609
4557,10MU0005317,432172,427281,1,12,25/07/2010,1350,1,1,1,1,2,3,1,27,10,53.740695845,-1.51217315609
4558,10MU0005317,432172,427281,1,12,25/07/2010,1350,1,1,1,1,2,3,1,31,10,53.740695845,-1.51217315609
4559,10MU0005317,432172,427281,1,12,25/07/2010,1350,1,1,1,1,2,3,1,37,10,53.740695845,-1.51217315609
4560,10MU0005317,432172,427281,1,12,25/07/2010,1350,1,1,1,1,2,2,1,42,10,53.740695845,-1.51217315609
4561,10MU0005317,432172,427281,1,12,25/07/2010,1350,1,1,1,1,2,2,1,36,10,53.740695845,-1.51217315609
4562,10MU0005317,432172,427281,1,12,25/07/2010,1350,1,1,1,1,2,3,1,34,10,53.740695845,-1.51217315609
4563,10MU0005317,432172,427281,1,12,25/07/2010,1350,1,1,1,1,2,3,1,67,10,53.740695845,-1.51217315609
4564,10MU0005347,443101,440622,1,2,25/07/2010,1056,2,1,1,1,1,2,2,47,9,53.8598213941,-1.34459892833
4565,10MU0005347,443101,440622,1,2,25/07/2010,1056,2,1,1,1,2,3,1,12,9,53.8598213941,-1.34459892833
4566,10AA0005496,427867,436252,2,2,26/07/2010,1745,3,1,1,1,1,3,1,27,9,53.8215822084,-1.57663724871
4567,10AA0005496,427867,436252,2,2,26/07/2010,1745,3,1,1,1,2,3,1,58,9,53.8215822084,-1.57663724871
4568,10BA0005357,435289,436165,2,1,26/07/2010,1245,6,1,1,1,1,3,1,19,1,53.8203493025,-1.46389513163
4569,10CA0005338,430693,433747,1,1,26/07/2010,930,3,1,1,1,3,2,2,14,9,53.798906331,-1.53395523692
4570,10CA0006094,430073,433846,1,1,26/07/2010,1700,6,1,1,1,3,3,1,17,9,53.7998324259,-1.54335936214
4571,10MU0005330,432352,426902,2,1,26/07/2010,1732,1,1,1,1,1,3,1,41,5,53.7372779609,-1.50948358035
4572,10BA0005617,441559,430236,2,2,27/07/2010,1830,6,1,1,1,1,3,1,18,9,53.7665931651,-1.36944799434
4573,10BA0005617,441559,430236,2,2,27/07/2010,1830,6,1,1,1,2,3,1,18,9,53.7665931651,-1.36944799434
4574,10CA0005384,436765,429083,2,1,27/07/2010,2150,6,1,4,1,3,2,1,27,9,53.756589734,-1.44231803065
4575,10MU0005361,430430,426478,3,2,27/07/2010,1116,1,1,1,1,1,3,2,19,9,53.7335824221,-1.5386653331
4576,10MU0005361,430430,426478,3,2,27/07/2010,1116,1,1,1,1,2,3,1,29,9,53.7335824221,-1.5386653331
4577,10AA0005362,415990,442974,2,2,28/07/2010,1833,6,1,1,1,1,3,1,18,9,53.8825063315,-1.75672314687
4578,10AA0005362,415990,442974,2,2,28/07/2010,1833,6,1,1,1,2,3,2,16,9,53.8825063315,-1.75672314687
4579,10AA0005367,429305,435220,1,1,28/07/2010,1618,6,1,1,1,3,2,1,19,9,53.8122267722,-1.55488979279
4580,10AA0005460,420444,445223,2,1,28/07/2010,1654,6,1,1,1,2,3,2,24,11,53.9025655569,-1.68880943758
4581,10BA0005359,438950,431553,2,1,28/07/2010,923,3,1,1,1,1,3,2,19,9,53.7786327638,-1.40886422786
4582,10BA0005375,437549,440112,1,1,28/07/2010,550,6,2,1,1,1,2,1,80,9,53.8556685985,-1.42908101862
4583,10BA0005425,432695,436890,1,1,28/07/2010,1435,6,1,1,1,3,3,1,7,9,53.8270356948,-1.50322398657
4584,10CA0005374,430859,434152,1,1,28/07/2010,840,3,1,1,1,3,3,2,25,9,53.8025369371,-1.53139418715
4585,10CA0005379,428740,429686,1,1,28/07/2010,1305,3,1,1,1,3,2,1,15,19,53.7625144655,-1.56398731618
4586,10CA0005381,431026,429119,2,1,28/07/2010,1425,6,1,1,1,1,2,1,8,1,53.7572866922,-1.52936478615
4587,10MU0005438,432060,425659,3,2,28/07/2010,1419,1,1,1,1,1,3,1,27,9,53.7261229332,-1.51403954146
4588,10MU0005438,432060,425659,3,2,28/07/2010,1419,1,1,1,1,2,3,1,38,9,53.7261229332,-1.51403954146
4589,10AA0005393,427798,434672,2,5,29/07/2010,2358,6,1,4,1,1,3,1,49,9,53.8073836876,-1.57782823248
4590,10AA0005393,427798,434672,2,5,29/07/2010,2358,6,1,4,1,2,3,2,26,9,53.8073836876,-1.57782823248
4591,10AA0005393,427798,434672,2,5,29/07/2010,2358,6,1,4,1,2,3,1,18,9,53.8073836876,-1.57782823248
4592,10AA0005393,427798,434672,2,5,29/07/2010,2358,6,1,4,1,2,3,1,30,9,53.8073836876,-1.57782823248
4593,10AA0005393,427798,434672,2,5,29/07/2010,2358,6,1,4,1,2,3,1,38,9,53.8073836876,-1.57782823248
4594,10BA0005378,433351,436236,1,1,29/07/2010,1610,3,1,1,1,2,3,1,1,11,53.8211154506,-1.49332791512
4595,10BA0005409,428621,440708,2,1,29/07/2010,1900,6,1,1,1,1,3,1,50,5,53.8615948324,-1.56476745568
4596,10BA0005428,430734,435470,2,1,29/07/2010,1629,6,1,1,1,1,3,2,8,1,53.814391443,-1.53316068385
4597,10BA0005465,432101,436044,2,1,29/07/2010,646,6,1,1,1,1,3,1,38,1,53.8194683288,-1.51233731996
4598,10MU0005423,431878,430498,2,1,29/07/2010,1715,1,1,1,1,1,3,2,42,9,53.7696307371,-1.5162988122
4599,10BA0005407,430871,435049,2,1,30/07/2010,1010,3,1,1,1,1,3,2,67,9,53.810599088,-1.53112201166
4600,10BA0005418,437959,429938,2,2,30/07/2010,900,3,2,1,2,1,3,1,55,9,53.7641893787,-1.42410230201
4601,10BA0005418,437959,429938,2,2,30/07/2010,900,3,2,1,2,2,3,2,45,9,53.7641893787,-1.42410230201
4602,10CA0005471,428527,431535,2,2,30/07/2010,1442,3,2,1,1,1,3,2,22,9,53.7791464598,-1.56704764101
4603,10CA0005471,428527,431535,2,2,30/07/2010,1442,3,2,1,1,2,3,1,25,9,53.7791464598,-1.56704764101
4604,10MU0005406,434356,430278,1,1,30/07/2010,1910,1,2,1,2,1,3,2,35,9,53.7674956444,-1.47872500075
4605,10AA0005390,423539,434600,2,1,31/07/2010,25,6,2,4,1,1,3,1,51,5,53.8069467073,-1.6425142019
4606,10AA0005422,426273,435596,2,4,31/07/2010,1452,4,1,1,1,2,3,2,60,11,53.8157685942,-1.6009090775
4607,10AA0005422,426273,435596,2,4,31/07/2010,1452,4,1,1,1,2,3,1,23,11,53.8157685942,-1.6009090775
4608,10AA0005422,426273,435596,2,4,31/07/2010,1452,4,1,1,1,2,3,2,35,11,53.8157685942,-1.6009090775
4609,10AA0005422,426273,435596,2,4,31/07/2010,1452,4,1,1,1,2,3,2,41,11,53.8157685942,-1.6009090775
4610,10BA0005402,431825,435618,2,11,31/07/2010,1940,3,1,1,1,2,2,2,45,11,53.815656129,-1.51657408355
4611,10BA0005402,431825,435618,2,11,31/07/2010,1940,3,1,1,1,2,3,1,23,11,53.815656129,-1.51657408355
4612,10BA0005402,431825,435618,2,11,31/07/2010,1940,3,1,1,1,2,3,1,22,11,53.815656129,-1.51657408355
4613,10BA0005402,431825,435618,2,11,31/07/2010,1940,3,1,1,1,2,3,1,29,11,53.815656129,-1.51657408355
4614,10BA0005402,431825,435618,2,11,31/07/2010,1940,3,1,1,1,2,3,1,21,11,53.815656129,-1.51657408355
4615,10BA0005402,431825,435618,2,11,31/07/2010,1940,3,1,1,1,2,3,2,18,11,53.815656129,-1.51657408355
4616,10BA0005402,431825,435618,2,11,31/07/2010,1940,3,1,1,1,2,3,1,18,11,53.815656129,-1.51657408355
4617,10BA0005402,431825,435618,2,11,31/07/2010,1940,3,1,1,1,2,3,1,19,11,53.815656129,-1.51657408355
4618,10BA0005402,431825,435618,2,11,31/07/2010,1940,3,1,1,1,2,3,1,18,11,53.815656129,-1.51657408355
4619,10BA0005402,431825,435618,2,11,31/07/2010,1940,3,1,1,1,2,3,1,27,11,53.815656129,-1.51657408355
4620,10BA0005402,431825,435618,2,11,31/07/2010,1940,3,1,1,1,2,3,1,34,11,53.815656129,-1.51657408355
4621,10BA0005424,433613,433187,1,1,31/07/2010,1155,6,1,1,1,2,3,2,67,11,53.7936922051,-1.48968070669
4622,10CA0005447,428155,425863,1,1,31/07/2010,1235,6,1,1,1,1,3,1,21,9,53.7281820692,-1.57321041783
4623,10MU0005429,430797,433833,2,1,31/07/2010,1925,2,2,1,2,1,3,1,32,10,53.7996732137,-1.53236755088
4624,10AA0005400,428492,434317,3,4,01/08/2010,222,6,1,4,1,1,3,1,48,8,53.8041551242,-1.56732154987
4625,10AA0005400,428492,434317,3,4,01/08/2010,222,6,1,4,1,2,3,1,36,8,53.8041551242,-1.56732154987
4626,10AA0005400,428492,434317,3,4,01/08/2010,222,6,1,4,1,2,3,2,26,8,53.8041551242,-1.56732154987
4627,10AA0005400,428492,434317,3,4,01/08/2010,222,6,1,4,1,1,3,1,28,9,53.8041551242,-1.56732154987
4628,10BA0005398,435954,435466,2,3,01/08/2010,1600,3,1,1,1,2,3,1,45,9,53.8140207171,-1.45387475355
4629,10BA0005398,435954,435466,2,3,01/08/2010,1600,3,1,1,1,2,3,1,42,9,53.8140207171,-1.45387475355
4630,10BA0005398,435954,435466,2,3,01/08/2010,1600,3,1,1,1,2,3,1,26,9,53.8140207171,-1.45387475355
4631,10CA0005466,430207,433394,1,1,01/08/2010,1600,6,1,1,1,3,3,1,27,9,53.7957617582,-1.54136905473
4632,10MU0005450,433950,429844,2,1,01/08/2010,857,1,1,1,1,2,3,2,38,9,53.7636211735,-1.48493260885
4633,10BA0005454,432069,438279,2,1,02/08/2010,1830,6,2,1,1,1,3,2,28,9,53.8395599151,-1.51259026623