Col.Number,Reference.Number,Easting,Northing,Number.of.Vehicles,Number.of.Casualties,Accident.Date,Time..24hr.,X1st.Road.Class,Road.Surface,Lighting.Conditions,Weather.Conditions,Casualty.Class,Casualty.Severity,Sex.of.Casualty,Age.of.Casualty,Type.of.Vehicle,Latitude,Longitude
4634,10BA0005456,432221,434854,1,1,02/08/2010,1600,6,1,1,1,3,3,1,17,9,53.8087643984,-1.51063902908
4635,10AA0005461,423475,434034,2,1,03/08/2010,1715,6,1,1,1,1,3,1,47,1,53.8018619227,-1.64352930445
4636,10BA0005452,432326,435770,2,2,03/08/2010,1755,3,1,1,1,1,3,1,31,9,53.8169914949,-1.50894816194
4637,10BA0005452,432326,435770,2,2,03/08/2010,1755,3,1,1,1,2,3,2,25,9,53.8169914949,-1.50894816194
4638,10BA0005462,437223,433455,3,2,03/08/2010,1600,3,1,1,1,1,3,2,37,9,53.795855411,-1.434843374
4639,10BA0005462,437223,433455,3,2,03/08/2010,1600,3,1,1,1,2,3,1,6,9,53.795855411,-1.434843374
4640,10BA0005470,432974,440374,1,1,03/08/2010,1530,6,1,1,1,3,3,2,66,9,53.8583343554,-1.49861095181
4641,10BA0005474,432437,434842,2,2,03/08/2010,1635,4,1,1,1,1,3,2,23,9,53.8086431062,-1.50735989647
4642,10BA0005474,432437,434842,2,2,03/08/2010,1635,4,1,1,1,2,3,2,22,9,53.8086431062,-1.50735989647
4643,10BA0005483,431411,435035,2,1,03/08/2010,1113,6,1,1,1,1,3,1,39,9,53.8104409072,-1.52292206941
4644,10BA0005515,434956,437594,1,1,03/08/2010,1710,6,1,1,1,3,3,1,10,2,53.8332164882,-1.46879130229
4645,10CA0005467,424281,428348,2,2,03/08/2010,2230,3,1,4,1,1,3,1,49,9,53.7507142669,-1.63173806018
4646,10CA0005467,424281,428348,2,2,03/08/2010,2230,3,1,4,1,1,2,1,45,5,53.7507142669,-1.63173806018
4647,10CA0005469,430170,431298,2,1,03/08/2010,1710,6,1,1,1,3,3,2,7,9,53.7769234994,-1.54213598183
4648,10CA0324134,424547,427288,1,1,03/08/2010,2140,3,1,6,1,1,1,1,18,9,53.7411735697,-1.62778803824
4649,10AA0005514,423815,439254,2,1,04/08/2010,1530,6,1,1,1,1,3,1,53,5,53.8487679646,-1.63796217148
4650,10BA0005489,439622,448652,2,1,04/08/2010,1227,3,1,1,1,1,3,1,45,21,53.9322752086,-1.39645863023
4651,10CA0005488,429752,433597,1,1,04/08/2010,1434,6,2,1,1,3,2,1,41,9,53.7976126898,-1.54825744364
4652,10CA0005490,428557,427769,2,1,04/08/2010,835,3,2,1,2,1,3,2,30,9,53.7452929579,-1.56694078578
4653,10BA0005502,437555,433224,2,1,05/08/2010,2200,3,1,4,1,1,3,1,21,9,53.7937551919,-1.42983105536
4654,10BA0005758,430448,437620,1,1,05/08/2010,1006,6,1,1,1,2,3,1,58,11,53.8337339341,-1.53729188494
4655,10CA0005473,431798,437570,2,1,05/08/2010,830,6,1,1,1,2,3,2,26,11,53.8332036327,-1.51678234465
4656,10CA0005481,425969,428261,2,2,05/08/2010,1550,4,1,1,1,1,3,1,36,9,53.7498508516,-1.60614467832
4657,10CA0005481,425969,428261,2,2,05/08/2010,1550,4,1,1,1,1,2,1,84,9,53.7498508516,-1.60614467832
4658,10CA0005503,429740,430549,2,3,05/08/2010,1450,3,1,1,1,2,3,1,75,9,53.7702156507,-1.54873371498
4659,10CA0005503,429740,430549,2,3,05/08/2010,1450,3,1,1,1,2,3,2,70,9,53.7702156507,-1.54873371498
4660,10CA0005503,429740,430549,2,3,05/08/2010,1450,3,1,1,1,2,3,2,35,9,53.7702156507,-1.54873371498
4661,10AA0005507,421167,435415,3,1,06/08/2010,1724,3,2,1,2,1,3,1,38,8,53.8143745746,-1.67848095019
4662,10BA0005521,440314,448258,3,3,06/08/2010,1845,3,1,1,1,1,3,1,20,9,53.9286803944,-1.38597040236
4663,10BA0005521,440314,448258,3,3,06/08/2010,1845,3,1,1,1,1,3,2,39,9,53.9286803944,-1.38597040236
4664,10BA0005521,440314,448258,3,3,06/08/2010,1845,3,1,1,1,1,3,2,51,9,53.9286803944,-1.38597040236
4665,10BA0006986,433801,436344,2,3,06/08/2010,2045,6,1,1,1,1,3,1,19,9,53.8220571535,-1.48647989601
4666,10BA0006986,433801,436344,2,3,06/08/2010,2045,6,1,1,1,1,3,1,53,9,53.8220571535,-1.48647989601
4667,10BA0006986,433801,436344,2,3,06/08/2010,2045,6,1,1,1,2,3,2,6,9,53.8220571535,-1.48647989601
4668,10CA0005648,430258,433211,2,1,06/08/2010,525,6,1,1,1,1,3,1,31,9,53.7941138573,-1.5406127279
4669,10AA0005497,428056,434319,2,3,07/08/2010,1925,3,2,1,1,1,3,1,21,9,53.8041968032,-1.57394224418
4670,10AA0005497,428056,434319,2,3,07/08/2010,1925,3,2,1,1,2,3,1,6,9,53.8041968032,-1.57394224418
4671,10AA0005497,428056,434319,2,3,07/08/2010,1925,3,2,1,1,2,3,2,18,9,53.8041968032,-1.57394224418
4672,10AA0005504,424077,434506,2,5,07/08/2010,1830,6,2,1,2,1,3,2,17,9,53.8060771291,-1.63435115217
4673,10AA0005504,424077,434506,2,5,07/08/2010,1830,6,2,1,2,1,3,2,30,9,53.8060771291,-1.63435115217
4674,10AA0005504,424077,434506,2,5,07/08/2010,1830,6,2,1,2,2,3,2,44,9,53.8060771291,-1.63435115217
4675,10AA0005504,424077,434506,2,5,07/08/2010,1830,6,2,1,2,2,3,1,32,9,53.8060771291,-1.63435115217
4676,10AA0005504,424077,434506,2,5,07/08/2010,1830,6,2,1,2,2,3,2,52,9,53.8060771291,-1.63435115217
4677,10AA0005505,425056,433373,2,1,07/08/2010,1755,4,1,1,1,1,3,2,25,9,53.7958465627,-1.61957597224
4678,10BA0005535,434130,433905,2,1,07/08/2010,1745,6,2,1,2,1,3,1,19,5,53.8001123977,-1.48175229893
4679,10CA0005513,432810,429737,2,2,07/08/2010,1130,3,1,1,1,1,3,1,38,9,53.7627324353,-1.50223859367
4680,10CA0005513,432810,429737,2,2,07/08/2010,1130,3,1,1,1,2,3,2,36,9,53.7627324353,-1.50223859367
4681,10BA0005524,438876,429491,1,1,08/08/2010,1030,6,1,1,1,1,3,1,34,9,53.7601038446,-1.41024707364
4682,10CA0005522,428279,429574,2,3,08/08/2010,1327,3,1,1,1,2,3,2,6,9,53.7615329493,-1.57099116129
4683,10CA0005522,428279,429574,2,3,08/08/2010,1327,3,1,1,1,2,3,1,11,9,53.7615329493,-1.57099116129
4684,10CA0005522,428279,429574,2,3,08/08/2010,1327,3,1,1,1,2,3,1,1,9,53.7615329493,-1.57099116129
4685,10CA0005532,430876,434251,2,4,08/08/2010,1055,3,1,1,1,1,3,1,18,9,53.80342581,-1.53112611723
4686,10CA0005532,430876,434251,2,4,08/08/2010,1055,3,1,1,1,1,3,1,26,90,53.80342581,-1.53112611723
4687,10CA0005532,430876,434251,2,4,08/08/2010,1055,3,1,1,1,2,3,1,33,90,53.80342581,-1.53112611723
4688,10CA0005532,430876,434251,2,4,08/08/2010,1055,3,1,1,1,2,3,1,36,90,53.80342581,-1.53112611723
4689,10AA0005506,423187,434661,2,1,09/08/2010,900,6,1,1,1,1,3,2,67,9,53.807510839,-1.64785530395
4690,10AA0005520,424467,433642,2,1,09/08/2010,1700,4,1,1,1,1,3,1,32,1,53.7982925894,-1.62849715225
4691,10BA0005854,431230,445725,2,1,09/08/2010,1730,3,1,1,1,1,3,1,17,9,53.9065400841,-1.52458309191
4692,10CA0005523,430068,434182,2,1,09/08/2010,810,3,1,1,1,1,3,1,53,1,53.8028529256,-1.54340247186
4693,10CA0005525,429013,430277,2,2,09/08/2010,2129,6,1,4,1,1,3,1,36,9,53.7678117106,-1.55979022118
4694,10CA0005525,429013,430277,2,2,09/08/2010,2129,6,1,4,1,2,3,1,42,9,53.7678117106,-1.55979022118
4695,10CA0005530,428800,433287,3,4,09/08/2010,1755,3,1,1,1,1,3,1,64,9,53.7948797494,-1.56274074779
4696,10CA0005530,428800,433287,3,4,09/08/2010,1755,3,1,1,1,1,3,2,33,9,53.7948797494,-1.56274074779
4697,10CA0005530,428800,433287,3,4,09/08/2010,1755,3,1,1,1,2,3,2,64,9,53.7948797494,-1.56274074779
4698,10CA0005530,428800,433287,3,4,09/08/2010,1755,3,1,1,1,2,3,2,20,9,53.7948797494,-1.56274074779
4699,10CA0005577,431504,429680,2,3,09/08/2010,1455,6,1,1,1,1,3,2,51,9,53.7623007007,-1.5220569988
4700,10CA0005577,431504,429680,2,3,09/08/2010,1455,6,1,1,1,1,2,1,23,3,53.7623007007,-1.5220569988
4701,10CA0005577,431504,429680,2,3,09/08/2010,1455,6,1,1,1,2,3,2,16,9,53.7623007007,-1.5220569988
4702,10BA0005613,431788,435057,2,1,10/08/2010,1520,6,1,1,1,1,3,1,19,9,53.8106157482,-1.51719405164
4703,10BA0005622,431155,433630,2,4,10/08/2010,1548,3,1,1,1,1,3,2,54,9,53.7978271888,-1.52695229209
4704,10BA0005622,431155,433630,2,4,10/08/2010,1548,3,1,1,1,2,3,2,12,9,53.7978271888,-1.52695229209
4705,10BA0005622,431155,433630,2,4,10/08/2010,1548,3,1,1,1,2,3,1,25,11,53.7978271888,-1.52695229209
4706,10BA0005622,431155,433630,2,4,10/08/2010,1548,3,1,1,1,2,3,2,37,11,53.7978271888,-1.52695229209
4707,10MU0333823,423941,428097,1,1,10/08/2010,644,1,1,1,1,1,1,2,20,9,53.7484737826,-1.63691406801
4708,10AA0005560,426312,433983,3,1,11/08/2010,1320,6,1,1,1,1,3,1,25,9,53.8012677222,-1.60045456803
4709,10BA0005623,445393,431675,1,1,11/08/2010,1605,3,1,1,1,1,3,1,51,3,53.7792074341,-1.31106947323
4710,10CA0005561,430453,433953,2,1,11/08/2010,2000,6,1,1,1,1,2,1,38,1,53.8007721116,-1.53757891215
4711,10CA0005627,431584,426807,2,4,11/08/2010,720,4,1,1,1,1,2,2,37,9,53.7364711151,-1.52113714042
4712,10CA0005627,431584,426807,2,4,11/08/2010,720,4,1,1,1,1,3,1,43,9,53.7364711151,-1.52113714042
4713,10CA0005627,431584,426807,2,4,11/08/2010,720,4,1,1,1,2,3,1,21,9,53.7364711151,-1.52113714042
4714,10CA0005627,431584,426807,2,4,11/08/2010,720,4,1,1,1,2,3,1,40,9,53.7364711151,-1.52113714042
4715,10AA0005580,426904,432501,2,1,12/08/2010,745,6,1,1,1,1,3,1,50,9,53.7879160537,-1.59159478177
4716,10BA0005612,433179,433826,1,1,12/08/2010,1455,6,1,1,1,3,3,1,11,19,53.7994638197,-1.49620066627
4717,10BA0005626,432033,435715,3,2,12/08/2010,1735,4,1,1,1,1,3,1,28,9,53.816515255,-1.5134045616
4718,10BA0005626,432033,435715,3,2,12/08/2010,1735,4,1,1,1,2,3,2,28,9,53.816515255,-1.5134045616
4719,10BA0006165,441982,430301,1,1,12/08/2010,1735,6,1,1,1,3,2,2,62,11,53.7671434932,-1.36302163727
4720,10CA0005582,430001,434152,2,1,12/08/2010,730,3,1,1,1,1,2,1,36,5,53.8025871328,-1.54442278785
4721,10CA0005618,427659,430971,2,2,12/08/2010,1430,3,2,1,1,1,3,1,24,9,53.7741236155,-1.58027140879
4722,10CA0005618,427659,430971,2,2,12/08/2010,1430,3,2,1,1,2,3,1,18,9,53.7741236155,-1.58027140879
4723,10AA0005629,420365,445477,2,1,13/08/2010,1425,6,1,1,1,3,3,2,52,9,53.9048518028,-1.6899950222
4724,10BA0005624,433960,435118,2,1,13/08/2010,1457,6,2,1,1,1,3,1,17,3,53.8110267406,-1.48419973965
4725,10CA0005605,428983,432356,2,1,13/08/2010,1438,6,2,1,1,2,3,1,77,11,53.7865010531,-1.56004999289
4726,10BA0005609,433819,433495,2,1,14/08/2010,1650,6,1,1,1,1,3,2,40,3,53.7964473626,-1.48651949677
4727,10BA0005610,428497,445009,1,1,15/08/2010,655,3,1,1,1,1,3,1,39,5,53.900261757,-1.56625307529
4728,10BA0342064,431815,439662,2,1,15/08/2010,1547,6,1,1,1,1,1,1,38,4,53.8520067967,-1.51630732747
4729,10CA0005884,429797,433788,2,2,15/08/2010,422,6,1,4,1,1,3,1,31,8,53.7993269621,-1.54755572552
4730,10CA0005884,429797,433788,2,2,15/08/2010,422,6,1,4,1,2,2,1,26,9,53.7993269621,-1.54755572552
4731,10AA0005662,422873,439313,2,1,16/08/2010,945,6,1,1,1,1,3,1,58,5,53.8493406503,-1.6522778506
4732,10BA0005625,436780,434696,2,1,16/08/2010,943,6,1,1,1,1,3,2,28,9,53.8070417453,-1.44142085455
4733,10BA0005681,436377,434701,1,1,16/08/2010,1237,6,1,1,1,3,2,2,80,9,53.8071150332,-1.44754032365
4734,10CA0005659,430393,433618,1,1,17/08/2010,1235,6,1,1,1,2,3,2,28,11,53.7977643997,-1.5385230258
4735,10CA0005661,430665,433656,2,1,17/08/2010,1710,3,1,1,1,1,3,1,25,1,53.7980900091,-1.53438943633
4736,10BA0005656,434322,435384,2,1,18/08/2010,1530,6,1,1,1,1,3,2,33,9,53.8133939453,-1.47867209627
4737,10BA0005657,431523,434988,1,1,18/08/2010,2315,6,1,4,1,3,3,1,31,9,53.8100116617,-1.5212258655
4738,10BA0005686,432228,444876,2,1,18/08/2010,630,3,1,1,1,1,2,1,56,4,53.8988477161,-1.50948046285
4739,10BA0005698,430698,435594,2,1,18/08/2010,2125,6,1,4,1,3,3,1,11,9,53.8155081674,-1.53369511983
4740,10BA0005862,432442,434825,1,1,18/08/2010,1100,4,1,1,1,3,3,2,22,9,53.808489987,-1.50728575343
4741,10CA0005699,426313,426752,4,1,18/08/2010,1901,3,1,1,1,1,2,1,36,9,53.73626938,-1.60105608376
4742,10AA0005729,427741,434083,2,1,19/08/2010,1500,6,1,1,1,1,3,1,23,1,53.8020923518,-1.5787469473
4743,10BA0005687,430123,436307,1,1,19/08/2010,1850,3,2,1,2,3,3,2,16,9,53.8219507405,-1.5423592789
4744,10BA0005771,440381,448139,1,1,19/08/2010,2300,6,1,4,1,3,3,1,37,9,53.9276055657,-1.38496570401
4745,10BA0005863,431182,433709,1,1,19/08/2010,1420,3,1,1,1,1,3,1,21,19,53.7985356789,-1.52653434955
4746,10CA0005673,429962,432505,3,1,19/08/2010,1140,3,1,1,1,1,3,1,51,9,53.7877849363,-1.54517519733
4747,10CA0005722,425159,428996,1,1,19/08/2010,1715,3,1,1,1,3,3,1,14,9,53.7564974127,-1.61836924944
4748,10CA0006070,429832,432294,4,2,19/08/2010,1853,6,2,1,2,1,2,1,15,9,53.7858957785,-1.54716896052
4749,10CA0006070,429832,432294,4,2,19/08/2010,1853,6,2,1,2,1,3,1,37,9,53.7858957785,-1.54716896052
4750,10AA0005683,425945,435567,2,1,20/08/2010,1600,4,2,1,2,1,3,2,13,1,53.8155243919,-1.60589376304
4751,10AA0005702,420909,435020,3,3,20/08/2010,1410,3,1,1,1,2,3,2,21,9,53.8108344175,-1.68242665002
4752,10AA0005702,420909,435020,3,3,20/08/2010,1410,3,1,1,1,1,3,1,23,9,53.8108344175,-1.68242665002
4753,10AA0005702,420909,435020,3,3,20/08/2010,1410,3,1,1,1,1,3,2,42,9,53.8108344175,-1.68242665002
4754,10BA0005765,442017,430129,1,1,20/08/2010,1645,6,1,1,1,3,3,2,15,9,53.7655946481,-1.36251405082
4755,10CA0005679,429868,428084,2,1,20/08/2010,2125,6,2,4,1,1,2,1,19,3,53.7480509572,-1.54703003884
4756,10MU0005677,430002,434413,2,1,20/08/2010,1645,2,2,1,1,2,3,2,1,9,53.804933131,-1.54438216914
4757,10MU0005688,432322,429256,1,1,20/08/2010,1935,1,2,1,2,1,3,1,34,9,53.7584393607,-1.50969211975
4758,10MU0005692,430734,430569,1,1,20/08/2010,553,1,2,1,1,1,3,2,37,9,53.7703377107,-1.53364959094
4759,10MU0005694,423990,427980,2,3,20/08/2010,1420,1,1,1,1,1,3,2,50,9,53.7474198273,-1.63618004326
4760,10MU0005694,423990,427980,2,3,20/08/2010,1420,1,1,1,1,2,3,2,20,9,53.7474198273,-1.63618004326
4761,10MU0005694,423990,427980,2,3,20/08/2010,1420,1,1,1,1,2,3,1,12,9,53.7474198273,-1.63618004326
4762,10AA0005684,420024,440872,2,2,21/08/2010,1309,3,1,1,1,1,3,1,75,9,53.8634718682,-1.69548675546
4763,10AA0005684,420024,440872,2,2,21/08/2010,1309,3,1,1,1,2,3,2,72,9,53.8634718682,-1.69548675546
4764,10AA0005701,423476,434033,2,1,21/08/2010,1900,6,1,1,1,1,2,1,31,10,53.8018528888,-1.6435141959
4765,10BA0005690,433833,434042,2,2,21/08/2010,1035,6,1,1,1,1,3,1,44,4,53.8013632439,-1.48624684884
4766,10BA0005690,433833,434042,2,2,21/08/2010,1035,6,1,1,1,3,3,1,47,4,53.8013632439,-1.48624684884
4767,10MU0005693,431942,427878,2,1,21/08/2010,715,1,1,1,1,2,3,2,19,9,53.7460762861,-1.51559881565
4768,10BA0005695,440437,448191,1,1,22/08/2010,55,4,1,4,1,3,3,1,20,9,53.9280685868,-1.3841059533
4769,10BA0005697,432725,438439,2,1,22/08/2010,1855,6,1,1,1,1,3,1,60,9,53.840957179,-1.50260323091
4770,10BA0005745,442189,434472,2,1,22/08/2010,1045,3,1,1,1,1,3,1,33,1,53.8046176718,-1.35931017532
4771,10CA0005674,429925,432978,1,2,22/08/2010,320,6,1,4,1,1,2,2,18,9,53.7920387403,-1.54569090386
4772,10CA0005674,429925,432978,1,2,22/08/2010,320,6,1,4,1,2,2,2,18,9,53.7920387403,-1.54569090386
4773,10BA0005763,445362,431632,2,1,23/08/2010,1000,3,1,1,1,1,3,1,46,1,53.7788236354,-1.31154624948
4774,10BA0005773,432448,434972,2,2,23/08/2010,1345,6,2,1,2,2,3,1,24,9,53.8098109462,-1.50717913418
4775,10BA0005773,432448,434972,2,2,23/08/2010,1345,6,2,1,2,2,3,1,24,9,53.8098109462,-1.50717913418
4776,10BA0005782,431162,434302,3,1,23/08/2010,1440,6,2,1,2,1,3,1,25,9,53.8038671773,-1.52677800554
4777,10CA0005685,429795,433810,1,1,23/08/2010,1310,6,2,1,1,3,3,1,16,9,53.7995248287,-1.54758396442
4778,10MU0005742,437890,433005,2,2,23/08/2010,625,1,2,1,2,1,3,1,22,9,53.7917624082,-1.42477222062
4779,10MU0005742,437890,433005,2,2,23/08/2010,625,1,2,1,2,2,3,1,23,9,53.7917624082,-1.42477222062
4780,10AA0005734,428879,435501,1,1,24/08/2010,1045,6,2,1,2,2,3,1,64,11,53.8147764391,-1.56133367305
4781,10BA0005810,434537,434427,1,1,24/08/2010,1730,3,1,1,1,3,3,2,4,9,53.8047775996,-1.47551393048
4782,10CA0005720,425938,427908,2,1,24/08/2010,1700,6,1,1,1,1,3,1,86,9,53.7466793222,-1.60664446349
4783,10CA0005721,427970,430330,2,1,24/08/2010,1730,3,1,1,1,1,3,1,40,9,53.7683451771,-1.57561020805
4784,10CA0005755,430210,434103,1,1,24/08/2010,850,6,2,1,2,3,2,1,56,9,53.8021345888,-1.54125395835
4785,10CA0005759,431002,430598,2,2,24/08/2010,2100,6,1,4,1,1,3,1,24,9,53.7705824986,-1.5295802586
4786,10CA0005759,431002,430598,2,2,24/08/2010,2100,6,1,4,1,2,3,2,22,9,53.7705824986,-1.5295802586
4787,10CA0006110,430688,424483,2,1,24/08/2010,1115,3,1,1,1,1,3,1,41,9,53.7156345926,-1.53495196601
4788,10CA0005756,430524,437031,1,1,25/08/2010,1100,6,1,1,1,2,3,2,81,11,53.8284351488,-1.53619547161
4789,10CA0005760,431355,428191,2,1,25/08/2010,1540,6,1,1,9,1,3,1,20,9,53.748925417,-1.52446857528
4790,10CA0005783,440028,439605,1,1,25/08/2010,1320,3,1,1,1,2,3,1,56,11,53.8509262462,-1.39145710284
4791,10AA0005778,428048,435066,1,1,26/08/2010,845,6,1,1,1,3,3,2,22,9,53.810911831,-1.5739956602
4792,10AA0005790,423837,434266,2,2,26/08/2010,1305,6,1,1,1,1,3,1,33,9,53.8039308671,-1.6380144495
4793,10AA0005790,423837,434266,2,2,26/08/2010,1305,6,1,1,1,1,3,2,42,9,53.8039308671,-1.6380144495
4794,10BA0005757,435931,438034,1,1,26/08/2010,830,6,1,1,1,2,3,2,75,11,53.8371049375,-1.45392400282
4795,10BA0005798,437042,438286,3,3,26/08/2010,1016,6,1,1,1,1,3,2,58,9,53.8392920131,-1.43700963059
4796,10BA0005798,437042,438286,3,3,26/08/2010,1016,6,1,1,1,1,3,2,38,9,53.8392920131,-1.43700963059
4797,10BA0005798,437042,438286,3,3,26/08/2010,1016,6,1,1,1,1,3,1,36,9,53.8392920131,-1.43700963059
4798,10AA0005808,428330,435752,2,1,27/08/2010,1350,3,1,1,1,2,3,1,52,11,53.8170628158,-1.56964950018
4799,10BA0005811,436124,435560,2,1,27/08/2010,810,3,1,1,1,1,3,1,23,1,53.8148538596,-1.4512816231
4800,10CA0005797,430243,433402,1,2,27/08/2010,2334,6,1,4,1,3,3,1,25,9,53.7958315766,-1.54082170289
4801,10CA0005797,430243,433402,1,2,27/08/2010,2334,6,1,4,1,3,2,2,22,9,53.7958315766,-1.54082170289
4802,10CA0005799,430130,430948,2,2,27/08/2010,1235,6,1,1,1,1,3,1,42,9,53.7737797496,-1.54277719949
4803,10CA0005799,430130,430948,2,2,27/08/2010,1235,6,1,1,1,2,3,2,41,9,53.7737797496,-1.54277719949
4804,10CA0005817,429959,430864,2,1,27/08/2010,1530,3,1,1,1,1,3,1,16,2,53.7730345601,-1.5453801935
4805,10BA0006502,433384,437250,2,1,28/08/2010,2250,6,1,4,1,2,3,2,75,9,53.8302277918,-1.49271650115
4806,10AA0005779,429386,435418,2,1,29/08/2010,1125,6,1,1,1,1,3,1,29,5,53.8140019668,-1.5536406252
4807,10AA0005813,424721,440286,2,1,29/08/2010,2159,6,1,4,1,1,3,1,22,9,53.8580019985,-1.6241062833
4808,10AA0005824,425265,432984,4,2,29/08/2010,1030,3,1,1,1,2,3,1,18,9,53.7923398054,-1.61643471685
4809,10AA0005824,425265,432984,4,2,29/08/2010,1030,3,1,1,1,2,3,1,20,9,53.7923398054,-1.61643471685
4810,10BA0005807,441195,449895,1,1,29/08/2010,1411,4,1,1,4,1,3,2,23,1,53.9433248404,-1.37233182335
4811,10BA0005883,441895,430143,1,1,29/08/2010,40,4,1,4,1,3,2,1,38,9,53.7657303147,-1.36436302024
4812,10AA0005846,425947,434676,2,3,30/08/2010,1700,6,1,1,1,1,3,1,23,9,53.8075152892,-1.60593850971
4813,10AA0005846,425947,434676,2,3,30/08/2010,1700,6,1,1,1,2,2,2,22,9,53.8075152892,-1.60593850971
4814,10AA0005846,425947,434676,2,3,30/08/2010,1700,6,1,1,1,2,3,2,61,9,53.8075152892,-1.60593850971
4815,10AA0006044,418326,441352,2,1,30/08/2010,1050,4,1,1,1,1,3,2,20,9,53.8678492304,-1.72127991255
4816,10BA0005819,430009,433382,1,1,30/08/2010,1635,6,1,1,1,2,3,2,80,11,53.7956653516,-1.5443763401
4817,10BA0005823,431371,435299,2,1,30/08/2010,1900,6,1,1,1,1,3,1,30,9,53.8128163339,-1.52350266318
4818,10BA0006469,430908,435524,2,1,30/08/2010,2230,6,1,4,1,1,3,2,39,9,53.8148665173,-1.5305123541
4819,10CA0005791,430247,433392,1,1,30/08/2010,100,6,1,4,1,3,3,1,18,9,53.7957414568,-1.54076195516
4820,10CA0005793,430086,431215,1,1,30/08/2010,10,3,1,7,1,3,3,1,26,9,53.7761822933,-1.54341883011
4821,10CA0005818,430093,433825,1,1,30/08/2010,1830,6,1,1,1,3,3,2,16,9,53.799642506,-1.54305773676
4822,10AA0005812,422037,432484,2,1,31/08/2010,1505,6,1,1,1,1,3,2,24,9,53.7879920936,-1.66547596953
4823,10AA0005835,422386,433469,1,1,31/08/2010,920,4,1,1,1,3,3,1,59,9,53.7968312285,-1.6601066427
4824,10AA0005840,426793,432225,2,1,31/08/2010,2015,6,1,4,1,1,3,1,11,1,53.7854408704,-1.59330371934
4825,10AA0005860,422344,433444,2,2,31/08/2010,1655,4,1,1,1,1,3,2,26,9,53.7966083126,-1.66074614257
4826,10AA0005860,422344,433444,2,2,31/08/2010,1655,4,1,1,1,1,3,2,41,9,53.7966083126,-1.66074614257
4827,10BA0005746,432851,435517,2,1,31/08/2010,1610,6,1,1,1,1,2,1,21,3,53.8146844577,-1.50100043437
4828,10BA0006258,438819,435016,1,1,31/08/2010,20,6,1,6,1,2,2,1,20,90,53.8097698722,-1.41041589002
4829,10CA0005833,430436,433599,1,1,31/08/2010,1655,6,1,1,1,3,3,2,44,19,53.7975911001,-1.5378720294
4830,10MU0005857,424414,427811,2,1,31/08/2010,955,1,1,1,1,1,3,2,61,9,53.7458810138,-1.62976337985
4831,10AA0005972,425918,438100,2,1,01/09/2010,630,3,1,1,1,1,3,1,30,1,53.8382942604,-1.60609035075
4832,10BA0005858,434802,434620,2,1,01/09/2010,1745,3,1,1,1,1,3,1,25,3,53.8064947384,-1.4714679544
4833,10BA0005859,439341,432361,2,1,01/09/2010,2100,3,1,7,1,1,2,1,47,5,53.7858661103,-1.40282734542
4834,10BA0005875,441849,434107,2,1,01/09/2010,1724,3,1,1,1,1,3,2,32,9,53.801364355,-1.3645227367
4835,10CA0005814,424930,427639,2,2,01/09/2010,800,3,1,1,1,1,3,1,45,9,53.7443104985,-1.62195233942
4836,10CA0005814,424930,427639,2,2,01/09/2010,800,3,1,1,1,1,3,1,61,9,53.7443104985,-1.62195233942
4837,10CA0005839,428786,434035,2,1,01/09/2010,1810,6,1,1,1,1,3,1,30,9,53.8016041099,-1.56288338427
4838,10CA0005864,428492,432623,2,4,01/09/2010,1900,3,1,1,1,1,3,2,23,9,53.7889281668,-1.56747824976
4839,10CA0005864,428492,432623,2,4,01/09/2010,1900,3,1,1,1,2,3,2,20,9,53.7889281668,-1.56747824976
4840,10CA0005864,428492,432623,2,4,01/09/2010,1900,3,1,1,1,2,3,2,24,9,53.7889281668,-1.56747824976
4841,10CA0005864,428492,432623,2,4,01/09/2010,1900,3,1,1,1,2,3,2,26,9,53.7889281668,-1.56747824976
4842,10MU0005848,429362,433749,2,1,01/09/2010,720,2,1,1,1,1,3,2,38,9,53.799001136,-1.55416435875
4843,10MU0005855,431995,426294,2,3,01/09/2010,1040,1,1,1,1,1,3,2,84,9,53.7318348089,-1.51495906958
4844,10MU0005855,431995,426294,2,3,01/09/2010,1040,1,1,1,1,1,3,1,45,9,53.7318348089,-1.51495906958
4845,10MU0005855,431995,426294,2,3,01/09/2010,1040,1,1,1,1,2,3,2,82,9,53.7318348089,-1.51495906958
4846,10MU0005856,432183,426250,3,3,01/09/2010,1030,1,1,1,1,1,3,1,51,19,53.7314277339,-1.5121137016
4847,10MU0005856,432183,426250,3,3,01/09/2010,1030,1,1,1,1,1,3,2,58,9,53.7314277339,-1.5121137016
4848,10MU0005856,432183,426250,3,3,01/09/2010,1030,1,1,1,1,2,2,2,86,9,53.7314277339,-1.5121137016
4849,10BA0005881,428918,438071,2,1,02/09/2010,1536,6,1,1,1,1,3,1,38,3,53.8378752457,-1.56049956881
4850,10BA0005976,430984,439012,2,1,02/09/2010,1040,6,1,1,1,1,3,1,41,3,53.8462144412,-1.52900637835
4851,10BA0005996,429285,437237,2,3,02/09/2010,810,6,1,1,1,1,3,2,18,9,53.8303581207,-1.55500150244
4852,10BA0005996,429285,437237,2,3,02/09/2010,810,6,1,1,1,1,3,1,28,8,53.8303581207,-1.55500150244
4853,10BA0005996,429285,437237,2,3,02/09/2010,810,6,1,1,1,2,3,2,30,8,53.8303581207,-1.55500150244
4854,10MU0005915,430632,424338,2,1,02/09/2010,735,1,1,1,1,1,3,2,36,9,53.714334501,-1.53581491272
4855,10BA0005967,433570,434500,1,1,03/09/2010,1725,6,1,1,1,3,3,2,9,19,53.8054970847,-1.49019038393
4856,10CA0005879,428937,429849,2,5,03/09/2010,2109,3,1,4,1,1,3,1,33,9,53.7639687337,-1.56098345544