Col.Number,Reference.Number,Easting,Northing,Number.of.Vehicles,Number.of.Casualties,Accident.Date,Time..24hr.,X1st.Road.Class,Road.Surface,Lighting.Conditions,Weather.Conditions,Casualty.Class,Casualty.Severity,Sex.of.Casualty,Age.of.Casualty,Type.of.Vehicle,Latitude,Longitude
4857,10CA0005879,428937,429849,2,5,03/09/2010,2109,3,1,4,1,1,3,2,56,9,53.7639687337,-1.56098345544
4858,10CA0005879,428937,429849,2,5,03/09/2010,2109,3,1,4,1,2,3,2,48,9,53.7639687337,-1.56098345544
4859,10CA0005879,428937,429849,2,5,03/09/2010,2109,3,1,4,1,2,3,2,10,9,53.7639687337,-1.56098345544
4860,10CA0005879,428937,429849,2,5,03/09/2010,2109,3,1,4,1,2,3,1,8,9,53.7639687337,-1.56098345544
4861,10CA0005923,423801,428191,2,1,03/09/2010,1910,3,1,1,1,1,2,1,50,1,53.7493251524,-1.63902999952
4862,10AA0005865,423786,437365,3,1,04/09/2010,1645,3,1,1,1,1,3,1,31,19,53.8317895065,-1.63854928515
4863,10BA0005878,436091,435538,2,1,04/09/2010,445,3,1,4,1,1,3,2,32,9,53.8146584028,-1.45178544373
4864,10BA0006002,433168,435236,2,2,04/09/2010,2100,6,1,4,1,1,3,1,21,9,53.8121385229,-1.49621576716
4865,10BA0006002,433168,435236,2,2,04/09/2010,2100,6,1,4,1,1,3,1,50,9,53.8121385229,-1.49621576716
4866,10CA0004102,435833,428390,1,1,04/09/2010,1515,6,1,1,1,3,3,1,62,9,53.7504255143,-1.45653508106
4867,10CA0005924,429382,430521,2,1,04/09/2010,1510,6,1,1,1,1,3,2,43,9,53.7699842869,-1.55416838953
4868,10CA0006063,430273,433589,1,1,04/09/2010,124,6,1,4,1,2,3,1,32,10,53.7975107235,-1.54034785074
4869,10AA0005866,426914,433109,2,1,05/09/2010,1540,4,1,1,1,1,3,1,21,9,53.7933807242,-1.59138987708
4870,10AA0005897,425546,435375,2,1,06/09/2010,2110,6,2,7,5,1,3,1,16,1,53.8138183045,-1.6119703863
4871,10AA0006031,426506,435670,1,1,06/09/2010,1533,6,1,1,1,2,3,1,79,11,53.8164219357,-1.59736349179
4872,10AA0373132,426226,431899,2,2,06/09/2010,511,3,1,4,1,1,2,1,22,9,53.7825393957,-1.60193783062
4873,10AA0373132,426226,431899,2,2,06/09/2010,511,3,1,4,1,1,3,1,36,9,53.7825393957,-1.60193783062
4874,10BA0005920,437323,433359,2,1,06/09/2010,820,3,1,1,1,1,3,1,36,1,53.7949853435,-1.43333678801
4875,10CA0005931,429965,430871,2,1,06/09/2010,714,3,1,1,1,1,3,1,41,19,53.7730971363,-1.54528846823
4876,10CA0005947,435112,428935,2,2,06/09/2010,1415,3,1,1,1,1,3,2,37,9,53.7553734287,-1.46740771313
4877,10CA0005947,435112,428935,2,2,06/09/2010,1415,3,1,1,1,1,3,1,43,9,53.7553734287,-1.46740771313
4878,10AA0005929,423611,437957,1,1,07/09/2010,730,6,2,1,1,1,3,1,18,9,53.8371188471,-1.64116303312
4879,10AA0005977,426338,438926,3,1,07/09/2010,1855,6,2,1,8,1,3,1,45,1,53.8456978241,-1.59963640813
4880,10AA0006030,426702,433078,1,1,07/09/2010,1515,4,1,1,1,2,3,1,14,11,53.7931129943,-1.59461107289
4881,10CA0005922,428549,431479,1,1,07/09/2010,1141,3,1,1,1,3,3,1,46,9,53.7786418819,-1.566718944
4882,10CA0005944,432542,427753,2,2,07/09/2010,1740,3,2,1,1,1,3,1,22,3,53.7449155757,-1.50651333539
4883,10CA0005944,432542,427753,2,2,07/09/2010,1740,3,2,1,1,1,3,1,77,9,53.7449155757,-1.50651333539
4884,10CA0005968,429515,433784,1,1,07/09/2010,1715,6,2,1,2,3,3,2,20,9,53.7993070835,-1.55183791464
4885,10MU0006051,429818,426399,5,4,07/09/2010,1752,1,2,1,1,1,3,1,47,21,53.7329076596,-1.5479508698
4886,10MU0006051,429818,426399,5,4,07/09/2010,1752,1,2,1,1,1,3,1,23,19,53.7329076596,-1.5479508698
4887,10MU0006051,429818,426399,5,4,07/09/2010,1752,1,2,1,1,1,3,2,44,9,53.7329076596,-1.5479508698
4888,10MU0006051,429818,426399,5,4,07/09/2010,1752,1,2,1,1,1,3,1,30,9,53.7329076596,-1.5479508698
4889,10AA0005970,428201,435793,2,1,08/09/2010,1630,3,1,1,1,1,2,1,38,1,53.8174383677,-1.57160527218
4890,10AA0005995,417933,443174,2,2,08/09/2010,2055,3,1,4,1,2,3,2,18,9,53.8842405433,-1.72715038195
4891,10AA0005995,417933,443174,2,2,08/09/2010,2055,3,1,4,1,2,3,1,19,9,53.8842405433,-1.72715038195
4892,10CA0005945,428529,431530,3,1,08/09/2010,1630,3,1,1,1,1,2,2,34,5,53.7791014063,-1.56701775073
4893,10CA0006117,430318,433395,1,1,08/09/2010,2035,6,1,4,1,3,3,2,55,9,53.7957642904,-1.53968371021
4894,10AA0005978,424421,438954,2,2,09/09/2010,745,6,1,1,1,1,3,2,29,9,53.8460431932,-1.62877377293
4895,10AA0005978,424421,438954,2,2,09/09/2010,745,6,1,1,1,1,3,2,16,1,53.8460431932,-1.62877377293
4896,10AA0006091,427326,437200,2,1,09/09/2010,1725,3,1,1,1,1,2,1,43,1,53.8301322521,-1.58477176906
4897,10BA0005979,432152,435283,2,4,09/09/2010,1425,4,1,1,1,1,3,1,47,9,53.8126248073,-1.51164211474
4898,10BA0005979,432152,435283,2,4,09/09/2010,1425,4,1,1,1,1,3,2,19,9,53.8126248073,-1.51164211474
4899,10BA0005979,432152,435283,2,4,09/09/2010,1425,4,1,1,1,2,3,2,19,9,53.8126248073,-1.51164211474
4900,10BA0005979,432152,435283,2,4,09/09/2010,1425,4,1,1,1,2,3,2,19,9,53.8126248073,-1.51164211474
4901,10BA0006001,429344,438620,2,2,09/09/2010,2028,3,1,7,1,1,2,2,47,9,53.8427861402,-1.55397292547
4902,10BA0006001,429344,438620,2,2,09/09/2010,2028,3,1,7,1,2,3,1,56,9,53.8427861402,-1.55397292547
4903,10BA0006163,442169,445084,1,1,09/09/2010,1548,6,1,1,1,3,2,1,11,9,53.9000038577,-1.35815612862
4904,10CA0005943,429966,430869,2,4,09/09/2010,5,3,1,4,1,1,3,1,19,9,53.7730791012,-1.5452734883
4905,10CA0005943,429966,430869,2,4,09/09/2010,5,3,1,4,1,1,3,1,45,9,53.7730791012,-1.5452734883
4906,10CA0005943,429966,430869,2,4,09/09/2010,5,3,1,4,1,2,3,2,19,9,53.7730791012,-1.5452734883
4907,10CA0005943,429966,430869,2,4,09/09/2010,5,3,1,4,1,2,3,1,56,9,53.7730791012,-1.5452734883
4908,10CA0005997,431583,426814,2,1,09/09/2010,1526,3,1,1,1,1,3,1,27,1,53.7365340972,-1.52115158623
4909,10AA0005975,427500,434507,2,1,10/09/2010,2243,6,2,4,2,1,3,1,39,9,53.8059163854,-1.58236860387
4910,10BA0005999,434688,436712,2,1,10/09/2010,1915,6,1,1,1,2,2,1,23,4,53.8253065177,-1.47296329855
4911,10BA0006013,430911,435570,1,1,10/09/2010,2350,6,1,4,1,3,2,1,43,9,53.8152798185,-1.5304621647
4912,10BA0006130,443195,445753,1,1,10/09/2010,1110,6,2,1,1,3,3,2,48,9,53.9059325155,-1.34244633411
4913,10BA0006162,440390,433504,1,1,10/09/2010,1905,4,1,4,1,3,3,1,14,9,53.7960596261,-1.38675531765
4914,10BA0006172,431882,435471,2,1,10/09/2010,1638,6,1,1,1,1,3,1,43,9,53.8143313027,-1.51572351287
4915,10CA0006000,428433,428719,2,1,10/09/2010,1609,3,1,1,1,1,3,1,33,5,53.7538391263,-1.56873370601
4916,10CA0005994,430064,434178,2,1,11/09/2010,2100,3,1,7,1,1,3,1,53,9,53.8028172019,-1.5434636023
4917,10CA0006431,428503,431497,2,2,11/09/2010,1730,6,1,1,1,2,3,2,34,90,53.7788062006,-1.5674153887
4918,10CA0006431,428503,431497,2,2,11/09/2010,1730,6,1,1,1,2,3,1,46,90,53.7788062006,-1.5674153887
4919,10BA0005992,433928,434124,1,1,12/09/2010,5,3,1,4,1,3,2,1,25,9,53.802094125,-1.48479530543
4920,10BA0006032,439814,432839,2,1,12/09/2010,1633,6,1,1,1,1,3,1,7,1,53.7901266582,-1.39558617334
4921,10CA0006017,428707,433139,2,2,12/09/2010,450,3,1,7,1,1,3,1,32,9,53.7935545528,-1.56416647753
4922,10CA0006017,428707,433139,2,2,12/09/2010,450,3,1,7,1,2,3,1,33,9,53.7935545528,-1.56416647753
4923,10MU0006024,437789,432310,1,2,12/09/2010,1920,1,1,1,1,1,2,1,47,5,53.7855226924,-1.42639069561
4924,10MU0006024,437789,432310,1,2,12/09/2010,1920,1,1,1,1,2,2,2,49,5,53.7855226924,-1.42639069561
4925,10AA0006023,426787,438024,3,4,13/09/2010,1630,3,2,1,1,1,3,2,49,9,53.8375670329,-1.5928900118
4926,10AA0006023,426787,438024,3,4,13/09/2010,1630,3,2,1,1,1,3,2,55,9,53.8375670329,-1.5928900118
4927,10AA0006023,426787,438024,3,4,13/09/2010,1630,3,2,1,1,1,3,2,37,9,53.8375670329,-1.5928900118
4928,10AA0006023,426787,438024,3,4,13/09/2010,1630,3,2,1,1,2,3,1,51,9,53.8375670329,-1.5928900118
4929,10AA0006034,425577,439760,1,2,13/09/2010,1513,6,2,1,2,3,3,1,11,9,53.8532324608,-1.61113458496
4930,10AA0006034,425577,439760,1,2,13/09/2010,1513,6,2,1,2,1,3,1,63,9,53.8532324608,-1.61113458496
4931,10AA0006109,426318,437706,2,4,13/09/2010,1530,6,1,1,8,1,3,2,45,9,53.834732587,-1.6000449376
4932,10AA0006109,426318,437706,2,4,13/09/2010,1530,6,1,1,8,1,3,2,51,9,53.834732587,-1.6000449376
4933,10AA0006109,426318,437706,2,4,13/09/2010,1530,6,1,1,8,2,3,2,15,9,53.834732587,-1.6000449376
4934,10AA0006109,426318,437706,2,4,13/09/2010,1530,6,1,1,8,2,3,2,54,9,53.834732587,-1.6000449376
4935,10AA0006111,425634,434242,2,1,13/09/2010,820,3,1,1,1,1,3,1,27,9,53.8036296751,-1.61072811119
4936,10AA0006180,421301,434057,2,4,13/09/2010,2010,3,2,7,2,1,3,1,23,9,53.8021622379,-1.67653955558
4937,10AA0006180,421301,434057,2,4,13/09/2010,2010,3,2,7,2,1,2,1,20,9,53.8021622379,-1.67653955558
4938,10AA0006180,421301,434057,2,4,13/09/2010,2010,3,2,7,2,2,3,1,19,9,53.8021622379,-1.67653955558
4939,10AA0006180,421301,434057,2,4,13/09/2010,2010,3,2,7,2,2,3,1,20,9,53.8021622379,-1.67653955558
4940,10BA0006029,434634,434522,2,1,13/09/2010,800,3,2,1,1,1,3,2,21,9,53.8056250685,-1.47403024886
4941,10CA0006244,435834,428389,3,2,13/09/2010,1630,3,1,1,1,1,3,1,37,19,53.7504164569,-1.45652003122
4942,10CA0006244,435834,428389,3,2,13/09/2010,1630,3,1,1,1,1,3,1,48,9,53.7504164569,-1.45652003122
4943,10MU0006092,435215,431302,1,1,13/09/2010,1510,1,1,1,1,1,3,1,37,9,53.7766426594,-1.4655753243
4944,10AA0006036,420885,440981,2,1,14/09/2010,1700,6,1,1,4,1,3,2,47,9,53.8644177109,-1.68238596872
4945,10AA0006045,427389,433650,2,2,14/09/2010,1730,3,1,1,1,1,3,2,24,9,53.7982188671,-1.58413049853
4946,10AA0006045,427389,433650,2,2,14/09/2010,1730,3,1,1,1,2,3,1,26,9,53.7982188671,-1.58413049853
4947,10AA0006068,426670,433877,3,1,14/09/2010,805,3,2,1,2,1,3,2,26,9,53.800296679,-1.59502769834
4948,10AA0006177,423317,439339,3,2,14/09/2010,918,6,2,1,5,1,3,1,27,9,53.8495546103,-1.64552619697
4949,10AA0006177,423317,439339,3,2,14/09/2010,918,6,2,1,5,1,3,2,39,9,53.8495546103,-1.64552619697
4950,10BA0006065,432722,438296,2,1,14/09/2010,1115,6,2,1,1,2,3,2,22,9,53.8396719967,-1.50266405882
4951,10BA0006080,434547,434452,2,1,14/09/2010,830,3,1,1,1,1,3,2,22,9,53.8050016511,-1.47535926998
4952,10BA0006120,441220,432405,2,1,14/09/2010,1645,6,1,1,1,1,3,1,12,1,53.7861161818,-1.37430120414
4953,10CA0006035,429673,432925,1,1,14/09/2010,1847,6,2,1,4,3,3,1,18,9,53.7915767684,-1.5495216383
4954,10CA0006047,427762,430106,1,1,14/09/2010,1920,6,2,1,1,3,3,2,8,9,53.7663428118,-1.57878625933
4955,10CA0006056,430879,433359,2,1,14/09/2010,1235,3,1,1,1,1,3,2,26,9,53.7954077029,-1.5311700025
4956,10CA0006181,430952,432161,2,9,14/09/2010,1430,3,1,1,1,1,3,1,34,19,53.7846348756,-1.53018203736
4957,10CA0006181,430952,432161,2,9,14/09/2010,1430,3,1,1,1,2,3,2,78,11,53.7846348756,-1.53018203736
4958,10CA0006181,430952,432161,2,9,14/09/2010,1430,3,1,1,1,2,3,2,53,11,53.7846348756,-1.53018203736
4959,10CA0006181,430952,432161,2,9,14/09/2010,1430,3,1,1,1,2,3,1,30,11,53.7846348756,-1.53018203736
4960,10CA0006181,430952,432161,2,9,14/09/2010,1430,3,1,1,1,2,3,2,44,11,53.7846348756,-1.53018203736
4961,10CA0006181,430952,432161,2,9,14/09/2010,1430,3,1,1,1,2,3,2,71,11,53.7846348756,-1.53018203736
4962,10CA0006181,430952,432161,2,9,14/09/2010,1430,3,1,1,1,2,3,2,42,11,53.7846348756,-1.53018203736
4963,10CA0006181,430952,432161,2,9,14/09/2010,1430,3,1,1,1,2,3,2,62,11,53.7846348756,-1.53018203736
4964,10CA0006181,430952,432161,2,9,14/09/2010,1430,3,1,1,1,2,3,1,43,19,53.7846348756,-1.53018203736
4965,10MU0006621,443199,434714,4,2,14/09/2010,740,1,1,1,4,1,3,1,44,9,53.80670996,-1.343939267
4966,10MU0006621,443199,434714,4,2,14/09/2010,740,1,1,1,4,1,3,1,30,9,53.80670996,-1.343939267
4967,10BA0006104,430739,435035,2,2,15/09/2010,1110,6,2,1,5,1,3,2,32,9,53.8104810662,-1.53312819205
4968,10BA0006104,430739,435035,2,2,15/09/2010,1110,6,2,1,5,1,3,2,51,9,53.8104810662,-1.53312819205
4969,10AA0006084,423200,434656,2,1,16/09/2010,805,6,1,1,1,1,3,1,42,1,53.8074653151,-1.64765825183
4970,10AA0006107,424348,438773,2,3,16/09/2010,2142,6,1,4,1,1,2,1,44,9,53.8444196564,-1.62989777817
4971,10AA0006107,424348,438773,2,3,16/09/2010,2142,6,1,4,1,2,2,2,15,9,53.8444196564,-1.62989777817
4972,10AA0006107,424348,438773,2,3,16/09/2010,2142,6,1,4,1,2,3,2,15,9,53.8444196564,-1.62989777817
4973,10AA0006124,422311,443624,2,1,16/09/2010,1415,6,1,1,1,1,3,1,46,5,53.8881155989,-1.66050773979
4974,10BA0006141,436196,434331,2,4,16/09/2010,1435,3,1,1,1,1,2,2,80,9,53.8038018848,-1.45033254554
4975,10BA0006141,436196,434331,2,4,16/09/2010,1435,3,1,1,1,1,3,1,52,9,53.8038018848,-1.45033254554
4976,10BA0006141,436196,434331,2,4,16/09/2010,1435,3,1,1,1,2,3,2,31,9,53.8038018848,-1.45033254554
4977,10BA0006141,436196,434331,2,4,16/09/2010,1435,3,1,1,1,3,3,1,45,9,53.8038018848,-1.45033254554
4978,10CA0006081,426383,427284,2,1,16/09/2010,2200,4,1,4,1,1,3,1,49,9,53.7410479284,-1.59994939879
4979,10AA0006129,422261,433470,1,1,17/09/2010,1605,4,1,1,1,2,3,2,83,11,53.796845581,-1.66200444647
4980,10AA0006174,422991,432339,2,2,17/09/2010,1855,6,1,1,1,1,3,2,27,9,53.7866474372,-1.65100525388
4981,10AA0006174,422991,432339,2,2,17/09/2010,1855,6,1,1,1,2,3,2,17,9,53.7866474372,-1.65100525388
4982,10AA0006438,427496,431327,2,1,17/09/2010,945,3,1,1,1,1,3,2,32,9,53.7773322642,-1.58271314062
4983,10BA0006103,432333,438912,3,1,17/09/2010,425,6,1,4,1,1,2,1,28,9,53.8452333429,-1.50851131768
4984,10CA0006115,427865,427943,2,2,17/09/2010,740,6,1,1,1,1,3,2,30,9,53.7468944711,-1.57741876787
4985,10CA0006115,427865,427943,2,2,17/09/2010,740,6,1,1,1,1,3,1,49,4,53.7468944711,-1.57741876787
4986,10CA0006169,430796,433451,1,1,17/09/2010,1705,6,1,1,1,2,3,1,67,11,53.7962395843,-1.53242093144
4987,10CA0006179,428787,433275,3,3,17/09/2010,2210,3,1,4,1,1,2,2,25,9,53.7947726038,-1.56293923685
4988,10CA0006179,428787,433275,3,3,17/09/2010,2210,3,1,4,1,3,3,1,24,9,53.7947726038,-1.56293923685
4989,10CA0006179,428787,433275,3,3,17/09/2010,2210,3,1,4,1,1,3,1,22,9,53.7947726038,-1.56293923685
4990,10AA0006113,427291,433638,2,1,18/09/2010,2253,3,2,4,2,2,3,2,22,9,53.7981161521,-1.58561953279
4991,10AA0006125,427426,435813,2,2,18/09/2010,1905,4,2,4,2,1,3,1,74,9,53.8176596065,-1.58337598328
4992,10AA0006125,427426,435813,2,2,18/09/2010,1905,4,2,4,2,1,3,2,20,9,53.8176596065,-1.58337598328
4993,10AA0006164,421345,434932,1,1,18/09/2010,1645,6,2,1,1,3,3,2,9,9,53.810025684,-1.67581074553
4994,10BA0006075,430820,436622,2,1,18/09/2010,1405,6,1,1,1,2,3,1,61,11,53.8247413119,-1.53173898971
4995,10BA0006096,435728,435951,2,1,18/09/2010,2130,6,1,7,1,2,3,1,15,9,53.8183957586,-1.4572510983
4996,10BA0006151,431490,432618,1,1,18/09/2010,845,3,1,1,1,2,3,1,22,21,53.7887104475,-1.52196939407
4997,10MU0006175,427568,431065,2,2,18/09/2010,1735,1,1,1,1,1,3,2,53,9,53.7749733895,-1.58164390181
4998,10MU0006175,427568,431065,2,2,18/09/2010,1735,1,1,1,1,2,3,1,16,9,53.7749733895,-1.58164390181
4999,10AA0006146,425936,435563,2,4,19/09/2010,1206,4,2,1,2,1,3,2,49,9,53.8154888859,-1.60603080727
5000,10AA0006146,425936,435563,2,4,19/09/2010,1206,4,2,1,2,1,2,1,30,9,53.8154888859,-1.60603080727
5001,10AA0006146,425936,435563,2,4,19/09/2010,1206,4,2,1,2,2,3,2,18,9,53.8154888859,-1.60603080727
5002,10AA0006146,425936,435563,2,4,19/09/2010,1206,4,2,1,2,2,3,2,23,9,53.8154888859,-1.60603080727
5003,10BA0006106,431331,434922,2,7,19/09/2010,245,6,2,4,1,1,3,1,21,9,53.8094300122,-1.52414858636
5004,10BA0006106,431331,434922,2,7,19/09/2010,245,6,2,4,1,1,3,1,37,8,53.8094300122,-1.52414858636
5005,10BA0006106,431331,434922,2,7,19/09/2010,245,6,2,4,1,2,3,2,23,8,53.8094300122,-1.52414858636
5006,10BA0006106,431331,434922,2,7,19/09/2010,245,6,2,4,1,2,3,1,22,8,53.8094300122,-1.52414858636
5007,10BA0006106,431331,434922,2,7,19/09/2010,245,6,2,4,1,2,3,1,21,8,53.8094300122,-1.52414858636
5008,10BA0006106,431331,434922,2,7,19/09/2010,245,6,2,4,1,2,3,1,19,9,53.8094300122,-1.52414858636
5009,10BA0006106,431331,434922,2,7,19/09/2010,245,6,2,4,1,2,3,1,24,9,53.8094300122,-1.52414858636
5010,10BA0006173,430969,433428,2,1,19/09/2010,1450,3,2,1,2,2,3,2,14,9,53.7960225747,-1.52979666295
5011,10BA0006140,433540,435112,2,1,20/09/2010,1620,6,1,1,1,1,3,2,15,1,53.8110000692,-1.49057926928
5012,10BA0006147,441569,430292,1,1,20/09/2010,1951,4,1,4,1,3,3,1,15,9,53.7670957239,-1.3692887358
5013,10BA0395389,429711,439012,2,1,20/09/2010,1305,6,1,1,1,1,1,2,89,9,53.8462888319,-1.54835681458
5014,10BA0396309,440646,431585,1,1,20/09/2010,750,4,1,1,1,3,1,2,15,9,53.7787907436,-1.38312179083
5015,10AA0006134,426433,433302,1,1,21/09/2010,840,6,1,1,1,3,3,2,13,11,53.7951402202,-1.59867569111
5016,10AA0006211,422947,443099,2,1,21/09/2010,620,3,1,4,1,1,2,1,53,4,53.8833687681,-1.65086965276
5017,10BA0006136,432513,438022,3,3,21/09/2010,910,6,1,1,1,1,3,2,40,9,53.8372222393,-1.50586947859
5018,10BA0006136,432513,438022,3,3,21/09/2010,910,6,1,1,1,1,3,1,45,9,53.8372222393,-1.50586947859
5019,10BA0006136,432513,438022,3,3,21/09/2010,910,6,1,1,1,1,3,2,38,9,53.8372222393,-1.50586947859
5020,10BA0006358,436256,435661,2,1,21/09/2010,1515,6,1,1,1,1,3,2,42,9,53.8157525171,-1.44926476178
5021,10CA0006148,429600,432560,3,1,21/09/2010,920,6,1,1,1,2,3,1,52,8,53.788300033,-1.55066490716
5022,10CA0006197,434873,428899,1,1,21/09/2010,1945,6,1,4,1,3,3,1,13,9,53.7550658868,-1.47103685192
5023,10AA0006205,423555,437874,2,1,22/09/2010,900,6,1,1,1,1,3,1,31,9,53.8363753206,-1.64202045846
5024,10AA0006210,428574,435248,2,1,22/09/2010,840,6,1,1,1,1,3,1,34,1,53.8125191421,-1.56598991067
5025,10AA0006212,427586,436832,2,1,22/09/2010,1625,3,1,1,1,1,3,1,44,3,53.8268106627,-1.58085411527
5026,10CA0006157,431012,430766,2,2,22/09/2010,1726,6,1,1,1,1,3,1,45,9,53.7720920131,-1.52941163647
5027,10CA0006157,431012,430766,2,2,22/09/2010,1726,6,1,1,1,1,2,1,28,1,53.7720920131,-1.52941163647
5028,10CA0006167,430805,433459,1,2,22/09/2010,1820,6,1,1,1,2,3,2,55,11,53.7963109612,-1.53228348838
5029,10CA0006167,430805,433459,1,2,22/09/2010,1820,6,1,1,1,3,3,1,26,11,53.7963109612,-1.53228348838
5030,10CA0006192,433667,429626,2,1,22/09/2010,1500,3,1,1,1,1,3,1,38,5,53.7616800035,-1.48924969237
5031,10CA0006207,430439,431156,2,1,22/09/2010,1640,6,1,1,1,1,3,1,37,3,53.7756314386,-1.53806776259
5032,10CA0006257,429882,432365,2,1,22/09/2010,1815,3,1,1,1,1,2,2,25,1,53.7865311113,-1.54640313425
5033,10CA0006330,430662,432746,2,1,22/09/2010,1145,3,1,1,1,2,3,2,46,9,53.7899104488,-1.53452556076
5034,10AA0006189,426195,433063,1,1,23/09/2010,1507,4,1,1,1,2,3,1,47,11,53.7930039336,-1.60230940024
5035,10AA0006209,423810,439244,1,1,23/09/2010,2118,6,2,4,2,3,2,1,18,9,53.8486783063,-1.63803895573
5036,10AA0006228,422384,434611,2,1,23/09/2010,2009,4,2,4,2,1,2,1,19,4,53.8070965798,-1.66005398935
5037,10BA0006188,431963,438843,2,2,23/09/2010,135,6,1,4,1,1,2,1,19,9,53.844636032,-1.5141425847
5038,10BA0006188,431963,438843,2,2,23/09/2010,135,6,1,4,1,1,3,1,26,9,53.844636032,-1.5141425847
5039,10MU0006185,423950,428097,1,4,23/09/2010,430,1,2,4,1,2,3,2,27,9,53.7484733691,-1.63677757826
5040,10MU0006185,423950,428097,1,4,23/09/2010,430,1,2,4,1,2,3,2,22,9,53.7484733691,-1.63677757826
5041,10MU0006185,423950,428097,1,4,23/09/2010,430,1,2,4,1,2,3,2,22,9,53.7484733691,-1.63677757826
5042,10MU0006185,423950,428097,1,4,23/09/2010,430,1,2,4,1,2,3,2,17,9,53.7484733691,-1.63677757826
5043,10AA0006221,425365,433397,1,1,24/09/2010,1530,6,1,1,1,3,3,2,30,9,53.7960473211,-1.61488257994
5044,10AA0006238,421384,444875,2,2,24/09/2010,730,3,2,1,1,1,2,1,42,5,53.899399551,-1.67452568781
5045,10AA0006238,421384,444875,2,2,24/09/2010,730,3,2,1,1,1,3,2,31,9,53.899399551,-1.67452568781
5046,10BA0006239,445341,431654,2,1,24/09/2010,1915,3,1,4,1,1,3,1,21,3,53.7790232094,-1.31186170366
5047,10BA0006364,436802,435595,2,1,24/09/2010,810,6,2,1,2,1,3,1,11,1,53.8151209091,-1.44097924882
5048,10CA0006413,429787,430630,2,1,24/09/2010,1425,3,1,1,1,1,3,1,18,3,53.7709410552,-1.54801275377
5049,10AA0006196,418495,442869,2,4,25/09/2010,1000,6,1,1,1,1,3,1,52,9,53.8814792279,-1.71861810445
5050,10AA0006196,418495,442869,2,4,25/09/2010,1000,6,1,1,1,1,3,1,19,9,53.8814792279,-1.71861810445
5051,10AA0006196,418495,442869,2,4,25/09/2010,1000,6,1,1,1,2,3,2,47,9,53.8814792279,-1.71861810445
5052,10AA0006196,418495,442869,2,4,25/09/2010,1000,6,1,1,1,2,3,1,10,9,53.8814792279,-1.71861810445
5053,10AA0006222,427883,436217,2,1,25/09/2010,1156,3,1,1,1,1,3,1,43,90,53.8212667447,-1.576397353
5054,10AA0006237,427328,437198,2,3,25/09/2010,1555,3,1,1,1,1,3,1,53,9,53.8301141694,-1.58474155704
5055,10AA0006237,427328,437198,2,3,25/09/2010,1555,3,1,1,1,1,3,1,51,9,53.8301141694,-1.58474155704
5056,10AA0006237,427328,437198,2,3,25/09/2010,1555,3,1,1,1,2,3,1,6,9,53.8301141694,-1.58474155704
5057,10BA0006243,445358,431633,2,1,25/09/2010,1910,3,1,4,1,1,3,1,44,5,53.7788329723,-1.31160680509
5058,10BA0006245,429611,437594,2,1,25/09/2010,1605,6,1,1,1,1,2,1,15,1,53.8335486059,-1.55001356202
5059,10BA0006249,431892,438074,2,1,25/09/2010,1010,6,1,1,1,1,3,1,44,1,53.8377281433,-1.51530162423
5060,10BA0006294,431402,435026,2,5,26/09/2010,227,6,1,4,1,1,3,1,38,9,53.8103605527,-1.52305967671
5061,10BA0006294,431402,435026,2,5,26/09/2010,227,6,1,4,1,2,3,1,38,9,53.8103605527,-1.52305967671
5062,10BA0006294,431402,435026,2,5,26/09/2010,227,6,1,4,1,2,3,2,26,9,53.8103605527,-1.52305967671
5063,10BA0006294,431402,435026,2,5,26/09/2010,227,6,1,4,1,1,3,1,31,9,53.8103605527,-1.52305967671
5064,10BA0006294,431402,435026,2,5,26/09/2010,227,6,1,4,1,2,3,1,36,9,53.8103605527,-1.52305967671
5065,10CA0006246,423078,428267,1,1,26/09/2010,1830,6,1,1,1,3,3,2,5,9,53.7500408282,-1.64998923304
5066,10AA0006236,427156,432531,2,1,27/09/2010,1002,6,2,1,1,2,3,2,31,9,53.7881726289,-1.58776686328
5067,10BA0006255,430477,435598,2,1,27/09/2010,1950,3,2,4,2,1,3,1,52,1,53.8155571244,-1.53705160871
5068,10CA0006220,427628,431154,2,1,27/09/2010,1810,3,2,1,1,1,2,1,25,5,53.7757702129,-1.58072543024
5069,10CA0006262,431304,429058,1,1,27/09/2010,1600,6,2,1,2,3,3,2,6,9,53.7567217483,-1.52515413136
5070,10CA0006264,431084,433633,2,1,27/09/2010,806,6,1,1,1,1,3,1,30,1,53.7978584021,-1.52802999062
5071,10MU0006277,433299,429642,1,2,27/09/2010,2340,1,2,4,1,1,2,2,42,9,53.7618474769,-1.49483052561
5072,10MU0006277,433299,429642,1,2,27/09/2010,2340,1,2,4,1,2,3,1,54,9,53.7618474769,-1.49483052561
5073,10AA0006271,423692,438145,2,1,28/09/2010,1120,6,1,1,1,1,3,1,59,1,53.838805049,-1.63991753516
5074,10AA0006272,426065,438538,1,1,28/09/2010,842,6,2,1,1,3,2,1,12,9,53.8422239709,-1.60381909568
5075,10AA0006275,428123,432796,2,2,28/09/2010,647,4,2,1,1,1,3,2,42,9,53.7905032969,-1.57306387898
5076,10AA0006275,428123,432796,2,2,28/09/2010,647,4,2,1,1,1,3,1,49,8,53.7905032969,-1.57306387898
5077,10AA0006283,427290,433587,2,2,28/09/2010,1518,6,1,1,1,1,3,1,26,9,53.7976577769,-1.58563923512
5078,10AA0006283,427290,433587,2,2,28/09/2010,1518,6,1,1,1,2,3,1,35,9,53.7976577769,-1.58563923512
5079,10AA0006285,428907,435506,2,1,28/09/2010,727,3,2,1,1,1,3,2,25,9,53.8148198267,-1.56090790254
5080,10BA0006266,429761,437686,1,2,28/09/2010,1710,6,1,1,1,3,3,1,38,9,53.8343669937,-1.54772524109