Col.Number,Reference.Number,Easting,Northing,Number.of.Vehicles,Number.of.Casualties,Accident.Date,Time..24hr.,X1st.Road.Class,Road.Surface,Lighting.Conditions,Weather.Conditions,Casualty.Class,Casualty.Severity,Sex.of.Casualty,Age.of.Casualty,Type.of.Vehicle,Latitude,Longitude
5081,10BA0006266,429761,437686,1,2,28/09/2010,1710,6,1,1,1,3,3,2,3,9,53.8343669937,-1.54772524109
5082,10AA0006276,425639,434239,2,1,29/09/2010,840,3,2,1,2,1,3,1,17,3,53.8036024622,-1.61065243412
5083,10AA0006314,429827,434373,2,1,29/09/2010,1145,3,2,1,2,1,3,1,44,11,53.8045836476,-1.54704354632
5084,10BA0006970,441176,431253,2,1,29/09/2010,2005,4,1,7,1,1,3,1,22,9,53.7757649086,-1.37512291507
5085,10CA0006273,427882,432183,2,1,29/09/2010,1648,3,2,1,1,1,3,1,28,9,53.7850061418,-1.57677785779
5086,10CA0006278,429136,431734,2,1,29/09/2010,1755,6,2,1,2,1,3,1,14,1,53.7809014974,-1.55778638356
5087,10CA0006281,427504,425501,1,1,29/09/2010,830,3,2,1,1,3,3,2,10,9,53.7249628305,-1.58311054579
5088,10CA0006315,428787,433276,2,1,29/09/2010,1845,3,2,4,2,3,2,2,61,9,53.7947815925,-1.5629391434
5089,10CA0006326,430639,433798,1,1,29/09/2010,2330,6,1,7,1,3,3,1,19,9,53.7993679387,-1.53477007316
5090,10CA0006327,431485,430120,1,1,29/09/2010,729,6,2,1,1,3,2,2,11,9,53.7662568999,-1.52230034496
5091,10CA0006402,423903,427891,2,1,29/09/2010,755,3,2,1,2,1,3,1,51,8,53.7466238116,-1.63750629741
5092,10AA0006349,427642,435960,2,1,30/09/2010,859,6,2,1,1,1,3,1,38,1,53.8189695111,-1.58008164861
5093,10BA0006291,433444,434033,2,1,30/09/2010,658,3,1,1,1,1,3,2,36,9,53.8013075021,-1.49215452334
5094,10AA0006319,418312,441351,2,4,01/10/2010,1725,3,2,1,2,1,3,1,74,9,53.8678407358,-1.72149289545
5095,10AA0006319,418312,441351,2,4,01/10/2010,1725,3,2,1,2,1,3,1,58,9,53.8678407358,-1.72149289545
5096,10AA0006319,418312,441351,2,4,01/10/2010,1725,3,2,1,2,2,3,1,70,9,53.8678407358,-1.72149289545
5097,10AA0006319,418312,441351,2,4,01/10/2010,1725,3,2,1,2,2,3,1,58,9,53.8678407358,-1.72149289545
5098,10AA0006323,428406,434381,2,1,01/10/2010,1017,6,2,1,2,1,3,1,33,2,53.8047351081,-1.56862159671
5099,10AA0006324,423375,437638,3,2,01/10/2010,955,3,2,1,2,1,3,2,33,9,53.8342620979,-1.6447739209
5100,10AA0006324,423375,437638,3,2,01/10/2010,955,3,2,1,2,1,2,2,81,9,53.8342620979,-1.6447739209
5101,10MU0006317,427568,431066,2,1,01/10/2010,1404,1,2,1,2,1,3,2,30,9,53.7749823783,-1.58164381242
5102,10MU0006320,443531,438239,2,2,01/10/2010,1934,2,2,4,3,2,3,2,60,9,53.8383663053,-1.33839860823
5103,10MU0006320,443531,438239,2,2,01/10/2010,1934,2,2,4,3,2,3,1,29,9,53.8383663053,-1.33839860823
5104,10MU0006322,424969,427942,2,1,01/10/2010,1734,1,2,1,5,1,3,2,22,9,53.747032267,-1.62133645584
5105,10AA0006307,428796,435573,2,1,02/10/2010,1524,3,1,1,1,1,3,1,21,1,53.815428231,-1.56258764738
5106,10BA0006309,431883,435361,1,1,02/10/2010,100,6,2,4,1,3,3,1,20,9,53.8133424879,-1.51571972203
5107,10BA0006335,433090,434232,2,1,02/10/2010,1810,6,1,1,1,1,3,1,11,1,53.8031188854,-1.49750838083
5108,10BA0006347,429363,436052,2,1,02/10/2010,1310,6,1,1,1,1,3,1,44,11,53.8197021097,-1.55392945882
5109,10CA0006325,431584,426805,2,2,02/10/2010,1945,4,1,4,1,1,2,1,86,9,53.7364531375,-1.52113734476
5110,10CA0006325,431584,426805,2,2,02/10/2010,1945,4,1,4,1,2,3,2,43,9,53.7364531375,-1.52113734476
5111,10MU0006316,431856,425430,2,1,02/10/2010,815,1,1,1,1,1,3,1,24,9,53.7240769964,-1.51715520264
5112,10AA0006329,430520,434489,2,1,03/10/2010,600,3,2,4,1,1,3,1,33,9,53.8055861339,-1.53650843886
5113,10AA0006338,426056,436365,2,1,03/10/2010,1835,6,2,1,1,2,3,2,17,9,53.8226918765,-1.60414011186
5114,10AA0006366,426332,435954,2,1,03/10/2010,1455,6,2,1,2,2,3,2,27,9,53.818983587,-1.5999822384
5115,10AA0006452,423380,437633,3,1,03/10/2010,1000,3,2,1,2,1,3,2,34,9,53.834216929,-1.64469831872
5116,10BA0006346,432212,434653,1,1,03/10/2010,1500,6,2,1,2,3,3,1,17,9,53.8069582333,-1.51079674734
5117,10BA0006554,429694,437730,1,5,03/10/2010,1350,6,2,1,2,1,3,1,42,9,53.8347663293,-1.54873914657
5118,10BA0006554,429694,437730,1,5,03/10/2010,1350,6,2,1,2,2,3,2,16,9,53.8347663293,-1.54873914657
5119,10BA0006554,429694,437730,1,5,03/10/2010,1350,6,2,1,2,2,2,1,14,9,53.8347663293,-1.54873914657
5120,10BA0006554,429694,437730,1,5,03/10/2010,1350,6,2,1,2,2,3,2,64,9,53.8347663293,-1.54873914657
5121,10BA0006554,429694,437730,1,5,03/10/2010,1350,6,2,1,2,2,3,1,71,9,53.8347663293,-1.54873914657
5122,10BA0006754,435310,435241,2,1,03/10/2010,2200,6,2,4,1,1,3,1,26,4,53.8120424179,-1.4636821696
5123,10AA0006385,422028,436556,3,1,04/10/2010,1615,3,1,1,1,1,3,1,22,9,53.8245950605,-1.66532119967
5124,10AA0006534,427824,436514,2,1,04/10/2010,1710,4,1,1,1,1,3,1,30,1,53.8239395594,-1.57726679131
5125,10BA0006334,435421,434797,2,1,04/10/2010,1603,6,1,1,1,1,3,1,76,9,53.8080439306,-1.46204739132
5126,10BA0006351,437220,435742,2,1,04/10/2010,705,6,2,1,1,1,3,2,73,9,53.8164124693,-1.43461240198
5127,10BA0006352,430839,439669,1,1,04/10/2010,1418,3,1,1,1,2,3,2,75,11,53.8521286053,-1.53114447924
5128,10MU0006629,429872,434397,3,2,04/10/2010,1255,2,1,1,1,1,3,1,61,9,53.8047967943,-1.54635786567
5129,10MU0006629,429872,434397,3,2,04/10/2010,1255,2,1,1,1,2,3,2,57,9,53.8047967943,-1.54635786567
5130,10AA0006388,428061,435959,2,1,05/10/2010,1550,3,1,1,1,1,3,1,21,1,53.8189380732,-1.57371677113
5131,10BA0006369,430898,439864,1,1,05/10/2010,855,3,1,1,1,3,3,2,51,9,53.85387788,-1.53022788784
5132,10CA0006365,431012,430497,2,1,05/10/2010,1630,6,1,1,1,1,3,1,17,1,53.7696740393,-1.52943867863
5133,10AA0006359,425679,435068,1,1,06/10/2010,756,6,2,1,2,3,3,1,13,9,53.8110521963,-1.60997586049
5134,10AA0006371,421373,441010,1,1,06/10/2010,1005,6,2,1,1,2,3,2,78,11,53.8646585171,-1.67496269219
5135,10AA0006378,427659,436651,2,1,06/10/2010,800,3,1,1,1,1,3,1,16,5,53.8251798226,-1.57976125743
5136,10AA0006379,421885,433935,2,1,06/10/2010,1430,4,1,1,1,1,3,2,41,9,53.8010413538,-1.66768021826
5137,10AA0006437,428434,434998,2,1,06/10/2010,710,6,2,4,2,1,3,2,46,9,53.8102796326,-1.56813940138
5138,10AA0006436,425059,433369,2,1,07/10/2010,1520,4,1,1,1,1,2,1,25,3,53.7958104629,-1.6195307499
5139,10AA0006448,425059,433372,2,1,07/10/2010,645,4,1,4,1,1,2,1,40,1,53.7958374294,-1.61953050584
5140,10AA0006517,428947,435467,2,2,07/10/2010,1220,6,1,1,1,1,3,1,31,9,53.814467041,-1.56030399871
5141,10AA0006517,428947,435467,2,2,07/10/2010,1220,6,1,1,1,2,3,2,25,9,53.814467041,-1.56030399871
5142,10BA0006393,428848,437267,1,1,07/10/2010,1203,4,1,1,1,2,3,2,80,11,53.8306522268,-1.56163887902
5143,10CA0006377,430075,433935,1,1,07/10/2010,204,6,1,4,1,3,3,1,19,11,53.8006323067,-1.5433203023
5144,10AA0006447,427975,436062,2,1,08/10/2010,948,3,2,1,7,1,3,1,19,1,53.819868548,-1.57501381594
5145,10CA0006401,431298,430610,1,1,08/10/2010,2104,6,1,7,1,3,2,1,30,9,53.7706726575,-1.5250877502
5146,10CA0006450,428808,434021,1,1,08/10/2010,155,6,1,4,1,3,2,1,19,8,53.8014770495,-1.56255063387
5147,10CA0006408,429799,433922,2,1,09/10/2010,1105,6,1,1,1,1,3,1,77,9,53.8005313373,-1.54751239148
5148,10CA0006625,430990,429683,1,1,09/10/2010,1530,6,1,1,1,3,3,1,9,9,53.7623584997,-1.52985423193
5149,10AA0006414,418314,441767,2,1,10/10/2010,1705,3,1,1,1,1,3,1,51,1,53.8715800056,-1.72143763338
5150,10AA0006416,428854,433937,1,2,10/10/2010,1230,6,1,1,1,3,3,2,24,8,53.8007194452,-1.56186001765
5151,10AA0006416,428854,433937,1,2,10/10/2010,1230,6,1,1,1,3,3,1,23,8,53.8007194452,-1.56186001765
5152,10AA0006418,424127,444004,4,1,10/10/2010,1642,3,1,1,1,1,2,2,60,9,53.8914499827,-1.6328454935
5153,10AA0006432,422299,440473,3,1,10/10/2010,2028,6,1,6,1,1,3,1,22,9,53.8597925913,-1.66091952384
5154,10BA0006417,430119,435592,1,2,11/10/2010,1935,6,1,4,1,2,3,1,49,9,53.8155240553,-1.54249005643
5155,10BA0006417,430119,435592,1,2,11/10/2010,1935,6,1,4,1,2,3,1,44,9,53.8155240553,-1.54249005643
5156,10BA0006427,431965,437041,2,1,11/10/2010,1730,6,1,1,1,1,3,1,46,1,53.8284383945,-1.51429964519
5157,10CA0006428,429756,434499,1,1,11/10/2010,937,3,1,1,1,2,3,2,37,11,53.8057202935,-1.54810954523
5158,10CA0006440,428595,432790,2,1,11/10/2010,2019,3,1,4,1,1,3,2,26,9,53.7904236415,-1.565899214
5159,10AA0006484,429936,434256,2,1,12/10/2010,1200,3,1,1,1,1,3,1,28,1,53.8035257049,-1.54539969282
5160,10AA0006508,423924,434667,1,1,12/10/2010,1820,6,1,1,1,3,2,1,5,9,53.8075313896,-1.6366621442
5161,10AA0006991,425810,434173,2,1,12/10/2010,1535,3,1,1,1,1,3,1,41,1,53.8030007444,-1.60806126952
5162,10CA0006487,428355,432527,1,2,12/10/2010,839,3,1,1,1,2,3,2,50,11,53.7880727272,-1.56956674169
5163,10CA0006487,428355,432527,1,2,12/10/2010,839,3,1,1,1,2,3,2,26,11,53.7880727272,-1.56956674169
5164,10MU0006456,430274,431964,2,1,12/10/2010,1610,1,1,1,1,1,3,2,30,9,53.7829039704,-1.54049232514
5165,10AA0006466,427997,436011,2,1,13/10/2010,1315,3,1,1,1,1,3,1,50,1,53.8194089382,-1.57468425211
5166,10AA0006472,425634,434239,2,1,13/10/2010,820,3,1,1,1,1,3,2,37,5,53.8036027087,-1.61072836096
5167,10BA0006455,431233,445744,2,1,13/10/2010,850,3,1,1,1,1,3,1,31,9,53.9067106856,-1.5245354849
5168,10BA0006516,445200,427815,2,2,13/10/2010,2110,6,1,6,1,2,3,2,16,9,53.744528914,-1.31456366316
5169,10BA0006516,445200,427815,2,2,13/10/2010,2110,6,1,6,1,2,3,2,16,9,53.744528914,-1.31456366316
5170,10BA0006568,436170,435803,1,1,13/10/2010,1600,6,1,1,1,3,3,1,4,9,53.8170348845,-1.45055435613
5171,10BA0006611,433895,434080,2,1,13/10/2010,1025,3,1,1,1,1,3,2,46,9,53.8017007761,-1.48530123945
5172,10CA0006471,431474,430378,2,1,13/10/2010,1800,6,1,1,1,1,3,1,18,1,53.7685766614,-1.52244091657
5173,10CA0006488,428103,426657,2,1,13/10/2010,1057,3,1,1,1,1,2,2,47,9,53.7353220317,-1.57392647754
5174,10AA0006467,420486,445122,2,2,14/10/2010,725,6,2,1,2,1,3,1,51,5,53.9016560373,-1.68817690101
5175,10AA0006467,420486,445122,2,2,14/10/2010,725,6,2,1,2,1,3,2,51,9,53.9016560373,-1.68817690101
5176,10AA0006473,427124,434791,2,1,14/10/2010,900,3,1,1,1,1,3,1,29,1,53.8084889409,-1.5880535748
5177,10BA0006513,441570,430290,2,5,14/10/2010,1030,4,1,1,1,1,3,2,20,9,53.767077667,-1.36927383362
5178,10BA0006513,441570,430290,2,5,14/10/2010,1030,4,1,1,1,1,3,1,20,9,53.767077667,-1.36927383362
5179,10BA0006513,441570,430290,2,5,14/10/2010,1030,4,1,1,1,2,3,2,16,9,53.767077667,-1.36927383362
5180,10BA0006513,441570,430290,2,5,14/10/2010,1030,4,1,1,1,2,3,1,21,9,53.767077667,-1.36927383362
5181,10BA0006513,441570,430290,2,5,14/10/2010,1030,4,1,1,1,2,3,2,17,9,53.767077667,-1.36927383362
5182,10BA0006725,431292,437134,2,2,14/10/2010,1824,6,2,1,2,1,3,2,48,9,53.8293153014,-1.52451585682
5183,10BA0006725,431292,437134,2,2,14/10/2010,1824,6,2,1,2,2,3,1,49,9,53.8293153014,-1.52451585682
5184,10CA0006478,436782,432983,1,1,14/10/2010,1450,6,1,1,1,2,3,2,79,11,53.7916441601,-1.44159507779
5185,10CA0006480,429264,427760,1,1,14/10/2010,1810,6,1,1,1,3,3,1,6,9,53.745172844,-1.55622052334
5186,10CA0006813,433527,429802,2,1,14/10/2010,610,3,1,4,1,1,3,1,31,1,53.7632710462,-1.49135437302
5187,10AA0006521,425355,436916,2,2,15/10/2010,2240,6,1,4,1,1,3,1,24,9,53.827679357,-1.61474446013
5188,10AA0006521,425355,436916,2,2,15/10/2010,2240,6,1,4,1,1,3,1,29,9,53.827679357,-1.61474446013
5189,10BA0006515,430685,436772,2,1,15/10/2010,1340,6,1,1,1,1,3,1,54,9,53.826097601,-1.53377505612
5190,10BA0006523,432685,436402,2,6,15/10/2010,2201,6,2,4,1,1,3,1,20,19,53.82264987,-1.50342779583
5191,10BA0006523,432685,436402,2,6,15/10/2010,2201,6,2,4,1,2,3,1,26,8,53.82264987,-1.50342779583
5192,10BA0006523,432685,436402,2,6,15/10/2010,2201,6,2,4,1,2,3,1,20,19,53.82264987,-1.50342779583
5193,10BA0006523,432685,436402,2,6,15/10/2010,2201,6,2,4,1,2,3,2,17,19,53.82264987,-1.50342779583
5194,10BA0006523,432685,436402,2,6,15/10/2010,2201,6,2,4,1,2,3,2,17,19,53.82264987,-1.50342779583
5195,10BA0006523,432685,436402,2,6,15/10/2010,2201,6,2,4,1,2,3,1,28,19,53.82264987,-1.50342779583
5196,10BA0006551,431449,435101,3,3,15/10/2010,1635,3,2,1,2,1,3,2,24,9,53.8110318634,-1.52233819365
5197,10BA0006551,431449,435101,3,3,15/10/2010,1635,3,2,1,2,1,3,1,83,9,53.8110318634,-1.52233819365
5198,10BA0006551,431449,435101,3,3,15/10/2010,1635,3,2,1,2,2,3,1,4,9,53.8110318634,-1.52233819365
5199,10CA0006481,428049,434301,1,1,15/10/2010,515,3,2,4,1,2,3,1,19,8,53.8040353832,-1.5740501827
5200,10CA0006489,427824,430768,1,1,15/10/2010,1450,3,1,1,1,2,3,1,83,11,53.7722900968,-1.57778590097
5201,10CA0006530,431041,431368,2,1,15/10/2010,1710,6,2,4,2,1,3,1,48,5,53.777501509,-1.5289110063
5202,10CA0006553,424126,428192,2,4,15/10/2010,1145,3,1,1,1,1,3,1,77,9,53.7493191972,-1.63410102621
5203,10CA0006553,424126,428192,2,4,15/10/2010,1145,3,1,1,1,1,3,1,49,19,53.7493191972,-1.63410102621
5204,10CA0006553,424126,428192,2,4,15/10/2010,1145,3,1,1,1,2,3,2,78,9,53.7493191972,-1.63410102621
5205,10CA0006553,424126,428192,2,4,15/10/2010,1145,3,1,1,1,2,3,2,37,19,53.7493191972,-1.63410102621
5206,10CA0006566,430398,433639,1,1,15/10/2010,1055,6,1,1,1,3,2,2,34,11,53.7979528708,-1.53844503754
5207,10AA0006510,427996,436014,2,1,16/10/2010,1845,3,2,4,2,1,3,2,26,1,53.8194359582,-1.57469917007
5208,10AA0006524,428011,434234,2,1,16/10/2010,1700,6,1,1,1,1,3,1,58,9,53.8034351844,-1.57463332577
5209,10AA0006527,422311,443620,2,1,16/10/2010,1135,6,1,1,1,2,3,2,52,9,53.888079644,-1.66050803114
5210,10AA0006528,427991,435378,2,1,16/10/2010,928,6,1,1,1,1,3,1,64,21,53.8137193905,-1.57483299249
5211,10BA0006512,432458,433869,2,1,16/10/2010,1645,6,1,1,1,1,3,1,56,1,53.7998958193,-1.50714355131
5212,10BA0006529,436522,436466,1,1,16/10/2010,1136,6,1,1,1,2,3,2,43,11,53.8229696891,-1.44512879863
5213,10CA0006772,428297,434114,2,1,16/10/2010,1345,3,1,1,1,1,3,1,43,1,53.8023410531,-1.57030137769
5214,10AA0006537,426155,435589,2,1,17/10/2010,1130,4,1,1,9,1,2,1,40,1,53.8157116226,-1.60270206322
5215,10AA0006543,422375,432297,2,1,17/10/2010,1800,6,1,1,1,1,3,1,21,9,53.7862967523,-1.66035876832
5216,10BA0006520,432442,434840,1,1,17/10/2010,1445,4,1,1,1,3,2,1,18,9,53.808624817,-1.50728417238
5217,10BA0006525,439277,439270,1,2,17/10/2010,1645,3,1,1,1,2,3,1,46,9,53.8479724687,-1.40291666877
5218,10BA0006525,439277,439270,1,2,17/10/2010,1645,3,1,1,1,2,3,1,6,9,53.8479724687,-1.40291666877
5219,10CA0006564,428112,426277,2,3,17/10/2010,1415,3,1,1,1,1,3,2,71,9,53.7319057793,-1.57382458234
5220,10CA0006564,428112,426277,2,3,17/10/2010,1415,3,1,1,1,1,3,2,30,9,53.7319057793,-1.57382458234
5221,10CA0006564,428112,426277,2,3,17/10/2010,1415,3,1,1,1,2,3,2,69,9,53.7319057793,-1.57382458234
5222,10CA0006565,428052,434317,2,2,17/10/2010,1600,3,1,1,1,1,3,1,31,9,53.8041790414,-1.57400316847
5223,10CA0006565,428052,434317,2,2,17/10/2010,1600,3,1,1,1,1,3,2,54,9,53.8041790414,-1.57400316847
5224,10AA0006567,427639,433715,2,1,18/10/2010,1015,3,1,1,1,1,3,1,43,9,53.798789915,-1.58032882311
5225,10BA0006557,432874,434304,1,1,18/10/2010,2250,4,2,4,1,1,3,2,18,9,53.8037797659,-1.50078064589
5226,10BA0006558,430961,435786,1,1,18/10/2010,840,6,1,1,1,3,3,2,4,9,53.8172183987,-1.52968095539
5227,10CA0006535,430005,434149,2,1,18/10/2010,920,3,1,1,1,1,3,1,27,1,53.8025599359,-1.54436234072
5228,10BA0006555,432532,443143,2,1,19/10/2010,720,3,2,1,1,1,2,1,28,5,53.8832515896,-1.50503776971
5229,10BA0006569,433301,436241,1,1,19/10/2010,1850,3,1,4,1,3,3,2,15,9,53.8211635995,-1.49408694663
5230,10BA0006610,436050,434813,2,1,19/10/2010,1530,6,1,1,1,2,3,1,48,9,53.8081445252,-1.45249312406
5231,10CA0006657,436177,427375,2,1,19/10/2010,1740,3,1,1,1,1,3,2,44,9,53.7412782382,-1.45143688188
5232,10CA0467680,424476,428544,2,2,19/10/2010,1815,3,1,1,1,1,3,1,43,9,53.7524669679,-1.6287650945
5233,10CA0467680,424476,428544,2,2,19/10/2010,1815,3,1,1,1,2,3,1,12,9,53.7524669679,-1.6287650945
5234,10AA0006574,423769,437367,1,1,20/10/2010,1040,3,1,1,1,2,3,2,79,11,53.831808262,-1.63880745586
5235,10AA0006580,425508,434187,2,2,20/10/2010,1345,6,1,1,1,1,2,2,46,9,53.8031414857,-1.61264602595
5236,10AA0006580,425508,434187,2,2,20/10/2010,1345,6,1,1,1,2,3,2,28,9,53.8031414857,-1.61264602595
5237,10AA0006587,428954,435472,1,1,20/10/2010,1505,3,1,1,1,3,3,2,12,9,53.8145115948,-1.56019720379
5238,10AA0006597,427741,434080,3,1,20/10/2010,1239,6,2,1,1,1,3,1,43,9,53.8020653855,-1.57874721759
5239,10AA0006599,424762,433572,1,1,20/10/2010,1202,4,1,1,1,2,3,2,64,11,53.797649414,-1.62402365503
5240,10BA0006633,428917,439652,2,1,20/10/2010,1415,6,1,1,1,1,3,1,84,90,53.8520864008,-1.56036590318
5241,10BA0006683,434523,433684,2,3,20/10/2010,840,6,1,1,1,1,3,2,41,9,53.798099976,-1.47580982984
5242,10BA0006683,434523,433684,2,3,20/10/2010,840,6,1,1,1,2,2,1,7,9,53.798099976,-1.47580982984
5243,10BA0006683,434523,433684,2,3,20/10/2010,840,6,1,1,1,2,3,1,3,9,53.798099976,-1.47580982984
5244,10CA0006581,428870,430877,3,1,20/10/2010,710,6,1,1,1,1,2,1,22,9,53.7732129321,-1.56190371835
5245,10CA0006594,428842,430206,1,1,20/10/2010,1915,6,1,4,1,3,3,2,11,9,53.7671830041,-1.56239133101
5246,10AA0006588,421056,439382,2,2,21/10/2010,1550,3,1,1,1,1,3,2,46,9,53.8500377362,-1.67989519747
5247,10AA0006588,421056,439382,2,2,21/10/2010,1550,3,1,1,1,1,3,1,30,1,53.8500377362,-1.67989519747
5248,10AA0006591,429290,435612,2,1,21/10/2010,2030,6,1,4,1,1,3,1,24,1,53.8157511948,-1.55508030247
5249,10AA0006593,423273,434480,2,1,21/10/2010,1050,6,1,1,1,1,3,1,25,3,53.8058800195,-1.64656291999
5250,10AA0446785,425396,440387,1,1,21/10/2010,2250,6,1,4,1,1,3,1,19,9,53.8588772744,-1.61383450505
5251,10BA0006613,435867,436430,2,2,21/10/2010,1935,3,1,4,1,1,3,2,25,9,53.822691713,-1.45508377675
5252,10BA0006613,435867,436430,2,2,21/10/2010,1935,3,1,4,1,2,3,1,24,9,53.822691713,-1.45508377675
5253,10BA0006619,430070,438634,2,2,21/10/2010,1950,6,1,4,1,1,3,1,39,9,53.8428704566,-1.54293677977
5254,10BA0006619,430070,438634,2,2,21/10/2010,1950,6,1,4,1,2,3,2,30,9,53.8428704566,-1.54293677977
5255,10BA0006620,428990,436846,1,1,21/10/2010,1705,4,1,1,1,3,3,2,11,9,53.8268600806,-1.55952088304
5256,10BA0006641,433401,435467,1,1,21/10/2010,1140,6,1,1,1,1,2,1,66,90,53.8141999831,-1.49265183932
5257,10BA0006647,430737,435048,2,3,21/10/2010,1945,6,1,7,1,1,3,1,44,9,53.8105980374,-1.53315726907
5258,10BA0006647,430737,435048,2,3,21/10/2010,1945,6,1,7,1,2,3,2,39,9,53.8105980374,-1.53315726907
5259,10BA0006647,430737,435048,2,3,21/10/2010,1945,6,1,7,1,2,3,1,17,9,53.8105980374,-1.53315726907
5260,10BA0006684,429350,437134,2,1,21/10/2010,1430,6,1,1,1,1,3,1,30,9,53.829428618,-1.55402366617
5261,10CA0006578,430671,434730,2,1,21/10/2010,1615,3,1,1,1,1,3,2,43,9,53.8077435283,-1.53419134993
5262,10CA0006583,429494,430233,2,2,21/10/2010,1625,6,1,1,1,1,3,2,43,9,53.7673891862,-1.55249653128
5263,10CA0006583,429494,430233,2,2,21/10/2010,1625,6,1,1,1,2,3,2,19,9,53.7673891862,-1.55249653128
5264,10CA0006608,429173,433846,1,1,21/10/2010,1726,6,1,1,1,3,3,2,18,9,53.7998836773,-1.55702487067
5265,10AA0006600,424127,444004,2,1,22/10/2010,2049,3,2,4,2,1,2,1,79,9,53.8914499827,-1.6328454935
5266,10AA0006612,422356,433392,2,1,22/10/2010,2355,6,2,4,1,2,3,2,20,11,53.7961403765,-1.66056772167
5267,10BA0006605,431880,435316,2,3,22/10/2010,1841,6,1,1,1,2,3,1,20,9,53.8129381818,-1.51576995039
5268,10BA0006605,431880,435316,2,3,22/10/2010,1841,6,1,1,1,2,3,1,26,9,53.8129381818,-1.51576995039
5269,10BA0006605,431880,435316,2,3,22/10/2010,1841,6,1,1,1,2,3,1,23,9,53.8129381818,-1.51576995039
5270,10BA0006895,431407,435082,2,1,22/10/2010,653,3,1,4,1,1,2,1,22,3,53.8108636169,-1.52297802356
5271,10CA0006592,430036,434063,2,1,22/10/2010,1355,6,1,1,1,2,3,2,24,11,53.8017851166,-1.5438999992
5272,10CA0006623,430365,431175,3,1,22/10/2010,1315,6,1,1,1,1,3,1,25,3,53.775806546,-1.53918885144
5273,10AA0006598,426334,438515,2,1,23/10/2010,1735,6,1,1,1,1,3,1,13,1,53.8420036611,-1.59973245012
5274,10BA0006614,431289,437142,2,1,23/10/2010,1545,6,1,1,1,1,3,1,12,1,53.8293873913,-1.52456062602
5275,10BA0006628,430698,434883,2,2,23/10/2010,2100,3,1,4,1,1,2,1,85,9,53.8091172062,-1.53376604901
5276,10BA0006628,430698,434883,2,2,23/10/2010,2100,3,1,4,1,1,3,1,28,9,53.8091172062,-1.53376604901
5277,10BA0006634,435429,439799,2,3,23/10/2010,2340,3,1,6,1,1,3,1,34,9,53.8530041979,-1.46134936462
5278,10BA0006634,435429,439799,2,3,23/10/2010,2340,3,1,6,1,1,3,1,45,9,53.8530041979,-1.46134936462
5279,10BA0006634,435429,439799,2,3,23/10/2010,2340,3,1,6,1,2,3,1,40,9,53.8530041979,-1.46134936462
5280,10BA0006635,438772,438909,1,1,23/10/2010,1630,3,1,1,1,1,2,1,21,9,53.8447655839,-1.41063873474
5281,10MU0006627,444639,433525,1,1,23/10/2010,1428,2,1,1,4,1,3,2,35,9,53.7959011725,-1.32224409299
5282,10AA0006579,427745,436444,2,4,24/10/2010,200,3,1,4,1,1,3,1,20,9,53.8233145715,-1.57847332725
5283,10AA0006579,427745,436444,2,4,24/10/2010,200,3,1,4,1,1,3,1,22,9,53.8233145715,-1.57847332725
5284,10AA0006579,427745,436444,2,4,24/10/2010,200,3,1,4,1,2,3,1,19,9,53.8233145715,-1.57847332725
5285,10AA0006579,427745,436444,2,4,24/10/2010,200,3,1,4,1,2,3,1,21,9,53.8233145715,-1.57847332725
5286,10BA0006639,431650,432835,2,2,24/10/2010,1230,6,1,1,1,1,3,2,36,9,53.7906512912,-1.51951833611
5287,10BA0006639,431650,432835,2,2,24/10/2010,1230,6,1,1,1,2,3,1,7,9,53.7906512912,-1.51951833611
5288,10BA0006697,432667,437986,2,1,24/10/2010,1027,6,1,1,1,2,3,1,25,9,53.8368889879,-1.50353292031
5289,10BA0006873,445479,436211,1,1,24/10/2010,1115,6,1,1,1,2,3,2,22,5,53.8199711166,-1.30909448169
5290,10CA0006604,430243,433252,2,1,24/10/2010,2230,6,1,4,1,1,3,1,18,3,53.7944832673,-1.54083642981
5291,10MU0006646,437771,432098,2,1,24/10/2010,1058,1,1,1,1,1,3,1,40,9,53.7836184194,-1.42668988564
5292,10MU0006651,427489,430940,1,1,24/10/2010,840,1,1,1,1,1,3,1,40,9,53.7738539651,-1.58285386623
5293,10AA0452087,429678,434581,1,1,25/10/2010,1200,3,1,1,1,3,3,1,23,11,53.8064618256,-1.5492861488
5294,10AA0452223,420612,436642,2,2,25/10/2010,810,6,1,1,1,1,3,2,20,9,53.8254261874,-1.68682883195
5295,10AA0452223,420612,436642,2,2,25/10/2010,810,6,1,1,1,1,3,1,44,9,53.8254261874,-1.68682883195
5296,10AA0452229,424367,445385,2,1,25/10/2010,1220,3,1,1,1,2,3,1,50,9,53.9038521186,-1.6290834374
5297,10AA0452590,426830,438064,2,1,25/10/2010,1818,3,1,1,1,1,3,2,53,9,53.8379243628,-1.59223302119
5298,10BA0006632,433051,435011,2,1,25/10/2010,1717,6,1,1,1,2,3,2,18,9,53.8101235272,-1.49801695363
5299,10BA0006642,433372,434935,2,2,25/10/2010,1415,6,1,1,1,1,3,1,46,11,53.8094198887,-1.49315001232
5300,10BA0006642,433372,434935,2,2,25/10/2010,1415,6,1,1,1,1,3,1,43,9,53.8094198887,-1.49315001232
5301,10BA0006680,432545,438709,2,1,25/10/2010,1510,6,1,1,1,1,3,1,24,3,53.8433954135,-1.50531038322
5302,10CA0451879,429797,433779,1,1,25/10/2010,1210,6,1,1,1,3,3,2,16,9,53.7992460635,-1.54755659632
5303,10CA0452218,430969,425868,2,1,25/10/2010,1430,6,1,1,1,1,3,1,50,1,53.7280675141,-1.53055520096