Col.Number,Reference.Number,Easting,Northing,Number.of.Vehicles,Number.of.Casualties,Accident.Date,Time..24hr.,X1st.Road.Class,Road.Surface,Lighting.Conditions,Weather.Conditions,Casualty.Class,Casualty.Severity,Sex.of.Casualty,Age.of.Casualty,Type.of.Vehicle,Latitude,Longitude
5304,10AA0453772,423072,434925,2,1,26/10/2010,1430,6,1,1,1,1,3,1,57,1,53.8098890045,-1.64958200158
5305,10BA0006648,440540,439791,1,1,26/10/2010,955,3,2,1,2,1,3,1,19,9,53.8525583679,-1.38364913305
5306,10BA0006659,429708,436613,1,1,26/10/2010,1530,4,1,1,1,3,2,2,14,9,53.8247251665,-1.54863434695
5307,10BA0006695,439312,432387,2,1,26/10/2010,755,3,2,1,2,1,2,1,32,1,53.7861020036,-1.40326420535
5308,10CA0454126,430858,434140,2,1,26/10/2010,1450,3,2,1,1,1,3,1,34,9,53.802429132,-1.53141057462
5309,10CA0454179,430882,434265,1,1,26/10/2010,1701,3,2,1,1,3,3,2,23,9,53.8035512956,-1.53103360209
5310,10CA0455480,430095,431375,1,1,26/10/2010,1640,3,2,1,1,2,3,2,21,11,53.7776199746,-1.54326663744
5311,10AA0455100,420946,434393,3,1,27/10/2010,1020,3,1,1,1,1,3,2,38,9,53.8051969136,-1.68190735843
5312,10AA0456208,427303,433626,2,1,27/10/2010,1945,3,1,4,1,1,3,1,23,1,53.7980076571,-1.58543839652
5313,10BA0006653,432688,434518,1,1,27/10/2010,1255,4,1,1,1,3,2,1,19,9,53.805715063,-1.50358237321
5314,10BA0006654,432255,433273,1,1,27/10/2010,1945,6,1,4,1,2,3,1,30,9,53.7945511894,-1.51028828311
5315,10CA0454919,429699,433430,1,1,27/10/2010,835,6,1,1,1,3,3,2,30,9,53.7961145992,-1.54907824983
5316,10CA0456410,429152,431019,1,2,27/10/2010,351,6,1,7,1,1,3,1,19,3,53.7744736272,-1.55761114512
5317,10CA0456410,429152,431019,1,2,27/10/2010,351,6,1,7,1,2,3,2,29,3,53.7744736272,-1.55761114512
5318,10CA0458730,430700,434591,2,1,27/10/2010,1435,3,1,1,9,2,3,2,60,11,53.8064923876,-1.53376479842
5319,10MU0006681,432203,426073,2,1,27/10/2010,1500,1,2,1,1,1,3,1,25,9,53.7298354838,-1.51182895077
5320,10AA0456912,426795,432078,1,1,28/10/2010,925,6,1,1,1,3,2,2,80,9,53.784119413,-1.59328614074
5321,10AA0457814,421237,440902,2,1,28/10/2010,800,6,1,1,1,1,3,2,39,9,53.8636933131,-1.67703839996
5322,10AA0460820,422059,433174,1,1,28/10/2010,1450,4,1,1,1,2,3,2,70,11,53.7941934817,-1.6650926136
5323,10MU0006674,430338,431890,2,1,28/10/2010,2120,1,1,4,1,1,3,2,44,9,53.782235077,-1.53952823139
5324,10AA0466695,425179,437791,2,1,29/10/2010,905,6,1,1,1,1,3,1,58,8,53.8355530811,-1.61734693902
5325,10BA0006761,430555,435102,2,1,29/10/2010,1400,3,1,1,1,1,3,1,23,9,53.8110941534,-1.53591607776
5326,10CA0458597,429954,433156,2,1,29/10/2010,830,6,1,1,1,1,3,1,48,5,53.793637067,-1.54523334648
5327,10CA0500510,427841,430557,2,1,29/10/2010,1315,3,2,1,1,1,3,1,27,9,53.7703925495,-1.57754698609
5328,10MU0006691,424189,427919,2,1,29/10/2010,1714,1,2,4,1,1,3,1,36,9,53.7468623062,-1.63316695603
5329,10AA0461428,428184,434837,1,1,30/10/2010,555,6,1,7,1,3,3,1,34,9,53.8088460549,-1.57195107172
5330,10AA0461902,425640,434231,2,1,30/10/2010,1116,3,1,1,1,3,2,1,43,9,53.8035305025,-1.61063791498
5331,10CA0460796,422155,429166,3,1,30/10/2010,1305,4,1,1,1,2,3,2,45,9,53.7581619278,-1.66392307416
5332,10CA0461279,431967,430304,2,1,30/10/2010,1200,3,1,1,1,1,3,1,36,3,53.767881467,-1.51496852343
5333,10CA0470778,428333,427778,2,1,30/10/2010,1230,4,1,1,1,1,3,1,24,9,53.7453860818,-1.57033675457
5334,10AA0462531,419373,442191,1,1,31/10/2010,130,6,1,4,1,3,3,1,21,9,53.875352787,-1.70530330758
5335,10AA0464194,419490,441632,2,1,31/10/2010,1935,3,1,7,1,1,3,1,16,4,53.8703236764,-1.70355909748
5336,10CA0461633,430307,433071,1,2,31/10/2010,135,6,1,4,1,3,3,2,40,9,53.7928525833,-1.5398825924
5337,10CA0461633,430307,433071,1,2,31/10/2010,135,6,1,4,1,3,2,2,50,9,53.7928525833,-1.5398825924
5338,10CA0461896,430769,432918,1,1,31/10/2010,315,6,1,4,1,1,2,1,25,5,53.7914501939,-1.53288409596
5339,10CA0462582,429953,434108,1,1,31/10/2010,30,6,1,4,1,2,3,1,20,8,53.8021943953,-1.54515594212
5340,10MU0462339,430263,434355,3,2,31/10/2010,1320,2,1,1,1,1,3,1,41,9,53.8043966643,-1.54042439953
5341,10MU0462339,430263,434355,3,2,31/10/2010,1320,2,1,1,1,2,3,2,40,9,53.8043966643,-1.54042439953
5342,10AA0464801,423255,434512,2,1,01/11/2010,1730,6,1,7,1,1,3,1,41,9,53.8061684672,-1.64683385516
5343,10AA0467879,427316,435777,2,2,01/11/2010,1820,4,1,4,1,1,3,2,19,9,53.8173418032,-1.58505012417
5344,10AA0467879,427316,435777,2,2,01/11/2010,1820,4,1,4,1,2,3,2,20,9,53.8173418032,-1.58505012417
5345,10BA0006731,439919,437247,2,2,01/11/2010,1705,6,1,4,1,1,3,1,36,9,53.8297398843,-1.39342052866
5346,10BA0006731,439919,437247,2,2,01/11/2010,1705,6,1,4,1,1,3,1,49,9,53.8297398843,-1.39342052866
5347,10BA0006734,430709,436751,1,1,01/11/2010,1100,6,1,1,1,3,2,2,89,9,53.8259074213,-1.53341251318
5348,10CA0006705,428366,426115,2,2,01/11/2010,1900,3,2,7,1,1,3,2,18,9,53.7304358295,-1.56998894427
5349,10CA0006705,428366,426115,2,2,01/11/2010,1900,3,2,7,1,2,3,1,18,9,53.7304358295,-1.56998894427
5350,10CA0470810,430244,434359,2,1,01/11/2010,753,3,1,1,1,1,3,1,49,1,53.8044337243,-1.54071253142
5351,10CA0471270,430134,433773,1,1,01/11/2010,1630,6,1,4,1,3,3,1,59,9,53.799172719,-1.54244028902
5352,10CA0493705,430039,434036,2,1,01/11/2010,1400,6,1,1,9,2,3,2,19,11,53.8015422479,-1.54385707946
5353,10AA0466485,422950,443089,2,1,02/11/2010,1644,6,2,4,5,1,1,1,55,1,53.8832787482,-1.65082475879
5354,10AA0466757,420022,440873,2,1,02/11/2010,1900,3,2,4,2,1,2,1,45,1,53.8634809342,-1.69551710455
5355,10AA0466842,426254,438528,3,1,02/11/2010,2250,6,1,7,1,1,3,1,35,9,53.8421245645,-1.60094727835
5356,10BA0006727,431971,435823,2,2,02/11/2010,2300,3,2,4,1,1,3,1,34,8,53.8174898469,-1.51433510771
5357,10BA0006727,431971,435823,2,2,02/11/2010,2300,3,2,4,1,2,3,1,31,8,53.8174898469,-1.51433510771
5358,10CA0466552,431056,425988,2,3,02/11/2010,1645,6,2,4,5,1,3,1,46,20,53.7291409986,-1.52922440719
5359,10CA0466552,431056,425988,2,3,02/11/2010,1645,6,2,4,5,1,2,1,44,9,53.7291409986,-1.52922440719
5360,10CA0466552,431056,425988,2,3,02/11/2010,1645,6,2,4,5,2,2,2,17,9,53.7291409986,-1.52922440719
5361,10CA0466896,428958,433433,2,2,02/11/2010,1029,3,1,1,1,1,3,1,32,9,53.7961833373,-1.56032824705
5362,10CA0466896,428958,433433,2,2,02/11/2010,1029,3,1,1,1,1,3,1,49,9,53.7961833373,-1.56032824705
5363,10MU0006722,430266,431946,4,3,02/11/2010,925,1,1,1,1,1,3,1,61,9,53.7827426382,-1.54061551445
5364,10MU0006722,430266,431946,4,3,02/11/2010,925,1,1,1,1,1,3,1,34,9,53.7827426382,-1.54061551445
5365,10MU0006722,430266,431946,4,3,02/11/2010,925,1,1,1,1,1,3,2,24,9,53.7827426382,-1.54061551445
5366,10AA0467110,421072,440426,2,1,03/11/2010,840,6,1,1,1,1,3,1,10,1,53.8594213809,-1.67958028621
5367,10BA0006747,435353,433486,2,1,03/11/2010,1430,6,1,1,1,1,3,1,86,90,53.7962644875,-1.46323060839
5368,10BA0006759,431460,432957,2,1,03/11/2010,1400,6,1,1,1,1,3,1,37,19,53.7917594354,-1.5223901766
5369,10BA0006784,431827,436052,2,1,03/11/2010,815,6,1,1,1,1,3,1,69,9,53.8195570864,-1.5164988021
5370,10BA0006987,431884,435274,1,2,03/11/2010,1510,6,1,1,1,3,3,2,12,90,53.8125604124,-1.51571354808
5371,10BA0006987,431884,435274,1,2,03/11/2010,1510,6,1,1,1,3,3,2,11,90,53.8125604124,-1.51571354808
5372,10BA0467013,428991,436848,2,2,03/11/2010,842,6,2,1,4,1,3,1,39,9,53.8268780023,-1.55950550077
5373,10BA0467013,428991,436848,2,2,03/11/2010,842,6,2,1,4,2,3,1,10,9,53.8268780023,-1.55950550077
5374,10BA0475621,429396,433817,2,1,03/11/2010,1955,3,1,7,1,1,3,1,35,5,53.79961045,-1.55364162563
5375,10CA0468431,431002,430599,2,2,03/11/2010,1739,6,2,4,1,1,3,1,13,1,53.7705914873,-1.5295801581
5376,10CA0468431,431002,430599,2,2,03/11/2010,1739,6,2,4,1,2,3,1,12,1,53.7705914873,-1.5295801581
5377,10CA0469328,428889,437314,1,1,03/11/2010,1530,4,1,1,1,3,3,1,62,90,53.8310724178,-1.56101146439
5378,10AA0470357,420895,434517,2,1,04/11/2010,1830,3,1,7,1,2,3,2,13,9,53.8063135841,-1.68267343096
5379,10BA0006729,436552,435580,2,1,04/11/2010,1810,6,2,4,2,1,3,2,28,9,53.8150037169,-1.44477832273
5380,10BA0006730,432631,435874,2,1,04/11/2010,1700,3,2,4,2,1,3,1,15,1,53.8179072596,-1.50430418257
5381,10BA0006735,430704,436756,2,1,04/11/2010,1115,6,2,1,1,1,3,2,33,3,53.8259526601,-1.53348798028
5382,10BA0006767,442623,426482,2,2,04/11/2010,1910,3,1,4,1,1,3,1,18,9,53.7327642992,-1.35382363175
5383,10BA0006767,442623,426482,2,2,04/11/2010,1910,3,1,4,1,1,3,1,31,9,53.7327642992,-1.35382363175
5384,10BA0006782,440385,433084,2,1,04/11/2010,1215,6,1,1,1,1,3,2,77,90,53.7922848427,-1.38688628833
5385,10BA0006785,438812,431881,1,1,04/11/2010,1538,6,2,1,2,1,3,2,43,9,53.7815913195,-1.41091721262
5386,10CA0469639,433073,427530,2,1,04/11/2010,845,6,1,1,1,1,3,1,30,9,53.7428776625,-1.49848513432
5387,10CA0471466,429012,429693,2,1,04/11/2010,1650,6,2,4,5,1,3,1,43,4,53.7625623089,-1.55986029718
5388,10AA0471613,428717,435609,2,1,05/11/2010,1355,3,1,1,1,1,3,1,19,1,53.8157561948,-1.56378426181
5389,10AA0472086,423473,434877,1,1,05/11/2010,1805,6,1,7,1,3,3,2,4,9,53.8094395945,-1.64349539518
5390,10AA0472154,423815,437116,1,1,05/11/2010,1931,6,1,7,1,3,3,2,12,9,53.8295499707,-1.63812790449
5391,10AA0476476,424775,442531,1,1,05/11/2010,1920,6,1,7,1,3,3,1,23,20,53.8781790852,-1.62310384972
5392,10AA0478014,422119,446007,2,1,05/11/2010,905,3,1,1,1,1,3,1,51,1,53.9095439118,-1.6632570359
5393,10BA0006744,432947,440078,1,1,05/11/2010,2055,6,1,6,1,3,3,1,35,9,53.85567545,-1.49905326325
5394,10BA0006768,431348,435059,2,1,05/11/2010,1500,3,2,1,1,1,3,1,37,1,53.8106604374,-1.52387644769
5395,10BA0006781,436348,434179,2,4,05/11/2010,1835,3,1,4,1,1,3,1,43,9,53.8024250193,-1.44804235658
5396,10BA0006781,436348,434179,2,4,05/11/2010,1835,3,1,4,1,2,3,2,15,9,53.8024250193,-1.44804235658
5397,10BA0006781,436348,434179,2,4,05/11/2010,1835,3,1,4,1,2,3,1,12,9,53.8024250193,-1.44804235658
5398,10BA0006781,436348,434179,2,4,05/11/2010,1835,3,1,4,1,2,3,2,39,9,53.8024250193,-1.44804235658
5399,10CA0472533,426865,427573,2,1,05/11/2010,2300,4,1,7,1,2,3,1,52,11,53.7436210952,-1.59261581531
5400,10MU0006753,433109,425916,3,6,05/11/2010,1730,1,2,4,2,1,3,1,21,9,53.728367516,-1.49811211414
5401,10MU0006753,433109,425916,3,6,05/11/2010,1730,1,2,4,2,1,3,2,48,9,53.728367516,-1.49811211414
5402,10MU0006753,433109,425916,3,6,05/11/2010,1730,1,2,4,2,2,3,2,16,9,53.728367516,-1.49811211414
5403,10MU0006753,433109,425916,3,6,05/11/2010,1730,1,2,4,2,2,3,2,10,9,53.728367516,-1.49811211414
5404,10MU0006753,433109,425916,3,6,05/11/2010,1730,1,2,4,2,2,3,2,8,9,53.728367516,-1.49811211414
5405,10MU0006753,433109,425916,3,6,05/11/2010,1730,1,2,4,2,2,3,2,80,9,53.728367516,-1.49811211414
5406,10MU0006760,434310,425862,2,1,05/11/2010,1700,1,2,6,1,1,3,2,27,9,53.7278044992,-1.47991337166
5407,10AA0523442,427999,435401,1,1,06/11/2010,447,6,1,4,1,3,3,2,30,9,53.8139257008,-1.57470938789
5408,10BA0006779,430135,437802,2,1,06/11/2010,1005,3,2,1,1,1,3,1,83,9,53.835388121,-1.54203042617
5409,10CA0473584,428462,431344,2,2,06/11/2010,1420,3,1,1,1,2,3,2,88,9,53.7774331593,-1.56805174076
5410,10CA0473584,428462,431344,2,2,06/11/2010,1420,3,1,1,1,1,2,2,73,9,53.7774331593,-1.56805174076
5411,10AA0475512,427946,436112,1,1,07/11/2010,2300,3,1,4,4,3,3,1,21,9,53.8203195445,-1.57544981726
5412,10AA0476709,427908,434074,1,1,08/11/2010,1430,6,1,1,1,1,3,2,25,9,53.8020025196,-1.57621190828
5413,10BA0006794,435940,435467,2,1,08/11/2010,1710,6,2,4,2,1,3,1,21,1,53.8140306736,-1.45408727988
5414,10CA0475732,430635,432639,2,1,08/11/2010,755,3,2,1,5,1,3,1,63,9,53.788950245,-1.53494606583
5415,10CA0476608,426864,427573,2,2,08/11/2010,1345,4,1,1,1,1,3,1,67,9,53.7436211468,-1.59263097902
5416,10CA0476608,426864,427573,2,2,08/11/2010,1345,4,1,1,1,2,3,1,17,9,53.7436211468,-1.59263097902
5417,10CA0478118,431438,431607,2,1,08/11/2010,900,3,1,1,1,1,3,1,24,9,53.7796259937,-1.5228618574
5418,10CA0484061,427785,430731,2,1,08/11/2010,1945,3,2,4,5,1,3,2,28,9,53.7719595933,-1.57838101992
5419,10MU0006795,443638,436110,2,2,08/11/2010,1645,2,2,4,5,1,3,1,64,9,53.8192211001,-1.33707471366
5420,10MU0006795,443638,436110,2,2,08/11/2010,1645,2,2,4,5,2,3,2,61,9,53.8192211001,-1.33707471366
5421,10AA0477698,427601,436803,2,1,09/11/2010,845,3,2,1,2,1,3,2,42,9,53.8265491931,-1.58062881314
5422,10BA0006790,433899,434262,2,4,09/11/2010,15,6,2,4,2,1,3,1,18,9,53.8033364484,-1.48522046416
5423,10BA0006790,433899,434262,2,4,09/11/2010,15,6,2,4,2,2,3,1,17,9,53.8033364484,-1.48522046416
5424,10BA0006790,433899,434262,2,4,09/11/2010,15,6,2,4,2,2,3,1,17,9,53.8033364484,-1.48522046416
5425,10BA0006790,433899,434262,2,4,09/11/2010,15,6,2,4,2,2,3,1,20,9,53.8033364484,-1.48522046416
5426,10BA0006791,439399,432434,2,1,09/11/2010,930,3,2,1,1,1,3,1,27,9,53.7865178864,-1.40193766135
5427,10BA0006802,432150,438744,3,3,09/11/2010,1555,6,2,1,1,1,3,2,57,9,53.8437346165,-1.51131054564
5428,10BA0006802,432150,438744,3,3,09/11/2010,1555,6,2,1,1,1,3,1,19,9,53.8437346165,-1.51131054564
5429,10BA0006802,432150,438744,3,3,09/11/2010,1555,6,2,1,1,2,3,1,20,9,53.8437346165,-1.51131054564
5430,10CA0006814,430851,424415,1,1,09/11/2010,1030,1,2,1,5,3,2,2,63,9,53.7150137397,-1.53248872091
5431,10CA0477756,425851,427373,2,1,09/11/2010,835,6,1,1,2,2,3,2,25,9,53.7418745921,-1.60800856428
5432,10CA0478680,433148,426326,2,1,09/11/2010,1618,3,2,1,5,1,3,1,46,1,53.732050434,-1.49747700404
5433,10CA0479145,429340,433699,2,3,09/11/2010,2300,2,1,4,1,1,3,1,32,9,53.7985529402,-1.55450316134
5434,10CA0479145,429340,433699,2,3,09/11/2010,2300,2,1,4,1,2,3,1,20,9,53.7985529402,-1.55450316134
5435,10CA0479145,429340,433699,2,3,09/11/2010,2300,2,1,4,1,2,3,1,19,9,53.7985529402,-1.55450316134
5436,10AA0479282,420963,434393,2,1,10/11/2010,710,3,1,1,1,1,3,2,33,9,53.8051962286,-1.68164919539
5437,10AA0480159,425800,433245,2,2,10/11/2010,840,6,1,1,1,1,3,2,29,9,53.7946596327,-1.60829086384
5438,10AA0480159,425800,433245,2,2,10/11/2010,840,6,1,1,1,2,3,1,8,9,53.7946596327,-1.60829086384
5439,10BA0006808,432010,440321,1,2,10/11/2010,1,6,1,4,1,1,3,1,29,9,53.8579183006,-1.51327407524
5440,10BA0006808,432010,440321,1,2,10/11/2010,1,6,1,4,1,2,3,2,20,9,53.8579183006,-1.51327407524
5441,10BA0006816,433389,437248,1,3,10/11/2010,2255,6,2,4,1,1,3,2,20,9,53.8302094933,-1.49264074464
5442,10BA0006816,433389,437248,1,3,10/11/2010,2255,6,2,4,1,2,3,2,22,9,53.8302094933,-1.49264074464
5443,10BA0006816,433389,437248,1,3,10/11/2010,2255,6,2,4,1,2,3,2,19,9,53.8302094933,-1.49264074464
5444,10BA0006817,430003,438650,2,1,10/11/2010,2010,4,2,4,1,1,3,2,26,90,53.8430181498,-1.54395357954
5445,10BA0006823,434456,433703,2,3,10/11/2010,1530,6,1,1,1,1,3,2,59,9,53.798275202,-1.47682497173
5446,10BA0006823,434456,433703,2,3,10/11/2010,1530,6,1,1,1,1,3,2,29,9,53.798275202,-1.47682497173
5447,10BA0006823,434456,433703,2,3,10/11/2010,1530,6,1,1,1,2,3,2,41,9,53.798275202,-1.47682497173
5448,10CA0480108,428558,431692,2,1,10/11/2010,1325,3,1,1,1,1,3,1,54,9,53.7805559991,-1.56656262897
5449,10CA0480282,428609,430764,1,1,10/11/2010,1340,6,1,1,1,3,3,1,77,9,53.7722116042,-1.56587469431
5450,10CA0480746,427609,430978,1,1,10/11/2010,1450,3,1,1,1,3,3,2,27,9,53.7741891907,-1.58102951573
5451,10MU0006803,432195,426084,3,1,10/11/2010,1135,1,1,1,1,1,3,1,34,19,53.7299348544,-1.5119490742
5452,10MU0480952,429392,433762,1,2,10/11/2010,2035,2,1,4,1,1,3,2,19,9,53.7991162954,-1.55370761015
5453,10MU0480952,429392,433762,1,2,10/11/2010,2035,2,1,4,1,2,3,1,19,9,53.7991162954,-1.55370761015
5454,10AA0481130,428774,433284,2,2,11/11/2010,120,3,1,4,1,1,3,1,39,9,53.7948542217,-1.56313576331
5455,10AA0481130,428774,433284,2,2,11/11/2010,120,3,1,4,1,2,3,1,40,9,53.7948542217,-1.56313576331
5456,10AA0482051,424389,433629,2,2,11/11/2010,1140,4,2,1,5,2,2,2,24,9,53.7981793973,-1.62968249343
5457,10AA0482051,424389,433629,2,2,11/11/2010,1140,4,2,1,5,2,3,1,21,9,53.7981793973,-1.62968249343
5458,10AA0482580,419953,434122,3,3,11/11/2010,1600,3,1,1,1,1,3,1,28,9,53.8027999714,-1.69700469867
5459,10AA0482580,419953,434122,3,3,11/11/2010,1600,3,1,1,1,1,3,1,72,9,53.8027999714,-1.69700469867
5460,10AA0482580,419953,434122,3,3,11/11/2010,1600,3,1,1,1,2,3,1,45,9,53.8027999714,-1.69700469867
5461,10BA0006835,436174,434650,2,1,11/11/2010,1830,3,2,4,5,3,3,2,23,5,53.8066707751,-1.45062913361
5462,10BA0006850,439992,437096,2,1,11/11/2010,1800,6,1,4,4,1,3,1,38,9,53.8283770137,-1.39233098766
5463,10CA0481482,429786,430627,2,3,11/11/2010,840,3,2,1,2,1,3,1,20,9,53.7709141461,-1.54802821689
5464,10CA0481482,429786,430627,2,3,11/11/2010,840,3,2,1,2,2,3,2,26,9,53.7709141461,-1.54802821689
5465,10CA0481482,429786,430627,2,3,11/11/2010,840,3,2,1,2,2,3,2,14,9,53.7709141461,-1.54802821689
5466,10CA0482639,428342,425456,2,2,11/11/2010,1520,6,1,1,4,1,2,2,69,9,53.7245134716,-1.57041314462
5467,10CA0482639,428342,425456,2,2,11/11/2010,1520,6,1,1,4,1,3,2,39,9,53.7245134716,-1.57041314462
5468,10MU0006824,432941,425957,4,2,11/11/2010,1131,1,2,1,4,1,3,2,27,9,53.7287466937,-1.50065429448
5469,10MU0006824,432941,425957,4,2,11/11/2010,1131,1,2,1,4,1,3,2,25,9,53.7287466937,-1.50065429448
5470,10AA0484080,427353,434821,3,2,12/11/2010,1435,6,1,1,4,1,3,1,29,9,53.808746609,-1.58457306578
5471,10AA0484080,427353,434821,3,2,12/11/2010,1435,6,1,1,4,1,3,1,30,9,53.808746609,-1.58457306578
5472,10AA0484322,429587,434803,1,2,12/11/2010,1700,3,2,4,1,3,3,2,22,11,53.8084625069,-1.55064676181
5473,10AA0484322,429587,434803,1,2,12/11/2010,1700,3,2,4,1,3,3,2,23,11,53.8084625069,-1.55064676181
5474,10CA0486894,427650,431150,2,1,12/11/2010,1430,3,1,1,4,1,3,2,22,9,53.7757330898,-1.58039193306
5475,10CA491750,430055,434020,1,1,12/11/2010,1820,3,1,7,1,2,3,2,51,8,53.8013975041,-1.54361568927
5476,10AA0485772,421672,435854,2,2,13/11/2010,1655,4,2,4,1,1,3,1,53,19,53.8182998692,-1.67077939582
5477,10AA0485772,421672,435854,2,2,13/11/2010,1655,4,2,4,1,2,3,1,25,9,53.8182998692,-1.67077939582
5478,10BA0006846,442101,434631,2,1,13/11/2010,1535,3,1,1,1,1,3,1,64,1,53.8060539648,-1.3606247231
5479,10BA0006863,431022,439213,3,1,13/11/2010,1220,3,1,1,1,1,3,1,30,9,53.8480188882,-1.52840844876
5480,10CA0485715,428434,428905,4,1,13/11/2010,1700,3,1,7,1,1,3,1,30,9,53.7555109929,-1.56870141147
5481,10CA0485964,435171,428738,1,1,13/11/2010,2144,6,1,7,1,1,3,1,15,1,53.7535986778,-1.46653525895
5482,10AA0488909,428364,435150,2,1,14/11/2010,1840,6,2,4,1,1,3,2,22,9,53.811649744,-1.5691885311
5483,10AA0491735,429466,435981,2,2,14/11/2010,1235,6,2,1,1,1,3,2,63,9,53.8190580832,-1.55237157956
5484,10AA0491735,429466,435981,2,2,14/11/2010,1235,6,2,1,1,2,3,2,29,9,53.8190580832,-1.55237157956
5485,10AA0488636,421124,434481,2,2,15/11/2010,1555,4,1,1,1,1,3,2,32,9,53.8059807341,-1.67919820157
5486,10AA0488636,421124,434481,2,2,15/11/2010,1555,4,1,1,1,1,3,2,45,9,53.8059807341,-1.67919820157
5487,10BA0488838,440614,433549,2,1,15/11/2010,1738,3,2,4,1,1,3,1,18,9,53.7964466704,-1.38334859012
5488,10BA0488839,439689,433096,1,1,15/11/2010,1540,3,1,1,1,3,3,2,72,9,53.7924462579,-1.39745056962
5489,10BA0490326,432535,443141,2,2,15/11/2010,1440,3,1,1,1,1,3,2,67,9,53.8832334243,-1.50499234008
5490,10BA0490326,432535,443141,2,2,15/11/2010,1440,3,1,1,1,1,3,2,46,9,53.8832334243,-1.50499234008
5491,10CA0488335,429661,433421,1,1,15/11/2010,745,6,2,1,1,3,3,1,25,11,53.7960358684,-1.54965605319
5492,10MU0006854,440465,447005,2,1,15/11/2010,435,2,4,4,1,1,3,1,36,9,53.9174062692,-1.383836516
5493,10AA0489926,428076,432813,2,1,16/11/2010,1132,4,2,1,7,2,3,2,58,11,53.790658644,-1.57377581662
5494,10AA0490609,428005,435411,2,1,16/11/2010,1737,6,2,4,8,1,3,2,19,9,53.8140152651,-1.57461734353
5495,10AA0500283,427069,434823,1,1,16/11/2010,1430,3,1,1,1,1,2,1,47,4,53.8087794472,-1.58888605065
5496,10BA0553573,431983,435856,2,1,16/11/2010,1108,3,1,1,1,1,3,2,58,2,53.8177857346,-1.51414939442
5497,10AA0492628,428560,433228,1,1,17/11/2010,2150,3,2,4,1,1,2,1,20,9,53.7943626421,-1.56638992956
5498,10BA0492609,431650,433021,2,1,17/11/2010,2030,6,1,7,1,2,3,1,16,9,53.7923231906,-1.5194992294
5499,10CA0492106,428762,430726,1,1,17/11/2010,1514,6,1,1,1,3,2,1,12,9,53.7718616016,-1.56355662346
5500,10CA0492120,429963,433402,1,1,17/11/2010,1235,6,2,1,8,2,3,2,81,11,53.7958477775,-1.54507278377
5501,10CA0492158,429963,430861,1,1,17/11/2010,1515,3,2,1,2,3,3,2,13,9,53.7730073637,-1.54531978809
5502,10CA0493713,426347,427856,1,1,17/11/2010,1343,6,1,1,1,2,3,2,45,11,53.7461913862,-1.60044648689
5503,10CA0500021,429419,428180,2,1,17/11/2010,1900,6,2,4,1,1,2,1,17,4,53.7489394217,-1.55383007901
5504,10MU0006894,427564,426348,2,1,17/11/2010,1945,1,2,6,8,1,3,2,47,9,53.7325732429,-1.58212563877
5505,10MU0006906,433599,425862,5,4,17/11/2010,1705,1,2,4,1,1,3,1,59,9,53.7278507866,-1.49069056036
5506,10MU0006906,433599,425862,5,4,17/11/2010,1705,1,2,4,1,1,3,1,29,9,53.7278507866,-1.49069056036
5507,10MU0006906,433599,425862,5,4,17/11/2010,1705,1,2,4,1,1,2,1,35,9,53.7278507866,-1.49069056036
5508,10MU0006906,433599,425862,5,4,17/11/2010,1705,1,2,4,1,1,3,2,66,9,53.7278507866,-1.49069056036
5509,10BA0492799,437519,431948,1,1,18/11/2010,630,6,2,6,1,1,3,2,45,9,53.7822883564,-1.43053293532
5510,10BA0494216,432639,434577,2,2,18/11/2010,1837,4,2,4,2,1,3,1,58,9,53.8062484717,-1.5043202274
5511,10BA0494216,432639,434577,2,2,18/11/2010,1837,4,2,4,2,1,3,2,25,9,53.8062484717,-1.5043202274
5512,10BA0495403,432100,435560,1,1,18/11/2010,1400,4,2,1,2,3,3,2,54,9,53.81511788,-1.51240301489
5513,10BA0499476,430944,438973,1,1,18/11/2010,1620,6,1,1,1,2,3,2,89,11,53.8458662693,-1.5296183331
5514,10CA0006879,430849,424403,2,1,18/11/2010,755,3,1,1,1,1,3,1,44,9,53.7149059919,-1.53252022345
5515,10CA0494436,429126,433546,2,1,18/11/2010,2200,6,2,4,2,1,3,2,29,9,53.7971896877,-1.55776688683
5516,10AA0495747,427975,436062,2,1,19/11/2010,1445,3,2,1,1,1,3,1,19,1,53.819868548,-1.57501381594
5517,10AA0495883,422416,436968,3,4,19/11/2010,1800,3,2,4,7,1,3,2,23,9,53.828281861,-1.65939626102
5518,10AA0495883,422416,436968,3,4,19/11/2010,1800,3,2,4,7,1,3,1,32,9,53.828281861,-1.65939626102
5519,10AA0495883,422416,436968,3,4,19/11/2010,1800,3,2,4,7,1,3,2,26,9,53.828281861,-1.65939626102
5520,10AA0495883,422416,436968,3,4,19/11/2010,1800,3,2,4,7,2,3,2,29,9,53.828281861,-1.65939626102
5521,10AA0495886,420628,433675,1,2,19/11/2010,1555,4,2,1,1,1,3,1,75,9,53.7987556129,-1.68678462923
5522,10AA0495886,420628,433675,1,2,19/11/2010,1555,4,2,1,1,2,3,2,75,9,53.7987556129,-1.68678462923
5523,10AA0496012,427440,434963,1,2,19/11/2010,2015,6,2,4,2,3,1,2,62,9,53.8100184292,-1.58323912116
5524,10AA0496012,427440,434963,1,2,19/11/2010,2015,6,2,4,2,1,3,2,46,9,53.8100184292,-1.58323912116
5525,10AA0496136,423869,435356,2,1,19/11/2010,2130,6,2,4,2,1,3,1,54,8,53.8137272098,-1.63744398141
5526,10AA0496141,427677,435053,2,1,19/11/2010,2002,6,2,4,1,1,3,1,20,9,53.8108148566,-1.57963155886
5527,10AA0497282,424815,434116,2,1,19/11/2010,1840,3,2,4,1,1,3,2,31,9,53.8025368042,-1.62317510644