Col.Number,Reference.Number,Easting,Northing,Number.of.Vehicles,Number.of.Casualties,Accident.Date,Time..24hr.,X1st.Road.Class,Road.Surface,Lighting.Conditions,Weather.Conditions,Casualty.Class,Casualty.Severity,Sex.of.Casualty,Age.of.Casualty,Type.of.Vehicle,Latitude,Longitude
5528,10BA0496053,437820,433100,2,1,19/11/2010,1750,3,2,4,2,1,2,1,41,1,53.7926214148,-1.4258232065
5529,10CA0495362,434799,429078,2,1,19/11/2010,1336,3,2,1,1,1,3,1,61,9,53.7566798106,-1.47213907786
5530,10CA0495383,428573,427711,1,1,19/11/2010,1227,3,1,1,1,1,2,1,50,5,53.7447707286,-1.56670352145
5531,10CA0496035,427819,425861,4,3,19/11/2010,2030,3,2,4,2,1,3,1,38,9,53.7281821215,-1.57830372503
5532,10CA0496035,427819,425861,4,3,19/11/2010,2030,3,2,4,2,1,3,2,48,9,53.7281821215,-1.57830372503
5533,10CA0496035,427819,425861,4,3,19/11/2010,2030,3,2,4,2,2,3,1,20,9,53.7281821215,-1.57830372503
5534,10CA0496432,424754,427905,2,1,19/11/2010,1510,3,1,1,1,1,3,1,15,1,53.7467099335,-1.62459989272
5535,10MU0006898,443309,434785,1,1,19/11/2010,2144,1,2,6,1,1,2,1,40,9,53.8073389882,-1.34225883499
5536,10AA0497283,426766,438351,2,1,20/11/2010,1715,3,2,4,1,1,3,1,27,9,53.8405074283,-1.59318067278
5537,10AA0497652,429579,434770,1,1,20/11/2010,2350,3,2,4,2,3,3,1,25,9,53.8081663342,-1.55077142918
5538,10BA0497363,435070,435670,2,1,20/11/2010,1835,6,2,4,2,1,3,1,18,3,53.81591477,-1.46727841945
5539,10CA0497270,430375,433505,1,1,20/11/2010,1225,6,1,1,4,2,3,1,52,11,53.7967497254,-1.53880746604
5540,10CA0497331,426172,427776,1,1,20/11/2010,1650,4,2,1,1,3,2,2,12,9,53.745481093,-1.60310707683
5541,10CA0513965,430276,433064,1,1,20/11/2010,2330,6,1,4,1,3,3,1,36,8,53.7927914668,-1.54035390208
5542,10MU0006901,423934,427899,1,1,20/11/2010,845,1,1,1,1,1,3,1,51,9,53.7466943003,-1.63703556691
5543,10BA0500018,442106,445177,1,1,21/11/2010,838,6,2,1,1,3,3,1,11,9,53.9008448911,-1.35910217651
5544,10AA0499796,426335,438092,2,1,22/11/2010,1140,3,1,1,1,1,3,1,43,9,53.8382013775,-1.59975351263
5545,10AA0500777,428820,435213,1,1,22/11/2010,2110,6,2,4,1,3,2,1,19,9,53.8121909596,-1.56225681769
5546,10AA0503117,427022,433577,1,1,22/11/2010,1400,6,1,1,1,3,3,2,19,9,53.7975818785,-1.58970920496
5547,10BA0499016,442157,431741,1,2,22/11/2010,230,3,2,6,2,2,3,1,20,9,53.7800727815,-1.36016978879
5548,10BA0499016,442157,431741,1,2,22/11/2010,230,3,2,6,2,2,3,1,22,9,53.7800727815,-1.36016978879
5549,10BA0500452,432293,435053,2,1,22/11/2010,1650,6,2,4,1,2,3,2,32,9,53.8105486768,-1.50952468273
5550,10CA0500345,429940,427136,1,1,22/11/2010,1654,6,2,4,1,3,2,2,12,9,53.7395254321,-1.54603000069
5551,10CA0500444,436177,427375,2,1,22/11/2010,1817,3,2,4,1,1,3,2,38,9,53.7412782382,-1.45143688188
5552,10AA0502145,425793,439961,1,1,23/11/2010,1505,6,1,1,1,3,3,1,11,9,53.8550285072,-1.60783377651
5553,10AA0502259,427778,435847,1,1,23/11/2010,1510,6,1,1,1,2,3,2,64,11,53.8179465341,-1.57802589561
5554,10AA0502437,423743,439251,2,1,23/11/2010,815,6,1,1,1,1,3,2,47,9,53.8487442954,-1.63905693014
5555,10AA0502760,424613,435103,2,1,23/11/2010,2325,3,1,4,1,1,3,1,30,9,53.8114183556,-1.62616355824
5556,10AA0503234,427739,436463,2,2,23/11/2010,1506,3,1,1,1,2,3,1,70,11,53.8234856777,-1.57856276798
5557,10AA0503234,427739,436463,2,2,23/11/2010,1506,3,1,1,1,2,3,2,73,11,53.8234856777,-1.57856276798
5558,10BA0502461,431418,435590,1,4,23/11/2010,1738,6,1,7,1,2,3,1,17,9,53.8154292009,-1.52275908841
5559,10BA0502461,431418,435590,1,4,23/11/2010,1738,6,1,7,1,2,3,1,16,9,53.8154292009,-1.52275908841
5560,10BA0502461,431418,435590,1,4,23/11/2010,1738,6,1,7,1,2,2,1,18,9,53.8154292009,-1.52275908841
5561,10BA0502461,431418,435590,1,4,23/11/2010,1738,6,1,7,1,2,3,1,17,9,53.8154292009,-1.52275908841
5562,10BA0502638,437596,437148,2,2,23/11/2010,2105,6,1,4,1,1,3,2,24,9,53.829023286,-1.42872922633
5563,10BA0502638,437596,437148,2,2,23/11/2010,2105,6,1,4,1,1,3,1,21,9,53.829023286,-1.42872922633
5564,10BA0504974,442223,437528,1,1,23/11/2010,1500,6,2,1,1,1,3,2,24,9,53.8320835204,-1.35837440861
5565,10CA0501569,429768,433604,1,1,23/11/2010,1150,6,1,1,1,2,3,2,57,11,53.7976746957,-1.54801383775
5566,10CA0502695,430700,432924,2,1,23/11/2010,1815,6,1,7,1,1,3,1,29,5,53.7915082017,-1.53393097518
5567,10AA0504026,420624,441142,1,1,24/11/2010,1700,6,1,7,1,3,3,1,36,9,53.8658753419,-1.68634430256
5568,10AA0509834,422012,436497,2,1,24/11/2010,1815,3,2,4,1,1,3,1,29,1,53.824065398,-1.66556851198
5569,10BA0503891,446551,430677,2,2,24/11/2010,1355,3,1,1,1,1,3,1,61,9,53.7701347867,-1.29364656591
5570,10BA0503891,446551,430677,2,2,24/11/2010,1355,3,1,1,1,1,3,2,43,9,53.7701347867,-1.29364656591
5571,10BA0504045,433165,435231,2,4,24/11/2010,1430,6,1,1,1,1,3,1,27,9,53.812093771,-1.49626187068
5572,10BA0504045,433165,435231,2,4,24/11/2010,1430,6,1,1,1,1,3,1,26,9,53.812093771,-1.49626187068
5573,10BA0504045,433165,435231,2,4,24/11/2010,1430,6,1,1,1,2,3,2,22,9,53.812093771,-1.49626187068
5574,10BA0504045,433165,435231,2,4,24/11/2010,1430,6,1,1,1,2,3,1,10,9,53.812093771,-1.49626187068
5575,10BA0504096,436325,434201,2,1,24/11/2010,1822,3,1,7,1,1,3,1,43,9,53.802624375,-1.44838900667
5576,10BA0504522,435452,437300,3,2,24/11/2010,910,3,2,1,1,1,3,1,46,20,53.8305402429,-1.46128811637
5577,10BA0504522,435452,437300,3,2,24/11/2010,910,3,2,1,1,1,3,2,29,9,53.8305402429,-1.46128811637
5578,10CA0503242,425322,429136,2,2,24/11/2010,930,3,1,1,1,1,3,1,49,9,53.7577479583,-1.61588532083
5579,10CA0503242,425322,429136,2,2,24/11/2010,930,3,1,1,1,1,3,1,41,9,53.7577479583,-1.61588532083
5580,10CA0505031,427573,431093,1,1,24/11/2010,1130,1,1,1,1,3,3,2,44,9,53.7752248113,-1.58156552361
5581,10CA0542818,430636,434234,2,1,24/11/2010,815,6,1,1,1,1,3,2,57,9,53.8032871936,-1.53477224559
5582,10MU0006910,444507,433589,1,1,24/11/2010,1425,2,1,1,1,1,3,1,50,9,53.7964877381,-1.32423885351
5583,10AA0505542,426099,436671,3,1,25/11/2010,1501,6,2,1,1,2,3,1,1,9,53.8254402792,-1.60346087314
5584,10AA0505547,427048,431624,1,1,25/11/2010,1320,3,1,1,1,3,2,2,75,19,53.780025409,-1.58948586521
5585,10AA0506119,423016,437660,2,1,25/11/2010,2025,3,1,7,1,1,3,1,18,4,53.8344758792,-1.65022782504
5586,10AA0508423,426285,435583,2,1,25/11/2010,1125,4,1,1,1,1,3,1,41,11,53.8156511336,-1.60072791119
5587,10BA0056566,435385,435721,2,1,25/11/2010,1610,6,1,1,1,1,3,1,44,9,53.816351844,-1.46248786008
5588,10BA0504692,430731,434855,2,1,25/11/2010,900,3,2,1,4,1,3,2,26,9,53.8088635735,-1.53326766685
5589,10BA0505521,442907,430873,2,3,25/11/2010,1430,3,2,1,1,1,3,1,53,9,53.7722095173,-1.34890836752
5590,10BA0505521,442907,430873,2,3,25/11/2010,1430,3,2,1,1,1,3,2,60,9,53.7722095173,-1.34890836752
5591,10BA0505521,442907,430873,2,3,25/11/2010,1430,3,2,1,1,2,3,1,63,9,53.7722095173,-1.34890836752
5592,10BA0506117,429107,436247,2,1,25/11/2010,1920,6,1,7,1,1,3,1,53,1,53.821469306,-1.55779992253
5593,10BA0514078,430027,435520,1,1,25/11/2010,1520,6,1,1,1,3,3,2,18,9,53.8148821904,-1.54389452164
5594,10CA0504576,428926,433409,3,1,25/11/2010,720,3,1,4,1,1,3,2,21,9,53.7959693874,-1.56081634384
5595,10CA0504710,430046,434013,1,1,25/11/2010,905,6,1,1,1,3,3,2,22,11,53.8013351029,-1.54375303227
5596,10CA0506220,424352,429247,2,1,25/11/2010,2110,4,2,4,1,1,3,1,45,1,53.7587919671,-1.63059035335
5597,10AA0506981,420260,434004,1,1,26/11/2010,1140,6,1,1,1,3,3,2,39,9,53.8017274165,-1.69235060306
5598,10AA0507521,429816,434635,2,1,26/11/2010,1355,6,1,1,1,2,3,2,20,11,53.8069393231,-1.54718521184
5599,10BA0507823,434775,438019,3,1,26/11/2010,2045,3,2,4,1,1,3,2,46,9,53.8370487784,-1.47149364385
5600,10BA0509174,432662,433840,2,2,26/11/2010,1805,3,2,4,1,1,3,2,39,9,53.799622379,-1.50404912941
5601,10BA0509174,432662,433840,2,2,26/11/2010,1805,3,2,4,1,2,3,2,13,9,53.799622379,-1.50404912941
5602,10BA0516577,437674,438111,3,1,26/11/2010,1200,3,1,1,1,1,3,2,22,9,53.8376735728,-1.42742603311
5603,10MU0507777,429408,433921,2,5,26/11/2010,2000,2,1,4,1,1,3,1,30,9,53.8005446004,-1.55344948814
5604,10MU0507777,429408,433921,2,5,26/11/2010,2000,2,1,4,1,1,3,1,25,8,53.8005446004,-1.55344948814
5605,10MU0507777,429408,433921,2,5,26/11/2010,2000,2,1,4,1,2,3,1,38,9,53.8005446004,-1.55344948814
5606,10MU0507777,429408,433921,2,5,26/11/2010,2000,2,1,4,1,2,3,1,24,9,53.8005446004,-1.55344948814
5607,10MU0507777,429408,433921,2,5,26/11/2010,2000,2,1,4,1,2,3,1,19,8,53.8005446004,-1.55344948814
5608,10AA0513815,428587,435664,2,1,27/11/2010,1300,3,1,1,1,1,3,2,27,1,53.8162577393,-1.56575380898
5609,10BA0509655,427914,441535,2,2,27/11/2010,1420,6,2,1,1,1,3,2,19,9,53.8690669634,-1.57544304232
5610,10BA0509655,427914,441535,2,2,27/11/2010,1420,6,2,1,1,1,3,1,41,9,53.8690669634,-1.57544304232
5611,10BA0516746,432827,433908,1,1,27/11/2010,330,3,3,4,3,1,3,1,39,9,53.8002232224,-1.50153656898
5612,10CA0509242,436072,428701,1,1,27/11/2010,2020,6,1,4,1,3,2,1,72,9,53.753204503,-1.45287412038
5613,10CA0511888,429332,432866,2,1,27/11/2010,2300,6,4,7,9,3,3,2,16,9,53.7910657659,-1.55470394714
5614,10MU0006915,429619,426403,1,1,27/11/2010,44,1,3,4,3,2,3,1,36,9,53.732954956,-1.55096727937
5615,10AA0510216,420694,444819,1,1,28/11/2010,1725,6,3,4,3,1,3,2,24,9,53.8989241905,-1.68503141302
5616,10BA0512805,434982,436899,1,1,28/11/2010,1215,6,1,1,1,3,3,2,70,11,53.8269676768,-1.46847530548
5617,10CA0509564,428456,425841,3,1,28/11/2010,655,6,4,1,8,1,3,2,41,9,53.7279679784,-1.56864985346
5618,10BA0513525,431482,435007,2,1,29/11/2010,2151,6,3,4,3,1,3,1,15,1,53.8101849305,-1.52184660967
5619,10CA0511483,432525,427552,2,2,29/11/2010,1345,3,1,1,1,1,3,2,27,9,53.7431098958,-1.50679228092
5620,10CA0511483,432525,427552,2,2,29/11/2010,1345,3,1,1,1,1,3,1,73,9,53.7431098958,-1.50679228092
5621,10CA0511705,427938,426302,2,1,29/11/2010,1455,3,2,1,1,2,3,2,70,9,53.732139852,-1.57646006849
5622,10MU0006936,442966,434582,2,1,29/11/2010,536,1,3,6,3,1,3,1,32,9,53.8055427906,-1.34749599498
5623,10MU0006948,442268,434522,2,2,29/11/2010,840,1,3,1,3,1,3,2,28,9,53.8050606795,-1.358103685
5624,10MU0006948,442268,434522,2,2,29/11/2010,840,1,3,1,3,1,3,2,49,9,53.8050606795,-1.358103685
5625,10MU0006949,430062,426405,2,2,29/11/2010,1055,1,1,1,1,1,3,1,62,9,53.7329475832,-1.5442513072
5626,10MU0006949,430062,426405,2,2,29/11/2010,1055,1,1,1,1,2,3,2,61,9,53.7329475832,-1.5442513072
5627,10MU0006973,429415,426424,2,1,29/11/2010,1402,1,2,1,1,1,3,2,23,9,53.7331552689,-1.55405787788
5628,10BA0512496,439730,430180,1,1,30/11/2010,1000,6,4,1,8,1,3,2,37,9,53.7662325379,-1.39720389267
5629,10BA0512561,429773,437371,1,1,30/11/2010,715,6,3,1,1,1,3,1,32,9,53.831534872,-1.54757340009
5630,10BA0513402,429772,438880,2,1,30/11/2010,1830,3,4,4,8,1,3,2,57,9,53.8450988352,-1.54744236938
5631,10BA0517183,433194,434017,2,1,30/11/2010,1745,3,2,7,8,1,3,2,43,9,53.8011796971,-1.49595232329
5632,10MU0006945,430637,430586,1,1,30/11/2010,640,1,2,4,1,1,3,1,21,9,53.7704962353,-1.53511970418
5633,10AA0514362,425708,435404,2,1,01/12/2010,1315,6,1,1,1,2,3,2,53,9,53.8140709942,-1.60950733562
5634,10AA0515611,425273,435048,2,1,01/12/2010,1950,6,4,4,6,1,3,1,38,9,53.8108923121,-1.61614385894
5635,10AA0517947,427552,436902,2,1,01/12/2010,1000,3,3,1,3,2,3,2,30,9,53.8274416774,-1.5813644281
5636,10AA0533732,424137,430430,2,2,01/12/2010,1620,3,3,4,3,1,3,2,36,9,53.7694358178,-1.6337592163
5637,10AA0533732,424137,430430,2,2,01/12/2010,1620,3,3,4,3,2,3,2,22,9,53.7694358178,-1.6337592163
5638,10BA0514491,428841,440111,1,1,01/12/2010,1530,6,3,1,6,3,3,2,13,9,53.8562164254,-1.56147818868
5639,10MU0006955,430102,426426,2,2,01/12/2010,750,1,1,1,1,1,3,1,50,9,53.733134041,-1.5436428722
5640,10MU0006955,430102,426426,2,2,01/12/2010,750,1,1,1,1,2,3,2,61,9,53.733134041,-1.5436428722
5641,10MU0696610,434085,429953,2,1,01/12/2010,735,1,3,7,3,1,3,1,36,9,53.7645921251,-1.48287252957
5642,10BA0517233,430703,434889,2,1,02/12/2010,915,3,2,1,1,1,3,1,71,9,53.8091708432,-1.53368951443
5643,10BA0521045,431159,436385,2,1,02/12/2010,1815,4,1,4,1,1,3,1,45,9,53.8225907842,-1.52661262964
5644,10CA0515735,428049,434300,2,2,02/12/2010,1705,3,3,4,1,1,3,1,19,9,53.8040263944,-1.5740502738
5645,10CA0515735,428049,434300,2,2,02/12/2010,1705,3,3,4,1,1,3,1,23,19,53.8040263944,-1.5740502738
5646,10AA0543733,428408,432928,2,3,03/12/2010,1849,4,3,4,1,1,3,1,33,9,53.7916743338,-1.5687252492
5647,10AA0543733,428408,432928,2,3,03/12/2010,1849,4,3,4,1,2,3,1,16,9,53.7916743338,-1.5687252492
5648,10AA0543733,428408,432928,2,3,03/12/2010,1849,4,3,4,1,2,3,2,10,9,53.7916743338,-1.5687252492
5649,10BA0516980,432553,434329,2,1,03/12/2010,1225,6,4,1,1,1,3,2,30,9,53.8040246722,-1.50565245684
5650,10MU0006974,428517,426431,1,1,03/12/2010,355,1,2,4,1,1,3,2,26,9,53.7332680731,-1.56767080633
5651,10AA0517605,426303,436892,1,2,04/12/2010,340,6,3,4,1,2,3,1,24,8,53.8274165086,-1.60034254423
5652,10AA0517605,426303,436892,1,2,04/12/2010,340,6,3,4,1,2,3,2,23,8,53.8274165086,-1.60034254423
5653,10MU0006969,429544,423131,2,2,04/12/2010,515,1,2,4,1,2,3,2,17,9,53.7035476665,-1.55241662961
5654,10MU0006969,429544,423131,2,2,04/12/2010,515,1,2,4,1,2,3,2,39,9,53.7035476665,-1.55241662961
5655,10AA0519129,427382,435796,1,1,05/12/2010,1015,4,4,1,1,1,2,1,44,3,53.8175091172,-1.58404587409
5656,10AA0519186,430658,434700,1,1,05/12/2010,800,3,4,1,1,1,3,1,26,9,53.8074746338,-1.53439176526
5657,10AA0519578,428240,434159,1,1,05/12/2010,1743,3,4,4,1,3,3,1,21,9,53.8027486448,-1.57116278613
5658,10BA0519239,441749,427858,3,1,05/12/2010,1036,6,4,1,1,1,3,1,72,9,53.7452032528,-1.36688695199
5659,10BA0519242,437516,431938,1,1,05/12/2010,908,6,4,1,1,1,3,2,41,9,53.7821986867,-1.43057968409
5660,10BA0519390,436206,436847,2,2,05/12/2010,1448,3,4,1,1,1,2,2,39,9,53.8264164382,-1.44988461499
5661,10BA0519390,436206,436847,2,2,05/12/2010,1448,3,4,1,1,2,3,2,5,9,53.8264164382,-1.44988461499
5662,10BA0519440,433664,434315,2,1,05/12/2010,1500,6,4,1,1,1,3,2,38,9,53.8038281096,-1.48878314809
5663,10BA0523101,430557,435135,3,1,05/12/2010,905,3,4,1,1,1,3,2,29,9,53.8113906629,-1.53588242517
5664,10BA0524035,431605,433625,1,1,05/12/2010,1015,3,4,1,1,1,3,1,38,9,53.7977551018,-1.52012040895
5665,10BA0548079,430657,434695,1,1,05/12/2010,830,3,4,1,8,1,3,2,41,9,53.8074297492,-1.53440744986
5666,10AA0520420,420137,435162,2,1,06/12/2010,930,6,4,1,1,1,3,1,53,19,53.8121413059,-1.69414258185
5667,10AA0520599,429249,433962,1,1,06/12/2010,1215,6,2,1,1,3,3,2,17,19,53.8009221033,-1.55585987477
5668,10CA0521428,424909,427625,2,1,06/12/2010,1515,3,4,1,5,2,3,2,25,9,53.7441856578,-1.62227191212
5669,10CA0521955,426683,427473,2,1,06/12/2010,1200,6,2,1,1,1,3,2,28,9,53.7427315564,-1.59538424497
5670,10AA0522624,422944,443097,2,1,07/12/2010,1515,3,4,1,8,1,3,2,69,9,53.8833509234,-1.65091544551
5671,10AA0523005,424127,444004,2,2,07/12/2010,1945,3,2,4,1,1,3,1,72,9,53.8914499827,-1.6328454935
5672,10AA0523005,424127,444004,2,2,07/12/2010,1945,3,2,4,1,2,3,2,59,9,53.8914499827,-1.6328454935
5673,10BA0523072,441744,430216,1,1,07/12/2010,1650,4,1,4,1,3,3,1,42,9,53.7663986001,-1.36664398439
5674,10BA0523132,430765,438794,1,1,07/12/2010,1615,6,2,1,1,3,3,2,57,9,53.8442679372,-1.53235715448
5675,10CA0521587,423881,427877,1,3,07/12/2010,30,3,4,4,4,2,3,1,35,9,53.7464989754,-1.63784100659
5676,10CA0521587,423881,427877,1,3,07/12/2010,30,3,4,4,4,2,3,1,26,9,53.7464989754,-1.63784100659
5677,10CA0521587,423881,427877,1,3,07/12/2010,30,3,4,4,4,1,3,1,30,9,53.7464989754,-1.63784100659
5678,10AA0524523,420983,434343,2,1,08/12/2010,740,3,1,1,1,1,3,2,24,9,53.804745979,-1.68134888212
5679,10BA0524513,436730,433186,3,2,08/12/2010,1630,6,2,4,1,1,3,2,24,9,53.793472518,-1.44236027162
5680,10BA0524513,436730,433186,3,2,08/12/2010,1630,6,2,4,1,2,3,1,3,9,53.793472518,-1.44236027162
5681,10BA0524704,432253,439804,3,1,08/12/2010,2150,6,4,4,1,1,3,2,20,9,53.8532561546,-1.50963363361
5682,10AA0526391,425572,433059,1,1,09/12/2010,2335,6,2,4,1,1,3,1,20,9,53.7929989695,-1.61176783128
5683,10BA0525516,432883,435594,2,2,09/12/2010,800,6,3,1,1,1,3,1,29,9,53.8153745605,-1.50050615205
5684,10BA0525516,432883,435594,2,2,09/12/2010,800,6,3,1,1,2,3,2,39,9,53.8153745605,-1.50050615205
5685,10BA0525589,434988,441417,2,1,09/12/2010,806,6,2,1,1,3,2,1,53,9,53.8675775481,-1.46786935838
5686,10BA0526595,431539,434317,1,1,09/12/2010,820,6,2,1,1,3,3,1,15,9,53.8039792838,-1.52105161597
5687,10CA0526900,429924,433795,1,1,09/12/2010,1025,6,1,1,1,2,2,2,71,11,53.7993825932,-1.54562671573
5688,10AA0527068,419368,442170,1,1,10/12/2010,1110,6,2,1,1,3,3,2,79,9,53.8751642094,-1.70538069188
5689,10BA0526775,433463,434926,2,2,10/12/2010,1045,6,4,1,1,1,3,1,32,9,53.809333143,-1.49176895342
5690,10BA0526775,433463,434926,2,2,10/12/2010,1045,6,4,1,1,2,3,2,51,11,53.809333143,-1.49176895342
5691,10BA0528316,431886,435136,1,1,10/12/2010,1345,6,2,1,1,2,3,1,31,11,53.8113198532,-1.51569747054
5692,10BA0528553,431945,435788,2,1,10/12/2010,1630,3,2,7,4,1,3,2,48,9,53.8171768421,-1.51473368729
5693,10BA0532967,430312,438809,2,1,10/12/2010,1750,6,2,4,1,2,3,2,29,8,53.8444294038,-1.53924124547
5694,10CA0526933,429837,433404,1,1,10/12/2010,955,6,2,1,1,3,3,2,23,8,53.7958729962,-1.54698557779
5695,10CA0527499,430083,431273,1,1,10/12/2010,1015,6,1,1,1,3,3,2,51,9,53.7767038147,-1.54345869823
5696,10CA0527502,427946,426639,2,2,10/12/2010,1230,6,4,1,1,1,3,2,34,9,53.7351686704,-1.57630833184
5697,10CA0527502,427946,426639,2,2,10/12/2010,1230,6,4,1,1,1,3,2,48,9,53.7351686704,-1.57630833184
5698,10CA0528269,429937,433013,1,1,10/12/2010,1810,6,1,4,1,3,3,1,29,9,53.7923526559,-1.54550533018
5699,10CA0528479,429304,433687,2,1,10/12/2010,2235,2,2,4,1,1,3,2,20,9,53.7984471045,-1.55505090687
5700,10MU0527628,434608,425888,8,1,10/12/2010,1732,1,2,4,1,1,3,1,48,19,53.728018518,-1.47539344996
5701,10MU0528480,432238,426268,2,1,10/12/2010,1700,1,2,4,1,1,3,2,52,9,53.7315861349,-1.51127807201
5702,10AA0528190,425789,440523,2,1,11/12/2010,540,6,1,7,1,1,3,1,28,9,53.8600803626,-1.60784736394
5703,10AA0528767,426433,435629,2,2,11/12/2010,1120,4,1,1,1,1,3,2,26,9,53.8160571131,-1.59847588304
5704,10AA0528767,426433,435629,2,2,11/12/2010,1120,4,1,1,1,2,3,2,24,9,53.8160571131,-1.59847588304
5705,10BA0528452,441271,431100,2,1,11/12/2010,1000,4,2,1,1,2,3,1,4,8,53.7743821449,-1.37370178664
5706,10BA0529322,442972,431602,1,1,11/12/2010,1925,3,2,5,1,1,3,2,61,9,53.7787567477,-1.34782052056
5707,10CA0528516,430496,425018,2,1,11/12/2010,900,3,1,1,1,1,2,1,37,90,53.7204548791,-1.53780872286
5708,10CA0528951,429085,433519,3,2,11/12/2010,1410,3,1,1,1,2,3,2,58,11,53.7969492853,-1.55839193746
5709,10CA0528951,429085,433519,3,2,11/12/2010,1410,3,1,1,1,2,3,2,38,11,53.7969492853,-1.55839193746
5710,10CA0529809,430130,431854,1,1,11/12/2010,2030,3,2,4,9,2,3,2,21,11,53.7819235633,-1.54268867376
5711,10CA0533706,429353,433753,2,1,11/12/2010,2340,3,2,4,1,3,3,1,37,8,53.7990375988,-1.55430062988
5712,10BA0529716,430072,438638,1,1,12/12/2010,1005,6,2,1,1,1,3,2,45,9,53.8429062954,-1.54290598926
5713,10BA0530059,436108,434775,2,2,12/12/2010,1316,3,1,1,1,1,3,1,61,9,53.8077989351,-1.45161675524
5714,10BA0530059,436108,434775,2,2,12/12/2010,1316,3,1,1,1,1,3,2,37,9,53.8077989351,-1.45161675524
5715,10BA0530154,432270,435069,1,1,12/12/2010,1525,6,4,1,1,3,3,1,21,9,53.8106939233,-1.5098723215
5716,10BA0531902,443066,432705,3,3,13/12/2010,1455,3,2,1,1,1,3,1,24,9,53.7886632394,-1.34623989913
5717,10BA0531902,443066,432705,3,3,13/12/2010,1455,3,2,1,1,1,3,1,36,9,53.7886632394,-1.34623989913
5718,10BA0531902,443066,432705,3,3,13/12/2010,1455,3,2,1,1,2,3,2,58,9,53.7886632394,-1.34623989913
5719,10CA0531135,428897,429814,2,1,13/12/2010,920,3,1,1,1,1,3,2,35,9,53.7636563463,-1.56159357142
5720,10CA0531977,431504,430597,2,1,13/12/2010,1553,6,1,1,1,2,3,2,33,9,53.7705433821,-1.52196337689
5721,10CA0533407,430019,434152,2,1,13/12/2010,1545,3,2,4,1,1,3,1,32,9,53.8025860942,-1.54414946016
5722,10AA0533766,427323,435938,2,1,14/12/2010,1555,6,2,4,1,1,3,1,19,9,53.8187886236,-1.58492949166
5723,10AA0533824,427433,437064,2,1,14/12/2010,1658,3,2,4,1,1,3,1,28,1,53.8289041472,-1.58315805048
5724,10AA0534067,426844,438046,2,1,14/12/2010,545,3,2,4,1,1,3,1,37,1,53.8377618425,-1.59202182537
5725,10CA0532859,428733,433235,1,1,14/12/2010,925,3,2,1,2,3,3,1,25,9,53.7944160384,-1.56376280063
5726,10CA0533828,430089,431251,2,1,14/12/2010,1910,3,2,4,1,1,3,1,24,9,53.7765057153,-1.54336979162
5727,10AA0535474,427940,435729,1,2,15/12/2010,1815,6,1,4,1,3,3,1,23,9,53.8168771815,-1.57557575384
5728,10AA0535474,427940,435729,1,2,15/12/2010,1815,6,1,4,1,1,3,1,32,9,53.8168771815,-1.57557575384
5729,10AA0545773,422133,432358,1,1,15/12/2010,1100,6,1,1,1,2,3,2,84,10,53.7868554215,-1.66402775583
5730,10BA0535305,431793,434268,1,1,15/12/2010,1440,6,1,1,1,2,3,2,20,11,53.8035233741,-1.51719960528
5731,10BA0535478,432362,433180,2,1,15/12/2010,1745,6,2,4,1,1,3,1,50,1,53.7937085971,-1.50867359051
5732,10CA0535332,430367,434025,2,1,15/12/2010,1730,2,1,4,1,1,3,1,33,9,53.8014243268,-1.53887765326
5733,10CA0536262,431002,430602,2,1,15/12/2010,1815,6,1,4,1,1,2,1,39,2,53.7706184536,-1.52957985662
5734,10MU0534948,429406,433909,2,1,15/12/2010,745,2,1,1,1,1,3,1,47,9,53.8004368486,-1.55348100236
5735,10BA0536602,430454,434897,3,1,16/12/2010,805,6,2,1,1,1,3,1,31,9,53.8092573947,-1.5374703444
5736,10BA0537587,436029,435925,2,2,16/12/2010,2115,3,4,7,1,1,3,2,17,9,53.8181412814,-1.45268184053
5737,10BA0537587,436029,435925,2,2,16/12/2010,2115,3,4,7,1,2,2,2,18,9,53.8181412814,-1.45268184053
5738,10CA0536254,430868,433369,2,1,16/12/2010,1720,3,1,4,1,1,3,2,23,9,53.7954982428,-1.53133600516
5739,10CA0537304,429619,428094,1,1,16/12/2010,1849,6,2,4,1,3,2,1,61,9,53.7481550558,-1.55080521799
5740,10AA0538540,422946,443099,2,1,17/12/2010,1447,3,3,1,3,1,3,1,41,9,53.8833688124,-1.65088486708
5741,10AA0540079,420327,434223,2,1,17/12/2010,2100,3,1,7,1,1,3,2,57,9,53.8036933663,-1.69131876185
5742,10BA0538127,429927,438753,1,1,17/12/2010,1100,6,1,1,1,3,3,1,57,9,53.8439483667,-1.54509870539
5743,10BA0538816,431884,435287,2,2,17/12/2010,1820,6,1,4,1,1,3,1,28,9,53.8126772651,-1.51571220108
5744,10BA0538816,431884,435287,2,2,17/12/2010,1820,6,1,4,1,2,3,2,48,9,53.8126772651,-1.51571220108
5745,10BA0538943,435054,435664,2,1,17/12/2010,1800,6,1,4,1,2,3,2,28,8,53.8158619175,-1.4675221353
5746,10BA0538970,432159,436141,2,1,17/12/2010,1633,6,1,5,1,1,3,1,25,9,53.8203366432,-1.51144610573
5747,10CA0538551,428113,426278,3,2,17/12/2010,1310,3,1,1,1,1,3,2,30,9,53.7319147143,-1.57380933198
5748,10CA0538551,428113,426278,3,2,17/12/2010,1310,3,1,1,1,1,3,2,34,9,53.7319147143,-1.57380933198
5749,10CA0538792,428269,429609,2,1,17/12/2010,1745,3,1,4,1,1,3,1,58,9,53.7618481006,-1.5711396569
5750,10CA0540765,434019,428853,1,1,17/12/2010,2010,6,1,4,1,3,3,1,13,8,53.7547088636,-1.48399503841