Col.Number,Reference.Number,Easting,Northing,Number.of.Vehicles,Number.of.Casualties,Accident.Date,Time..24hr.,X1st.Road.Class,Road.Surface,Lighting.Conditions,Weather.Conditions,Casualty.Class,Casualty.Severity,Sex.of.Casualty,Age.of.Casualty,Type.of.Vehicle,Latitude,Longitude
5751,10CA0540799,429267,430595,2,1,17/12/2010,1630,6,2,4,1,1,3,1,50,9,53.7706559327,-1.55590627892
5752,10AA0539269,419397,442051,1,1,18/12/2010,145,6,3,4,3,3,2,1,21,9,53.8740934612,-1.70494708982
5753,10AA0547540,425069,434983,1,1,18/12/2010,909,6,3,1,3,1,3,1,40,8,53.8103179155,-1.61924750934
5754,10CA0540333,426219,427688,1,3,18/12/2010,2115,6,3,4,3,2,3,1,20,8,53.7446877098,-1.60240181814
5755,10CA0540333,426219,427688,1,3,18/12/2010,2115,6,3,4,3,2,3,1,19,8,53.7446877098,-1.60240181814
5756,10CA0540333,426219,427688,1,3,18/12/2010,2115,6,3,4,3,2,3,1,22,8,53.7446877098,-1.60240181814
5757,10BA0541121,430303,436251,2,1,19/12/2010,1200,6,4,1,1,1,3,1,64,9,53.8214369111,-1.5396302613
5758,10BA0545533,435879,437491,3,1,19/12/2010,1540,6,1,1,1,1,3,1,24,9,53.8322277485,-1.45477765179
5759,10MU0541201,428633,431577,2,1,19/12/2010,1525,1,1,1,1,2,3,2,46,9,53.7795181693,-1.56543503671
5760,10AA0541793,421210,434119,1,1,20/12/2010,903,3,4,1,8,1,3,2,25,9,53.8027232662,-1.6779171159
5761,10AA0544154,420282,433694,2,1,20/12/2010,1325,6,4,1,1,2,3,2,83,9,53.7989400065,-1.69203695461
5762,10CA0542713,428409,429298,2,2,20/12/2010,1355,3,2,1,1,1,3,1,65,9,53.7590449628,-1.56904444795
5763,10CA0542713,428409,429298,2,2,20/12/2010,1355,3,2,1,1,1,3,1,47,9,53.7590449628,-1.56904444795
5764,10CA0542906,428743,429688,2,1,20/12/2010,1020,3,1,1,1,1,3,1,31,1,53.7625322776,-1.56394161858
5765,10MU0542950,435939,425929,2,1,20/12/2010,1840,1,2,6,1,2,3,2,18,9,53.7282970383,-1.45521366195
5766,10MU0543126,429445,434020,2,2,20/12/2010,2100,2,4,4,1,1,3,1,28,9,53.801432392,-1.55287820788
5767,10MU0543126,429445,434020,2,2,20/12/2010,2100,2,4,4,1,2,3,1,27,9,53.801432392,-1.55287820788
5768,10AA0544072,428064,435011,2,5,21/12/2010,1255,6,2,1,1,1,3,1,26,8,53.8104165867,-1.57375766866
5769,10AA0544072,428064,435011,2,5,21/12/2010,1255,6,2,1,1,1,3,1,25,9,53.8104165867,-1.57375766866
5770,10AA0544072,428064,435011,2,5,21/12/2010,1255,6,2,1,1,2,3,2,24,8,53.8104165867,-1.57375766866
5771,10AA0544072,428064,435011,2,5,21/12/2010,1255,6,2,1,1,2,3,1,34,8,53.8104165867,-1.57375766866
5772,10AA0544072,428064,435011,2,5,21/12/2010,1255,6,2,1,1,2,3,1,20,8,53.8104165867,-1.57375766866
5773,10BA0544194,436228,435860,2,1,21/12/2010,1435,6,4,1,1,1,3,2,32,9,53.8175431944,-1.44966663079
5774,10BA0544252,431768,435531,2,1,21/12/2010,1400,3,1,1,1,1,3,1,22,9,53.8148776009,-1.51744887037
5775,10CA0543862,430344,432789,3,3,21/12/2010,1152,3,4,1,1,1,3,2,68,9,53.7903156044,-1.53934865569
5776,10CA0543862,430344,432789,3,3,21/12/2010,1152,3,4,1,1,1,3,2,38,9,53.7903156044,-1.53934865569
5777,10CA0543862,430344,432789,3,3,21/12/2010,1152,3,4,1,1,2,3,2,21,9,53.7903156044,-1.53934865569
5778,10CA0544513,428010,431096,2,1,21/12/2010,1945,3,4,4,1,2,3,2,24,9,53.7752284518,-1.57493375045
5779,10AA0545867,427715,434460,1,2,22/12/2010,1515,3,2,1,1,3,3,2,18,9,53.8054825009,-1.57910781375
5780,10AA0545867,427715,434460,1,2,22/12/2010,1515,3,2,1,1,3,3,2,19,9,53.8054825009,-1.57910781375
5781,10CA0545323,431336,431591,2,1,22/12/2010,1222,6,2,1,1,2,3,2,39,9,53.7794883239,-1.52441149043
5782,10CA0546220,428706,432426,1,1,22/12/2010,1915,3,4,4,1,3,3,2,28,9,53.787145619,-1.56424808428
5783,10MU0546061,428518,426413,2,1,22/12/2010,1815,1,2,4,1,1,3,1,40,9,53.733106219,-1.56765730662
5784,10AA0546472,427072,433705,2,2,23/12/2010,700,3,4,4,1,1,3,1,40,9,53.798729843,-1.58893879591
5785,10AA0546472,427072,433705,2,2,23/12/2010,700,3,4,4,1,1,3,1,35,9,53.798729843,-1.58893879591
5786,10AA0547105,420946,444678,1,1,23/12/2010,1135,6,4,1,1,3,3,1,43,9,53.8976466582,-1.68120561384
5787,10BA0546550,439988,428780,1,1,23/12/2010,720,6,4,7,1,1,3,1,18,9,53.7536288009,-1.3934710303
5788,10BA0546647,435528,440087,2,3,23/12/2010,805,3,4,1,1,1,3,2,24,9,53.8555861291,-1.4598109398
5789,10BA0546647,435528,440087,2,3,23/12/2010,805,3,4,1,1,1,3,2,61,9,53.8555861291,-1.4598109398
5790,10BA0546647,435528,440087,2,3,23/12/2010,805,3,4,1,1,2,3,2,28,9,53.8555861291,-1.4598109398
5791,10CA0546566,430373,433494,1,1,23/12/2010,817,6,2,1,1,3,2,2,33,11,53.7966509662,-1.53883891626
5792,10CA0547334,433453,429003,3,4,23/12/2010,1430,6,1,1,1,1,3,1,75,9,53.7560938185,-1.49256358101
5793,10CA0547334,433453,429003,3,4,23/12/2010,1430,6,1,1,1,1,3,2,29,9,53.7560938185,-1.49256358101
5794,10CA0547334,433453,429003,3,4,23/12/2010,1430,6,1,1,1,1,3,1,30,9,53.7560938185,-1.49256358101
5795,10CA0547334,433453,429003,3,4,23/12/2010,1430,6,1,1,1,2,3,1,6,9,53.7560938185,-1.49256358101
5796,10CA0547384,430333,433339,1,1,23/12/2010,1345,6,1,1,1,2,3,2,76,11,53.7952600474,-1.53946148878
5797,10AA0024591,421268,434924,2,2,24/12/2010,1810,6,1,7,1,1,3,1,33,9,53.8099569282,-1.6769807589
5798,10AA0024591,421268,434924,2,2,24/12/2010,1810,6,1,7,1,1,3,1,26,9,53.8099569282,-1.6769807589
5799,10AA0548538,428581,432978,3,1,24/12/2010,1159,3,1,1,1,1,3,1,42,20,53.7921142984,-1.56609430202
5800,10BA0012734,429001,436841,2,1,24/12/2010,1922,6,1,4,1,2,2,2,29,9,53.8268145234,-1.5593542242
5801,10CA0548734,430856,434115,2,1,24/12/2010,1300,3,1,1,1,3,1,1,35,9,53.802204533,-1.53144344951
5802,10CA0548925,427786,430684,2,2,24/12/2010,1845,3,1,4,1,1,3,1,55,9,53.7715370659,-1.5783700796
5803,10CA0548925,427786,430684,2,2,24/12/2010,1845,3,1,4,1,2,3,1,17,9,53.7715370659,-1.5783700796
5804,10CA0549216,434358,428143,1,1,24/12/2010,1125,6,2,1,1,3,2,2,3,9,53.7483046355,-1.47893225552
5805,10AA0550784,422826,433449,2,1,26/12/2010,1800,6,2,4,1,1,3,1,39,9,53.7966323325,-1.6534276061
5806,10CA0550122,424890,427722,2,1,26/12/2010,1330,3,1,1,1,1,3,1,26,9,53.7450584886,-1.62255221341
5807,10MU0549754,444437,433745,1,1,26/12/2010,811,2,4,1,8,1,3,1,75,9,53.7978959106,-1.32527909332
5808,10AA0550633,417792,444502,1,1,27/12/2010,1127,3,3,1,3,3,2,2,56,9,53.8961824919,-1.72921851656
5809,10AA0003345,422231,433553,2,1,29/12/2010,1410,6,1,1,1,1,3,1,21,9,53.797592939,-1.66245394606
5810,10AA0552240,423590,434590,2,1,29/12/2010,935,6,2,1,1,2,3,1,19,8,53.8068545082,-1.64174045007
5811,10AA0552936,420118,441964,1,1,29/12/2010,1956,6,1,7,1,3,3,1,6,9,53.8732839796,-1.69398564598
5812,10BA0552703,432431,435184,2,1,29/12/2010,1615,6,1,4,1,1,3,2,30,9,53.8117176029,-1.50741497912
5813,10CA0552167,426774,426684,2,1,29/12/2010,1130,3,1,1,1,1,3,2,42,9,53.7356346674,-1.59407272411
5814,10CA0552763,428996,431967,1,1,29/12/2010,1715,6,1,4,1,3,3,1,22,8,53.7830036984,-1.55988925874
5815,10AA0553944,421394,433623,1,1,30/12/2010,1030,6,1,1,1,3,3,1,20,90,53.7982572536,-1.67515750642
5816,10BA0553559,432963,439235,3,1,30/12/2010,848,3,2,1,1,1,3,2,40,9,53.8480970546,-1.49890051797
5817,10BA0553971,440164,448315,2,1,30/12/2010,1335,3,2,1,1,2,3,2,43,9,53.9292043853,-1.38824744244
5818,10CA0555785,430380,433506,1,1,30/12/2010,1835,6,1,7,1,3,3,1,25,11,53.7967584221,-1.53873145365
5819,10AA0000088,420490,445568,1,1,31/12/2010,2105,3,2,4,1,3,1,1,16,9,53.9056648487,-1.68808615472
5820,10AA0000206,427721,436113,1,1,31/12/2010,2259,4,1,4,1,3,3,1,24,9,53.8203405811,-1.57886778113
5821,10AA0555582,420257,434231,2,1,31/12/2010,1610,3,2,1,1,1,3,1,58,9,53.8037680082,-1.6923812228
5822,10BA0555070,430146,437567,2,1,31/12/2010,1,3,2,7,1,2,2,2,84,9,53.8332751451,-1.54188631477
5823,110000115,423323,432051,1,1,01/01/2011,200,6,2,4,1,2,3,2,20,9,53.7840438732,-1.64598751672
5824,110000165,436292,434793,2,2,01/01/2011,315,6,1,4,1,2,3,1,39,8,53.8079479214,-1.44882031068
5825,110000165,436292,434793,2,2,01/01/2011,315,6,1,4,1,2,3,2,25,8,53.8079479214,-1.44882031068
5826,110000399,426469,435290,4,3,01/01/2011,710,3,1,7,1,1,3,1,38,9,53.8130080896,-1.59795821217
5827,110000399,426469,435290,4,3,01/01/2011,710,3,1,7,1,1,3,1,42,9,53.8130080896,-1.59795821217
5828,110000399,426469,435290,4,3,01/01/2011,710,3,1,7,1,2,3,1,39,9,53.8130080896,-1.59795821217
5829,110001249,421718,440795,1,1,01/01/2011,542,6,2,4,1,1,3,1,21,9,53.8627116096,-1.66973130171
5830,110001429,425053,433342,1,1,01/01/2011,415,6,1,7,1,2,3,2,21,8,53.7955680538,-1.61962404133
5831,110019882,430002,434151,2,1,01/01/2011,324,3,2,4,4,1,3,1,34,9,53.8025780864,-1.54440770042
5832,110070158,433374,437248,1,1,02/01/2011,2205,6,2,4,1,1,3,1,31,9,53.830210457,-1.49286866582
5833,110003033,431792,435081,2,2,03/01/2011,2105,6,1,4,1,1,2,1,30,9,53.8108312319,-1.51713082146
5834,110003033,431792,435081,2,2,03/01/2011,2105,6,1,4,1,2,3,1,27,9,53.8108312319,-1.51713082146
5835,110003823,430264,434843,1,1,04/01/2011,855,6,1,1,1,3,3,1,92,9,53.8087830969,-1.54036123608
5836,110004171,429118,430624,2,2,04/01/2011,1435,6,1,1,1,1,3,1,68,9,53.7709249603,-1.55816437442
5837,110004171,429118,430624,2,2,04/01/2011,1435,6,1,1,1,2,3,1,20,9,53.7709249603,-1.55816437442
5838,110004357,440175,433413,2,2,04/01/2011,1725,3,1,4,1,2,3,2,14,9,53.7952583186,-1.39003134472
5839,110004357,440175,433413,2,2,04/01/2011,1725,3,1,4,1,2,3,2,54,9,53.7952583186,-1.39003134472
5840,110004493,438559,433800,2,1,04/01/2011,2003,1,1,6,1,1,3,1,41,9,53.7988591593,-1.41451684735
5841,110011578,427194,433519,1,1,04/01/2011,1257,6,1,1,1,3,3,2,72,9,53.7970515668,-1.58710282402
5842,110005266,423820,434297,6,4,05/01/2011,735,3,1,1,1,1,3,2,30,9,53.8042102995,-1.63827020513
5843,110005266,423820,434297,6,4,05/01/2011,735,3,1,1,1,1,3,2,36,9,53.8042102995,-1.63827020513
5844,110005266,423820,434297,6,4,05/01/2011,735,3,1,1,1,1,3,2,29,9,53.8042102995,-1.63827020513
5845,110005266,423820,434297,6,4,05/01/2011,735,3,1,1,1,2,2,2,24,9,53.8042102995,-1.63827020513
5846,110006003,431884,435681,1,1,05/01/2011,1609,6,1,1,1,3,3,1,15,9,53.8162187999,-1.51567137196
5847,110006064,441314,445236,3,2,05/01/2011,1725,2,2,4,1,1,3,2,23,9,53.9014389391,-1.37114848162
5848,110006064,441314,445236,3,2,05/01/2011,1725,2,2,4,1,2,3,2,25,9,53.9014389391,-1.37114848162
5849,110006135,441352,433590,2,1,05/01/2011,555,3,2,4,2,1,3,1,35,1,53.7967570629,-1.3721386016
5850,110006310,428061,435959,2,1,05/01/2011,1715,3,2,4,8,1,3,1,20,1,53.8189380732,-1.57371677113
5851,110008121,420517,445562,1,1,05/01/2011,1955,3,1,4,1,3,3,1,14,9,53.9056098481,-1.68767554991
5852,110015623,431887,435594,2,1,05/01/2011,1720,6,2,4,1,1,3,2,39,1,53.815436602,-1.51563481991
5853,110007912,429273,434107,2,1,06/01/2011,1445,6,1,1,1,1,3,1,39,9,53.8022241201,-1.55548166696
5854,110008116,429622,428098,2,1,06/01/2011,1825,6,2,4,3,1,3,1,49,1,53.7481908405,-1.55075933867
5855,110008160,423279,434853,3,4,06/01/2011,1840,6,2,4,1,1,3,1,30,9,53.8092325836,-1.64644359299
5856,110008160,423279,434853,3,4,06/01/2011,1840,6,2,4,1,2,2,1,20,9,53.8092325836,-1.64644359299
5857,110008160,423279,434853,3,4,06/01/2011,1840,6,2,4,1,2,3,1,20,9,53.8092325836,-1.64644359299
5858,110008160,423279,434853,3,4,06/01/2011,1840,6,2,4,1,2,3,1,21,9,53.8092325836,-1.64644359299
5859,110008750,432262,426178,2,1,06/01/2011,1800,1,2,7,2,1,3,2,37,9,53.73077566,-1.51092364091
5860,110032960,443267,444441,2,1,06/01/2011,905,6,4,1,1,1,3,1,32,9,53.8941339044,-1.34153581759
5861,110008291,430113,431739,2,1,07/01/2011,800,3,2,1,1,1,3,1,40,3,53.7808908405,-1.54295792247
5862,110008561,422207,433023,2,1,07/01/2011,1023,6,3,1,8,1,3,1,85,9,53.7928298674,-1.66285655379
5863,110008742,443101,445047,2,2,07/01/2011,1240,6,3,1,3,1,3,2,49,9,53.8995946268,-1.34397661209
5864,110008742,443101,445047,2,2,07/01/2011,1240,6,3,1,3,1,3,2,28,9,53.8995946268,-1.34397661209
5865,110008889,439677,448617,2,2,07/01/2011,1057,3,3,1,3,1,3,2,66,9,53.9319564053,-1.39562544077
5866,110008889,439677,448617,2,2,07/01/2011,1057,3,3,1,3,2,2,2,66,9,53.9319564053,-1.39562544077
5867,110009105,445379,431778,1,1,07/01/2011,1355,2,1,1,1,1,3,2,59,9,53.7801344589,-1.31126677537
5868,110009305,432798,435611,3,1,07/01/2011,1900,6,4,7,1,2,2,2,31,9,53.8155327366,-1.50179543873
5869,110009463,432063,426310,1,1,07/01/2011,2210,1,4,4,2,2,3,1,18,9,53.731974453,-1.51392657825
5870,110010555,431964,438329,1,1,07/01/2011,1100,6,3,1,3,3,3,1,55,19,53.8400158182,-1.51418087269
5871,110026752,432126,434878,2,1,07/01/2011,1330,6,1,1,1,1,3,1,43,9,53.8089860041,-1.51207929216
5872,110010086,426295,435737,1,1,08/01/2011,1152,6,2,1,1,3,3,1,78,9,53.8170348981,-1.60056285142
5873,110010537,430403,430991,2,2,08/01/2011,1710,1,2,4,1,1,3,1,18,9,53.7741503973,-1.53863033262
5874,110010537,430403,430991,2,2,08/01/2011,1710,1,2,4,1,1,3,1,34,9,53.7741503973,-1.53863033262
5875,110010918,429817,430673,1,1,08/01/2011,2130,3,2,4,1,3,3,1,27,9,53.7713258555,-1.54755339386
5876,110038907,431967,430302,2,3,08/01/2011,1200,3,1,1,1,1,3,1,57,9,53.7678634895,-1.51496873064
5877,110038907,431967,430302,2,3,08/01/2011,1200,3,1,1,1,2,3,2,54,9,53.7678634895,-1.51496873064
5878,110038907,431967,430302,2,3,08/01/2011,1200,3,1,1,1,2,3,1,25,9,53.7678634895,-1.51496873064
5879,110010963,440340,434660,1,2,09/01/2011,305,6,4,7,8,1,3,1,56,9,53.8064542044,-1.38736298178
5880,110010963,440340,434660,1,2,09/01/2011,305,6,4,7,8,2,3,1,50,9,53.8064542044,-1.38736298178
5881,110011088,424774,427408,1,1,09/01/2011,533,1,4,4,1,1,3,1,29,9,53.7422414999,-1.62433644468
5882,110011539,433886,425848,2,1,09/01/2011,1420,1,1,1,1,1,3,1,29,9,53.7277063764,-1.48634180484
5883,110011913,429376,433738,1,1,09/01/2011,525,2,2,4,1,2,3,1,24,9,53.7989014695,-1.55395283765
5884,110012346,430782,438584,1,1,10/01/2011,715,6,1,7,1,3,3,2,41,9,53.8423793144,-1.53211980201
5885,110012349,420796,436997,2,2,10/01/2011,810,6,4,1,2,1,3,2,32,9,53.8286098929,-1.68400923737
5886,110012349,420796,436997,2,2,10/01/2011,810,6,4,1,2,1,3,2,32,9,53.8286098929,-1.68400923737
5887,110012416,434855,428424,1,1,10/01/2011,850,6,4,1,1,1,3,1,44,3,53.7507974597,-1.47136347817
5888,110012426,426363,429208,4,2,10/01/2011,928,6,4,1,2,1,3,2,46,9,53.7583435196,-1.60008844238
5889,110012426,426363,429208,4,2,10/01/2011,928,6,4,1,2,1,3,2,32,9,53.7583435196,-1.60008844238
5890,110012454,428275,435650,2,1,10/01/2011,900,6,1,1,1,1,3,1,40,21,53.8161489594,-1.57049433363
5891,110012455,428803,435607,4,1,10/01/2011,905,6,4,1,2,2,3,2,16,9,53.8157334599,-1.56247813744
5892,110012735,422052,433009,4,2,10/01/2011,802,6,1,1,2,1,3,1,20,9,53.7927106155,-1.66521069897
5893,110012735,422052,433009,4,2,10/01/2011,802,6,1,1,2,2,3,2,20,9,53.7927106155,-1.66521069897
5894,110012784,427066,433421,3,2,10/01/2011,820,6,4,1,2,3,3,1,12,9,53.796177341,-1.5890548547
5895,110012784,427066,433421,3,2,10/01/2011,820,6,4,1,2,3,3,1,13,9,53.796177341,-1.5890548547
5896,110013200,426346,433156,2,1,10/01/2011,745,6,1,4,1,1,3,1,34,9,53.7938322683,-1.60000903716
5897,110013331,429591,434714,2,1,10/01/2011,1400,3,1,1,1,1,3,1,21,1,53.8076622831,-1.55059457003
5898,110013553,433310,425883,11,3,10/01/2011,1740,1,2,4,2,1,3,1,35,9,53.7280580881,-1.49506890855
5899,110013553,433310,425883,11,3,10/01/2011,1740,1,2,4,2,1,3,1,54,9,53.7280580881,-1.49506890855
5900,110013553,433310,425883,11,3,10/01/2011,1740,1,2,4,2,1,3,1,24,9,53.7280580881,-1.49506890855
5901,110014351,434511,425885,1,1,11/01/2011,720,1,1,7,1,3,1,1,20,21,53.7279979792,-1.47686409498
5902,110014919,434054,433752,1,1,11/01/2011,905,6,1,1,1,3,3,1,11,9,53.7987421159,-1.48292318938
5903,110015213,430141,436612,3,2,11/01/2011,1715,4,1,4,1,1,3,2,52,9,53.8246912467,-1.54205593076
5904,110015213,430141,436612,3,2,11/01/2011,1715,4,1,4,1,1,3,1,51,9,53.8246912467,-1.54205593076
5905,110016014,443330,439205,2,1,12/01/2011,712,2,2,7,2,1,3,1,62,9,53.8470658575,-1.34131699144
5906,110016024,425059,433371,2,1,12/01/2011,830,6,2,1,2,1,3,2,39,9,53.7958284406,-1.6195305872
5907,110016533,420683,434373,1,1,12/01/2011,1215,3,2,1,1,3,2,1,66,9,53.8050276617,-1.68590263755
5908,110017112,431097,433000,1,1,12/01/2011,1735,3,1,4,1,3,2,1,39,19,53.7921677704,-1.52789651187
5909,110020375,429523,433820,2,1,12/01/2011,1230,3,1,1,1,1,3,1,29,9,53.7996302241,-1.55171299381
5910,110017709,427893,434624,2,1,13/01/2011,755,6,2,1,1,1,3,1,26,1,53.8069471408,-1.57638984832
5911,110017956,421253,440320,1,1,13/01/2011,808,4,2,5,1,3,2,2,11,9,53.858461191,-1.67683539955
5912,110018244,432494,433751,4,1,13/01/2011,900,3,1,1,1,1,3,1,61,9,53.7988329078,-1.50660938451
5913,110018638,428108,432802,2,1,13/01/2011,755,4,1,4,1,1,3,2,30,9,53.79055804,-1.57329104014
5914,110018805,420539,440258,2,1,13/01/2011,1635,3,1,1,1,1,3,1,59,1,53.8579326285,-1.68769616633
5915,11001889,428370,431571,3,1,13/01/2011,1407,1,2,1,1,2,3,1,3,9,53.7794786357,-1.56942703276
5916,110018909,430472,435630,2,1,13/01/2011,750,3,1,1,1,2,3,2,23,11,53.8158450556,-1.53712438698
5917,110019019,428427,434017,2,2,13/01/2011,1940,3,2,4,1,1,2,1,26,9,53.8014620557,-1.56833630459
5918,110019019,428427,434017,2,2,13/01/2011,1940,3,2,4,1,1,3,1,30,9,53.8014620557,-1.56833630459
5919,110023086,430711,433060,2,1,13/01/2011,1800,3,1,7,1,1,3,2,22,9,53.7927300191,-1.53375042931
5920,110020024,433155,426320,1,1,14/01/2011,920,3,1,1,1,3,2,2,13,9,53.7319960564,-1.49737153202
5921,110020351,427496,431324,3,4,14/01/2011,1025,3,2,1,1,1,3,1,66,9,53.7773052978,-1.58271340811
5922,110020351,427496,431324,3,4,14/01/2011,1025,3,2,1,1,1,3,1,33,9,53.7773052978,-1.58271340811
5923,110020351,427496,431324,3,4,14/01/2011,1025,3,2,1,1,1,3,1,46,9,53.7773052978,-1.58271340811
5924,110020351,427496,431324,3,4,14/01/2011,1025,3,2,1,1,2,3,2,30,9,53.7773052978,-1.58271340811
5925,110020394,440364,432921,1,1,14/01/2011,1450,4,2,1,1,3,3,2,41,9,53.7908213453,-1.3872264384
5926,110028318,428420,428769,2,2,14/01/2011,1350,3,1,1,1,1,3,1,49,9,53.7542892768,-1.56892627972
5927,110028318,428420,428769,2,2,14/01/2011,1350,3,1,1,1,2,3,2,40,9,53.7542892768,-1.56892627972
5928,110022044,443555,431677,2,1,15/01/2011,1513,3,2,1,4,1,3,1,56,19,53.7793824317,-1.33896246844
5929,110022353,419921,441043,2,1,15/01/2011,1750,3,2,4,2,1,3,2,41,9,53.8650129147,-1.69704198989
5930,110022391,423699,434572,2,3,15/01/2011,1725,6,2,4,1,1,2,1,58,9,53.8066877537,-1.640086497
5931,110022391,423699,434572,2,3,15/01/2011,1725,6,2,4,1,2,3,1,78,9,53.8066877537,-1.640086497
5932,110022391,423699,434572,2,3,15/01/2011,1725,6,2,4,1,2,3,1,49,9,53.8066877537,-1.640086497
5933,110023466,433877,434054,2,1,15/01/2011,1938,6,1,4,4,1,3,1,35,9,53.8014682439,-1.4855774195
5934,110022731,438120,445841,1,1,16/01/2011,105,3,1,6,1,1,3,2,35,9,53.9071216825,-1.4196869873
5935,110022813,431401,433650,1,1,16/01/2011,100,3,1,4,1,1,3,1,53,9,53.7979921726,-1.52321520832
5936,110023728,431329,424958,3,1,16/01/2011,1920,1,2,4,1,2,3,2,19,9,53.7198661918,-1.52519048691
5937,110025643,430308,433901,1,1,16/01/2011,1715,6,2,7,9,3,3,1,20,9,53.8003131668,-1.53978573996
5938,110037801,428556,432730,2,1,16/01/2011,1250,3,1,1,1,1,3,1,29,9,53.789886457,-1.56649681495
5939,110024867,424194,438765,2,2,17/01/2011,1145,6,1,1,1,1,3,2,18,9,53.8443549433,-1.63223923491
5940,110024867,424194,438765,2,2,17/01/2011,1145,6,1,1,1,2,3,1,18,9,53.8443549433,-1.63223923491
5941,110024990,429560,431576,1,2,17/01/2011,1345,6,1,1,1,1,3,1,49,9,53.7794573682,-1.5513664588
5942,110024990,429560,431576,1,2,17/01/2011,1345,6,1,1,1,3,2,1,64,9,53.7794573682,-1.5513664588
5943,110025535,436287,428304,1,1,17/01/2011,1555,3,1,1,1,3,3,1,11,9,53.749621074,-1.44965989359
5944,110028315,432430,434850,2,1,17/01/2011,1715,4,1,7,1,1,3,2,19,9,53.8087154521,-1.5074653624
5945,110026365,438484,427254,2,2,18/01/2011,750,3,4,1,1,1,3,1,51,9,53.7400254111,-1.41647212658
5946,110026365,438484,427254,2,2,18/01/2011,750,3,4,1,1,2,3,2,10,9,53.7400254111,-1.41647212658
5947,110026370,438787,426990,1,1,18/01/2011,900,3,4,1,1,1,3,2,33,9,53.7376299581,-1.41191117143
5948,110027045,422224,433798,1,2,18/01/2011,800,4,1,1,1,3,3,1,15,10,53.7997955078,-1.66254254922
5949,110027045,422224,433798,1,2,18/01/2011,800,4,1,1,1,3,3,1,15,10,53.7997955078,-1.66254254922
5950,110027286,430361,433450,1,2,18/01/2011,1515,6,1,1,1,3,3,1,52,11,53.7962561627,-1.53902544594
5951,110027286,430361,433450,1,2,18/01/2011,1515,6,1,1,1,2,3,2,26,11,53.7962561627,-1.53902544594
5952,110027443,433070,434009,2,1,18/01/2011,1700,3,1,4,1,1,3,1,18,1,53.8011156859,-1.49783603065
5953,110036783,430733,439260,1,1,18/01/2011,2035,3,2,4,1,3,3,1,56,9,53.8484585386,-1.53279691524
5954,110038941,432028,435899,2,1,18/01/2011,1640,6,1,4,1,1,2,1,50,5,53.8181694764,-1.51346135393
5955,110028022,433906,434112,2,1,19/01/2011,755,3,1,1,1,1,2,1,58,1,53.8019876958,-1.48513068716
5956,110028309,421464,445813,2,1,19/01/2011,1000,3,1,1,1,1,3,1,44,9,53.9078276525,-1.6732422833
5957,110028491,437041,425878,3,1,19/01/2011,1005,1,1,1,1,1,3,1,42,19,53.7277615149,-1.43851581893
5958,110030967,428112,426277,3,1,19/01/2011,1830,3,1,4,1,1,3,2,35,9,53.7319057793,-1.57382458234
5959,110086398,433158,435250,2,1,19/01/2011,1115,6,1,1,1,2,3,2,54,9,53.8122650017,-1.49636614078
5960,110030056,427812,434421,2,1,20/01/2011,850,3,4,1,1,1,2,1,43,1,53.8051267613,-1.57763829645
5961,110030544,426988,427908,2,2,20/01/2011,1025,6,1,1,1,2,3,2,44,11,53.7466260106,-1.59072141854
5962,110030544,426988,427908,2,2,20/01/2011,1025,6,1,1,1,2,3,2,51,11,53.7466260106,-1.59072141854
5963,110031207,427458,437284,2,3,20/01/2011,1650,6,1,4,1,1,3,2,39,9,53.8308803466,-1.58275853721
5964,110031207,427458,437284,2,3,20/01/2011,1650,6,1,4,1,1,3,1,39,9,53.8308803466,-1.58275853721
5965,110031207,427458,437284,2,3,20/01/2011,1650,6,1,4,1,2,3,2,31,9,53.8308803466,-1.58275853721
5966,110031656,431188,434979,2,1,21/01/2011,35,3,4,4,1,1,3,1,35,9,53.8099509636,-1.52631459486
5967,110032985,429282,433481,2,4,21/01/2011,1640,6,1,4,1,1,3,2,21,9,53.7965966622,-1.55540452676
5968,110032985,429282,433481,2,4,21/01/2011,1640,6,1,4,1,1,3,1,20,9,53.7965966622,-1.55540452676
5969,110032985,429282,433481,2,4,21/01/2011,1640,6,1,4,1,2,3,1,12,9,53.7965966622,-1.55540452676
5970,110032985,429282,433481,2,4,21/01/2011,1640,6,1,4,1,2,3,1,27,9,53.7965966622,-1.55540452676
5971,110033003,424413,434459,2,2,21/01/2011,1330,6,1,1,1,1,2,1,21,9,53.8056389912,-1.62925228368
5972,110033003,424413,434459,2,2,21/01/2011,1330,6,1,1,1,2,2,1,22,9,53.8056389912,-1.62925228368
5973,110033203,430041,432184,1,1,21/01/2011,2039,1,2,4,1,1,3,1,25,9,53.7848949948,-1.54400730321
5974,110034884,427690,436573,1,1,21/01/2011,2240,3,1,4,1,3,3,1,22,11,53.8244770509,-1.57929729509
5975,110038884,431402,435025,2,1,21/01/2011,1358,6,1,1,1,1,3,2,44,9,53.810351564,-1.52305977875
5976,110033519,429913,430965,2,3,22/01/2011,13,6,2,4,2,1,3,1,21,9,53.7739450703,-1.54606841194
5977,110033519,429913,430965,2,3,22/01/2011,13,6,2,4,2,2,3,1,19,9,53.7739450703,-1.54606841194