Col.Number,Reference.Number,Easting,Northing,Number.of.Vehicles,Number.of.Casualties,Accident.Date,Time..24hr.,X1st.Road.Class,Road.Surface,Lighting.Conditions,Weather.Conditions,Casualty.Class,Casualty.Severity,Sex.of.Casualty,Age.of.Casualty,Type.of.Vehicle,Latitude,Longitude
5978,110033519,429913,430965,2,3,22/01/2011,13,6,2,4,2,2,3,1,21,9,53.7739450703,-1.54606841194
5979,110034797,430901,435546,2,1,22/01/2011,2125,6,2,4,1,1,3,1,45,8,53.8150646845,-1.53061646948
5980,110036601,430100,431513,2,1,22/01/2011,1635,3,1,1,1,1,3,1,39,4,53.7788601339,-1.54317728722
5981,110047373,430424,433976,3,1,22/01/2011,2250,3,1,4,1,2,3,2,26,8,53.800980549,-1.5380169816
5982,110047775,429992,434071,1,1,22/01/2011,1400,6,1,1,1,3,3,2,12,9,53.8018595653,-1.5445673416
5983,110134619,427973,431072,1,2,22/01/2011,2310,3,1,4,1,1,3,1,28,9,53.7750147098,-1.57549740444
5984,110134619,427973,431072,1,2,22/01/2011,2310,3,1,4,1,2,3,1,35,9,53.7750147098,-1.57549740444
5985,110036001,432497,433611,2,1,23/01/2011,1945,6,1,4,1,1,3,1,30,9,53.7975743054,-1.50657860645
5986,110036827,431617,435267,1,1,24/01/2011,820,3,2,1,1,3,2,2,11,9,53.8125137957,-1.5197695759
5987,110037812,431775,435545,2,1,24/01/2011,1515,3,1,1,1,1,3,1,53,9,53.8150030145,-1.51734109971
5988,110037857,420775,434390,3,4,24/01/2011,1725,3,1,7,1,1,3,1,19,9,53.8051768057,-1.68450437792
5989,110037857,420775,434390,3,4,24/01/2011,1725,3,1,7,1,1,3,2,43,9,53.8051768057,-1.68450437792
5990,110037857,420775,434390,3,4,24/01/2011,1725,3,1,7,1,2,3,1,19,9,53.8051768057,-1.68450437792
5991,110037857,420775,434390,3,4,24/01/2011,1725,3,1,7,1,2,3,2,13,9,53.8051768057,-1.68450437792
5992,110039417,424376,435296,2,1,24/01/2011,1855,3,2,4,1,1,3,2,41,9,53.8131643591,-1.62974787924
5993,110038178,430175,434113,1,1,25/01/2011,45,6,1,7,1,3,3,1,20,9,53.8022265076,-1.54178444295
5994,110039678,433138,434005,1,1,25/01/2011,1820,3,1,7,1,1,2,1,22,4,53.8010754037,-1.49680393312
5995,110039953,429617,434645,2,1,25/01/2011,2255,3,1,4,1,1,3,1,24,9,53.8070405812,-1.5502063544
5996,110039967,424032,442013,1,3,25/01/2011,2126,6,2,6,1,1,2,1,18,9,53.8735578874,-1.63444728362
5997,110039967,424032,442013,1,3,25/01/2011,2126,6,2,6,1,2,2,1,19,9,53.8735578874,-1.63444728362
5998,110039967,424032,442013,1,3,25/01/2011,2126,6,2,6,1,2,1,1,18,9,53.8735578874,-1.63444728362
5999,110040606,426592,431736,2,1,25/01/2011,1815,3,1,7,1,1,3,1,19,1,53.7810556498,-1.59639683833
6000,110040370,433299,429978,3,2,26/01/2011,831,4,2,1,1,1,3,1,39,9,53.7648676853,-1.49479427358
6001,110040370,433299,429978,3,2,26/01/2011,831,4,2,1,1,1,3,2,31,9,53.7648676853,-1.49479427358
6002,110041120,427452,434601,2,1,26/01/2011,845,3,1,1,1,1,3,1,28,5,53.806763865,-1.58308915638
6003,110041698,426422,432040,1,1,26/01/2011,1700,6,2,4,2,1,2,1,17,9,53.7837969065,-1.59895090755
6004,110041743,426065,436365,1,1,26/01/2011,1525,6,2,1,1,3,2,1,11,9,53.8226914252,-1.60400338154
6005,110041760,431883,435241,2,2,26/01/2011,1829,6,2,4,1,1,3,1,24,9,53.8122638476,-1.51573215567
6006,110041760,431883,435241,2,2,26/01/2011,1829,6,2,4,1,1,3,1,25,9,53.8122638476,-1.51573215567
6007,110048908,442961,445660,2,1,26/01/2011,1845,3,2,4,1,1,3,1,24,3,53.9051160595,-1.34602129596
6008,110042345,424173,434735,2,2,27/01/2011,853,6,1,1,1,1,3,2,35,9,53.8081311145,-1.63287528359
6009,110042345,424173,434735,2,2,27/01/2011,853,6,1,1,1,1,3,2,31,9,53.8081311145,-1.63287528359
6010,110042973,431660,426464,2,1,27/01/2011,850,4,2,1,1,1,3,2,45,9,53.7333833501,-1.52002003147
6011,110043085,427992,435197,3,2,27/01/2011,1033,6,1,1,1,1,3,1,41,9,53.8120923742,-1.57483426899
6012,110043085,427992,435197,3,2,27/01/2011,1033,6,1,1,1,2,3,1,35,9,53.8120923742,-1.57483426899
6013,110043220,429746,437053,3,1,27/01/2011,1350,6,1,1,1,1,3,1,39,9,53.8286780166,-1.54801444733
6014,110043437,420882,434556,2,1,27/01/2011,1640,3,1,1,1,1,3,2,31,9,53.8066646719,-1.68286820938
6015,110043438,421076,435274,3,2,27/01/2011,1714,3,1,7,1,1,3,1,36,9,53.8131108438,-1.67987284146
6016,110043438,421076,435274,3,2,27/01/2011,1714,3,1,7,1,1,3,2,49,9,53.8131108438,-1.67987284146
6017,110043635,437311,429483,2,2,27/01/2011,1703,3,1,4,1,1,3,1,18,5,53.7601463735,-1.43398794979
6018,110043635,437311,429483,2,2,27/01/2011,1703,3,1,4,1,2,3,1,17,5,53.7601463735,-1.43398794979
6019,110043675,442306,430289,1,1,27/01/2011,1745,6,1,7,1,3,2,1,8,9,53.7670094136,-1.35810768099
6020,110043703,432718,433562,2,1,27/01/2011,1850,6,1,4,1,1,2,1,26,9,53.7971200084,-1.50322837484
6021,110046411,431320,441249,1,1,27/01/2011,1421,3,1,1,1,2,3,2,39,11,53.8663018171,-1.52367068307
6022,110043967,423750,434662,4,1,28/01/2011,50,6,2,4,1,1,3,2,37,9,53.807494421,-1.6393050397
6023,110045094,443535,435118,2,4,28/01/2011,1225,1,1,1,1,1,3,1,32,9,53.8103132549,-1.3387796842
6024,110045094,443535,435118,2,4,28/01/2011,1225,1,1,1,1,2,3,2,29,9,53.8103132549,-1.3387796842
6025,110045094,443535,435118,2,4,28/01/2011,1225,1,1,1,1,2,3,2,43,9,53.8103132549,-1.3387796842
6026,110045094,443535,435118,2,4,28/01/2011,1225,1,1,1,1,2,3,1,25,9,53.8103132549,-1.3387796842
6027,110045132,428717,435610,2,1,28/01/2011,1550,3,1,1,1,1,3,1,19,1,53.8157651835,-1.56378416846
6028,110045521,436174,434668,1,1,28/01/2011,2110,3,1,4,1,3,3,1,28,9,53.8068325697,-1.45062701833
6029,110045528,420545,446359,2,3,28/01/2011,2110,4,4,4,1,1,3,2,41,9,53.9127727422,-1.68719579617
6030,110045528,420545,446359,2,3,28/01/2011,2110,4,4,4,1,1,3,1,22,9,53.9127727422,-1.68719579617
6031,110045528,420545,446359,2,3,28/01/2011,2110,4,4,4,1,2,3,1,41,9,53.9127727422,-1.68719579617
6032,110046211,418531,441062,1,1,28/01/2011,1530,6,1,1,1,3,3,1,12,9,53.8652351976,-1.71817963073
6033,110046553,429953,430857,2,1,28/01/2011,816,3,1,1,1,1,3,2,45,1,53.7729719839,-1.54547191849
6034,110047363,431854,434716,1,1,28/01/2011,1402,6,1,1,1,1,2,2,67,9,53.8075465709,-1.51622695479
6035,110050088,428838,434115,2,1,28/01/2011,830,6,1,1,1,1,3,1,59,9,53.8023203291,-1.56208629492
6036,110046569,430506,437060,2,1,29/01/2011,1225,6,1,1,1,1,3,1,28,1,53.8286968773,-1.53646608947
6037,110046644,432388,433805,2,2,29/01/2011,1535,6,1,1,1,2,3,1,33,9,53.7993249068,-1.50821314966
6038,110046644,432388,433805,2,2,29/01/2011,1535,6,1,1,1,2,3,1,40,9,53.7993249068,-1.50821314966
6039,110046799,423519,434062,2,1,29/01/2011,1145,6,1,1,1,2,3,2,73,11,53.8021116224,-1.64285903473
6040,110047084,422641,440091,1,3,29/01/2011,2110,6,4,4,1,1,3,1,23,9,53.8563440797,-1.65574732986
6041,110047084,422641,440091,1,3,29/01/2011,2110,6,4,4,1,2,3,2,27,9,53.8563440797,-1.65574732986
6042,110047084,422641,440091,1,3,29/01/2011,2110,6,4,4,1,2,3,2,3,9,53.8563440797,-1.65574732986
6043,110047403,426968,439830,2,1,29/01/2011,1430,3,1,1,1,1,3,2,79,9,53.8537912804,-1.58998064892
6044,110047422,429878,434398,2,1,29/01/2011,1440,2,1,1,1,1,3,1,32,9,53.8048054384,-1.54626665457
6045,110048105,428967,435475,1,1,29/01/2011,2115,6,1,4,1,3,2,1,27,9,53.8145378369,-1.55999946157
6046,110048505,419770,437034,2,3,30/01/2011,1915,3,2,4,1,1,3,1,66,9,53.8289825271,-1.69959646576
6047,110048505,419770,437034,2,3,30/01/2011,1915,3,2,4,1,1,3,2,35,9,53.8289825271,-1.69959646576
6048,110048505,419770,437034,2,3,30/01/2011,1915,3,2,4,1,2,3,1,35,9,53.8289825271,-1.69959646576
6049,110048544,436083,434785,1,1,30/01/2011,2320,6,2,4,1,3,3,1,41,9,53.8078905561,-1.45199524649
6050,110050094,434804,428893,2,1,31/01/2011,1848,6,2,4,1,1,3,1,43,1,53.7550165681,-1.47208409
6051,110050184,434990,436886,2,2,31/01/2011,1730,6,1,4,1,1,3,1,19,9,53.8268502867,-1.46835523687
6052,110050184,434990,436886,2,2,31/01/2011,1730,6,1,4,1,2,3,1,61,9,53.8268502867,-1.46835523687
6053,110053194,425155,434699,1,1,31/01/2011,845,6,1,1,1,3,3,2,37,8,53.8077609441,-1.61796456927
6054,110050723,429815,434603,2,1,01/02/2011,853,3,1,1,1,1,3,1,37,9,53.8066517414,-1.54720349775
6055,110051807,430038,434035,1,1,01/02/2011,1448,6,1,1,1,3,2,2,32,11,53.8015333169,-1.5438723615
6056,110051818,428581,434967,2,1,01/02/2011,1500,6,1,1,1,1,3,1,20,1,53.8099929229,-1.5659096888
6057,110051921,427044,429414,1,1,01/02/2011,1729,3,1,4,1,3,3,1,11,9,53.7601603153,-1.58974030512
6058,110052017,429307,428258,1,1,01/02/2011,1500,6,1,1,1,3,3,1,13,9,53.7496468596,-1.55552121936
6059,110052047,430398,433646,1,1,01/02/2011,1618,6,1,1,1,3,2,1,56,11,53.7980157918,-1.53844434665
6060,110052400,443744,435694,1,1,02/02/2011,740,4,2,1,1,1,2,2,21,9,53.8154730254,-1.33552369139
6061,110053081,424889,427724,2,1,02/02/2011,1245,3,1,1,1,1,3,1,47,9,53.7450765141,-1.62256721658
6062,110053339,432513,438022,2,2,02/02/2011,1235,6,1,1,1,1,3,1,47,19,53.8372222393,-1.50586947859
6063,110053339,432513,438022,2,2,02/02/2011,1235,6,1,1,1,1,3,1,49,9,53.8372222393,-1.50586947859
6064,110053862,425012,432899,1,1,02/02/2011,1830,6,1,7,1,3,2,2,11,9,53.7915879783,-1.62028249041
6065,110054111,430958,435784,5,4,02/02/2011,1800,6,2,4,4,1,2,1,40,9,53.8172006,-1.52972672705
6066,110054111,430958,435784,5,4,02/02/2011,1800,6,2,4,4,1,3,1,53,9,53.8172006,-1.52972672705
6067,110054111,430958,435784,5,4,02/02/2011,1800,6,2,4,4,1,3,2,29,9,53.8172006,-1.52972672705
6068,110054111,430958,435784,5,4,02/02/2011,1800,6,2,4,4,1,3,1,25,9,53.8172006,-1.52972672705
6069,110054653,424780,428805,2,1,02/02/2011,1750,3,2,4,1,1,3,1,37,1,53.7547986995,-1.6241333994
6070,110055847,430032,431016,2,1,02/02/2011,1512,3,1,1,1,1,3,1,28,9,53.7743966472,-1.54425767657
6071,110054435,424947,434437,2,1,03/02/2011,620,3,2,4,2,1,3,1,33,1,53.8054158971,-1.62114467541
6072,110054926,435673,434812,2,1,03/02/2011,950,6,1,1,1,1,3,1,44,9,53.8081615342,-1.45821861789
6073,110055096,427669,438860,2,1,03/02/2011,1130,6,1,1,1,1,3,2,71,9,53.8450353618,-1.57941042715
6074,110055598,441394,445052,2,1,03/02/2011,1650,2,2,1,5,1,3,1,62,9,53.8997787059,-1.36995574487
6075,110055843,420935,439490,2,1,03/02/2011,1930,3,1,4,1,1,3,1,52,1,53.8510134187,-1.68172730959
6076,110055851,426459,428369,2,2,03/02/2011,1625,4,2,1,4,1,3,1,39,9,53.7507970013,-1.59870410681
6077,110055851,426459,428369,2,2,03/02/2011,1625,4,2,1,4,1,3,1,40,9,53.7507970013,-1.59870410681
6078,110056867,429208,433847,1,1,03/02/2011,1503,6,1,1,1,2,3,2,18,11,53.799890702,-1.55649333859
6079,110056132,434670,435099,1,1,04/02/2011,228,6,2,4,5,2,3,1,20,8,53.8108091024,-1.47341856674
6080,110056188,424453,427787,2,2,04/02/2011,700,1,2,1,5,1,3,1,38,9,53.7456634519,-1.62917386071
6081,110056188,424453,427787,2,2,04/02/2011,700,1,2,1,5,2,3,2,38,9,53.7456634519,-1.62917386071
6082,110056459,439013,439182,1,1,04/02/2011,950,3,2,1,4,2,3,1,38,20,53.8472013854,-1.40694090176
6083,110056649,427847,436280,1,1,04/02/2011,928,3,2,1,5,3,2,2,30,9,53.8218349647,-1.57693854951
6084,110057240,426134,426769,2,1,04/02/2011,1338,3,1,1,1,2,3,1,40,9,53.7364311939,-1.6037684791
6085,110057406,426036,427367,1,1,04/02/2011,1510,4,1,1,4,3,3,1,15,9,53.7418114518,-1.60520389677
6086,110058282,425632,436796,1,1,04/02/2011,1500,6,2,1,5,2,3,1,30,11,53.8265871168,-1.61054570575
6087,110067491,426383,428151,1,1,04/02/2011,1130,6,1,1,1,3,2,1,28,9,53.7488412817,-1.59987536596
6088,110074054,434833,438040,2,2,04/02/2011,1619,3,1,1,1,1,3,1,57,11,53.8372336526,-1.47060982739
6089,110074054,434833,438040,2,2,04/02/2011,1619,3,1,1,1,2,3,2,13,11,53.8372336526,-1.47060982739
6090,110058642,426569,431733,1,1,05/02/2011,1046,3,1,1,1,2,3,2,63,11,53.7810298578,-1.59674617251
6091,110059141,430874,434251,2,6,05/02/2011,1952,3,2,4,2,1,3,1,23,9,53.8034259287,-1.53115648752
6092,110059141,430874,434251,2,6,05/02/2011,1952,3,2,4,2,1,3,2,19,9,53.8034259287,-1.53115648752
6093,110059141,430874,434251,2,6,05/02/2011,1952,3,2,4,2,2,3,1,24,9,53.8034259287,-1.53115648752
6094,110059141,430874,434251,2,6,05/02/2011,1952,3,2,4,2,2,3,2,18,9,53.8034259287,-1.53115648752
6095,110059141,430874,434251,2,6,05/02/2011,1952,3,2,4,2,2,3,1,13,9,53.8034259287,-1.53115648752
6096,110059141,430874,434251,2,6,05/02/2011,1952,3,2,4,2,2,3,1,22,9,53.8034259287,-1.53115648752
6097,110064617,420262,445368,1,1,05/02/2011,1710,6,2,1,2,3,3,2,57,9,53.9038760695,-1.69157012559
6098,110059742,428992,428374,1,1,06/02/2011,1226,6,1,1,1,3,3,1,5,9,53.7507071818,-1.5602875603
6099,110059966,436352,433783,1,1,06/02/2011,1430,6,2,1,1,3,3,1,16,9,53.7988652575,-1.44802836607
6100,110060152,427995,435194,2,1,06/02/2011,1630,6,1,4,1,1,3,1,39,9,53.8120652465,-1.57478897681
6101,110060440,430905,436556,3,1,06/02/2011,2024,4,2,4,2,2,3,2,17,9,53.8241430121,-1.53045423065
6102,110060472,430698,439043,2,1,06/02/2011,1716,3,2,1,2,1,3,1,49,1,53.8465100739,-1.5333506597
6103,110060503,431326,435605,2,1,06/02/2011,2107,6,2,4,2,3,2,2,19,9,53.8155695826,-1.52415499231
6104,110060549,428955,435470,2,2,06/02/2011,2312,3,2,4,1,1,3,1,31,9,53.8144935617,-1.5601822028
6105,110060549,428955,435470,2,2,06/02/2011,2312,3,2,4,1,2,3,2,25,9,53.8144935617,-1.5601822028
6106,110060585,436640,425947,1,1,07/02/2011,128,1,1,6,4,1,3,1,39,19,53.7284100595,-1.44458586758
6107,110060676,431326,434119,1,1,07/02/2011,615,6,1,4,1,3,3,1,27,9,53.8022123944,-1.52430623668
6108,110062204,430476,435597,2,3,07/02/2011,1945,3,1,4,1,1,3,2,22,9,53.8155481943,-1.53706689732
6109,110062204,430476,435597,2,3,07/02/2011,1945,3,1,4,1,2,3,1,29,9,53.8155481943,-1.53706689732
6110,110062204,430476,435597,2,3,07/02/2011,1945,3,1,4,1,2,3,1,23,9,53.8155481943,-1.53706689732
6111,110063731,430277,433009,1,1,07/02/2011,1735,6,2,4,4,3,3,1,23,9,53.7922970284,-1.54034412584
6112,110062730,423052,437667,2,1,08/02/2011,850,3,1,1,1,1,3,1,38,5,53.8345372047,-1.64968022229
6113,110063941,426312,437887,1,1,08/02/2011,1457,6,1,1,1,2,3,2,60,11,53.8363598524,-1.60012061881
6114,110069528,430061,433649,2,1,08/02/2011,1153,6,1,1,1,1,3,1,22,1,53.7980623404,-1.54356079799
6115,110069686,423765,438026,1,1,08/02/2011,1145,6,1,1,1,3,3,2,76,9,53.8377320504,-1.63881727489
6116,110065174,426189,435590,1,1,09/02/2011,1200,4,1,1,1,2,3,2,76,11,53.8157188998,-1.60218552727
6117,110065616,427169,435874,2,5,09/02/2011,1630,6,2,1,1,1,3,1,22,9,53.8182214152,-1.58727452981
6118,110065616,427169,435874,2,5,09/02/2011,1630,6,2,1,1,1,3,1,24,9,53.8182214152,-1.58727452981
6119,110065616,427169,435874,2,5,09/02/2011,1630,6,2,1,1,2,3,1,18,9,53.8182214152,-1.58727452981
6120,110065616,427169,435874,2,5,09/02/2011,1630,6,2,1,1,2,3,1,20,9,53.8182214152,-1.58727452981
6121,110065616,427169,435874,2,5,09/02/2011,1630,6,2,1,1,2,3,1,19,9,53.8182214152,-1.58727452981
6122,110065818,419356,441827,1,1,09/02/2011,1530,6,1,1,1,2,2,2,81,11,53.8720815055,-1.70558488443
6123,110066753,426905,429235,1,1,09/02/2011,1445,6,1,1,1,3,3,2,26,9,53.7585585098,-1.59186448817
6124,110066343,430418,431777,2,2,10/02/2011,830,1,1,1,1,1,3,2,38,9,53.7812146799,-1.53832517994
6125,110066343,430418,431777,2,2,10/02/2011,830,1,1,1,1,1,3,2,38,9,53.7812146799,-1.53832517994
6126,110067333,426236,433053,2,2,10/02/2011,1430,6,1,1,1,2,3,1,35,9,53.7929119799,-1.60168780936
6127,110067333,426236,433053,2,2,10/02/2011,1430,6,1,1,1,2,3,2,37,9,53.7929119799,-1.60168780936
6128,110067635,428003,435411,1,1,10/02/2011,1825,6,1,4,1,2,3,1,24,11,53.8140153728,-1.57464772166
6129,110068104,429797,433795,2,2,11/02/2011,340,6,1,4,1,2,3,2,20,8,53.7993898832,-1.54755504822
6130,110068104,429797,433795,2,2,11/02/2011,340,6,1,4,1,2,3,2,20,8,53.7993898832,-1.54755504822
6131,110068412,430016,435536,2,1,11/02/2011,715,6,1,1,1,1,3,1,39,1,53.8150266448,-1.54406004316
6132,110068744,430714,434877,2,1,11/02/2011,930,3,2,1,1,1,3,1,31,9,53.8090623293,-1.53352365243
6133,110068815,438587,429735,2,2,11/02/2011,1135,6,1,1,1,1,3,2,38,9,53.7623185492,-1.41460047809
6134,110068815,438587,429735,2,2,11/02/2011,1135,6,1,1,1,2,3,2,26,9,53.7623185492,-1.41460047809
6135,110069570,430565,433453,1,1,11/02/2011,1320,6,1,1,1,2,3,1,76,11,53.7962711841,-1.53592790431
6136,110070052,431968,435832,2,2,11/02/2011,2330,3,2,4,2,1,3,2,25,9,53.8175709293,-1.51437974302
6137,110070052,431968,435832,2,2,11/02/2011,2330,3,2,4,2,2,3,2,20,9,53.8175709293,-1.51437974302
6138,110079592,435728,436231,2,1,11/02/2011,1153,6,1,1,1,2,3,2,16,90,53.8209125601,-1.45721857435
6139,110070139,422565,427879,2,2,12/02/2011,15,3,2,4,2,1,3,1,41,21,53.7465755896,-1.65779779723
6140,110070139,422565,427879,2,2,12/02/2011,15,3,2,4,2,1,2,2,28,9,53.7465755896,-1.65779779723
6141,110070612,430105,431574,2,3,12/02/2011,1400,3,1,1,1,2,3,2,56,9,53.7794081589,-1.54309544985
6142,110070612,430105,431574,2,3,12/02/2011,1400,3,1,1,1,2,3,2,21,11,53.7794081589,-1.54309544985
6143,110070612,430105,431574,2,3,12/02/2011,1400,3,1,1,1,2,3,1,39,9,53.7794081589,-1.54309544985
6144,110070636,428836,434632,2,2,12/02/2011,1344,6,1,1,1,1,3,2,66,9,53.8069676187,-1.56206823948
6145,110070636,428836,434632,2,2,12/02/2011,1344,6,1,1,1,3,3,2,25,9,53.8069676187,-1.56206823948
6146,110070673,436567,435618,1,1,12/02/2011,1205,6,1,1,1,2,2,2,67,11,53.8153442276,-1.44454596944
6147,110071115,418990,444835,2,1,12/02/2011,1610,3,1,1,1,1,3,1,36,9,53.8991332421,-1.7109654067
6148,110071677,430696,439003,2,1,12/02/2011,1200,3,1,1,1,1,3,1,21,9,53.8461506465,-1.53338505951
6149,110076039,429877,432320,2,1,12/02/2011,1815,3,1,7,1,2,3,2,32,11,53.7861269047,-1.54648339192
6150,110071532,438911,426835,1,1,13/02/2011,510,3,2,4,1,1,3,2,22,9,53.7362274813,-1.41005070256
6151,110072117,430170,432868,2,1,13/02/2011,1345,6,2,1,2,2,3,2,85,11,53.7910358318,-1.54198231585
6152,110072616,431985,436025,2,1,13/02/2011,2120,6,2,7,2,1,3,1,27,2,53.8193046948,-1.514101441
6153,110074250,430141,429921,2,1,13/02/2011,1910,6,1,7,1,1,3,1,23,9,53.7645476464,-1.54271061307
6154,110073046,430803,435338,2,2,14/02/2011,840,6,1,1,1,1,3,1,36,9,53.8132008527,-1.53212584958
6155,110073046,430803,435338,2,2,14/02/2011,840,6,1,1,1,1,3,1,31,1,53.8132008527,-1.53212584958
6156,110073429,419608,445151,1,1,14/02/2011,650,6,2,7,1,3,3,2,34,9,53.9019506723,-1.70153912071
6157,110073952,427946,430302,2,1,14/02/2011,1130,3,1,1,1,1,3,1,20,9,53.7680947788,-1.57597688601
6158,110074083,430949,433299,2,1,14/02/2011,1620,3,2,1,1,1,3,1,50,1,53.7948642207,-1.53011327337
6159,110074089,437150,433502,2,1,14/02/2011,1720,3,1,4,1,1,3,1,36,1,53.796283092,-1.43594600485
6160,110074364,431172,440727,2,1,14/02/2011,2105,3,1,4,1,1,3,1,42,1,53.861618676,-1.52597449558
6161,110075649,421177,435075,1,1,14/02/2011,1710,6,2,1,1,3,3,1,4,9,53.8113179588,-1.67835245583
6162,110074853,429408,433920,2,1,15/02/2011,840,2,1,1,1,1,3,2,48,9,53.8005356116,-1.55344958364
6163,110075272,420950,434470,1,1,15/02/2011,1221,4,2,1,1,3,3,1,16,9,53.8058888949,-1.68184137402
6164,110075520,425356,437032,2,1,15/02/2011,1320,6,2,1,2,1,3,1,20,4,53.8287220049,-1.61471969847
6165,110075894,430468,437360,1,1,15/02/2011,1745,6,2,4,2,3,3,1,27,9,53.8313957081,-1.53701373724
6166,110075944,426283,435580,2,2,15/02/2011,1744,3,2,4,8,1,3,1,19,9,53.8156242684,-1.60075854689
6167,110075944,426283,435580,2,2,15/02/2011,1744,3,2,4,8,2,3,2,73,9,53.8156242684,-1.60075854689
6168,110075956,425081,427374,2,1,15/02/2011,1803,3,2,4,2,1,3,1,18,9,53.7419211968,-1.61968408461
6169,110076014,428089,435419,2,1,15/02/2011,1825,6,2,4,2,1,3,1,25,1,53.8140826437,-1.57334073198
6170,110076258,428629,436948,1,1,15/02/2011,2305,6,2,4,2,3,3,1,18,9,53.8277969417,-1.56499630646
6171,110076406,441827,430187,1,1,15/02/2011,820,4,2,1,1,3,3,1,8,9,53.7661312744,-1.36538869233
6172,110076656,433193,434015,2,2,15/02/2011,1545,3,2,1,7,1,3,2,32,9,53.8011617836,-1.49596772314
6173,110076656,433193,434015,2,2,15/02/2011,1545,3,2,1,7,2,3,1,6,9,53.8011617836,-1.49596772314
6174,110076951,428797,431634,2,1,16/02/2011,1110,1,1,1,1,1,3,1,48,9,53.7800214835,-1.56294075349
6175,110077582,425381,443220,2,1,16/02/2011,1415,3,2,1,1,1,3,2,69,9,53.8843429902,-1.61382807788
6176,110077595,444246,432958,3,1,16/02/2011,1355,6,1,1,1,1,3,1,24,4,53.7908383193,-1.32829200905
6177,110077782,427926,436148,2,1,16/02/2011,1445,3,1,1,1,1,2,2,28,1,53.8206442138,-1.57575037551
6178,110078026,430088,435420,2,1,16/02/2011,1945,6,2,4,1,1,3,1,53,8,53.8139797936,-1.54297775252
6179,110078995,424156,444021,3,1,16/02/2011,1450,3,2,1,1,1,3,1,51,9,53.89160144,-1.63240285283
6180,110079139,436150,434900,3,2,16/02/2011,1520,3,1,1,1,2,3,1,82,11,53.8089195903,-1.45096423953
6181,110079139,436150,434900,3,2,16/02/2011,1520,3,1,1,1,2,3,2,71,11,53.8089195903,-1.45096423953
6182,110078950,440759,429014,4,2,17/02/2011,905,6,1,1,1,1,3,2,25,9,53.7556723846,-1.38174653177
6183,110078950,440759,429014,4,2,17/02/2011,905,6,1,1,1,1,3,2,40,9,53.7556723846,-1.38174653177
6184,110078977,420808,439724,2,1,17/02/2011,645,3,2,4,2,1,3,1,41,4,53.8531219017,-1.68364218403
6185,110079655,424604,427342,3,1,17/02/2011,1819,3,1,4,1,2,3,1,54,8,53.7416562836,-1.6269194547
6186,110079736,436610,436631,2,1,17/02/2011,1900,6,1,4,1,3,2,2,15,11,53.824446609,-1.44377225828
6187,110079933,432060,436086,1,1,17/02/2011,1825,6,2,4,1,3,2,2,6,9,53.8198483827,-1.51295576935
6188,110082117,432717,434463,2,1,17/02/2011,2015,4,1,4,1,3,3,1,71,9,53.8052188631,-1.503147827
6189,110084269,432061,428817,2,1,20/02/2011,2157,1,2,4,1,2,3,1,56,9,53.7545094261,-1.51369678112
6190,110098273,431171,435558,3,3,20/02/2011,1828,6,1,4,1,1,3,2,22,9,53.8151564309,-1.52651413054
6191,110098273,431171,435558,3,3,20/02/2011,1828,6,1,4,1,2,3,2,20,9,53.8151564309,-1.52651413054
6192,110098273,431171,435558,3,3,20/02/2011,1828,6,1,4,1,2,3,2,19,9,53.8151564309,-1.52651413054
6193,110084196,431169,434987,1,1,21/02/2011,5,3,1,4,1,3,3,1,20,9,53.8100240123,-1.52660234705
6194,110084342,426986,429366,2,1,21/02/2011,645,3,2,4,8,1,3,1,24,1,53.7597318587,-1.59062434129
6195,110085506,435899,436286,3,3,21/02/2011,1402,3,2,1,2,1,3,1,45,9,53.8213951498,-1.45461444399
6196,110085506,435899,436286,3,3,21/02/2011,1402,3,2,1,2,2,3,2,1,9,53.8213951498,-1.45461444399
6197,110085506,435899,436286,3,3,21/02/2011,1402,3,2,1,2,2,3,2,69,9,53.8213951498,-1.45461444399
6198,110085613,429579,433804,1,1,21/02/2011,1717,6,1,1,1,3,3,2,24,9,53.7994832231,-1.5508642368
6199,110086840,431906,434828,1,1,21/02/2011,1750,6,1,1,1,2,3,2,41,11,53.808550115,-1.51542564174
6200,110088044,423737,434325,2,2,21/02/2011,1620,6,1,1,1,1,3,2,21,9,53.8044657812,-1.63952845424
6201,110088044,423737,434325,2,2,21/02/2011,1620,6,1,1,1,2,3,1,23,9,53.8044657812,-1.63952845424
6202,110086003,429107,436244,2,4,22/02/2011,200,6,1,4,1,2,3,1,20,9,53.8214423399,-1.55780020646
6203,110086003,429107,436244,2,4,22/02/2011,200,6,1,4,1,2,3,2,20,9,53.8214423399,-1.55780020646
6204,110086003,429107,436244,2,4,22/02/2011,200,6,1,4,1,2,3,2,19,9,53.8214423399,-1.55780020646
6205,110086003,429107,436244,2,4,22/02/2011,200,6,1,4,1,2,3,2,19,9,53.8214423399,-1.55780020646