Col.Number,Reference.Number,Easting,Northing,Number.of.Vehicles,Number.of.Casualties,Accident.Date,Time..24hr.,X1st.Road.Class,Road.Surface,Lighting.Conditions,Weather.Conditions,Casualty.Class,Casualty.Severity,Sex.of.Casualty,Age.of.Casualty,Type.of.Vehicle,Latitude,Longitude
6206,110086433,429619,426421,3,1,22/02/2011,700,1,2,1,1,1,3,2,42,9,53.7331167551,-1.55096555508
6207,110087385,429559,432368,2,2,22/02/2011,1705,6,2,1,1,1,3,1,50,9,53.7865765227,-1.55130569149
6208,110087385,429559,432368,2,2,22/02/2011,1705,6,2,1,1,1,3,2,49,9,53.7865765227,-1.55130569149
6209,110087571,432958,440271,1,1,22/02/2011,627,6,2,4,7,1,2,1,56,9,53.8574095479,-1.49886529307
6210,110087683,430096,431379,1,1,22/02/2011,1415,3,1,1,1,2,3,2,40,11,53.7776558718,-1.54325107119
6211,110090037,434744,435541,1,1,22/02/2011,1515,6,1,1,1,2,2,2,3,11,53.8147771285,-1.47224477172
6212,110090791,428087,434440,1,1,23/02/2011,1455,6,2,1,1,2,3,2,21,11,53.8052827693,-1.57346045406
6213,110090535,433209,425881,3,3,24/02/2011,1326,1,1,1,1,1,3,2,31,9,53.7280465513,-1.49660007108
6214,110090535,433209,425881,3,3,24/02/2011,1326,1,1,1,1,1,3,1,21,9,53.7280465513,-1.49660007108
6215,110090535,433209,425881,3,3,24/02/2011,1326,1,1,1,1,1,3,1,19,19,53.7280465513,-1.49660007108
6216,110090705,432024,435852,1,1,24/02/2011,1505,3,1,1,1,3,3,1,13,9,53.8177472559,-1.51352700858
6217,110090855,432524,427553,2,1,24/02/2011,1608,3,1,1,1,1,3,1,28,9,53.743118947,-1.50680733901
6218,110091038,428124,434745,1,1,24/02/2011,1620,6,1,1,1,3,3,1,20,9,53.8080223386,-1.57287070961
6219,110091128,429924,434058,2,1,24/02/2011,310,6,1,4,1,3,3,2,20,9,53.8017466282,-1.54560115856
6220,110091207,441162,448828,2,1,24/02/2011,1745,3,1,4,1,1,2,1,35,1,53.9337369895,-1.37297841442
6221,110091243,429790,430620,2,1,24/02/2011,2112,3,1,4,1,1,3,1,35,9,53.7708509958,-1.54796819907
6222,110092649,425793,435674,2,2,24/02/2011,1500,4,1,1,1,2,3,2,35,9,53.8164937541,-1.60819362253
6223,110092649,425793,435674,2,2,24/02/2011,1500,4,1,1,1,2,3,2,11,9,53.8164937541,-1.60819362253
6224,110092631,426478,438024,2,1,25/02/2011,1610,3,1,1,1,1,3,1,57,1,53.8375828746,-1.59758607885
6225,110093032,431492,429555,2,1,25/02/2011,1910,6,1,7,1,1,3,2,22,9,53.761177832,-1.52225179576
6226,110093301,430481,431171,1,1,26/02/2011,250,1,1,7,1,1,3,1,27,9,53.7757638128,-1.53742892474
6227,110093536,429243,433845,2,1,26/02/2011,800,6,2,1,2,1,3,1,37,9,53.7998707581,-1.55596209123
6228,110093685,424061,435491,3,2,26/02/2011,1000,3,2,1,1,1,3,2,34,9,53.8149318487,-1.6345171227
6229,110093685,424061,435491,3,2,26/02/2011,1000,3,2,1,1,1,3,1,38,9,53.8149318487,-1.6345171227
6230,110094498,432765,426700,1,1,26/02/2011,2047,3,1,7,1,3,2,2,36,9,53.7354364394,-1.50324340053
6231,110094575,433108,434031,3,1,26/02/2011,2140,4,1,4,1,1,3,1,38,9,53.8013110193,-1.49725666425
6232,110095121,439477,430653,2,2,27/02/2011,1100,6,2,1,1,1,2,2,45,16,53.7705033674,-1.40098173718
6233,110095121,439477,430653,2,2,27/02/2011,1100,6,2,1,1,1,3,1,82,9,53.7705033674,-1.40098173718
6234,110095266,440665,445761,1,2,27/02/2011,1225,3,2,1,1,1,2,1,62,9,53.90620914,-1.38095668178
6235,110095266,440665,445761,1,2,27/02/2011,1225,3,2,1,1,2,2,2,62,9,53.90620914,-1.38095668178
6236,110095577,436677,428720,1,1,27/02/2011,1550,3,2,1,1,3,3,1,10,9,53.7533330549,-1.44369593449
6237,110096347,431858,425431,2,1,28/02/2011,755,1,1,1,1,1,3,2,42,9,53.724085863,-1.51712478663
6238,110097445,427263,429568,2,1,28/02/2011,1800,3,1,4,1,1,2,1,28,1,53.7615331808,-1.58640455044
6239,110099366,431777,435547,2,2,28/02/2011,1130,3,1,1,1,1,3,2,68,9,53.8150208696,-1.51731051454
6240,110099366,431777,435547,2,2,28/02/2011,1130,3,1,1,1,2,3,1,6,9,53.8150208696,-1.51731051454
6241,110100730,419097,441929,2,1,28/02/2011,820,3,2,1,1,1,3,2,44,9,53.8730079596,-1.70951800362
6242,110097856,429688,434572,1,1,01/03/2011,315,3,1,4,1,3,3,1,18,9,53.8063803563,-1.54913515397
6243,110098163,430874,434252,2,1,01/03/2011,930,3,1,1,1,1,3,2,37,1,53.8034349174,-1.53115638724
6244,110098375,429755,430574,2,1,01/03/2011,1000,3,1,1,1,1,3,2,34,9,53.7704395132,-1.54850370577
6245,110098632,431496,433413,2,1,01/03/2011,1300,6,1,1,1,1,3,1,16,3,53.7958561076,-1.52179704288
6246,110098914,429518,434857,2,1,01/03/2011,1235,3,1,1,1,1,3,1,34,1,53.808951819,-1.55168948668
6247,110099019,426831,429190,1,1,01/03/2011,1535,6,1,1,1,3,3,1,5,9,53.7581578281,-1.5929909112
6248,110108760,428512,433043,2,2,01/03/2011,1730,4,1,1,1,2,3,2,24,9,53.7927023536,-1.56713578499
6249,110108760,428512,433043,2,2,01/03/2011,1730,4,1,1,1,2,3,1,26,9,53.7927023536,-1.56713578499
6250,110100336,428004,434221,2,2,02/03/2011,1043,6,1,1,1,1,3,1,23,9,53.8033187075,-1.57474080488
6251,110100336,428004,434221,2,2,02/03/2011,1043,6,1,1,1,2,3,1,25,9,53.8033187075,-1.57474080488
6252,110100810,426506,435676,1,1,02/03/2011,1550,6,1,1,1,3,2,1,12,9,53.8164758683,-1.59736297484
6253,110100929,439599,434121,2,1,02/03/2011,1459,1,1,1,1,1,2,2,62,9,53.801666347,-1.39868506581
6254,110101494,430903,435544,2,1,02/03/2011,1340,6,1,1,1,1,3,1,18,3,53.8150465883,-1.53058629167
6255,110102015,430356,432108,2,1,02/03/2011,1700,6,1,1,1,1,3,1,35,9,53.7841935738,-1.53923356855
6256,110102104,419508,445039,2,1,02/03/2011,1530,3,1,1,1,1,3,1,34,1,53.9009477076,-1.7030683751
6257,110102729,430851,438869,1,1,03/03/2011,1100,6,1,1,1,2,3,2,9,11,53.8449369838,-1.53104242721
6258,110104499,428836,440130,2,2,03/03/2011,1030,6,1,1,1,1,3,2,72,9,53.8563874877,-1.56155242505
6259,110104499,428836,440130,2,2,03/03/2011,1030,6,1,1,1,2,3,1,82,9,53.8563874877,-1.56155242505
6260,110125803,428061,435957,2,1,03/03/2011,900,3,1,1,1,1,3,2,31,1,53.8189200957,-1.57371695358
6261,110103803,430798,438592,1,1,04/03/2011,840,6,1,1,1,2,3,1,4,11,53.8424502751,-1.53187581204
6262,110103917,435799,426834,2,1,04/03/2011,815,6,1,1,1,2,3,1,14,9,53.7364414475,-1.45723098865
6263,110104711,438951,431551,2,1,04/03/2011,1705,3,1,1,1,1,3,2,39,9,53.7786147119,-1.40884930461
6264,110104859,428371,432520,2,1,04/03/2011,2104,3,1,4,1,1,3,2,53,9,53.7880089338,-1.56932451123
6265,110104862,427904,436184,2,1,04/03/2011,2115,3,1,7,1,1,3,1,24,9,53.8209689896,-1.57608132156
6266,110105834,430749,434739,2,2,05/03/2011,1410,6,1,1,1,1,3,1,54,9,53.8078198205,-1.53300588734
6267,110105834,430749,434739,2,2,05/03/2011,1410,6,1,1,1,2,3,1,46,9,53.8078198205,-1.53300588734
6268,110106096,432391,434898,1,1,05/03/2011,1211,4,1,1,1,3,2,1,29,9,53.8091493387,-1.50805260415
6269,110106363,430011,434440,1,1,05/03/2011,1905,2,1,7,1,1,2,1,28,9,53.8051753071,-1.54424286558
6270,110106457,430493,425015,2,1,05/03/2011,1835,3,1,4,1,1,2,1,49,1,53.7204280879,-1.53785448427
6271,110106490,439472,446161,2,2,05/03/2011,1625,3,1,1,1,1,3,1,38,9,53.9098967294,-1.39906499702
6272,110106490,439472,446161,2,2,05/03/2011,1625,3,1,1,1,2,3,2,63,9,53.9098967294,-1.39906499702
6273,110106578,431041,431342,1,1,05/03/2011,2300,6,1,4,5,1,3,1,19,2,53.7772678017,-1.52891362351
6274,110107736,427127,435704,2,2,06/03/2011,1952,4,1,4,1,1,3,2,53,9,53.8166955209,-1.58792752649
6275,110107736,427127,435704,2,2,06/03/2011,1952,4,1,4,1,1,3,1,21,9,53.8166955209,-1.58792752649
6276,110110607,425088,437085,1,1,06/03/2011,1238,6,1,1,1,3,3,1,57,9,53.8292114174,-1.61878748973
6277,110107895,437641,431524,1,1,07/03/2011,136,1,1,6,1,1,3,1,22,9,53.7784683854,-1.42873307322
6278,110108612,426482,427479,1,1,07/03/2011,1105,4,1,1,1,2,3,2,81,11,53.7427957396,-1.59843157247
6279,110109371,432551,433795,2,4,07/03/2011,1730,3,1,1,1,1,3,1,41,11,53.7992248461,-1.50573927828
6280,110109371,432551,433795,2,4,07/03/2011,1730,3,1,1,1,2,3,2,45,11,53.7992248461,-1.50573927828
6281,110109371,432551,433795,2,4,07/03/2011,1730,3,1,1,1,2,3,2,26,11,53.7992248461,-1.50573927828
6282,110109371,432551,433795,2,4,07/03/2011,1730,3,1,1,1,2,3,2,30,11,53.7992248461,-1.50573927828
6283,110109447,432351,434936,1,1,07/03/2011,1645,6,1,1,1,3,3,2,12,9,53.8094933979,-1.50865609647
6284,110115358,430958,435759,1,1,07/03/2011,1720,6,1,1,1,2,3,1,51,11,53.816975883,-1.52972924289
6285,110110723,430073,432249,2,2,08/03/2011,1230,3,1,1,1,1,3,2,32,9,53.7854774153,-1.54351524983
6286,110110723,430073,432249,2,2,08/03/2011,1230,3,1,1,1,2,3,2,28,9,53.7854774153,-1.54351524983
6287,110111157,432203,434643,2,1,08/03/2011,1620,6,1,1,1,1,3,2,45,2,53.8068689039,-1.51093447091
6288,110111827,427787,430716,2,2,08/03/2011,1020,3,1,1,1,1,3,1,33,9,53.7718246545,-1.57835202334
6289,110111827,427787,430716,2,2,08/03/2011,1020,3,1,1,1,1,3,2,22,9,53.7718246545,-1.57835202334
6290,110111838,433905,436532,1,1,09/03/2011,1115,3,2,1,4,1,3,1,87,9,53.823740239,-1.48487922378
6291,110111934,434647,435333,1,1,09/03/2011,840,6,2,1,1,3,3,1,16,9,53.8129139708,-1.47374153748
6292,110112068,436699,433841,2,1,09/03/2011,1025,3,1,1,1,1,3,1,59,9,53.7993622319,-1.44275285223
6293,110112851,427912,433638,2,1,09/03/2011,1645,3,1,1,1,1,3,2,28,1,53.7980832039,-1.57619068799
6294,110112949,433882,435070,2,1,09/03/2011,1613,6,1,1,1,3,3,1,41,9,53.8106003746,-1.48538967184
6295,110113240,431576,435202,3,4,09/03/2011,2055,3,1,4,1,1,3,1,38,8,53.8119320232,-1.52039897041
6296,110113240,431576,435202,3,4,09/03/2011,2055,3,1,4,1,1,3,1,33,9,53.8119320232,-1.52039897041
6297,110113240,431576,435202,3,4,09/03/2011,2055,3,1,4,1,2,3,1,35,8,53.8119320232,-1.52039897041
6298,110113240,431576,435202,3,4,09/03/2011,2055,3,1,4,1,2,3,1,34,8,53.8119320232,-1.52039897041
6299,110122016,432451,434813,2,1,09/03/2011,2030,4,1,7,1,1,3,2,28,9,53.8083815615,-1.5071503363
6300,110282977,430782,435709,2,2,09/03/2011,1805,6,1,4,1,1,3,2,38,9,53.8165368997,-1.53240769404
6301,110282977,430782,435709,2,2,09/03/2011,1805,6,1,4,1,1,3,1,21,3,53.8165368997,-1.53240769404
6302,110113445,435029,427793,3,2,10/03/2011,608,6,1,4,4,1,1,1,24,4,53.7451139221,-1.46879614187
6303,110113445,435029,427793,3,2,10/03/2011,608,6,1,4,4,1,3,1,60,19,53.7451139221,-1.46879614187
6304,110114354,442507,440033,3,1,10/03/2011,1320,3,1,1,1,1,3,1,43,9,53.8545762385,-1.35371233698
6305,110114385,431876,435537,1,1,10/03/2011,1415,6,1,1,1,3,3,1,46,9,53.8149249226,-1.51580780944
6306,110114506,429931,432968,1,2,10/03/2011,1355,6,2,1,5,3,2,2,22,21,53.7919485079,-1.54560078895
6307,110114506,429931,432968,1,2,10/03/2011,1355,6,2,1,5,3,1,1,35,21,53.7919485079,-1.54560078895
6308,110116588,424776,428060,2,1,10/03/2011,815,6,2,1,4,1,3,1,41,1,53.748102167,-1.62425383447
6309,110117662,431875,430499,2,1,10/03/2011,1700,1,1,1,1,1,3,1,40,9,53.7696399095,-1.51634422763
6310,110145367,429918,427970,2,1,10/03/2011,1700,6,1,1,1,1,2,1,39,2,53.7470233654,-1.54628281901
6311,110116508,419736,432696,1,1,11/03/2011,1850,6,2,4,1,3,3,1,13,9,53.7899900899,-1.70039126267
6312,110116521,433072,434071,1,1,11/03/2011,1620,4,1,1,1,3,2,1,59,9,53.8016728559,-1.49779900315
6313,110116629,426464,428141,2,1,11/03/2011,1715,6,1,1,1,1,2,1,21,3,53.7487472863,-1.59864780963
6314,110116716,436849,435384,1,1,11/03/2011,2145,6,2,4,1,2,3,1,30,9,53.813220994,-1.44029062814
6315,110117120,432936,440119,2,3,11/03/2011,1443,6,1,1,1,1,3,2,18,9,53.8560446798,-1.49921610718
6316,110117120,432936,440119,2,3,11/03/2011,1443,6,1,1,1,1,3,1,42,9,53.8560446798,-1.49921610718
6317,110117120,432936,440119,2,3,11/03/2011,1443,6,1,1,1,2,3,1,17,9,53.8560446798,-1.49921610718
6318,110117169,435782,425973,2,1,11/03/2011,1050,1,1,1,1,2,3,2,19,9,53.7287033366,-1.45758836013
6319,110116931,428534,437370,1,1,12/03/2011,135,6,2,7,1,2,3,1,31,9,53.8315954013,-1.56640056744
6320,110117576,440102,439647,2,1,12/03/2011,1205,3,1,1,1,1,2,1,53,5,53.85129805,-1.39032666986
6321,110118131,421647,435585,3,1,12/03/2011,1945,6,1,7,1,1,3,2,27,9,53.8158829139,-1.67117809414
6322,110118185,442768,445319,1,1,12/03/2011,2213,6,2,4,2,1,3,1,16,3,53.9020670225,-1.34900670613
6323,110120232,432737,434969,1,2,14/03/2011,1037,6,1,1,1,2,3,2,57,11,53.8097658665,-1.50279029681
6324,110120232,432737,434969,1,2,14/03/2011,1037,6,1,1,1,2,3,2,31,11,53.8097658665,-1.50279029681
6325,110120349,436200,434320,1,1,14/03/2011,1110,3,1,1,1,1,3,2,77,9,53.8037027319,-1.45027309854
6326,110122452,431683,435381,2,2,14/03/2011,1350,3,1,1,1,1,3,1,65,9,53.813534487,-1.51875540318
6327,110122452,431683,435381,2,2,14/03/2011,1350,3,1,1,1,1,3,1,67,9,53.813534487,-1.51875540318
6328,110122804,424592,432496,1,1,15/03/2011,1752,6,2,1,1,1,2,2,40,9,53.787985497,-1.62669069656
6329,110122838,432525,427554,2,5,15/03/2011,1950,3,2,4,1,1,3,1,18,9,53.7431278733,-1.50679207041
6330,110122838,432525,427554,2,5,15/03/2011,1950,3,2,4,1,2,3,2,16,19,53.7431278733,-1.50679207041
6331,110122838,432525,427554,2,5,15/03/2011,1950,3,2,4,1,2,3,2,17,9,53.7431278733,-1.50679207041
6332,110122838,432525,427554,2,5,15/03/2011,1950,3,2,4,1,2,3,2,17,9,53.7431278733,-1.50679207041
6333,110122838,432525,427554,2,5,15/03/2011,1950,3,2,4,1,2,3,1,18,9,53.7431278733,-1.50679207041
6334,110122872,431002,430598,2,1,15/03/2011,1605,6,2,1,1,1,3,1,22,9,53.7705824986,-1.5295802586
6335,110123058,434080,428624,2,1,15/03/2011,2259,6,2,4,1,1,2,2,29,9,53.7526464619,-1.48309509548
6336,110123333,439829,447283,3,1,16/03/2011,845,3,1,1,1,1,3,1,27,9,53.9199543191,-1.39348411677
6337,110123393,436244,435587,3,2,16/03/2011,1225,6,1,1,1,1,3,2,44,9,53.8150881995,-1.44945575222
6338,110123393,436244,435587,3,2,16/03/2011,1225,6,1,1,1,2,3,1,22,9,53.8150881995,-1.44945575222
6339,110123614,433312,441763,2,2,16/03/2011,1410,6,2,1,7,1,2,2,41,9,53.8707978864,-1.4933208428
6340,110123614,433312,441763,2,2,16/03/2011,1410,6,2,1,7,1,3,1,55,9,53.8707978864,-1.4933208428
6341,110124098,420624,441135,1,1,16/03/2011,2005,6,2,4,1,3,3,1,59,9,53.8658124204,-1.68634477324
6342,110124514,422944,443100,2,1,16/03/2011,1345,3,2,1,7,1,3,1,79,9,53.8833778896,-1.65091522086
6343,110125032,419590,438468,1,1,16/03/2011,1815,3,2,4,2,1,3,1,24,4,53.841879334,-1.70224009103
6344,110124330,440436,446598,1,1,17/03/2011,320,2,2,6,7,1,3,1,46,20,53.9137502888,-1.38433188954
6345,110124818,431881,430497,2,1,17/03/2011,940,1,1,1,1,1,3,2,37,9,53.7696215647,-1.51625339679
6346,110125036,426005,427355,2,1,17/03/2011,835,4,1,1,1,3,3,1,10,9,53.7417051325,-1.60567496188
6347,110125860,430797,425575,1,1,17/03/2011,1425,6,1,1,1,2,3,2,77,11,53.7254439741,-1.53319154712
6348,110126206,429188,431914,2,1,17/03/2011,1845,6,1,4,1,1,3,1,30,9,53.7825165627,-1.556980134
6349,110126215,432525,427553,2,2,17/03/2011,2000,3,1,4,1,1,3,1,26,9,53.7431188846,-1.50679217566
6350,110126215,432525,427553,2,2,17/03/2011,2000,3,1,4,1,2,3,2,16,9,53.7431188846,-1.50679217566
6351,110126342,431492,434243,1,1,17/03/2011,2340,6,1,4,1,3,3,1,26,9,53.8033169685,-1.52177289549
6352,110138910,429389,434939,1,1,17/03/2011,1400,3,1,1,1,3,3,1,23,11,53.8096962007,-1.55364080421
6353,110126585,430023,425121,2,1,18/03/2011,658,3,1,1,1,1,3,2,19,9,53.721408165,-1.54496717143
6354,110126826,425170,432366,1,1,18/03/2011,800,6,1,1,1,3,3,2,13,9,53.7867893152,-1.61792742187
6355,110127079,428621,436942,2,4,18/03/2011,1120,6,1,1,1,1,3,1,25,9,53.8277434501,-1.56511841728
6356,110127079,428621,436942,2,4,18/03/2011,1120,6,1,1,1,2,3,2,2,9,53.8277434501,-1.56511841728
6357,110127079,428621,436942,2,4,18/03/2011,1120,6,1,1,1,2,3,2,20,9,53.8277434501,-1.56511841728
6358,110127079,428621,436942,2,4,18/03/2011,1120,6,1,1,1,2,3,1,1,9,53.8277434501,-1.56511841728
6359,110127352,431020,432036,1,1,18/03/2011,1040,3,1,1,1,3,3,2,52,20,53.783507236,-1.52916248838
6360,110127389,422832,439630,1,1,18/03/2011,1127,6,1,1,1,1,3,2,18,9,53.8521918944,-1.6528775568
6361,110127552,440996,445715,3,2,18/03/2011,1515,2,1,1,1,1,3,1,21,9,53.9057695963,-1.37592435992
6362,110127552,440996,445715,3,2,18/03/2011,1515,2,1,1,1,1,3,2,20,9,53.9057695963,-1.37592435992
6363,110127649,428372,431290,1,1,18/03/2011,1621,3,1,1,1,1,3,1,48,9,53.7769526771,-1.56942253483
6364,110128826,437042,425877,1,3,18/03/2011,1825,1,1,6,1,1,3,1,42,9,53.7277524552,-1.43850078104
6365,110128826,437042,425877,1,3,18/03/2011,1825,1,1,6,1,2,3,2,13,9,53.7277524552,-1.43850078104
6366,110128826,437042,425877,1,3,18/03/2011,1825,1,1,6,1,2,3,2,5,9,53.7277524552,-1.43850078104
6367,110129101,434217,436980,2,1,18/03/2011,1130,3,1,1,1,2,3,2,22,9,53.8277466856,-1.48008934644
6368,110128726,432727,434474,2,2,19/03/2011,1120,4,1,1,1,1,3,2,22,9,53.8053171092,-1.50299480029
6369,110128726,432727,434474,2,2,19/03/2011,1120,4,1,1,1,2,3,2,20,9,53.8053171092,-1.50299480029
6370,110129049,428787,433274,2,1,19/03/2011,1520,3,1,1,1,1,3,2,27,9,53.794763615,-1.5629393303
6371,110130536,431231,433766,2,1,19/03/2011,1130,6,1,1,1,1,2,1,48,1,53.7990450957,-1.52578458417
6372,110130480,424930,427638,2,1,20/03/2011,1523,3,1,1,1,1,3,1,17,9,53.7443015096,-1.6219524201
6373,110130803,427221,437087,2,1,20/03/2011,2125,6,1,4,1,1,3,2,21,9,53.8291220366,-1.5863772418
6374,110132139,428430,428743,2,1,20/03/2011,1720,3,1,1,1,1,3,2,26,9,53.7540550218,-1.56877699846
6375,110131630,432202,433481,2,4,21/03/2011,830,6,1,1,1,1,3,1,29,9,53.7964241198,-1.51107117909
6376,110131630,432202,433481,2,4,21/03/2011,830,6,1,1,1,1,3,1,26,8,53.7964241198,-1.51107117909
6377,110131630,432202,433481,2,4,21/03/2011,830,6,1,1,1,2,3,2,40,8,53.7964241198,-1.51107117909
6378,110131630,432202,433481,2,4,21/03/2011,830,6,1,1,1,2,3,2,40,8,53.7964241198,-1.51107117909
6379,110131959,430622,434199,2,2,21/03/2011,1255,6,1,1,1,1,3,1,32,9,53.8029734132,-1.53498831808
6380,110131959,430622,434199,2,2,21/03/2011,1255,6,1,1,1,1,2,1,23,5,53.8029734132,-1.53498831808
6381,110132025,440913,431398,2,1,21/03/2011,725,4,1,1,1,1,3,1,31,5,53.7770889766,-1.37909464429
6382,110132272,429956,433147,1,2,21/03/2011,900,6,1,1,1,1,3,1,18,3,53.7935560532,-1.54520385834
6383,110132272,429956,433147,1,2,21/03/2011,900,6,1,1,1,3,3,1,36,3,53.7935560532,-1.54520385834
6384,110132702,422160,440597,2,2,21/03/2011,2045,6,1,7,1,1,3,1,20,9,53.8609131509,-1.66302417348
6385,110132702,422160,440597,2,2,21/03/2011,2045,6,1,7,1,1,3,1,28,9,53.8609131509,-1.66302417348
6386,110132808,431147,437054,2,1,21/03/2011,2240,6,1,4,1,1,3,2,23,9,53.8286049201,-1.52672716468
6387,110134140,429956,433158,2,1,21/03/2011,700,6,1,1,1,1,3,2,33,1,53.7936549293,-1.54520278872
6388,110133119,422682,437271,2,2,22/03/2011,918,3,1,1,1,1,2,2,22,9,53.8309939259,-1.6553322011
6389,110133119,422682,437271,2,2,22/03/2011,918,3,1,1,1,1,3,2,32,9,53.8309939259,-1.6553322011
6390,110133128,428581,431546,2,1,22/03/2011,859,3,1,1,1,1,3,1,27,9,53.7792423746,-1.56622709284
6391,110133571,436324,435580,1,1,22/03/2011,1406,6,1,1,1,3,3,1,13,11,53.8150196964,-1.44824144531
6392,110133705,429694,434566,1,1,22/03/2011,1343,3,1,1,1,2,3,1,50,11,53.8063260814,-1.54904461523
6393,110135012,432422,434833,2,2,22/03/2011,1815,6,1,1,1,1,3,1,56,9,53.8085631436,-1.50758864921
6394,110135012,432422,434833,2,2,22/03/2011,1815,6,1,1,1,2,3,2,50,9,53.8085631436,-1.50758864921
6395,110136892,420158,445591,1,1,22/03/2011,1210,4,1,1,1,3,3,2,43,9,53.9058846107,-1.69313850704
6396,110139067,426887,429184,2,1,22/03/2011,1545,3,1,1,1,1,3,1,60,9,53.758101008,-1.59214197327
6397,110135850,431196,431470,2,2,23/03/2011,1245,6,1,1,1,1,3,1,29,3,53.7784090954,-1.52654844155
6398,110135850,431196,431470,2,2,23/03/2011,1245,6,1,1,1,1,3,1,71,9,53.7784090954,-1.52654844155
6399,110136129,423620,437875,1,1,23/03/2011,1615,6,1,1,1,3,3,1,6,11,53.8363813581,-1.64103255871
6400,110136216,422438,433266,1,1,23/03/2011,1504,6,1,1,1,3,2,2,13,9,53.7950042503,-1.65933191403
6401,110136328,421549,434723,2,1,23/03/2011,1645,4,1,1,1,1,2,1,32,5,53.8081386006,-1.67272706869
6402,110138270,422261,428851,1,1,23/03/2011,1720,4,1,1,1,3,3,1,10,9,53.7553258999,-1.66233786535
6403,110137056,427646,431150,2,1,24/03/2011,809,3,1,1,1,1,3,1,38,1,53.7757333022,-1.58045263406
6404,110137689,430684,433452,1,1,24/03/2011,1205,6,1,1,1,2,3,2,78,11,53.7962551906,-1.53412127817
6405,110138245,429138,432053,2,1,24/03/2011,1750,6,1,1,1,1,2,1,53,19,53.7837688027,-1.55772587782
6406,110138330,430789,433472,2,1,24/03/2011,1700,3,1,1,1,1,2,1,44,1,53.7964287616,-1.53252511018
6407,110140152,430797,424357,2,1,24/03/2011,1755,3,1,1,1,1,3,1,39,5,53.7144955769,-1.53331276933
6408,110140180,426961,433113,2,4,24/03/2011,1830,4,1,1,1,1,3,2,40,9,53.7934142461,-1.59067598995
6409,110140180,426961,433113,2,4,24/03/2011,1830,4,1,1,1,2,3,2,31,9,53.7934142461,-1.59067598995
6410,110140180,426961,433113,2,4,24/03/2011,1830,4,1,1,1,2,3,1,5,9,53.7934142461,-1.59067598995
6411,110140180,426961,433113,2,4,24/03/2011,1830,4,1,1,1,2,3,1,16,9,53.7934142461,-1.59067598995
6412,110139198,431068,430359,2,1,25/03/2011,1100,6,1,1,1,2,3,2,66,11,53.7684302536,-1.52860288938
6413,110139359,430692,439050,1,1,25/03/2011,1157,4,1,1,1,3,3,1,56,9,53.8465733491,-1.53344116451
6414,110140267,420176,440674,2,1,25/03/2011,1925,3,1,4,1,1,2,1,30,5,53.8616862016,-1.69318828668
6415,110140361,434277,432751,2,1,25/03/2011,1815,6,1,1,1,3,3,1,4,9,53.789729834,-1.47964868503
6416,110140624,424320,435630,1,1,25/03/2011,1515,6,1,1,1,3,2,1,11,9,53.816169241,-1.63057205448
6417,110140628,430476,433980,1,1,25/03/2011,1130,6,1,1,1,3,3,1,18,4,53.8010134599,-1.53722700333
6418,110140978,428061,435956,2,1,25/03/2011,2020,3,1,4,1,1,3,1,22,1,53.818911107,-1.57371704481
6419,110140742,428787,433276,4,1,26/03/2011,815,3,1,1,1,1,3,1,18,9,53.7947815925,-1.5629391434
6420,110141024,434145,427752,2,2,26/03/2011,1125,3,1,1,1,1,3,2,21,9,53.7448040432,-1.48220564672
6421,110141024,434145,427752,2,2,26/03/2011,1125,3,1,1,1,1,3,2,64,9,53.7448040432,-1.48220564672
6422,110141076,431252,445730,2,1,26/03/2011,1015,3,1,1,1,1,3,2,41,1,53.9065837004,-1.52424768609
6423,110141747,423270,433901,1,1,26/03/2011,1855,6,1,7,1,3,3,1,11,9,53.8006756188,-1.64665223951
6424,110141883,430075,433856,1,1,26/03/2011,2350,6,1,4,1,3,3,2,28,9,53.7999221975,-1.54332801777
6425,110143066,431540,435162,2,1,27/03/2011,2105,3,1,4,1,1,3,1,35,9,53.8115746611,-1.52094984526
6426,110166461,420520,445026,2,1,27/03/2011,1000,6,1,1,1,1,2,1,40,1,53.9007917747,-1.68766582222
6427,110192897,431884,435157,2,1,27/03/2011,1058,6,1,1,1,2,3,1,35,9,53.8115087379,-1.5157256707
6428,110143458,428862,433350,2,1,28/03/2011,925,3,1,1,1,1,3,1,44,9,53.7954426053,-1.56179355321
6429,110143684,431266,429521,1,1,28/03/2011,1001,6,1,1,1,2,3,2,22,11,53.7608858276,-1.52568363439
6430,110143768,429755,434507,1,1,28/03/2011,1110,3,1,1,1,3,2,1,28,20,53.8057922605,-1.54812395798
6431,110144131,430082,431272,2,1,28/03/2011,1304,6,1,1,1,1,3,1,25,1,53.7766948837,-1.5434739713
6432,110144943,433314,425884,3,2,28/03/2011,2050,1,1,4,1,1,3,2,23,9,53.7280668214,-1.49500816925