Col.Number,Reference.Number,Easting,Northing,Number.of.Vehicles,Number.of.Casualties,Accident.Date,Time..24hr.,X1st.Road.Class,Road.Surface,Lighting.Conditions,Weather.Conditions,Casualty.Class,Casualty.Severity,Sex.of.Casualty,Age.of.Casualty,Type.of.Vehicle,Latitude,Longitude
6433,110144943,433314,425884,3,2,28/03/2011,2050,1,1,4,1,1,3,2,55,9,53.7280668214,-1.49500816925
6434,110145972,437127,431083,2,1,28/03/2011,1607,1,1,1,1,1,3,1,44,9,53.7745413182,-1.43658658182
6435,110147827,430894,432033,3,1,28/03/2011,940,3,1,1,1,1,3,2,32,9,53.7834877637,-1.53107521117
6436,110145956,431982,435466,2,2,29/03/2011,1355,6,1,1,1,1,3,1,20,9,53.8142802177,-1.51420512743
6437,110145956,431982,435466,2,2,29/03/2011,1355,6,1,1,1,2,3,2,55,9,53.8142802177,-1.51420512743
6438,110146261,428579,434968,2,1,29/03/2011,1500,6,1,1,1,1,3,1,20,1,53.8100020216,-1.56593997113
6439,110146346,428437,427346,2,2,29/03/2011,1730,3,2,1,2,1,3,2,39,9,53.7414972392,-1.5687994248
6440,110146346,428437,427346,2,2,29/03/2011,1730,3,2,1,2,2,3,2,3,9,53.7414972392,-1.5687994248
6441,110146365,441073,449409,2,1,29/03/2011,1530,2,1,1,1,2,3,1,75,9,53.9389662429,-1.37425593148
6442,110147366,427263,426389,3,1,29/03/2011,1650,3,2,1,2,1,3,1,27,19,53.7329576104,-1.58668509729
6443,110147891,429787,430630,2,1,29/03/2011,1048,3,1,1,1,2,3,1,34,11,53.7709410552,-1.54801275377
6444,110146986,424577,434672,2,1,30/03/2011,815,6,2,1,1,1,3,2,17,9,53.8075458835,-1.62674475165
6445,110147118,430434,431154,2,1,30/03/2011,845,6,1,1,1,1,3,1,16,2,53.7756137534,-1.53814383559
6446,110147545,430177,429855,2,1,30/03/2011,750,6,1,1,1,1,3,2,20,9,53.7639523027,-1.5421709057
6447,110147588,427945,436112,2,1,30/03/2011,1345,3,1,1,1,1,3,1,51,1,53.8203195983,-1.5754650086
6448,110148122,432179,434625,1,1,30/03/2011,1710,6,1,1,1,3,3,1,26,9,53.8067085934,-1.51130082491
6449,110148375,426967,433112,6,2,30/03/2011,2030,4,1,7,1,1,3,1,29,9,53.7934049464,-1.59058498758
6450,110148375,426967,433112,6,2,30/03/2011,2030,4,1,7,1,1,3,2,35,9,53.7934049464,-1.59058498758
6451,110149098,427541,437734,1,1,31/03/2011,950,6,2,1,1,2,3,1,82,11,53.8349208782,-1.58145701203
6452,110149820,427502,425503,2,1,31/03/2011,1405,3,1,1,4,1,3,1,39,9,53.7249809137,-1.58314068192
6453,110149931,424865,432032,1,1,31/03/2011,1455,6,1,1,4,3,3,1,12,3,53.783801705,-1.62258405807
6454,110150257,428121,426255,2,1,31/03/2011,1805,3,2,1,4,1,3,2,48,9,53.7317075391,-1.57369014804
6455,110150468,431146,434400,2,1,31/03/2011,2257,6,1,4,1,2,3,2,28,9,53.804749028,-1.52701105596
6456,110151597,429653,433378,1,1,01/04/2011,1435,6,1,1,1,3,3,1,29,8,53.7956498086,-1.54978165285
6457,110151726,433576,433246,2,1,01/04/2011,1430,6,1,1,1,1,3,1,20,2,53.7942249252,-1.4902359931
6458,110152939,437504,433078,2,1,01/04/2011,1925,6,1,1,4,1,3,1,31,9,53.7924465383,-1.43062308076
6459,110153059,426912,429231,1,1,01/04/2011,830,3,1,1,1,3,3,1,13,9,53.7585221929,-1.5917586533
6460,110155614,439824,448511,3,2,01/04/2011,1055,3,1,1,1,1,3,1,54,19,53.9309923576,-1.39340023847
6461,110155614,439824,448511,3,2,01/04/2011,1055,3,1,1,1,1,3,1,62,9,53.9309923576,-1.39340023847
6462,110182648,434972,425881,1,1,01/04/2011,1905,1,1,1,1,1,3,2,36,9,53.7279313166,-1.4698767936
6463,110152940,428530,431389,1,1,02/04/2011,1315,3,1,1,1,3,3,2,21,9,53.7778339327,-1.56701562036
6464,110153576,431349,435059,2,1,02/04/2011,1645,3,1,1,1,1,2,2,37,1,53.8106603771,-1.52386125994
6465,110153910,429588,430994,2,2,03/04/2011,235,6,1,4,1,1,2,1,20,3,53.7742243143,-1.55099735698
6466,110153910,429588,430994,2,2,03/04/2011,235,6,1,4,1,2,2,1,18,3,53.7742243143,-1.55099735698
6467,110153933,430555,433360,2,1,03/04/2011,445,6,1,4,1,2,3,2,22,9,53.7954358204,-1.53608895531
6468,110155218,423526,444445,1,1,03/04/2011,1248,3,1,1,1,1,3,2,25,9,53.8954416164,-1.64195717709
6469,110155557,429664,427888,2,1,03/04/2011,1600,6,1,1,1,1,3,1,17,1,53.7463008011,-1.55014256222
6470,110156471,431481,435622,2,1,04/04/2011,1715,6,1,1,1,2,3,2,22,9,53.8157130275,-1.52179887772
6471,110158220,425411,440051,2,1,05/04/2011,1530,6,1,1,1,1,3,1,52,1,53.8558563306,-1.61363424641
6472,110158407,424606,427655,5,2,05/04/2011,1638,1,1,1,1,1,3,1,43,9,53.7444697164,-1.6268642046
6473,110158407,424606,427655,5,2,05/04/2011,1638,1,1,1,1,1,3,1,62,9,53.7444697164,-1.6268642046
6474,110158670,443076,433512,2,4,05/04/2011,2044,3,1,6,1,1,3,1,40,9,53.7959160793,-1.3459752754
6475,110158670,443076,433512,2,4,05/04/2011,2044,3,1,6,1,2,1,2,39,9,53.7959160793,-1.3459752754
6476,110158670,443076,433512,2,4,05/04/2011,2044,3,1,6,1,2,2,2,18,9,53.7959160793,-1.3459752754
6477,110158670,443076,433512,2,4,05/04/2011,2044,3,1,6,1,2,1,2,43,9,53.7959160793,-1.3459752754
6478,110158689,430220,435118,2,2,05/04/2011,2248,6,1,7,1,2,3,2,52,9,53.8112575499,-1.54100246562
6479,110158689,430220,435118,2,2,05/04/2011,2248,6,1,7,1,2,3,2,21,9,53.8112575499,-1.54100246562
6480,110159147,424432,438642,2,1,06/04/2011,855,6,1,1,1,1,3,1,45,1,53.8432381846,-1.62863138498
6481,110159284,431173,431863,2,1,06/04/2011,1033,3,1,1,1,1,3,1,25,3,53.7819430452,-1.52685775689
6482,110159547,425944,434673,2,1,06/04/2011,715,6,1,1,1,1,3,1,42,9,53.8074884725,-1.60598432289
6483,110159946,427046,433537,1,1,06/04/2011,1430,6,1,1,1,3,2,2,85,19,53.79722108,-1.58934832177
6484,110160328,431883,435042,3,7,06/04/2011,2015,6,1,4,1,1,3,1,32,9,53.8104751019,-1.51575277301
6485,110160328,431883,435042,3,7,06/04/2011,2015,6,1,4,1,1,3,1,20,9,53.8104751019,-1.51575277301
6486,110160328,431883,435042,3,7,06/04/2011,2015,6,1,4,1,1,3,1,31,9,53.8104751019,-1.51575277301
6487,110160328,431883,435042,3,7,06/04/2011,2015,6,1,4,1,2,3,2,20,9,53.8104751019,-1.51575277301
6488,110160328,431883,435042,3,7,06/04/2011,2015,6,1,4,1,2,3,1,20,9,53.8104751019,-1.51575277301
6489,110160328,431883,435042,3,7,06/04/2011,2015,6,1,4,1,2,3,1,18,9,53.8104751019,-1.51575277301
6490,110160328,431883,435042,3,7,06/04/2011,2015,6,1,4,1,2,3,1,29,9,53.8104751019,-1.51575277301
6491,110160737,437508,431825,1,1,06/04/2011,1925,6,1,1,1,1,3,1,36,9,53.7811835522,-1.43071485013
6492,110161875,433298,436234,2,1,06/04/2011,1730,3,1,1,1,1,3,1,32,1,53.8211008713,-1.49413327892
6493,110161034,418117,442482,2,1,07/04/2011,915,3,1,1,1,1,3,2,37,1,53.8780139094,-1.724391779
6494,110161889,436109,434833,2,1,07/04/2011,1650,3,1,1,1,1,3,1,31,1,53.8083202036,-1.45159476452
6495,110162112,440460,428794,2,1,07/04/2011,1714,6,1,1,1,1,3,1,9,1,53.7537182051,-1.38631045587
6496,110162388,437668,444819,2,2,07/04/2011,2250,3,1,6,1,1,3,2,60,9,53.8979685871,-1.42669333332
6497,110162388,437668,444819,2,2,07/04/2011,2250,3,1,6,1,1,2,1,46,9,53.8979685871,-1.42669333332
6498,110163204,425059,433372,2,1,07/04/2011,1130,6,1,1,1,2,3,2,80,9,53.7958374294,-1.61953050584
6499,110163239,422123,438623,2,1,07/04/2011,1245,3,1,1,1,1,3,1,39,90,53.8431708838,-1.66372906208
6500,110163658,433181,433165,2,1,08/04/2011,1350,6,1,1,1,1,2,1,14,1,53.7935221829,-1.49624150571
6501,110163695,425344,443241,2,1,08/04/2011,1620,3,1,1,1,1,3,1,18,1,53.884533562,-1.61438928169
6502,110163825,428528,431534,2,2,08/04/2011,1750,3,1,1,1,1,3,2,62,9,53.7791374162,-1.56703255708
6503,110163825,428528,431534,2,2,08/04/2011,1750,3,1,1,1,1,3,2,43,9,53.7791374162,-1.56703255708
6504,110163970,425911,432231,2,1,08/04/2011,2200,3,1,4,1,1,3,1,56,9,53.7855394603,-1.60669091525
6505,110164707,435946,436803,4,3,08/04/2011,1958,6,1,1,1,1,3,1,22,9,53.8260389901,-1.4538400109
6506,110164707,435946,436803,4,3,08/04/2011,1958,6,1,1,1,1,3,2,34,9,53.8260389901,-1.4538400109
6507,110164707,435946,436803,4,3,08/04/2011,1958,6,1,1,1,2,3,2,2,9,53.8260389901,-1.4538400109
6508,110165050,433932,434041,1,1,08/04/2011,2340,3,1,4,1,1,3,1,19,9,53.8013478066,-1.48474371368
6509,110167917,430130,437785,2,7,08/04/2011,1200,3,1,1,1,1,3,2,41,9,53.8352356036,-1.54210807667
6510,110167917,430130,437785,2,7,08/04/2011,1200,3,1,1,1,2,3,2,16,9,53.8352356036,-1.54210807667
6511,110167917,430130,437785,2,7,08/04/2011,1200,3,1,1,1,2,3,1,3,9,53.8352356036,-1.54210807667
6512,110167917,430130,437785,2,7,08/04/2011,1200,3,1,1,1,2,3,1,3,9,53.8352356036,-1.54210807667
6513,110167917,430130,437785,2,7,08/04/2011,1200,3,1,1,1,2,3,2,7,9,53.8352356036,-1.54210807667
6514,110167917,430130,437785,2,7,08/04/2011,1200,3,1,1,1,2,3,1,5,9,53.8352356036,-1.54210807667
6515,110167917,430130,437785,2,7,08/04/2011,1200,3,1,1,1,2,3,2,20,9,53.8352356036,-1.54210807667
6516,110203861,431300,436316,2,1,08/04/2011,558,4,1,1,1,1,3,1,39,9,53.8219620944,-1.52447757157
6517,110165636,430498,437097,5,3,09/04/2011,2333,6,1,7,1,3,3,1,22,9,53.8290299278,-1.53658397311
6518,110165636,430498,437097,5,3,09/04/2011,2333,6,1,7,1,1,3,1,56,9,53.8290299278,-1.53658397311
6519,110165636,430498,437097,5,3,09/04/2011,2333,6,1,7,1,1,3,1,36,9,53.8290299278,-1.53658397311
6520,110165712,443644,437108,2,1,09/04/2011,1030,2,1,1,1,1,3,2,22,9,53.8281909916,-1.33684192837
6521,110167322,428356,431281,2,1,09/04/2011,845,3,1,1,1,1,3,1,38,9,53.7768726497,-1.56966617311
6522,110165821,421799,444120,3,2,10/04/2011,810,6,1,1,1,1,3,1,50,5,53.8925957833,-1.66826306856
6523,110165821,421799,444120,3,2,10/04/2011,810,6,1,1,1,1,3,1,54,5,53.8925957833,-1.66826306856
6524,110166442,432434,435148,2,1,10/04/2011,1648,6,1,1,1,1,3,1,7,1,53.811393824,-1.50737320911
6525,110166609,430370,434053,2,1,10/04/2011,1950,2,1,4,1,1,3,1,24,5,53.8016758357,-1.53882933831
6526,110166620,429372,433779,2,2,10/04/2011,1720,3,1,1,1,1,3,2,25,9,53.7992702336,-1.55400966154
6527,110166620,429372,433779,2,2,10/04/2011,1720,3,1,1,1,2,3,2,26,9,53.7992702336,-1.55400966154
6528,110166627,426551,427392,2,4,10/04/2011,1835,6,1,1,1,1,3,1,47,9,53.7420101976,-1.59739277196
6529,110166627,426551,427392,2,4,10/04/2011,1835,6,1,1,1,2,3,1,20,9,53.7420101976,-1.59739277196
6530,110166627,426551,427392,2,4,10/04/2011,1835,6,1,1,1,2,3,2,19,9,53.7420101976,-1.59739277196
6531,110166627,426551,427392,2,4,10/04/2011,1835,6,1,1,1,2,3,2,19,9,53.7420101976,-1.59739277196
6532,110166677,425157,432379,2,1,10/04/2011,1930,6,1,1,1,2,3,2,19,9,53.7869067986,-1.61812369174
6533,110166750,422259,433375,2,1,10/04/2011,1930,4,1,1,1,2,3,1,84,9,53.7959917249,-1.6620416778
6534,110170133,430317,433807,1,1,10/04/2011,430,6,1,4,1,3,3,1,22,8,53.7994677027,-1.53965833768
6535,110167505,432496,436596,3,2,11/04/2011,1010,6,1,1,1,1,3,1,32,9,53.8244055171,-1.50627859065
6536,110167505,432496,436596,3,2,11/04/2011,1010,6,1,1,1,1,3,1,38,9,53.8244055171,-1.50627859065
6537,110168048,426874,433602,2,2,11/04/2011,1340,6,2,1,1,1,3,1,40,9,53.7978142644,-1.59195413099
6538,110168048,426874,433602,2,2,11/04/2011,1340,6,2,1,1,2,3,2,38,9,53.7978142644,-1.59195413099
6539,110168708,435001,438398,2,1,11/04/2011,2130,3,1,4,1,1,3,2,44,9,53.8404402666,-1.46801590756
6540,110168779,429033,431918,2,1,11/04/2011,2100,6,1,7,4,1,3,1,31,1,53.7825611862,-1.55933229383
6541,110168797,436242,434290,1,1,11/04/2011,2355,3,1,4,1,2,3,1,20,9,53.8034301494,-1.44963885765
6542,110168982,432623,429549,1,1,12/04/2011,742,3,1,5,1,1,2,1,21,4,53.7610542988,-1.50509532928
6543,110169263,426282,435580,2,2,12/04/2011,1034,3,1,1,1,1,3,1,42,11,53.815624319,-1.60077373659
6544,110169263,426282,435580,2,2,12/04/2011,1034,3,1,1,1,1,3,1,26,9,53.815624319,-1.60077373659
6545,110169371,419112,441918,1,1,12/04/2011,1000,3,1,1,1,3,2,2,83,90,53.8729085306,-1.7092905295
6546,110170224,427527,436943,2,1,12/04/2011,1730,3,1,1,1,1,3,1,28,1,53.8278115402,-1.58174060541
6547,110170296,429727,430545,3,4,12/04/2011,1745,3,1,1,1,1,3,1,22,9,53.7701804379,-1.54893135198
6548,110170296,429727,430545,3,4,12/04/2011,1745,3,1,1,1,2,3,2,16,9,53.7701804379,-1.54893135198
6549,110170296,429727,430545,3,4,12/04/2011,1745,3,1,1,1,2,3,2,21,9,53.7701804379,-1.54893135198
6550,110170296,429727,430545,3,4,12/04/2011,1745,3,1,1,1,2,3,2,2,9,53.7701804379,-1.54893135198
6551,110170346,435546,438368,2,2,12/04/2011,1820,6,1,1,1,1,3,2,18,9,53.8401336,-1.45973626585
6552,110170346,435546,438368,2,2,12/04/2011,1820,6,1,1,1,2,3,1,18,9,53.8401336,-1.45973626585
6553,110170535,428071,434990,2,1,12/04/2011,2220,6,1,4,1,1,3,1,39,9,53.8102274452,-1.57365326978
6554,110170713,427967,433615,3,1,12/04/2011,943,3,1,1,1,1,3,1,38,8,53.7978735085,-1.57535769457
6555,110171223,435313,425909,2,1,12/04/2011,1730,1,1,1,1,1,3,2,24,9,53.7281600244,-1.46470479386
6556,110170823,434410,425866,4,1,13/04/2011,805,1,1,1,1,1,3,1,32,9,53.7278338663,-1.47839715006
6557,110172225,440994,445721,2,1,13/04/2011,1913,2,1,1,1,2,3,1,17,10,53.9058236845,-1.37595399978
6558,110172409,430231,435116,2,1,13/04/2011,1610,6,1,1,1,1,3,1,45,9,53.8112389331,-1.54083559411
6559,110172855,441430,444966,3,1,14/04/2011,746,2,1,1,1,1,3,2,27,9,53.8990028343,-1.36941947714
6560,110173072,432933,430222,3,4,14/04/2011,1106,4,1,1,1,1,3,2,53,9,53.7670842029,-1.50032087752
6561,110173072,432933,430222,3,4,14/04/2011,1106,4,1,1,1,2,3,2,36,9,53.7670842029,-1.50032087752
6562,110173072,432933,430222,3,4,14/04/2011,1106,4,1,1,1,2,3,1,18,9,53.7670842029,-1.50032087752
6563,110173072,432933,430222,3,4,14/04/2011,1106,4,1,1,1,1,3,1,39,9,53.7670842029,-1.50032087752
6564,110173380,424954,427586,2,1,14/04/2011,1311,3,1,1,1,1,3,2,45,9,53.7438329385,-1.62159268366
6565,110173940,426624,433100,2,1,14/04/2011,1650,6,1,1,1,1,3,1,33,9,53.7933147448,-1.59579333269
6566,110173961,444341,431607,2,3,14/04/2011,1650,3,1,1,1,1,2,2,40,9,53.7786868881,-1.32704425131
6567,110173961,444341,431607,2,3,14/04/2011,1650,3,1,1,1,2,2,2,10,9,53.7786868881,-1.32704425131
6568,110173961,444341,431607,2,3,14/04/2011,1650,3,1,1,1,2,2,1,55,9,53.7786868881,-1.32704425131
6569,110174084,431010,434885,1,1,14/04/2011,1957,6,1,1,1,1,3,1,46,9,53.8091166719,-1.52902744087
6570,110174205,429112,433845,1,1,14/04/2011,2312,6,1,4,1,3,3,1,19,8,53.7998781059,-1.55795118452
6571,110174341,443429,432753,1,2,14/04/2011,2030,6,1,4,1,1,3,1,78,9,53.7890645179,-1.34072304089
6572,110174341,443429,432753,1,2,14/04/2011,2030,6,1,4,1,2,3,2,75,9,53.7890645179,-1.34072304089
6573,110174364,427938,436127,1,1,15/04/2011,15,3,1,4,1,3,2,1,20,9,53.8204548055,-1.5755699855
6574,110174839,422634,443355,1,1,15/04/2011,948,6,1,1,1,1,3,1,25,9,53.8856836354,-1.65561282741
6575,110175012,425699,433090,2,1,15/04/2011,1215,4,1,1,1,2,3,1,38,9,53.7932713656,-1.60983719004
6576,110175523,428012,431098,1,1,15/04/2011,1637,3,1,1,1,1,2,1,32,3,53.7752463218,-1.57490321868
6577,110175761,424482,435629,2,1,15/04/2011,1655,6,1,1,1,1,3,2,35,9,53.8161526487,-1.62811136337
6578,110176160,427845,431279,1,2,16/04/2011,105,1,1,4,1,2,3,2,26,9,53.7768822528,-1.57742111247
6579,110176160,427845,431279,1,2,16/04/2011,105,1,1,4,1,2,3,2,21,9,53.7768822528,-1.57742111247
6580,110176342,428972,433688,2,2,16/04/2011,828,3,1,1,1,1,3,1,25,9,53.7984746888,-1.56009170402
6581,110176342,428972,433688,2,2,16/04/2011,828,3,1,1,1,1,3,2,41,9,53.7984746888,-1.56009170402
6582,110176709,435957,428286,2,3,16/04/2011,1425,3,1,1,1,1,3,1,34,9,53.7494821509,-1.45466662251
6583,110176709,435957,428286,2,3,16/04/2011,1425,3,1,1,1,2,3,2,56,9,53.7494821509,-1.45466662251
6584,110176709,435957,428286,2,3,16/04/2011,1425,3,1,1,1,2,3,2,32,9,53.7494821509,-1.45466662251
6585,110176770,431935,445792,2,2,16/04/2011,1030,3,1,1,1,1,3,1,28,9,53.9070993462,-1.51384424599
6586,110176770,431935,445792,2,2,16/04/2011,1030,3,1,1,1,1,1,1,30,3,53.9070993462,-1.51384424599
6587,110176784,428326,431263,2,2,16/04/2011,1000,3,1,1,1,1,3,2,25,9,53.7767124845,-1.57012309572
6588,110176784,428326,431263,2,2,16/04/2011,1000,3,1,1,1,2,3,2,51,9,53.7767124845,-1.57012309572
6589,110177764,430162,433923,2,1,16/04/2011,1516,6,1,1,1,2,3,2,35,11,53.8005194047,-1.54200045564
6590,110177937,429158,431786,2,3,16/04/2011,1530,1,1,1,1,1,3,2,29,9,53.7813676816,-1.55744757002
6591,110177937,429158,431786,2,3,16/04/2011,1530,1,1,1,1,2,3,2,66,9,53.7813676816,-1.55744757002
6592,110177937,429158,431786,2,3,16/04/2011,1530,1,1,1,1,2,3,1,43,9,53.7813676816,-1.55744757002
6593,110177917,442618,427289,2,1,17/04/2011,1104,3,1,1,1,2,3,1,22,9,53.7400184544,-1.35378817275
6594,110177961,423845,434258,2,1,17/04/2011,1050,6,1,1,1,1,3,2,44,9,53.8038585898,-1.63789358483
6595,110178409,440347,433745,1,2,17/04/2011,248,6,1,7,1,1,2,2,26,9,53.798229191,-1.38737657913
6596,110178409,440347,433745,1,2,17/04/2011,248,6,1,7,1,2,2,2,25,9,53.798229191,-1.38737657913
6597,110179478,422884,438849,1,1,17/04/2011,1640,6,1,1,1,1,2,1,11,1,53.8451693749,-1.65214520779
6598,110180132,430437,431154,2,2,17/04/2011,1720,6,1,1,1,1,3,1,64,9,53.775613578,-1.53809831023
6599,110180132,430437,431154,2,2,17/04/2011,1720,6,1,1,1,1,3,1,24,9,53.775613578,-1.53809831023
6600,110180338,431884,438784,2,1,17/04/2011,1745,6,1,1,1,1,3,1,16,1,53.8441105593,-1.51534951135
6601,110179346,434145,433897,1,1,18/04/2011,1120,6,1,1,1,3,3,2,23,9,53.8000395042,-1.48152542842
6602,110179482,431792,435567,1,1,18/04/2011,1138,3,1,1,1,3,2,1,79,9,53.815199726,-1.51708060829
6603,110179558,421102,436696,1,1,18/04/2011,1210,6,1,1,1,3,3,1,47,9,53.8258919196,-1.6793803725
6604,110181755,426721,431757,2,1,18/04/2011,1100,3,1,1,1,1,3,2,25,1,53.781237809,-1.59443715963
6605,110180953,438938,439110,1,1,19/04/2011,830,3,1,1,1,1,3,1,33,9,53.8465598453,-1.40809008258
6606,110181956,429216,426698,2,1,19/04/2011,1805,3,1,1,1,1,2,1,44,5,53.7356293985,-1.55704879826
6607,110181969,435464,433397,2,1,19/04/2011,1455,6,1,1,1,1,2,1,13,1,53.7954569459,-1.46155560903
6608,110182238,431099,435804,3,3,19/04/2011,2135,6,1,4,1,1,3,1,24,9,53.817371958,-1.5275828984
6609,110182238,431099,435804,3,3,19/04/2011,2135,6,1,4,1,1,3,1,47,8,53.817371958,-1.5275828984
6610,110182238,431099,435804,3,3,19/04/2011,2135,6,1,4,1,2,3,2,18,8,53.817371958,-1.5275828984
6611,110182843,429668,433953,2,1,20/04/2011,810,6,1,1,1,1,3,1,37,1,53.8008174759,-1.54949852705
6612,110183317,424275,445377,2,1,20/04/2011,1030,3,1,1,1,1,1,1,70,9,53.9037845269,-1.63048447172
6613,110183919,433155,435244,2,2,20/04/2011,1800,6,1,1,1,1,3,2,38,9,53.8122112611,-1.49641235204
6614,110183919,433155,435244,2,2,20/04/2011,1800,6,1,1,1,1,3,2,37,9,53.8122112611,-1.49641235204
6615,110183940,431877,440199,3,1,20/04/2011,1900,6,1,1,1,1,3,1,74,9,53.8568298756,-1.51530899054
6616,110184237,442479,442987,1,1,20/04/2011,1650,6,1,1,1,2,2,2,57,11,53.8811300753,-1.35372887502
6617,110185794,422938,437562,3,3,21/04/2011,1542,3,1,1,1,1,3,2,36,9,53.8335984272,-1.65142047485
6618,110185794,422938,437562,3,3,21/04/2011,1542,3,1,1,1,2,3,1,9,10,53.8335984272,-1.65142047485
6619,110185794,422938,437562,3,3,21/04/2011,1542,3,1,1,1,2,3,1,10,10,53.8335984272,-1.65142047485
6620,110185890,425941,438103,2,1,21/04/2011,1535,3,1,1,1,1,2,1,54,9,53.8383200785,-1.60574054557
6621,110185900,424848,438291,2,1,21/04/2011,1810,6,1,1,1,1,3,1,7,1,53.8400633968,-1.62233669056
6622,110186001,438491,430400,2,2,21/04/2011,1253,3,1,1,1,1,3,1,27,9,53.7683030673,-1.41597385567
6623,110186001,438491,430400,2,2,21/04/2011,1253,3,1,1,1,2,3,1,31,9,53.7683030673,-1.41597385567
6624,110186028,427464,433763,2,1,21/04/2011,1745,6,1,1,1,1,3,1,31,1,53.7992306445,-1.58298166858
6625,110186118,423896,428198,2,1,21/04/2011,2022,3,1,1,1,1,3,1,40,9,53.7493837275,-1.63758870355
6626,110186701,418328,441441,2,1,22/04/2011,950,3,1,1,1,1,3,1,53,9,53.868649163,-1.72124417607
6627,110186829,443591,437898,5,5,22/04/2011,1048,2,1,1,1,1,3,2,24,9,53.8352962454,-1.33753514825
6628,110186829,443591,437898,5,5,22/04/2011,1048,2,1,1,1,1,3,2,40,9,53.8352962454,-1.33753514825
6629,110186829,443591,437898,5,5,22/04/2011,1048,2,1,1,1,1,3,2,48,9,53.8352962454,-1.33753514825
6630,110186829,443591,437898,5,5,22/04/2011,1048,2,1,1,1,2,3,2,36,9,53.8352962454,-1.33753514825
6631,110186829,443591,437898,5,5,22/04/2011,1048,2,1,1,1,2,3,1,46,9,53.8352962454,-1.33753514825
6632,110186997,431983,435539,2,3,22/04/2011,1715,6,1,1,1,1,3,1,32,9,53.8149363287,-1.51418235005
6633,110186997,431983,435539,2,3,22/04/2011,1715,6,1,1,1,2,3,1,17,8,53.8149363287,-1.51418235005
6634,110186997,431983,435539,2,3,22/04/2011,1715,6,1,1,1,2,3,2,18,8,53.8149363287,-1.51418235005
6635,110188739,422829,442982,4,6,23/04/2011,1110,3,1,1,1,1,3,1,48,9,53.8823222956,-1.6526736609
6636,110188739,422829,442982,4,6,23/04/2011,1110,3,1,1,1,1,3,2,36,9,53.8823222956,-1.6526736609
6637,110188739,422829,442982,4,6,23/04/2011,1110,3,1,1,1,1,3,1,23,9,53.8823222956,-1.6526736609
6638,110188739,422829,442982,4,6,23/04/2011,1110,3,1,1,1,2,3,1,41,9,53.8823222956,-1.6526736609
6639,110188739,422829,442982,4,6,23/04/2011,1110,3,1,1,1,2,3,2,23,9,53.8823222956,-1.6526736609
6640,110188739,422829,442982,4,6,23/04/2011,1110,3,1,1,1,2,3,2,20,9,53.8823222956,-1.6526736609
6641,110188756,435817,434190,2,3,23/04/2011,1250,6,1,1,1,1,3,1,49,9,53.8025607293,-1.45610410266
6642,110188756,435817,434190,2,3,23/04/2011,1250,6,1,1,1,2,3,1,25,9,53.8025607293,-1.45610410266
6643,110188756,435817,434190,2,3,23/04/2011,1250,6,1,1,1,2,3,1,25,9,53.8025607293,-1.45610410266
6644,110188918,435173,437629,2,1,23/04/2011,1205,3,1,1,1,1,3,1,13,1,53.8335164432,-1.4654898147
6645,110188640,440837,434524,1,1,24/04/2011,134,1,2,6,1,1,3,1,19,9,53.8051929841,-1.37983364884
6646,110189168,424485,439055,1,1,24/04/2011,1057,6,1,1,1,3,3,2,77,11,53.8469480435,-1.62779287156
6647,110190162,431271,433822,2,1,24/04/2011,2300,6,1,4,1,1,3,1,39,11,53.7995460601,-1.52517155576
6648,110189920,436006,428260,1,1,25/04/2011,158,3,1,7,1,1,3,2,24,9,53.7492450622,-1.45392654337
6649,110190457,425017,434606,2,1,25/04/2011,1420,6,1,1,1,1,3,1,63,5,53.8069316425,-1.62006791822
6650,110191097,427858,430520,2,1,25/04/2011,1230,3,1,1,1,2,3,2,29,9,53.7700590544,-1.57729238082
6651,110191771,428554,427738,2,1,26/04/2011,1344,3,1,1,1,1,3,2,28,9,53.7450144684,-1.56698914347
6652,110192142,442212,443024,2,2,26/04/2011,1524,2,1,1,1,1,3,2,70,9,53.8814844422,-1.35778560662
6653,110192142,442212,443024,2,2,26/04/2011,1524,2,1,1,1,2,3,1,76,9,53.8814844422,-1.35778560662
6654,110192405,428033,425739,1,1,26/04/2011,2035,6,1,1,1,3,3,1,21,9,53.7270740208,-1.57507094623
6655,110193280,441485,433388,1,1,26/04/2011,1910,6,1,1,1,3,3,2,15,9,53.7949308031,-1.37014655708
6656,110193411,431427,434069,3,3,26/04/2011,1530,6,1,1,1,1,3,1,32,8,53.8017568672,-1.52277768618
6657,110193411,431427,434069,3,3,26/04/2011,1530,6,1,1,1,2,3,2,31,8,53.8017568672,-1.52277768618
6658,110193411,431427,434069,3,3,26/04/2011,1530,6,1,1,1,2,3,2,8,8,53.8017568672,-1.52277768618
6659,110227989,436552,436151,1,1,26/04/2011,2315,6,1,4,1,2,3,2,91,8,53.8201361854,-1.44471047599
6660,110193620,431644,437425,3,1,27/04/2011,1320,6,1,1,1,1,3,1,62,9,53.8319096815,-1.51913744063