Col.Number,Reference.Number,Easting,Northing,Number.of.Vehicles,Number.of.Casualties,Accident.Date,Time..24hr.,X1st.Road.Class,Road.Surface,Lighting.Conditions,Weather.Conditions,Casualty.Class,Casualty.Severity,Sex.of.Casualty,Age.of.Casualty,Type.of.Vehicle,Latitude,Longitude
6661,110193876,432213,438220,2,2,27/04/2011,1400,6,1,1,1,1,3,1,73,9,53.8390206762,-1.51040791585
6662,110193876,432213,438220,2,2,27/04/2011,1400,6,1,1,1,1,3,1,46,8,53.8390206762,-1.51040791585
6663,110193904,436180,434460,2,1,27/04/2011,1640,3,1,1,1,1,3,1,48,1,53.8049625261,-1.45056034719
6664,110194015,434835,437053,1,1,27/04/2011,1835,6,1,1,1,3,3,1,12,11,53.8283617932,-1.47069130315
6665,110194474,430302,435025,2,2,27/04/2011,2305,6,1,4,1,2,3,1,17,8,53.8104168284,-1.53976620709
6666,110194474,430302,435025,2,2,27/04/2011,2305,6,1,4,1,2,3,1,17,8,53.8104168284,-1.53976620709
6667,110194836,432961,439244,2,1,27/04/2011,1715,6,1,1,1,1,3,2,29,9,53.8481780789,-1.49892995433
6668,110194994,434071,432982,2,1,27/04/2011,1815,6,1,1,1,1,3,1,11,1,53.7918197419,-1.48275023998
6669,110195200,426861,437684,2,1,27/04/2011,1515,3,1,1,1,1,3,1,42,3,53.8345070445,-1.5917951094
6670,110195744,437199,444242,2,2,27/04/2011,1820,3,1,1,1,1,3,1,35,9,53.8928161346,-1.43390122523
6671,110195744,437199,444242,2,2,27/04/2011,1820,3,1,1,1,2,3,1,27,9,53.8928161346,-1.43390122523
6672,110196691,432387,434929,2,1,27/04/2011,1310,6,1,1,1,1,3,2,69,9,53.8094282364,-1.5081100907
6673,110195672,432501,433769,2,1,28/04/2011,1530,3,1,1,1,1,3,1,28,9,53.7989942668,-1.50650120088
6674,110195929,429794,434067,2,1,28/04/2011,1820,6,1,1,1,2,3,2,65,9,53.8018349893,-1.54757428239
6675,110196774,427430,432847,2,1,29/04/2011,1610,6,1,1,1,1,3,1,63,9,53.7909987162,-1.58357948305
6676,110196899,429935,431118,1,1,29/04/2011,1945,6,1,1,1,3,3,2,6,9,53.775319087,-1.54571972208
6677,110197761,428420,426437,2,1,29/04/2011,1800,1,1,1,1,1,3,2,51,9,53.7333273019,-1.56914076802
6678,110197551,421851,441237,2,1,30/04/2011,1143,3,1,1,1,1,2,1,54,9,53.8666790597,-1.66767730347
6679,110197959,424295,428986,1,1,30/04/2011,1035,6,1,1,1,2,2,2,82,11,53.7564485287,-1.63147553838
6680,110197987,423601,437875,1,1,30/04/2011,1540,6,1,1,1,2,3,1,67,11,53.8363822217,-1.64132130698
6681,110198293,431903,435734,1,1,30/04/2011,2240,3,1,7,1,3,3,2,10,9,53.8166940334,-1.51537727079
6682,110199206,428394,434387,2,1,01/05/2011,1640,6,1,1,1,1,3,1,35,9,53.8047896958,-1.56880327171
6683,110199254,435021,436107,1,1,01/05/2011,1355,6,1,1,1,3,3,1,13,9,53.8198460892,-1.46797295483
6684,110203871,432210,438089,2,2,01/05/2011,1325,6,1,1,1,1,3,2,50,9,53.8378433525,-1.51046724362
6685,110203871,432210,438089,2,2,01/05/2011,1325,6,1,1,1,2,3,2,89,9,53.8378433525,-1.51046724362
6686,110200145,441108,430776,1,1,02/05/2011,249,6,1,4,1,2,3,2,19,8,53.7714827596,-1.37621837244
6687,110200376,423809,439245,2,1,02/05/2011,1250,6,1,1,1,1,3,1,28,1,53.8486873409,-1.63805407991
6688,110200396,427495,435855,1,1,02/05/2011,430,4,1,4,1,3,2,1,31,9,53.8180334889,-1.58232409187
6689,110201817,428498,428336,1,1,03/05/2011,1517,3,1,1,1,2,3,2,55,11,53.7503928551,-1.56778317054
6690,110201913,429239,435456,1,1,03/05/2011,1450,6,1,1,1,3,3,1,13,9,53.8143518257,-1.55586980016
6691,110201968,430305,427707,2,1,03/05/2011,1823,6,1,1,1,1,3,1,7,1,53.744636952,-1.5404398292
6692,110202288,427077,437365,3,4,03/05/2011,2101,6,1,4,1,1,3,1,20,9,53.8316284276,-1.58854076903
6693,110202288,427077,437365,3,4,03/05/2011,2101,6,1,4,1,2,3,1,25,9,53.8316284276,-1.58854076903
6694,110202288,427077,437365,3,4,03/05/2011,2101,6,1,4,1,2,3,1,18,9,53.8316284276,-1.58854076903
6695,110202288,427077,437365,3,4,03/05/2011,2101,6,1,4,1,2,3,1,22,9,53.8316284276,-1.58854076903
6696,110202750,432694,426009,2,1,04/05/2011,725,1,1,1,1,1,3,2,44,9,53.7292296525,-1.5043928638
6697,110203115,424242,428222,2,1,04/05/2011,5,3,1,7,1,2,3,2,0,9,53.7495834813,-1.63233943603
6698,110203137,427202,426164,4,4,04/05/2011,937,1,1,1,1,1,3,2,55,9,53.7309382982,-1.58762964197
6699,110203137,427202,426164,4,4,04/05/2011,937,1,1,1,1,2,3,1,31,19,53.7309382982,-1.58762964197
6700,110203137,427202,426164,4,4,04/05/2011,937,1,1,1,1,2,3,2,65,9,53.7309382982,-1.58762964197
6701,110203137,427202,426164,4,4,04/05/2011,937,1,1,1,1,2,3,2,65,9,53.7309382982,-1.58762964197
6702,110203642,431419,434082,2,2,04/05/2011,1600,6,1,1,1,1,3,2,26,9,53.8018742035,-1.52289783589
6703,110203642,431419,434082,2,2,04/05/2011,1600,6,1,1,1,1,3,1,17,9,53.8018742035,-1.52289783589
6704,110203731,422407,428984,2,1,04/05/2011,1712,3,1,1,1,1,3,1,47,5,53.7565151678,-1.6601136806
6705,110203778,431321,435042,2,1,04/05/2011,1745,3,1,1,1,1,3,1,34,1,53.8105092568,-1.52428824699
6706,110203821,422375,442293,2,1,04/05/2011,1743,3,1,1,1,1,2,1,36,1,53.8761488444,-1.65963110115
6707,110203905,421531,433975,2,2,04/05/2011,2000,4,1,1,1,1,3,1,26,9,53.8014156816,-1.67305275037
6708,110203905,421531,433975,2,2,04/05/2011,2000,4,1,1,1,2,3,2,23,9,53.8014156816,-1.67305275037
6709,110204780,434708,425890,5,1,04/05/2011,1719,1,1,1,1,1,3,2,26,9,53.7280298504,-1.47387744234
6710,110204918,434772,435545,2,2,04/05/2011,815,6,1,1,1,1,3,2,41,9,53.814811211,-1.47181902449
6711,110204918,434772,435545,2,2,04/05/2011,815,6,1,1,1,2,3,2,14,9,53.814811211,-1.47181902449
6712,110205936,429550,431241,1,1,04/05/2011,2145,6,1,4,1,2,3,2,74,8,53.7764466988,-1.55155032728
6713,110219020,430565,431800,2,2,04/05/2011,1600,1,1,1,1,1,3,2,22,9,53.7814128104,-1.53609186033
6714,110219020,430565,431800,2,2,04/05/2011,1600,1,1,1,1,2,3,2,1,9,53.7814128104,-1.53609186033
6715,110204238,426111,437776,2,1,05/05/2011,339,6,1,4,1,1,3,1,20,9,53.8353722437,-1.60318468853
6716,110205418,424144,437529,2,1,05/05/2011,1525,6,1,1,1,2,3,1,35,9,53.8332471538,-1.63309637593
6717,110205687,431076,431205,2,1,05/05/2011,1815,6,1,1,1,1,3,1,35,1,53.7760342563,-1.52839627974
6718,110205759,420343,434229,2,1,05/05/2011,1815,3,2,1,2,1,3,2,26,9,53.803746674,-1.6910753969
6719,110206033,430250,433231,2,1,06/05/2011,32,6,1,4,1,1,3,1,49,8,53.7942940971,-1.5407322184
6720,110206079,429673,434587,1,1,06/05/2011,320,3,1,4,1,3,3,1,22,8,53.8065160432,-1.54936150184
6721,110206288,436159,434680,1,1,06/05/2011,745,3,1,1,1,3,3,2,19,9,53.8069414759,-1.45085340154
6722,110207214,429849,434329,2,1,06/05/2011,1550,3,1,1,1,2,3,2,27,11,53.8041868817,-1.54671372914
6723,110207270,431969,435826,2,1,06/05/2011,1514,3,1,1,1,1,3,1,31,9,53.8175169359,-1.51436517633
6724,110207362,434129,434213,4,7,06/05/2011,1600,3,1,1,1,1,3,1,57,9,53.8028809643,-1.48173334499
6725,110207362,434129,434213,4,7,06/05/2011,1600,3,1,1,1,1,3,1,28,9,53.8028809643,-1.48173334499
6726,110207362,434129,434213,4,7,06/05/2011,1600,3,1,1,1,1,3,1,52,9,53.8028809643,-1.48173334499
6727,110207362,434129,434213,4,7,06/05/2011,1600,3,1,1,1,1,3,2,45,9,53.8028809643,-1.48173334499
6728,110207362,434129,434213,4,7,06/05/2011,1600,3,1,1,1,2,3,1,41,9,53.8028809643,-1.48173334499
6729,110207362,434129,434213,4,7,06/05/2011,1600,3,1,1,1,2,3,2,29,9,53.8028809643,-1.48173334499
6730,110207362,434129,434213,4,7,06/05/2011,1600,3,1,1,1,2,3,2,23,9,53.8028809643,-1.48173334499
6731,110207518,442999,431610,2,1,06/05/2011,1815,3,1,1,1,1,3,1,45,1,53.778826426,-1.34740965933
6732,110207606,443007,431624,2,2,06/05/2011,1940,3,1,1,1,1,3,1,66,5,53.7789516036,-1.34728630034
6733,110207606,443007,431624,2,2,06/05/2011,1940,3,1,1,1,2,2,2,42,9,53.7789516036,-1.34728630034
6734,110208037,423245,435776,2,1,06/05/2011,1615,3,1,1,1,1,3,1,17,2,53.8175307845,-1.646890239
6735,110208142,428097,434516,2,1,07/05/2011,825,6,1,1,1,1,3,1,47,1,53.8059653743,-1.57330165845
6736,110208900,434684,435012,2,1,07/05/2011,1745,6,1,1,1,2,3,2,49,9,53.8100261593,-1.47321574409
6737,110208959,422234,439129,1,1,07/05/2011,1809,6,1,1,1,1,3,1,30,19,53.8477144691,-1.66200525367
6738,110209933,422117,436326,1,1,07/05/2011,1915,6,1,1,1,3,3,1,9,9,53.8225238522,-1.66398556065
6739,110209288,430802,424462,1,2,08/05/2011,228,1,2,4,2,1,3,1,39,8,53.7154391099,-1.53322655506
6740,110209288,430802,424462,1,2,08/05/2011,228,1,2,4,2,2,3,1,18,8,53.7154391099,-1.53322655506
6741,110209538,427487,431347,3,2,08/05/2011,950,3,1,1,1,1,3,2,45,9,53.7775125156,-1.58284794036
6742,110209538,427487,431347,3,2,08/05/2011,950,3,1,1,1,1,3,1,22,9,53.7775125156,-1.58284794036
6743,110209944,424128,444005,2,2,08/05/2011,1430,3,1,1,1,1,3,2,36,9,53.8914589248,-1.63283019748
6744,110209944,424128,444005,2,2,08/05/2011,1430,3,1,1,1,2,2,2,67,9,53.8914589248,-1.63283019748
6745,110210407,427413,435851,2,2,08/05/2011,2205,6,1,4,1,1,3,1,25,9,53.8180018645,-1.58357007213
6746,110210407,427413,435851,2,2,08/05/2011,2205,6,1,4,1,2,3,1,25,9,53.8180018645,-1.58357007213
6747,110211442,427028,433723,4,2,08/05/2011,1500,3,1,1,1,1,3,1,19,9,53.798893929,-1.58960529324
6748,110211442,427028,433723,4,2,08/05/2011,1500,3,1,1,1,1,3,1,35,19,53.798893929,-1.58960529324
6749,110212441,444836,432222,1,5,09/05/2011,2313,2,2,6,2,1,3,1,33,9,53.7841723603,-1.31944286106
6750,110212441,444836,432222,1,5,09/05/2011,2313,2,2,6,2,2,3,2,19,9,53.7841723603,-1.31944286106
6751,110212441,444836,432222,1,5,09/05/2011,2313,2,2,6,2,2,3,1,4,9,53.7841723603,-1.31944286106
6752,110212441,444836,432222,1,5,09/05/2011,2313,2,2,6,2,2,3,1,7,9,53.7841723603,-1.31944286106
6753,110212441,444836,432222,1,5,09/05/2011,2313,2,2,6,2,2,3,2,6,9,53.7841723603,-1.31944286106
6754,110214909,429391,431353,2,1,09/05/2011,1400,6,1,1,1,2,3,2,59,9,53.7774624414,-1.5539525499
6755,110213006,429285,433483,2,2,10/05/2011,1050,6,1,1,1,1,3,2,41,9,53.7966144709,-1.55535878841
6756,110213006,429285,433483,2,2,10/05/2011,1050,6,1,1,1,1,3,2,53,9,53.7966144709,-1.55535878841
6757,110213382,428795,435573,2,1,10/05/2011,900,3,1,1,1,1,3,1,28,1,53.8154282864,-1.56260283693
6758,110213622,430863,436299,2,1,10/05/2011,830,6,1,1,1,1,2,2,31,1,53.8218354185,-1.53111811407
6759,110213711,421115,441167,2,1,10/05/2011,1605,6,1,1,1,1,3,2,51,2,53.8660803154,-1.6788754407
6760,110213735,432692,436901,2,1,10/05/2011,1510,6,1,1,1,1,3,2,42,19,53.8271347585,-1.50326839776
6761,110213748,429068,432165,3,1,10/05/2011,1600,6,1,1,1,3,3,1,18,9,53.7847794585,-1.55877778333
6762,110213840,432242,426270,2,1,10/05/2011,1745,1,1,1,1,1,3,2,54,9,53.7316038652,-1.51121722667
6763,110214095,424579,435151,2,1,10/05/2011,2234,3,1,4,1,1,3,1,76,9,53.8118514263,-1.62667612393
6764,110214118,432998,436045,2,1,10/05/2011,2120,3,1,4,1,2,3,2,24,9,53.8194211506,-1.49871099442
6765,110214246,428405,434380,2,1,10/05/2011,2040,6,1,1,1,1,3,1,19,1,53.8047261739,-1.56863687467
6766,110214353,429266,432797,2,1,11/05/2011,810,6,1,1,1,1,3,1,59,1,53.790449258,-1.55571242939
6767,110214490,430700,436765,2,1,11/05/2011,805,6,1,1,1,1,2,1,47,1,53.8260337945,-1.53354785483
6768,110215622,432622,436855,2,1,11/05/2011,1830,6,1,1,1,1,3,1,44,9,53.8267256802,-1.50433683476
6769,110215808,437147,437669,2,1,11/05/2011,1650,3,1,1,1,1,2,1,19,3,53.8337385991,-1.43548844313
6770,110216752,429012,430277,2,1,11/05/2011,1925,6,1,1,1,1,3,1,19,9,53.7678117663,-1.55980539353
6771,110216369,430637,433686,1,1,12/05/2011,910,3,1,1,1,2,3,1,76,11,53.7983613203,-1.53481158238
6772,110217472,431530,433068,1,2,12/05/2011,1650,6,1,1,4,1,3,1,75,9,53.7927529451,-1.52131615308
6773,110217472,431530,433068,1,2,12/05/2011,1650,6,1,1,4,2,2,2,68,9,53.7927529451,-1.52131615308
6774,110217478,433039,430139,3,1,12/05/2011,1620,4,2,1,1,1,3,1,39,9,53.7663314259,-1.49872153693
6775,110265146,427661,438581,1,1,12/05/2011,700,3,1,1,1,1,2,1,37,1,53.8425279401,-1.57955715671
6776,110218336,430419,439107,1,1,13/05/2011,1130,6,1,1,1,3,3,1,50,9,53.8471017649,-1.5375853282
6777,110219041,427365,434649,2,4,13/05/2011,1915,3,1,1,1,1,3,1,19,9,53.8071999107,-1.58440611134
6778,110219041,427365,434649,2,4,13/05/2011,1915,3,1,1,1,2,3,1,28,9,53.8071999107,-1.58440611134
6779,110219041,427365,434649,2,4,13/05/2011,1915,3,1,1,1,2,3,1,18,9,53.8071999107,-1.58440611134
6780,110219041,427365,434649,2,4,13/05/2011,1915,3,1,1,1,2,3,1,20,9,53.8071999107,-1.58440611134
6781,110219202,421195,440228,2,2,13/05/2011,1550,4,1,1,1,1,3,1,44,9,53.8576365946,-1.67772366321
6782,110219202,421195,440228,2,2,13/05/2011,1550,4,1,1,1,1,3,2,24,9,53.8576365946,-1.67772366321
6783,110219717,434830,437970,2,1,13/05/2011,725,3,1,1,1,1,3,2,30,1,53.8366046538,-1.47066335399
6784,110220150,436530,425930,2,1,13/05/2011,1725,1,2,1,2,1,3,2,24,9,53.7282649677,-1.44625524474
6785,110220093,424261,435375,1,1,14/05/2011,1135,3,2,1,4,2,3,2,95,11,53.8138798533,-1.63148836927
6786,110220390,427745,436445,2,1,14/05/2011,1720,3,2,1,1,1,3,2,19,9,53.8233235602,-1.57847323703
6787,110220614,423408,435270,3,2,14/05/2011,1915,4,1,1,1,1,2,2,21,9,53.8129751308,-1.64445269168
6788,110220614,423408,435270,3,2,14/05/2011,1915,4,1,1,1,2,2,1,22,9,53.8129751308,-1.64445269168
6789,110221011,429781,438888,2,1,14/05/2011,1425,3,2,1,1,1,3,1,39,1,53.8451702285,-1.54730479129
6790,110221279,431699,435662,1,1,14/05/2011,1905,6,2,1,1,3,3,1,5,9,53.8160593281,-1.51848343192
6791,110220823,431932,434812,1,1,15/05/2011,145,6,1,4,1,2,3,1,21,9,53.8084047003,-1.51503244063
6792,110221001,425225,437873,1,1,15/05/2011,700,3,1,1,1,3,2,1,23,9,53.8362879275,-1.61664114852
6793,110221051,439661,427191,1,1,15/05/2011,516,6,1,1,1,1,2,1,33,5,53.7393709158,-1.39863457934
6794,110221634,430067,433793,1,3,15/05/2011,1455,6,1,1,1,1,3,2,70,9,53.7993563703,-1.54345564
6795,110221634,430067,433793,1,3,15/05/2011,1455,6,1,1,1,3,3,2,43,9,53.7993563703,-1.54345564
6796,110221634,430067,433793,1,3,15/05/2011,1455,6,1,1,1,3,3,1,11,9,53.7993563703,-1.54345564
6797,110222686,428112,426277,2,1,16/05/2011,911,3,1,1,1,1,3,1,59,9,53.7319057793,-1.57382458234
6798,110223593,423638,438048,2,1,16/05/2011,1600,6,1,1,1,1,3,2,50,9,53.8379355979,-1.64074569844
6799,110294425,430501,437077,1,1,16/05/2011,1030,6,1,1,1,2,3,2,19,11,53.8288499783,-1.53654037424
6800,110224317,426357,428156,2,3,17/05/2011,815,6,1,1,1,2,3,1,14,9,53.7488875416,-1.60026924481
6801,110224317,426357,428156,2,3,17/05/2011,815,6,1,1,1,1,3,2,43,9,53.7488875416,-1.60026924481
6802,110224317,426357,428156,2,3,17/05/2011,815,6,1,1,1,2,3,2,16,9,53.7488875416,-1.60026924481
6803,110224861,430132,433764,1,1,17/05/2011,1320,6,1,1,1,3,3,2,18,11,53.7990919363,-1.54247153687
6804,110224935,431183,434311,2,1,17/05/2011,1245,6,1,1,1,1,3,1,26,9,53.803946817,-1.52645820276
6805,110225317,431194,424812,4,2,17/05/2011,1724,1,1,1,1,1,3,1,29,9,53.7185619126,-1.52725113228
6806,110225317,431194,424812,4,2,17/05/2011,1724,1,1,1,1,1,3,2,48,9,53.7185619126,-1.52725113228
6807,110225957,429154,431697,1,1,17/05/2011,1902,6,1,1,1,2,3,2,88,11,53.7805679051,-1.5575166951
6808,110226522,426946,432113,2,1,17/05/2011,1800,6,1,1,1,1,3,1,13,1,53.7844262257,-1.59099115816
6809,110226291,428103,435923,2,1,18/05/2011,915,3,1,1,1,1,3,1,48,1,53.81861221,-1.57308204483
6810,110226402,430379,433547,2,1,18/05/2011,1120,6,1,1,1,2,3,2,76,11,53.7971270182,-1.53874259251
6811,110226442,431241,445738,2,1,18/05/2011,940,3,1,1,1,1,3,1,27,5,53.9066562721,-1.52441431699
6812,110226692,426644,433493,2,1,18/05/2011,810,6,1,1,1,1,3,2,36,9,53.7968463168,-1.59545570744
6813,110227441,430019,432507,1,1,18/05/2011,1430,3,1,1,1,1,3,1,34,3,53.7877996291,-1.54430976949
6814,110228521,427853,430551,2,2,18/05/2011,1615,3,1,1,1,2,3,2,30,11,53.7703379749,-1.57736544798
6815,110228521,427853,430551,2,2,18/05/2011,1615,3,1,1,1,2,3,2,4,11,53.7703379749,-1.57736544798
6816,110248747,427788,436375,2,1,18/05/2011,1530,3,1,1,1,1,3,2,26,1,53.8226920519,-1.57782628754
6817,110227761,420548,444948,2,1,19/05/2011,650,6,1,1,1,1,3,1,24,9,53.9000895448,-1.68724487853
6818,110228123,422196,433295,2,3,19/05/2011,755,4,1,1,1,2,3,1,20,9,53.7952753076,-1.66300395301
6819,110228123,422196,433295,2,3,19/05/2011,755,4,1,1,1,1,3,2,23,9,53.7952753076,-1.66300395301
6820,110228123,422196,433295,2,3,19/05/2011,755,4,1,1,1,2,3,2,5,9,53.7952753076,-1.66300395301
6821,110228235,430417,437824,2,1,19/05/2011,805,6,1,1,1,1,3,2,47,1,53.8355694376,-1.53774277279
6822,110228972,431419,434082,2,2,19/05/2011,1742,6,1,1,1,1,3,2,26,9,53.8018742035,-1.52289783589
6823,110228972,431419,434082,2,2,19/05/2011,1742,6,1,1,1,1,3,1,46,9,53.8018742035,-1.52289783589
6824,110228980,430104,433777,2,1,19/05/2011,1845,6,1,1,1,1,3,1,32,5,53.7992104108,-1.54289540707
6825,110229021,427263,432557,1,1,19/05/2011,1745,6,1,1,1,3,3,2,13,9,53.7884007432,-1.58614032974
6826,110230720,422184,441887,3,1,20/05/2011,1607,3,1,1,1,1,3,2,20,9,53.8725076181,-1.66256591997
6827,110230838,425922,437313,1,1,20/05/2011,1801,6,1,1,1,3,3,1,7,9,53.8312199183,-1.60609594536
6828,110230890,429019,435403,1,1,20/05/2011,1505,3,2,1,2,3,3,1,46,9,53.8138877491,-1.55921641263
6829,110230893,422874,439313,4,2,20/05/2011,1638,6,2,1,1,1,3,2,49,9,53.8493406062,-1.65226264861
6830,110230893,422874,439313,4,2,20/05/2011,1638,6,2,1,1,1,3,2,46,9,53.8493406062,-1.65226264861
6831,110231013,430901,430570,2,1,20/05/2011,1630,1,1,1,1,1,3,1,22,9,53.7703368166,-1.53111556565
6832,110231784,431451,435819,2,1,20/05/2011,1900,6,1,1,1,1,2,1,20,9,53.8174856117,-1.52223442482
6833,110232341,429168,430531,2,1,21/05/2011,1835,6,1,1,1,1,3,2,31,9,53.7700862049,-1.55741449393
6834,110232665,441280,445242,1,1,21/05/2011,240,2,1,4,1,1,2,1,41,9,53.9014955782,-1.37166516122
6835,110232860,422013,433940,1,1,22/05/2011,645,3,2,1,1,1,3,1,40,9,53.801080897,-1.6657362402
6836,110233202,420327,445515,2,2,22/05/2011,1305,6,2,1,2,2,3,2,9,9,53.9051948662,-1.6905709413
6837,110233202,420327,445515,2,2,22/05/2011,1305,6,2,1,2,2,3,1,4,9,53.9051948662,-1.6905709413
6838,110233503,420343,434266,2,2,22/05/2011,1530,3,1,1,4,1,3,1,49,9,53.8040792623,-1.6910729521
6839,110233503,420343,434266,2,2,22/05/2011,1530,3,1,1,4,2,3,2,46,9,53.8040792623,-1.6910729521
6840,110233703,429797,433792,2,1,22/05/2011,1345,6,1,1,4,1,3,2,21,9,53.799362917,-1.54755533849
6841,110234612,422914,433580,2,1,22/05/2011,1616,6,1,1,1,1,3,2,26,9,53.7978060032,-1.65208176306
6842,110234320,427303,431076,2,1,23/05/2011,826,3,1,1,1,1,2,1,43,1,53.7750862301,-1.58566429911
6843,110234577,435010,425884,4,3,23/05/2011,820,1,1,1,1,1,3,2,36,9,53.7279557334,-1.46930045804
6844,110234577,435010,425884,4,3,23/05/2011,820,1,1,1,1,1,3,2,44,9,53.7279557334,-1.46930045804
6845,110234577,435010,425884,4,3,23/05/2011,820,1,1,1,1,1,3,1,48,9,53.7279557334,-1.46930045804
6846,110235347,434985,436591,2,1,23/05/2011,1655,6,1,1,1,1,3,1,15,1,53.8241989909,-1.46846476984
6847,110236059,428304,434109,2,1,23/05/2011,1815,3,1,1,1,1,3,1,27,1,53.8022957285,-1.57019554346
6848,110239166,428380,436739,2,1,23/05/2011,2205,4,1,7,1,1,3,1,25,1,53.8259319583,-1.56879891387
6849,110236041,432204,444935,2,1,24/05/2011,835,3,1,1,1,1,3,1,37,3,53.8993795312,-1.50983952805
6850,110236604,421875,443009,2,1,24/05/2011,615,6,1,1,1,1,3,2,28,9,53.8826061068,-1.66718586153
6851,110237030,428606,436943,2,1,24/05/2011,1615,4,1,1,1,1,3,1,29,9,53.8277532647,-1.5653462344
6852,110237044,431768,435533,1,1,24/05/2011,1700,3,1,1,1,3,3,1,49,9,53.8148955783,-1.51744866386
6853,110237146,434542,428013,2,1,24/05/2011,1510,3,1,1,1,1,3,1,13,1,53.7471239403,-1.47615640592
6854,110237250,441016,428494,2,1,24/05/2011,1833,6,1,1,1,1,3,1,8,1,53.750978171,-1.37791754011
6855,110237257,435770,436806,2,1,24/05/2011,1930,3,1,1,1,1,3,2,41,2,53.8260780993,-1.45651365572
6856,110237263,429327,439614,1,1,24/05/2011,210,6,1,4,4,1,3,1,31,9,53.8517218351,-1.5541363831
6857,110237338,433048,436540,3,4,24/05/2011,1949,6,1,1,1,1,2,1,20,9,53.8238673472,-1.49789826049
6858,110237338,433048,436540,3,4,24/05/2011,1949,6,1,1,1,1,3,1,43,19,53.8238673472,-1.49789826049
6859,110237338,433048,436540,3,4,24/05/2011,1949,6,1,1,1,2,3,1,15,19,53.8238673472,-1.49789826049
6860,110237338,433048,436540,3,4,24/05/2011,1949,6,1,1,1,2,3,1,20,9,53.8238673472,-1.49789826049
6861,110237710,429698,433797,2,1,24/05/2011,850,6,1,1,1,1,3,1,23,1,53.799413522,-1.54905804426
6862,110240783,435008,429011,2,1,24/05/2011,1900,6,1,1,1,1,3,1,16,1,53.7560635672,-1.46897653361
6863,110237820,432160,433603,1,1,25/05/2011,838,3,1,1,1,3,2,1,57,11,53.7975233376,-1.51169610869
6864,110238333,432256,445549,2,2,25/05/2011,1255,3,1,1,1,2,3,2,77,9,53.9048952529,-1.50898338342
6865,110238333,432256,445549,2,2,25/05/2011,1255,3,1,1,1,2,3,2,65,9,53.9048952529,-1.50898338342
6866,110238485,423264,434956,1,1,25/05/2011,1220,6,1,1,1,3,3,1,6,9,53.8101591038,-1.64666361923
6867,110239353,426331,438089,3,1,25/05/2011,2220,3,1,4,1,1,3,1,50,9,53.8381746141,-1.59981456119
6868,110239678,435120,433702,1,1,26/05/2011,845,6,1,1,1,3,2,2,62,19,53.7982218111,-1.46674348007
6869,110240797,430450,437062,1,1,26/05/2011,1615,6,2,1,1,3,3,1,16,9,53.8287181391,-1.53731677204
6870,110240968,426610,427442,1,1,26/05/2011,1950,6,1,1,1,3,3,2,31,9,53.7424566329,-1.59649384181
6871,110241550,431063,430390,2,1,27/05/2011,603,6,1,1,1,1,3,1,53,1,53.7687092032,-1.52867563086
6872,110241666,430355,433722,1,1,27/05/2011,935,6,1,1,1,3,3,1,41,11,53.7987014454,-1.53908973393
6873,110242349,425900,439281,1,1,27/05/2011,1513,6,1,1,1,3,2,2,3,9,53.8489108508,-1.60626432291
6874,110242729,427820,435129,2,2,27/05/2011,1720,6,1,1,1,1,3,1,20,9,53.8114903705,-1.57745281677
6875,110242729,427820,435129,2,2,27/05/2011,1720,6,1,1,1,1,3,2,29,9,53.8114903705,-1.57745281677
6876,110243380,433974,435166,2,1,28/05/2011,740,6,2,1,2,1,3,2,47,9,53.8114572802,-1.48398181152
6877,110243484,435301,431295,2,2,28/05/2011,745,1,2,1,2,1,3,1,21,9,53.7765739148,-1.46427104785
6878,110243484,435301,431295,2,2,28/05/2011,745,1,2,1,2,2,3,1,26,9,53.7765739148,-1.46427104785
6879,110243678,421948,436554,2,2,28/05/2011,1140,3,1,1,1,1,3,2,59,9,53.8245804675,-1.66653678656
6880,110243678,421948,436554,2,2,28/05/2011,1140,3,1,1,1,1,2,1,51,5,53.8245804675,-1.66653678656
6881,110243688,428462,432439,1,1,28/05/2011,935,3,2,1,1,1,3,1,35,19,53.7872758743,-1.56795064333
6882,110243974,430075,433911,2,1,28/05/2011,1730,6,1,1,1,2,3,2,73,11,53.8004165773,-1.54332264627
6883,110245788,419305,442468,1,1,30/05/2011,835,6,1,1,2,3,3,2,76,9,53.8778452132,-1.70632024418
6884,110245866,444895,432123,2,1,30/05/2011,955,2,2,1,2,1,3,1,46,9,53.7832774232,-1.31856179962
6885,110246220,426308,435530,2,2,30/05/2011,1630,3,2,1,1,1,3,1,27,9,53.8151735656,-1.60038307999
6886,110246220,426308,435530,2,2,30/05/2011,1630,3,2,1,1,1,3,1,46,9,53.8151735656,-1.60038307999
6887,110246471,430353,432099,2,1,30/05/2011,2322,6,1,4,1,2,3,1,39,9,53.7841128501,-1.53927998945
6888,110363741,429978,434152,1,1,30/05/2011,220,6,1,4,1,2,3,1,21,8,53.8025884588,-1.54477203993