Col.Number,Reference.Number,Easting,Northing,Number.of.Vehicles,Number.of.Casualties,Accident.Date,Time..24hr.,X1st.Road.Class,Road.Surface,Lighting.Conditions,Weather.Conditions,Casualty.Class,Casualty.Severity,Sex.of.Casualty,Age.of.Casualty,Type.of.Vehicle,Latitude,Longitude
6889,110247304,430438,433457,1,7,31/05/2011,1315,6,1,1,1,2,3,1,56,11,53.7963145846,-1.53785569619
6890,110247304,430438,433457,1,7,31/05/2011,1315,6,1,1,1,2,3,2,46,11,53.7963145846,-1.53785569619
6891,110247304,430438,433457,1,7,31/05/2011,1315,6,1,1,1,2,3,1,54,11,53.7963145846,-1.53785569619
6892,110247304,430438,433457,1,7,31/05/2011,1315,6,1,1,1,2,3,2,56,11,53.7963145846,-1.53785569619
6893,110247304,430438,433457,1,7,31/05/2011,1315,6,1,1,1,2,3,2,30,11,53.7963145846,-1.53785569619
6894,110247304,430438,433457,1,7,31/05/2011,1315,6,1,1,1,2,3,2,33,11,53.7963145846,-1.53785569619
6895,110247304,430438,433457,1,7,31/05/2011,1315,6,1,1,1,2,3,1,80,11,53.7963145846,-1.53785569619
6896,110248077,430945,435170,1,3,31/05/2011,2025,6,1,1,1,3,2,2,11,9,53.8116823211,-1.52998595192
6897,110248077,430945,435170,1,3,31/05/2011,2025,6,1,1,1,3,2,1,12,9,53.8116823211,-1.52998595192
6898,110248077,430945,435170,1,3,31/05/2011,2025,6,1,1,1,3,1,2,9,9,53.8116823211,-1.52998595192
6899,110248587,428913,435504,2,1,31/05/2011,1810,3,4,1,4,1,3,2,24,1,53.8148015156,-1.56081695453
6900,110255702,430261,433537,1,1,31/05/2011,1437,6,1,1,1,3,2,2,33,1,53.797044008,-1.54053515613
6901,110248899,430350,425086,3,3,01/06/2011,1048,3,1,1,1,1,3,2,38,9,53.7210746342,-1.54001472116
6902,110248899,430350,425086,3,3,01/06/2011,1048,3,1,1,1,2,3,1,11,9,53.7210746342,-1.54001472116
6903,110248899,430350,425086,3,3,01/06/2011,1048,3,1,1,1,2,3,1,23,9,53.7210746342,-1.54001472116
6904,110249091,430636,432678,2,1,01/06/2011,820,3,1,1,1,2,3,2,15,11,53.7893007466,-1.53492700856
6905,110249397,431302,429114,4,2,01/06/2011,1340,6,1,1,1,1,3,2,43,9,53.7572252393,-1.52517879045
6906,110249397,431302,429114,4,2,01/06/2011,1340,6,1,1,1,1,3,1,61,9,53.7572252393,-1.52517879045
6907,110249784,432139,435845,2,1,01/06/2011,1905,3,1,1,1,2,3,2,20,9,53.8176772384,-1.51178085755
6908,110249823,424065,434463,2,2,01/06/2011,1500,6,1,1,1,1,3,2,62,9,53.8056911654,-1.63453674932
6909,110249823,424065,434463,2,2,01/06/2011,1500,6,1,1,1,2,3,2,17,9,53.8056911654,-1.63453674932
6910,110249830,425846,428416,1,1,01/06/2011,1700,6,1,1,1,3,2,2,64,19,53.7512502417,-1.6079971226
6911,110250617,429255,434610,2,1,01/06/2011,1510,6,1,1,1,1,3,1,21,1,53.8067464654,-1.55570719486
6912,110251359,429163,432178,2,1,01/06/2011,1515,6,1,1,1,1,3,2,32,1,53.7848909982,-1.55733459878
6913,110253107,424269,438225,2,1,01/06/2011,1920,6,1,1,1,1,3,1,14,1,53.8394975133,-1.63114188853
6914,110251448,428147,435835,3,1,02/06/2011,1625,3,1,1,1,1,3,2,35,1,53.817818821,-1.57242170527
6915,110251631,421726,434373,2,1,02/06/2011,1750,4,1,1,1,3,3,2,18,9,53.8049851382,-1.67006365335
6916,110253437,421632,440839,2,2,02/06/2011,1820,3,1,1,1,1,3,2,62,9,53.863110707,-1.67103598949
6917,110253437,421632,440839,2,2,02/06/2011,1820,3,1,1,1,2,3,1,6,9,53.863110707,-1.67103598949
6918,110252227,428861,433345,1,1,03/06/2011,742,3,1,1,1,1,3,1,51,4,53.795397717,-1.56180920401
6919,110252818,430102,433930,1,1,03/06/2011,1326,6,1,1,1,3,1,2,91,9,53.8005858013,-1.54291081867
6920,110253249,435688,434813,1,1,03/06/2011,1650,6,1,1,1,3,3,1,12,9,53.8081694937,-1.45799070164
6921,110253318,431884,435134,1,1,03/06/2011,1810,6,1,1,1,3,3,2,41,9,53.8113019985,-1.51572805369
6922,110253398,435710,436958,2,2,03/06/2011,1740,3,1,1,1,1,3,2,24,9,53.8274484877,-1.45740759101
6923,110253398,435710,436958,2,2,03/06/2011,1740,3,1,1,1,2,3,1,25,9,53.8274484877,-1.45740759101
6924,110253401,422103,432443,2,1,03/06/2011,1555,6,1,1,1,1,3,2,25,1,53.7876207508,-1.66447704195
6925,110253402,428950,435467,3,1,03/06/2011,2000,6,1,1,1,1,3,1,22,1,53.8144668739,-1.56025843111
6926,110253528,429914,437033,1,1,03/06/2011,2235,3,1,4,1,3,3,2,16,9,53.828488599,-1.5454637495
6927,110253541,421586,433554,3,2,03/06/2011,2030,6,1,1,1,1,3,1,35,9,53.7976290905,-1.6722471027
6928,110253541,421586,433554,3,2,03/06/2011,2030,6,1,1,1,1,3,1,26,9,53.7976290905,-1.6722471027
6929,110253723,439969,448382,2,1,03/06/2011,2320,3,1,4,1,1,2,1,17,3,53.929821692,-1.39120860903
6930,110253869,432362,426050,2,1,03/06/2011,1250,1,1,1,1,1,3,2,45,9,53.7296188996,-1.5094211451
6931,110254410,424777,440039,1,1,03/06/2011,1136,6,1,1,1,2,3,1,9,11,53.8557791123,-1.62327474051
6932,110255509,433448,434822,2,1,03/06/2011,1915,6,1,1,1,1,3,1,20,2,53.8083992891,-1.49200806338
6933,110255517,428847,440091,1,1,03/06/2011,1705,6,1,1,1,3,3,2,13,9,53.8560363187,-1.56138884265
6934,110260889,431892,434912,3,1,03/06/2011,2022,6,1,1,1,1,3,1,15,1,53.8093060225,-1.51562955527
6935,110253762,435107,435671,2,1,04/06/2011,111,6,1,4,1,1,3,1,35,3,53.8159212614,-1.4667162934
6936,110253784,430785,433451,2,1,04/06/2011,238,3,1,4,1,1,3,1,31,8,53.7962402353,-1.53258793953
6937,110254228,430724,435818,2,1,04/06/2011,1239,6,1,1,1,1,3,1,9,1,53.8175200974,-1.53327782156
6938,110254605,429030,425875,2,1,04/06/2011,1325,6,1,1,1,1,2,1,45,3,53.7282419663,-1.55994596542
6939,110254766,437967,432895,1,1,04/06/2011,1726,1,1,1,1,1,3,2,21,9,53.7907680532,-1.42361686341
6940,110256036,430976,428869,2,1,04/06/2011,1730,6,1,1,1,1,2,1,31,9,53.755042474,-1.53014829166
6941,110255655,428448,438607,2,1,05/06/2011,1307,3,1,1,1,1,3,1,81,9,53.8427191365,-1.56759284276
6942,110256026,428402,434036,2,1,05/06/2011,1340,3,1,1,1,1,3,1,42,8,53.8016342076,-1.56871416495
6943,110256030,419482,445046,2,1,05/06/2011,1520,3,1,1,1,1,3,1,34,1,53.9010116067,-1.70346367016
6944,110256197,433015,435778,2,1,05/06/2011,1635,6,1,1,1,1,3,1,13,1,53.8170201049,-1.49848140632
6945,110257015,434430,434380,2,1,06/06/2011,940,3,1,1,1,1,3,1,40,19,53.8043622283,-1.47714403637
6946,110257053,420520,440547,1,1,06/06/2011,1125,6,1,1,1,3,3,1,28,9,53.8605311396,-1.68796573782
6947,110257516,426548,432009,4,1,06/06/2011,1000,6,1,1,1,1,3,1,40,19,53.7835118419,-1.59704112518
6948,110257956,424457,427784,3,4,06/06/2011,1644,1,1,1,1,1,3,1,31,9,53.7456362975,-1.62911344018
6949,110257956,424457,427784,3,4,06/06/2011,1644,1,1,1,1,1,3,1,44,9,53.7456362975,-1.62911344018
6950,110257956,424457,427784,3,4,06/06/2011,1644,1,1,1,1,1,3,1,21,9,53.7456362975,-1.62911344018
6951,110257956,424457,427784,3,4,06/06/2011,1644,1,1,1,1,2,3,2,50,9,53.7456362975,-1.62911344018
6952,110257987,431451,435818,3,1,06/06/2011,1926,6,1,1,1,1,3,1,52,9,53.817476623,-1.52223452706
6953,110257988,430958,435785,1,1,06/06/2011,1830,6,1,1,1,3,3,2,15,9,53.8172095887,-1.52972662642
6954,110258041,440960,428496,2,1,06/06/2011,1550,6,1,1,1,1,3,2,15,1,53.7510005526,-1.37876656204
6955,110258049,434900,428193,2,1,06/06/2011,1945,3,1,1,1,1,2,1,70,4,53.7487180579,-1.4707071073
6956,110258086,427227,433525,2,2,06/06/2011,2100,6,1,1,1,1,3,1,57,9,53.7971037735,-1.58660125603
6957,110258086,427227,433525,2,2,06/06/2011,2100,6,1,1,1,2,3,2,54,9,53.7971037735,-1.58660125603
6958,110258155,428052,426414,2,3,06/06/2011,2005,1,1,1,1,1,3,1,29,9,53.7331404847,-1.57472172029
6959,110258155,428052,426414,2,3,06/06/2011,2005,1,1,1,1,1,3,2,19,9,53.7331404847,-1.57472172029
6960,110258155,428052,426414,2,3,06/06/2011,2005,1,1,1,1,2,3,2,28,9,53.7331404847,-1.57472172029
6961,110258618,431345,435055,2,1,07/06/2011,640,3,1,1,1,1,3,2,53,9,53.8106246635,-1.52392241833
6962,110258638,429141,435251,3,1,07/06/2011,810,3,1,1,1,1,3,2,62,9,53.8125146398,-1.55737775174
6963,110258837,432741,429212,1,1,07/06/2011,1045,3,1,1,1,1,2,2,36,3,53.7580176928,-1.50334103581
6964,110259379,429407,433914,2,1,07/06/2011,1459,2,1,1,1,1,3,1,47,9,53.8004817358,-1.55346534077
6965,110260601,428759,433287,2,1,08/06/2011,755,6,1,1,1,1,3,1,61,9,53.7948820173,-1.563363215
6966,110260989,432858,435376,2,1,08/06/2011,1145,6,1,1,1,1,3,2,71,9,53.813416616,-1.50090916775
6967,110261057,426354,431898,3,2,08/06/2011,840,3,1,1,1,1,3,1,19,9,53.782523942,-1.59999516488
6968,110261057,426354,431898,3,2,08/06/2011,840,3,1,1,1,1,3,2,46,9,53.782523942,-1.59999516488
6969,110261393,430646,439628,3,1,08/06/2011,1524,6,1,1,1,1,3,2,52,9,53.8517714989,-1.53408270786
6970,110261416,430084,431197,2,4,08/06/2011,1600,3,1,1,1,2,3,1,41,9,53.7760206112,-1.5434509367
6971,110261416,430084,431197,2,4,08/06/2011,1600,3,1,1,1,2,3,1,23,9,53.7760206112,-1.5434509367
6972,110261416,430084,431197,2,4,08/06/2011,1600,3,1,1,1,2,3,1,32,9,53.7760206112,-1.5434509367
6973,110261416,430084,431197,2,4,08/06/2011,1600,3,1,1,1,2,3,1,42,9,53.7760206112,-1.5434509367
6974,110262997,430383,433600,1,3,09/06/2011,1320,6,1,1,1,2,3,2,45,11,53.7976031869,-1.53867663266
6975,110262997,430383,433600,1,3,09/06/2011,1320,6,1,1,1,2,3,1,37,11,53.7976031869,-1.53867663266
6976,110262997,430383,433600,1,3,09/06/2011,1320,6,1,1,1,2,3,2,69,11,53.7976031869,-1.53867663266
6977,110263184,432319,426199,1,1,09/06/2011,1506,1,1,1,1,1,3,2,68,9,53.7309608951,-1.51005738837
6978,110263477,425286,439516,2,2,09/06/2011,1640,6,1,1,1,1,3,1,25,9,53.8510534651,-1.615578854
6979,110263477,425286,439516,2,2,09/06/2011,1640,6,1,1,1,1,3,1,59,9,53.8510534651,-1.615578854
6980,110263575,423390,434213,2,1,09/06/2011,1815,6,1,1,1,1,3,1,35,9,53.803474753,-1.64480641424
6981,110263614,427774,436911,2,1,09/06/2011,1730,6,1,1,1,2,3,1,29,9,53.8275107585,-1.57799056295
6982,110264759,427679,425173,2,1,09/06/2011,1800,6,1,1,1,1,3,1,33,9,53.7220052197,-1.58048742235
6983,110265353,431882,435318,2,1,10/06/2011,1515,6,1,1,1,1,3,2,51,9,53.8129560365,-1.51573936607
6984,110265355,436075,435571,2,1,10/06/2011,1640,3,1,1,1,1,3,1,38,9,53.8149561362,-1.45202459878
6985,110265640,426830,433089,2,1,10/06/2011,2010,4,1,1,1,2,3,1,8,9,53.7932052865,-1.59266687687
6986,110266515,430876,433472,2,2,11/06/2011,1330,6,1,1,1,1,3,1,33,9,53.7964236057,-1.53120422225
6987,110266515,430876,433472,2,2,11/06/2011,1330,6,1,1,1,2,3,2,26,9,53.7964236057,-1.53120422225
6988,110266806,431321,437420,1,1,11/06/2011,1645,6,1,1,1,3,3,1,12,9,53.8318843092,-1.52404607404
6989,110266830,434931,437873,2,2,11/06/2011,1725,3,1,1,1,1,3,1,57,9,53.8357259812,-1.46913948346
6990,110266830,434931,437873,2,2,11/06/2011,1725,3,1,1,1,1,3,2,46,9,53.8357259812,-1.46913948346
6991,110272856,427291,430320,1,1,11/06/2011,1600,6,1,1,1,3,3,1,13,9,53.7682913131,-1.5859132835
6992,110267621,424993,432894,2,3,12/06/2011,1315,6,1,1,1,1,3,2,64,9,53.7915439471,-1.62057133589
6993,110267621,424993,432894,2,3,12/06/2011,1315,6,1,1,1,1,3,1,66,9,53.7915439471,-1.62057133589
6994,110267621,424993,432894,2,3,12/06/2011,1315,6,1,1,1,2,3,2,91,9,53.7915439471,-1.62057133589
6995,110268128,420434,440374,2,1,12/06/2011,1930,6,2,1,2,1,3,2,20,9,53.8589794721,-1.68928498355
6996,110268191,433130,425651,1,1,12/06/2011,2055,6,2,1,2,1,3,1,29,19,53.7259841574,-1.49782218039
6997,110268365,431735,430394,1,1,12/06/2011,30,6,1,4,1,2,3,2,27,8,53.7687046422,-1.51847923734
6998,110269186,434422,434365,2,2,12/06/2011,1329,3,2,1,2,1,3,1,32,9,53.8042279284,-1.47726719637
6999,110269186,434422,434365,2,2,12/06/2011,1329,3,2,1,2,1,2,1,28,8,53.8042279284,-1.47726719637
7000,110268935,425530,440289,1,1,13/06/2011,1040,6,1,1,1,3,3,1,75,11,53.857989807,-1.61180513783
7001,110269662,432929,436007,2,1,13/06/2011,1600,3,1,1,1,3,3,1,13,9,53.8190839579,-1.49976323171
7002,110269706,431901,434846,2,3,13/06/2011,1633,6,1,1,1,1,3,2,25,9,53.8087122179,-1.51549971094
7003,110269706,431901,434846,2,3,13/06/2011,1633,6,1,1,1,1,3,1,25,9,53.8087122179,-1.51549971094
7004,110269706,431901,434846,2,3,13/06/2011,1633,6,1,1,1,2,3,1,23,9,53.8087122179,-1.51549971094
7005,110270195,432856,434897,2,5,14/06/2011,43,6,1,4,1,2,3,1,51,9,53.8091111782,-1.50099068593
7006,110270195,432856,434897,2,5,14/06/2011,43,6,1,4,1,2,3,2,31,9,53.8091111782,-1.50099068593
7007,110270195,432856,434897,2,5,14/06/2011,43,6,1,4,1,2,3,2,48,9,53.8091111782,-1.50099068593
7008,110270195,432856,434897,2,5,14/06/2011,43,6,1,4,1,1,3,1,33,9,53.8091111782,-1.50099068593
7009,110270195,432856,434897,2,5,14/06/2011,43,6,1,4,1,2,3,2,19,9,53.8091111782,-1.50099068593
7010,110271113,434744,433489,2,3,14/06/2011,1305,6,1,1,1,1,3,2,48,9,53.7963324798,-1.47247636416
7011,110271113,434744,433489,2,3,14/06/2011,1305,6,1,1,1,1,2,1,20,9,53.7963324798,-1.47247636416
7012,110271113,434744,433489,2,3,14/06/2011,1305,6,1,1,1,2,3,2,20,9,53.7963324798,-1.47247636416
7013,110271573,441105,432535,2,3,14/06/2011,1727,6,1,1,1,1,3,1,71,9,53.7872937816,-1.37602939354
7014,110271573,441105,432535,2,3,14/06/2011,1727,6,1,1,1,1,3,1,22,9,53.7872937816,-1.37602939354
7015,110271573,441105,432535,2,3,14/06/2011,1727,6,1,1,1,2,3,2,68,9,53.7872937816,-1.37602939354
7016,110271627,428528,434274,2,1,14/06/2011,1830,6,1,1,1,1,2,1,35,1,53.8037666347,-1.56677885685
7017,110272020,424125,444003,3,1,14/06/2011,2228,3,1,4,1,1,3,1,51,9,53.8914410871,-1.63287600674
7018,110273742,428799,430908,3,3,15/06/2011,2010,6,1,1,1,1,2,1,23,9,53.7734955163,-1.56297819968
7019,110273742,428799,430908,3,3,15/06/2011,2010,6,1,1,1,1,3,1,36,9,53.7734955163,-1.56297819968
7020,110273742,428799,430908,3,3,15/06/2011,2010,6,1,1,1,2,1,1,32,9,53.7734955163,-1.56297819968
7021,110276825,425073,445024,2,1,15/06/2011,1735,3,2,1,2,1,3,1,49,9,53.9005735365,-1.61836647865
7022,110279763,432325,435789,2,1,15/06/2011,1453,3,1,1,1,1,3,1,22,9,53.8171623415,-1.50896135547
7023,110282329,428705,433122,2,1,15/06/2011,1145,3,1,1,1,1,3,2,46,9,53.7934018542,-1.56419842485
7024,110274021,430383,434017,3,2,16/06/2011,650,2,1,1,1,1,3,1,65,9,53.8013514828,-1.53863549159
7025,110274021,430383,434017,3,2,16/06/2011,650,2,1,1,1,1,3,1,50,9,53.8013514828,-1.53863549159
7026,110274357,443322,435480,2,1,16/06/2011,720,4,1,1,1,1,2,2,39,9,53.8135848442,-1.34196358279
7027,110274399,432936,440129,2,2,16/06/2011,950,6,1,1,1,1,3,2,21,9,53.8561345657,-1.49921503402
7028,110274399,432936,440129,2,2,16/06/2011,950,6,1,1,1,1,3,2,24,1,53.8561345657,-1.49921503402
7029,110275166,424186,438890,2,1,16/06/2011,1520,6,1,1,1,1,3,1,25,1,53.8454789106,-1.63235099201
7030,110275230,436525,434010,2,2,16/06/2011,1545,3,1,1,1,1,3,2,47,9,53.8008935494,-1.44537473199
7031,110275230,436525,434010,2,2,16/06/2011,1545,3,1,1,1,2,3,2,57,9,53.8008935494,-1.44537473199
7032,110275447,433909,436532,2,4,16/06/2011,1900,3,2,1,1,1,3,1,32,9,53.8237399781,-1.48481845424
7033,110275447,433909,436532,2,4,16/06/2011,1900,3,2,1,1,1,3,2,44,9,53.8237399781,-1.48481845424
7034,110275447,433909,436532,2,4,16/06/2011,1900,3,2,1,1,2,3,1,53,9,53.8237399781,-1.48481845424
7035,110275447,433909,436532,2,4,16/06/2011,1900,3,2,1,1,2,3,2,55,9,53.8237399781,-1.48481845424
7036,110275460,427407,435127,2,1,16/06/2011,615,6,1,1,1,1,3,1,15,1,53.8114943256,-1.58372570787
7037,110275596,429656,431617,1,1,16/06/2011,1710,6,1,1,1,3,3,1,20,9,53.7798204475,-1.54990556807
7038,110276069,429040,434548,2,1,16/06/2011,755,6,1,1,1,1,3,1,50,1,53.8062012138,-1.55897812075
7039,110277637,422510,434008,3,2,16/06/2011,2055,3,1,1,1,1,3,1,38,9,53.8016708688,-1.65818455277
7040,110277637,422510,434008,3,2,16/06/2011,2055,3,1,1,1,1,3,2,27,9,53.8016708688,-1.65818455277
7041,110277751,436944,434788,2,1,16/06/2011,2000,6,2,1,2,1,3,1,64,9,53.8078570691,-1.43891927005
7042,110278086,429662,433375,1,1,16/06/2011,1800,6,1,1,1,3,3,1,43,9,53.7956223294,-1.54964530035
7043,110276425,427893,436194,3,1,17/06/2011,1104,3,1,1,1,1,3,1,49,19,53.8210594673,-1.57624752204
7044,110276585,430758,436692,2,1,17/06/2011,1055,6,1,1,1,1,3,1,32,1,53.8253741919,-1.53267394459
7045,110277014,425619,433085,2,1,17/06/2011,1540,4,1,1,1,2,3,2,17,9,53.7932303667,-1.61105213681
7046,110277141,429016,432306,1,1,17/06/2011,900,6,1,1,1,2,3,2,60,11,53.786049776,-1.55955379006
7047,110277158,429160,431645,2,2,17/06/2011,1457,6,1,1,1,1,3,1,68,9,53.7801001529,-1.55743055151
7048,110277158,429160,431645,2,2,17/06/2011,1457,6,1,1,1,1,2,1,39,4,53.7801001529,-1.55743055151
7049,110277654,415290,442960,1,1,17/06/2011,2054,6,2,1,1,1,3,1,38,19,53.8824015977,-1.76737376508
7050,110277657,431720,434559,1,1,17/06/2011,1600,6,1,1,1,3,3,2,67,9,53.8061435384,-1.51827813846
7051,110278076,435021,436082,2,1,17/06/2011,1923,6,1,1,1,1,3,1,37,9,53.8196213744,-1.4679758013
7052,110278420,432798,435789,3,2,18/06/2011,1525,6,1,1,1,1,3,2,36,9,53.8171327155,-1.50177646217
7053,110278420,432798,435789,3,2,18/06/2011,1525,6,1,1,1,1,3,1,24,8,53.8171327155,-1.50177646217
7054,110278481,431587,435908,2,1,18/06/2011,1358,6,1,1,1,1,3,1,41,9,53.8182773575,-1.52015941804
7055,110278625,429773,438901,1,1,18/06/2011,1825,6,1,1,1,1,2,1,40,1,53.8452875398,-1.54742513325
7056,110278749,421690,432023,1,1,18/06/2011,1930,6,1,1,1,3,3,1,5,9,53.7838627967,-1.67077581294
7057,110278869,431349,435056,2,1,18/06/2011,2212,3,2,4,2,1,3,2,30,9,53.8106334111,-1.52386156554
7058,110278912,432458,438756,1,1,18/06/2011,2255,6,1,7,1,3,3,1,16,9,53.8438233225,-1.50662777724
7059,110279172,432155,430008,1,1,19/06/2011,44,1,2,4,2,1,3,1,30,9,53.7652092282,-1.51214698045
7060,110279745,428908,435507,2,2,19/06/2011,1358,3,1,1,1,1,3,2,27,9,53.8148287598,-1.56089261926
7061,110279745,428908,435507,2,2,19/06/2011,1358,3,1,1,1,2,3,1,7,9,53.8148287598,-1.56089261926
7062,110279746,435044,434680,2,3,19/06/2011,900,3,1,1,1,1,3,1,62,9,53.8070178047,-1.46778608498
7063,110279746,435044,434680,2,3,19/06/2011,900,3,1,1,1,1,3,2,56,9,53.8070178047,-1.46778608498
7064,110279746,435044,434680,2,3,19/06/2011,900,3,1,1,1,2,3,2,54,9,53.8070178047,-1.46778608498
7065,110279925,422170,441823,2,1,19/06/2011,1635,6,1,1,1,1,3,1,59,5,53.8719329368,-1.66278349334
7066,110280221,429136,439784,1,1,19/06/2011,2235,6,1,4,1,3,3,1,27,9,53.8532606609,-1.55702395891
7067,110281110,440965,439817,2,1,20/06/2011,630,3,1,1,1,1,2,2,40,9,53.8527587077,-1.37718458411
7068,110281145,420648,441124,2,2,20/06/2011,825,6,1,1,1,2,3,2,12,9,53.8657125895,-1.68598052145
7069,110281145,420648,441124,2,2,20/06/2011,825,6,1,1,1,2,3,2,10,9,53.8657125895,-1.68598052145
7070,110281809,428821,433310,2,1,20/06/2011,1655,3,1,1,1,1,3,2,21,9,53.7950853279,-1.56241977123
7071,110284888,435786,425976,2,1,20/06/2011,1000,1,2,1,1,1,3,1,25,9,53.7287300283,-1.45752738085
7072,110294544,420205,445547,2,1,20/06/2011,730,3,1,1,1,1,3,1,21,9,53.9054872765,-1.69242595153
7073,110282363,426797,433077,2,1,21/06/2011,1256,4,1,1,1,1,3,1,61,5,53.7930991216,-1.59316891282
7074,110282401,429953,430860,2,1,21/06/2011,850,3,1,1,1,1,3,2,43,9,53.7729989502,-1.54547162717
7075,110282411,443318,438975,2,2,21/06/2011,759,2,1,1,1,1,3,1,38,9,53.8449995389,-1.34153183985
7076,110282411,443318,438975,2,2,21/06/2011,759,2,1,1,1,1,3,2,26,9,53.8449995389,-1.34153183985
7077,110283037,429188,431915,2,2,21/06/2011,1345,6,1,1,1,1,3,2,20,9,53.7825255514,-1.55698003932
7078,110283037,429188,431915,2,2,21/06/2011,1345,6,1,1,1,2,3,2,90,9,53.7825255514,-1.55698003932
7079,110283426,431895,435714,1,1,21/06/2011,1545,3,1,1,1,3,2,1,7,19,53.816514751,-1.51550086358
7080,110283865,436471,441867,1,2,21/06/2011,1320,6,1,1,1,1,3,2,26,9,53.8715202553,-1.44526211241
7081,110283865,436471,441867,1,2,21/06/2011,1320,6,1,1,1,2,3,2,27,9,53.8715202553,-1.44526211241
7082,110284089,434001,427704,3,1,21/06/2011,900,3,1,1,1,1,3,2,36,9,53.7443819974,-1.48439452979
7083,110284565,433045,436546,2,1,21/06/2011,1503,6,2,1,2,2,3,2,13,9,53.8239214697,-1.4979431931
7084,110284788,428062,431459,3,2,22/06/2011,1329,1,1,1,1,1,3,2,54,9,53.7784885848,-1.57411161498
7085,110284788,428062,431459,3,2,22/06/2011,1329,1,1,1,1,1,3,1,45,9,53.7784885848,-1.57411161498
7086,110285129,430132,432804,2,2,22/06/2011,1725,3,1,1,1,1,3,2,43,9,53.7904627544,-1.54256544105
7087,110285129,430132,432804,2,2,22/06/2011,1725,3,1,1,1,1,3,1,31,20,53.7904627544,-1.54256544105
7088,110286088,437505,433074,2,1,22/06/2011,2100,6,1,1,1,1,3,1,54,9,53.7924105119,-1.43060838675
7089,110287069,434974,436383,1,1,22/06/2011,1530,6,1,1,1,3,3,1,11,9,53.8223301049,-1.46865554342
7090,110286998,432564,438697,2,1,23/06/2011,1900,6,1,1,1,1,3,1,41,3,53.8432863592,-1.50502286407
7091,110287038,435966,426842,2,2,23/06/2011,1740,3,1,1,1,1,3,2,40,9,53.7365018641,-1.45469820177
7092,110287038,435966,426842,2,2,23/06/2011,1740,3,1,1,1,1,3,1,39,9,53.7365018641,-1.45469820177
7093,110287079,433896,436546,2,1,23/06/2011,1620,3,2,1,2,1,3,1,43,1,53.8238666666,-1.48501441206
7094,110287130,431088,433356,2,1,23/06/2011,1705,6,1,1,1,3,3,1,61,9,53.7953682904,-1.52799721611
7095,110287520,432701,438226,1,1,24/06/2011,600,6,1,1,1,1,3,1,27,9,53.8390441163,-1.50299067188
7096,110287631,425978,437509,2,1,24/06/2011,825,6,1,1,1,1,3,1,15,1,53.8329789162,-1.60522843962
7097,110287710,429148,431993,2,1,24/06/2011,752,6,1,1,1,1,3,1,33,9,53.7832289167,-1.55757977027
7098,110287803,428307,429564,1,1,24/06/2011,610,3,1,1,1,1,2,1,26,3,53.7614415403,-1.57056731526
7099,110287891,427939,430380,1,1,24/06/2011,1113,3,1,1,1,3,2,1,39,9,53.7687962816,-1.57607603022
7100,110287956,423699,437375,2,1,24/06/2011,1010,3,1,1,1,1,3,1,50,9,53.8318833698,-1.63987053236
7101,110288197,430685,434520,1,1,24/06/2011,1105,6,1,1,1,3,3,1,33,11,53.8058550749,-1.53399966965
7102,110288562,429408,433921,2,1,24/06/2011,1355,2,1,1,1,1,3,1,32,9,53.8005446004,-1.55344948814
7103,110288728,428091,434520,2,1,24/06/2011,1735,6,1,1,1,1,3,1,23,9,53.8060016534,-1.57339241035
7104,110288916,429832,435726,2,2,24/06/2011,1848,6,1,1,1,1,3,1,40,9,53.8167450891,-1.54683646405
7105,110288916,429832,435726,2,2,24/06/2011,1848,6,1,1,1,2,3,2,35,9,53.8167450891,-1.54683646405
7106,110289184,425172,434326,1,4,24/06/2011,2335,3,2,4,2,1,3,1,24,9,53.8044072989,-1.61773689293
7107,110289184,425172,434326,1,4,24/06/2011,2335,3,2,4,2,2,1,1,23,9,53.8044072989,-1.61773689293
7108,110289184,425172,434326,1,4,24/06/2011,2335,3,2,4,2,2,3,1,28,9,53.8044072989,-1.61773689293
7109,110289184,425172,434326,1,4,24/06/2011,2335,3,2,4,2,2,3,1,26,9,53.8044072989,-1.61773689293
7110,110289265,432375,435798,3,1,24/06/2011,2240,3,2,4,2,1,3,1,20,9,53.817240128,-1.50820090524
7111,110289717,432617,434832,1,1,25/06/2011,1423,6,1,1,1,3,3,1,7,9,53.8085419609,-1.50462730085
7112,110289726,430659,434697,2,1,25/06/2011,1015,3,1,1,1,1,2,1,48,5,53.8074476087,-1.53437687745
7113,110290155,430042,434046,2,1,25/06/2011,1735,6,1,1,1,1,3,1,35,9,53.8016319618,-1.54381055033
7114,110290451,430599,434561,2,1,25/06/2011,2138,3,1,1,1,1,3,2,35,9,53.8062286788,-1.53530159308
7115,110294999,424301,445369,2,2,25/06/2011,1215,3,1,1,1,1,3,1,26,19,53.9037113991,-1.63008934249
7116,110294999,424301,445369,2,2,25/06/2011,1215,3,1,1,1,2,3,1,29,19,53.9037113991,-1.63008934249