Col.Number,Reference.Number,Easting,Northing,Number.of.Vehicles,Number.of.Casualties,Accident.Date,Time..24hr.,X1st.Road.Class,Road.Surface,Lighting.Conditions,Weather.Conditions,Casualty.Class,Casualty.Severity,Sex.of.Casualty,Age.of.Casualty,Type.of.Vehicle,Latitude,Longitude
7117,110291488,432539,434257,2,1,26/06/2011,1824,6,1,1,1,1,2,1,52,1,53.803378364,-1.50587266063
7118,110291852,432022,435189,1,1,26/06/2011,2030,6,1,1,1,3,2,2,4,9,53.8117878951,-1.51362639269
7119,110292217,427798,434674,2,1,27/06/2011,805,6,1,1,1,1,3,1,22,1,53.8074016651,-1.57782805187
7120,110292467,428271,434133,3,1,27/06/2011,800,3,1,1,1,1,3,2,27,9,53.8025132532,-1.57069443891
7121,110292691,428434,435000,2,2,27/06/2011,1225,6,1,1,1,1,3,2,25,9,53.8102976101,-1.5681392166
7122,110292691,428434,435000,2,2,27/06/2011,1225,6,1,1,1,1,3,2,47,9,53.8102976101,-1.5681392166
7123,110293177,436833,433719,2,1,27/06/2011,1414,3,1,1,1,2,3,2,59,8,53.7982561542,-1.44073285904
7124,110293411,430637,433447,1,1,27/06/2011,1647,6,1,1,1,3,3,1,26,9,53.7962130168,-1.53483535601
7125,110293435,431894,434908,2,2,27/06/2011,1650,6,1,1,1,1,3,1,20,9,53.8092699451,-1.51559959531
7126,110293435,431894,434908,2,2,27/06/2011,1650,6,1,1,1,2,3,1,19,9,53.8092699451,-1.51559959531
7127,110293454,423991,427979,1,2,27/06/2011,1440,1,1,1,1,1,2,1,23,9,53.7474107923,-1.63616495577
7128,110293454,423991,427979,1,2,27/06/2011,1440,1,1,1,1,2,2,2,24,9,53.7474107923,-1.63616495577
7129,110294836,428812,432589,4,1,27/06/2011,1750,3,1,1,1,1,3,1,40,9,53.7886049304,-1.56262383554
7130,110295515,425564,434134,2,2,27/06/2011,2140,6,1,4,1,1,2,1,18,9,53.80266233,-1.61180005503
7131,110295515,425564,434134,2,2,27/06/2011,2140,6,1,4,1,3,3,2,44,9,53.80266233,-1.61180005503
7132,110296843,418139,442488,2,2,27/06/2011,1520,3,1,1,1,1,3,2,50,9,53.8780670733,-1.72405674911
7133,110296843,418139,442488,2,2,27/06/2011,1520,3,1,1,1,2,3,1,12,9,53.8780670733,-1.72405674911
7134,110293941,428422,440959,2,1,28/06/2011,706,6,1,1,1,1,3,1,57,1,53.8638619215,-1.56777025082
7135,110293993,429149,431789,2,1,28/06/2011,735,6,1,1,1,1,2,2,17,3,53.781395152,-1.55758388151
7136,110294083,432308,426893,1,1,28/06/2011,827,1,1,1,1,1,3,2,33,9,53.7371997903,-1.51015161589
7137,110294470,426099,438132,1,2,28/06/2011,855,3,1,1,1,3,2,2,5,9,53.8385728377,-1.60333681171
7138,110294470,426099,438132,1,2,28/06/2011,855,3,1,1,1,1,3,2,27,9,53.8385728377,-1.60333681171
7139,110294521,427570,436875,3,1,28/06/2011,800,3,1,1,1,1,3,1,31,1,53.8271980271,-1.58109335855
7140,110294545,430170,434369,3,1,28/06/2011,905,2,1,1,1,1,3,2,40,9,53.8045279093,-1.54183528092
7141,110294602,425976,428174,2,1,28/06/2011,615,3,1,1,1,1,3,1,32,9,53.7490684707,-1.60604583282
7142,110294623,430631,433453,2,1,28/06/2011,840,6,1,1,1,3,3,1,17,9,53.7962673024,-1.53492585463
7143,110295303,428554,427739,2,1,28/06/2011,1230,3,1,1,1,1,3,1,24,9,53.7450234572,-1.56698905106
7144,110295764,433476,436396,1,2,29/06/2011,810,6,1,1,1,2,3,1,2,9,53.822545595,-1.49141156756
7145,110295764,433476,436396,1,2,29/06/2011,810,6,1,1,1,2,3,1,10,9,53.822545595,-1.49141156756
7146,110298179,427483,432590,2,1,29/06/2011,715,6,1,1,1,1,3,1,35,1,53.7886858014,-1.58279782462
7147,110297826,431606,434024,2,1,30/06/2011,835,6,1,1,1,1,3,2,25,1,53.8013415304,-1.52006427597
7148,110298208,430000,434153,1,1,30/06/2011,1145,3,1,1,1,3,3,2,46,9,53.8025961792,-1.54443787529
7149,110298528,422338,433441,1,1,30/06/2011,1530,4,1,1,1,3,3,2,43,19,53.7965816036,-1.6608374577
7150,110298676,427642,436694,2,2,30/06/2011,1720,3,1,1,1,1,3,2,22,9,53.8255672425,-1.58001567466
7151,110298676,427642,436694,2,2,30/06/2011,1720,3,1,1,1,1,3,2,49,9,53.8255672425,-1.58001567466
7152,110298756,428014,434339,2,1,30/06/2011,1640,3,1,1,1,1,3,2,40,9,53.8043788422,-1.57457821595
7153,110299736,431620,426336,2,2,30/06/2011,1325,6,1,1,1,1,3,1,70,9,53.7322352112,-1.52063951609
7154,110299736,431620,426336,2,2,30/06/2011,1325,6,1,1,1,1,3,2,41,9,53.7322352112,-1.52063951609
7155,110300993,431790,435567,2,1,30/06/2011,1410,3,1,1,1,2,3,2,34,9,53.8151998483,-1.51711098704
7156,110308518,429770,430608,1,1,30/06/2011,1900,3,1,1,1,3,3,1,52,19,53.7707442743,-1.54827282559
7157,110299828,429946,433098,2,1,01/07/2011,920,6,1,1,1,1,2,1,40,5,53.7931161808,-1.54536043749
7158,110299885,436082,436864,2,3,01/07/2011,1038,6,1,1,1,1,3,2,52,9,53.8265778677,-1.45176658562
7159,110299885,436082,436864,2,3,01/07/2011,1038,6,1,1,1,1,3,1,60,9,53.8265778677,-1.45176658562
7160,110299885,436082,436864,2,3,01/07/2011,1038,6,1,1,1,2,3,2,60,9,53.8265778677,-1.45176658562
7161,110300290,429104,433566,2,1,01/07/2011,1445,3,1,1,1,1,3,1,26,9,53.7973706938,-1.55809902186
7162,110300303,426346,427821,1,1,01/07/2011,1522,6,1,1,1,3,3,2,82,11,53.7458768262,-1.60046463617
7163,110300458,425906,434505,2,1,01/07/2011,1350,6,1,1,1,1,3,1,38,9,53.8059802505,-1.60657555868
7164,110300740,430894,430305,1,1,01/07/2011,2300,6,1,4,1,1,3,1,35,9,53.7679552117,-1.53124831398
7165,110301301,428062,435959,3,1,01/07/2011,1950,3,1,1,1,1,3,1,29,1,53.8189380192,-1.57370158028
7166,110301316,441849,430170,2,1,01/07/2011,1915,6,1,1,1,1,3,1,78,90,53.7659767025,-1.36505723004
7167,110301416,423546,437852,1,1,02/07/2011,1310,6,1,1,1,3,3,2,12,9,53.8361779755,-1.64215891978
7168,110301720,431697,427879,2,1,02/07/2011,1605,6,1,1,1,1,1,1,86,90,53.7461002318,-1.51931399936
7169,110302384,418153,444545,2,1,02/07/2011,1225,3,1,1,1,1,3,1,42,5,53.8965564923,-1.72372187552
7170,110302674,419977,446516,2,1,02/07/2011,1840,6,1,1,1,1,3,1,18,3,53.9142061843,-1.69583338685
7171,110309747,419623,446209,2,1,02/07/2011,1400,6,1,1,1,1,2,2,32,1,53.9114601783,-1.70124294934
7172,110303488,428397,436795,2,2,04/07/2011,130,4,1,4,1,1,3,1,35,9,53.8264343978,-1.56853545457
7173,110303488,428397,436795,2,2,04/07/2011,130,4,1,4,1,2,3,2,24,9,53.8264343978,-1.56853545457
7174,110304228,430072,433924,1,1,04/07/2011,1105,6,1,1,1,2,3,2,76,11,53.8005336041,-1.54336692901
7175,110304337,429414,433467,2,1,04/07/2011,845,6,1,1,1,1,3,1,28,1,53.7964633736,-1.55340174365
7176,110304600,428087,426550,2,1,04/07/2011,1440,3,1,1,1,1,3,1,29,9,53.7343610858,-1.57417876928
7177,110306709,430638,434675,2,1,05/07/2011,1414,3,1,1,1,1,2,1,38,9,53.8072510949,-1.53469798598
7178,110306735,432513,427315,2,1,05/07/2011,1445,3,1,1,1,1,3,1,12,1,53.7409803073,-1.50699917599
7179,110306795,431884,435122,2,2,05/07/2011,1805,6,1,1,1,2,3,2,25,9,53.8111941344,-1.51572929698
7180,110306795,431884,435122,2,2,05/07/2011,1805,6,1,1,1,2,3,1,28,9,53.8111941344,-1.51572929698
7181,110306825,425183,432525,2,1,05/07/2011,1720,6,1,1,1,1,3,1,57,90,53.7882179101,-1.61771709811
7182,110308505,442311,434294,2,3,05/07/2011,1832,3,1,1,1,1,3,1,31,19,53.8030078193,-1.3574820513
7183,110308505,442311,434294,2,3,05/07/2011,1832,3,1,1,1,2,3,1,34,19,53.8030078193,-1.3574820513
7184,110308505,442311,434294,2,3,05/07/2011,1832,3,1,1,1,1,2,1,60,9,53.8030078193,-1.3574820513
7185,110308621,434846,438067,2,1,05/07/2011,900,3,1,1,1,1,3,2,18,9,53.8374754722,-1.47040920125
7186,110308151,430076,433881,1,1,06/07/2011,1250,6,1,1,1,2,3,2,80,11,53.8001468578,-1.54331039221
7187,110308516,427657,436653,2,1,06/07/2011,1705,3,1,1,1,1,3,1,46,1,53.8251979065,-1.57979146376
7188,110312536,430046,438633,2,2,06/07/2011,1830,4,1,1,1,1,3,1,60,9,53.8428628568,-1.54330166419
7189,110312536,430046,438633,2,2,06/07/2011,1830,4,1,1,1,2,3,2,40,9,53.8428628568,-1.54330166419
7190,110309867,430064,433424,1,1,07/07/2011,945,6,1,1,1,3,3,2,25,21,53.796039703,-1.54353721043
7191,110310834,432688,434191,2,1,07/07/2011,1425,6,1,1,1,1,3,2,35,9,53.8027757693,-1.50361709239
7192,110311186,430760,424531,1,1,07/07/2011,2220,3,1,4,1,1,2,1,40,9,53.7160618174,-1.53385614251
7193,110311908,434931,437656,3,3,07/07/2011,1140,6,1,1,1,1,3,2,33,11,53.8337754612,-1.46916414973
7194,110311908,434931,437656,3,3,07/07/2011,1140,6,1,1,1,2,3,2,27,11,53.8337754612,-1.46916414973
7195,110311908,434931,437656,3,3,07/07/2011,1140,6,1,1,1,2,3,1,45,9,53.8337754612,-1.46916414973
7196,110312461,433163,433721,2,1,07/07/2011,1325,6,1,1,1,1,3,1,37,17,53.7985210302,-1.49645491124
7197,110311108,421571,434400,4,2,08/07/2011,125,4,1,4,1,1,3,1,25,9,53.805234289,-1.67241558684
7198,110311108,421571,434400,4,2,08/07/2011,125,4,1,4,1,1,3,1,64,9,53.805234289,-1.67241558684
7199,110311649,429389,434939,2,1,08/07/2011,1020,3,1,1,1,1,3,2,35,19,53.8096962007,-1.55364080421
7200,110311885,430710,439183,2,1,08/07/2011,1130,3,1,1,1,1,3,1,80,9,53.8477677741,-1.53315424959
7201,110312379,432273,426156,4,5,08/07/2011,1545,1,2,1,2,1,3,2,22,9,53.7305772261,-1.51075918889
7202,110312379,432273,426156,4,5,08/07/2011,1545,1,2,1,2,1,3,2,31,9,53.7305772261,-1.51075918889
7203,110312379,432273,426156,4,5,08/07/2011,1545,1,2,1,2,1,3,1,22,9,53.7305772261,-1.51075918889
7204,110312379,432273,426156,4,5,08/07/2011,1545,1,2,1,2,2,3,1,21,9,53.7305772261,-1.51075918889
7205,110312379,432273,426156,4,5,08/07/2011,1545,1,2,1,2,2,3,2,43,9,53.7305772261,-1.51075918889
7206,110312616,431794,428914,2,1,08/07/2011,1915,6,1,1,1,1,3,2,39,9,53.7553976961,-1.5177365074
7207,110312656,441160,433151,2,1,08/07/2011,1730,6,1,1,1,1,3,1,37,9,53.7928263445,-1.37511226858
7208,110313186,426541,428984,2,1,08/07/2011,1300,6,1,1,1,1,2,1,38,1,53.756320979,-1.59740761403
7209,110313380,430105,431747,2,1,08/07/2011,1420,3,2,1,1,1,3,1,32,1,53.7809632133,-1.54307855757
7210,110313002,433353,429648,1,3,09/07/2011,320,1,1,4,1,1,3,1,29,9,53.7618979545,-1.49401069406
7211,110313002,433353,429648,1,3,09/07/2011,320,1,1,4,1,2,3,1,29,9,53.7618979545,-1.49401069406
7212,110313002,433353,429648,1,3,09/07/2011,320,1,1,4,1,2,2,2,22,9,53.7618979545,-1.49401069406
7213,110313906,429289,426764,2,1,09/07/2011,1702,3,1,1,1,1,3,2,43,9,53.7362185662,-1.55593581019
7214,110313968,427220,433518,2,1,09/07/2011,1740,6,1,1,1,2,3,1,68,9,53.7970412183,-1.5867081555
7215,110314645,429639,434300,3,1,09/07/2011,2019,2,1,1,1,2,2,2,62,9,53.803938218,-1.5499054677
7216,110324552,431151,429951,1,1,10/07/2011,230,6,1,4,1,2,3,2,28,8,53.7647578839,-1.52738476003
7217,110315934,429660,434599,2,1,11/07/2011,855,3,1,1,1,1,3,2,25,1,53.8066246494,-1.54955776754
7218,110316131,426985,433110,1,2,11/07/2011,1048,4,1,1,1,3,3,1,54,1,53.7933860356,-1.59031189311
7219,110316131,426985,433110,1,2,11/07/2011,1048,4,1,1,1,1,3,2,26,1,53.7933860356,-1.59031189311
7220,110316759,430703,433602,3,1,11/07/2011,1345,3,1,1,1,1,3,2,56,9,53.7976023772,-1.53381785697
7221,110317250,429867,437866,2,1,11/07/2011,1900,6,1,1,1,1,3,2,24,9,53.8359788724,-1.54609693113
7222,110317423,420767,434473,2,1,11/07/2011,2050,6,1,1,1,1,2,1,9,1,53.805923201,-1.68462026724
7223,110318530,441060,432037,2,1,11/07/2011,720,3,1,1,2,1,3,1,39,1,53.7828210607,-1.37677878557
7224,110318271,418928,445362,2,3,12/07/2011,1128,3,1,1,1,1,3,1,70,9,53.903872578,-1.71187646428
7225,110318271,418928,445362,2,3,12/07/2011,1128,3,1,1,1,1,3,1,88,9,53.903872578,-1.71187646428
7226,110318271,418928,445362,2,3,12/07/2011,1128,3,1,1,1,2,3,2,79,9,53.903872578,-1.71187646428
7227,110318562,435429,439799,2,2,12/07/2011,1300,3,1,1,1,1,3,2,81,9,53.8530041979,-1.46134936462
7228,110318562,435429,439799,2,2,12/07/2011,1300,3,1,1,1,1,3,1,53,9,53.8530041979,-1.46134936462
7229,110318816,430334,433346,1,1,12/07/2011,1600,6,1,1,1,2,3,2,50,11,53.7953229102,-1.53944561723
7230,110318882,431043,431371,2,1,12/07/2011,1450,6,1,1,1,2,3,1,14,11,53.7775283559,-1.52888035273
7231,110318972,431507,435131,2,1,12/07/2011,1210,3,1,1,1,1,2,1,42,5,53.8112980126,-1.52145422546
7232,110342240,424648,427604,2,1,12/07/2011,1420,1,1,1,1,1,3,2,53,9,53.744009298,-1.62623138205
7233,110320671,431692,434521,1,1,13/07/2011,1345,6,1,1,1,2,3,2,51,11,53.8058036754,-1.51870726142
7234,110320841,434167,433885,2,1,13/07/2011,1735,6,1,1,1,1,3,1,29,1,53.7999301959,-1.48119271601
7235,110321115,428267,434137,1,1,13/07/2011,2100,3,1,4,1,2,3,1,42,90,53.8025494256,-1.57075481128
7236,110322570,419931,437067,1,1,13/07/2011,1800,3,1,1,1,3,3,2,40,9,53.8292730086,-1.69714798182
7237,110329264,443009,431620,2,1,13/07/2011,2030,3,1,1,1,1,3,2,17,2,53.7789154845,-1.34725650661
7238,110321897,430983,429783,2,1,14/07/2011,1030,6,1,1,1,2,3,1,80,11,53.7632577925,-1.52995038564
7239,110322183,425364,432751,3,5,14/07/2011,845,6,1,1,1,1,2,2,31,9,53.790240594,-1.6149509482
7240,110322183,425364,432751,3,5,14/07/2011,845,6,1,1,1,1,3,2,37,9,53.790240594,-1.6149509482
7241,110322183,425364,432751,3,5,14/07/2011,845,6,1,1,1,2,3,1,6,9,53.790240594,-1.6149509482
7242,110322183,425364,432751,3,5,14/07/2011,845,6,1,1,1,2,2,2,4,9,53.790240594,-1.6149509482
7243,110322183,425364,432751,3,5,14/07/2011,845,6,1,1,1,2,3,1,9,9,53.790240594,-1.6149509482
7244,110322900,430572,434528,2,1,14/07/2011,1845,3,1,1,1,1,2,1,21,1,53.8059336393,-1.53571489698
7245,110323040,421746,444163,4,2,14/07/2011,1750,6,1,1,1,1,2,1,50,3,53.8929845241,-1.66906655354
7246,110323040,421746,444163,4,2,14/07/2011,1750,6,1,1,1,1,2,1,38,3,53.8929845241,-1.66906655354
7247,110323149,428752,432719,2,1,14/07/2011,2120,3,1,1,1,1,3,2,50,9,53.7897767882,-1.56352249752
7248,110324152,430148,431061,1,1,14/07/2011,1300,6,1,1,1,3,3,2,25,9,53.7747944378,-1.54249301354
7249,110324065,431417,433629,2,2,15/07/2011,1240,3,1,1,1,1,3,2,19,9,53.7978024439,-1.52297441982
7250,110324065,431417,433629,2,2,15/07/2011,1240,3,1,1,1,2,3,2,18,9,53.7978024439,-1.52297441982
7251,110324726,427607,434511,2,1,15/07/2011,1325,3,1,1,1,1,3,2,29,9,53.8059466717,-1.58074332718
7252,110325466,426291,435584,2,1,15/07/2011,2010,3,2,1,1,1,3,2,56,9,53.815659819,-1.60063668751
7253,110325214,430797,433846,2,6,16/07/2011,320,3,1,4,1,1,3,1,31,8,53.7997900669,-1.53236625081
7254,110325214,430797,433846,2,6,16/07/2011,320,3,1,4,1,2,3,1,35,8,53.7997900669,-1.53236625081
7255,110325214,430797,433846,2,6,16/07/2011,320,3,1,4,1,2,3,2,25,8,53.7997900669,-1.53236625081
7256,110325214,430797,433846,2,6,16/07/2011,320,3,1,4,1,2,2,2,27,8,53.7997900669,-1.53236625081
7257,110325214,430797,433846,2,6,16/07/2011,320,3,1,4,1,2,3,1,25,8,53.7997900669,-1.53236625081
7258,110325214,430797,433846,2,6,16/07/2011,320,3,1,4,1,2,3,1,40,8,53.7997900669,-1.53236625081
7259,110325541,427819,435083,2,1,16/07/2011,925,6,2,1,2,1,3,1,40,9,53.8110769415,-1.57747216325
7260,110326068,427073,435640,1,1,16/07/2011,1655,6,1,1,1,2,3,2,5,11,53.8161230555,-1.58875342185
7261,110326071,428576,427974,3,1,16/07/2011,1405,3,2,1,2,1,3,2,45,9,53.7471346275,-1.56663370361
7262,110326236,427483,432589,2,2,16/07/2011,1830,6,1,1,1,1,3,1,37,9,53.7886768127,-1.58279791381
7263,110326236,427483,432589,2,2,16/07/2011,1830,6,1,1,1,1,3,1,21,19,53.7886768127,-1.58279791381
7264,110327031,432656,438104,1,1,17/07/2011,1130,6,2,1,2,3,3,2,81,9,53.8379503362,-1.50368754791
7265,110330289,428915,433417,5,3,17/07/2011,1300,2,2,1,8,1,3,2,47,9,53.7960419089,-1.56098260053
7266,110330289,428915,433417,5,3,17/07/2011,1300,2,2,1,8,1,3,2,46,9,53.7960419089,-1.56098260053
7267,110330289,428915,433417,5,3,17/07/2011,1300,2,2,1,8,2,3,2,17,9,53.7960419089,-1.56098260053
7268,110328088,423035,438090,1,1,18/07/2011,830,6,2,1,2,3,3,2,14,9,53.8383402157,-1.64990685403
7269,110328172,432058,435962,2,1,18/07/2011,905,6,2,1,2,1,3,1,36,1,53.8187339126,-1.51299907511
7270,110328553,442230,434699,1,2,18/07/2011,1245,4,1,1,1,1,3,2,33,9,53.8066547198,-1.35865644512
7271,110328553,442230,434699,1,2,18/07/2011,1245,4,1,1,1,2,3,2,1,9,53.8066547198,-1.35865644512
7272,110328649,431482,435008,2,1,18/07/2011,910,6,2,1,2,1,3,1,33,9,53.8101939191,-1.52184650738
7273,110329187,440664,447583,1,3,18/07/2011,1515,2,1,1,1,2,3,2,61,9,53.9225859247,-1.38072964434
7274,110329187,440664,447583,1,3,18/07/2011,1515,2,1,1,1,2,3,2,22,9,53.9225859247,-1.38072964434
7275,110329187,440664,447583,1,3,18/07/2011,1515,2,1,1,1,2,3,2,6,9,53.9225859247,-1.38072964434
7276,110330438,437316,431153,2,1,18/07/2011,654,1,1,1,1,1,3,2,40,9,53.7751570098,-1.43371013424
7277,110328607,429305,433479,1,1,19/07/2011,949,6,1,1,1,3,3,2,45,9,53.7965773897,-1.55505551424
7278,110329679,428540,434269,4,1,19/07/2011,123,6,1,4,1,1,3,1,19,9,53.8037210326,-1.56659709622
7279,110329921,430230,432030,2,3,19/07/2011,845,3,1,1,1,2,3,1,25,9,53.783499785,-1.54115367409
7280,110329921,430230,432030,2,3,19/07/2011,845,3,1,1,1,2,3,2,47,9,53.783499785,-1.54115367409
7281,110329921,430230,432030,2,3,19/07/2011,845,3,1,1,1,2,3,2,17,9,53.783499785,-1.54115367409
7282,110330561,431508,429658,1,1,19/07/2011,5,6,1,7,1,3,3,2,47,9,53.7621027062,-1.52199856348
7283,110331002,433406,437242,1,3,19/07/2011,1435,6,1,1,1,1,3,1,17,9,53.830154469,-1.49238308604
7284,110331002,433406,437242,1,3,19/07/2011,1435,6,1,1,1,2,3,1,17,9,53.830154469,-1.49238308604
7285,110331002,433406,437242,1,3,19/07/2011,1435,6,1,1,1,2,3,1,17,9,53.830154469,-1.49238308604
7286,110331461,443108,440517,1,1,19/07/2011,2209,2,1,1,1,1,3,1,31,9,53.8588770379,-1.34450724388
7287,110331625,426145,435591,2,1,19/07/2011,840,4,1,1,1,1,3,1,24,1,53.8157301031,-1.60285379057
7288,110331753,431432,435098,1,1,19/07/2011,1705,3,1,1,1,3,3,1,45,9,53.8110059252,-1.52259669396
7289,110331404,429837,431468,2,1,20/07/2011,15,6,1,4,1,1,3,1,17,1,53.7784707796,-1.54717301121
7290,110332293,426410,436408,2,1,20/07/2011,1000,6,1,1,1,2,2,2,91,9,53.8230605261,-1.59875836251
7291,110332803,438528,430233,2,2,20/07/2011,1645,6,2,1,2,1,3,1,23,9,53.7667992368,-1.41543333745
7292,110332803,438528,430233,2,2,20/07/2011,1645,6,2,1,2,2,3,1,19,9,53.7667992368,-1.41543333745
7293,110332896,430118,431825,3,2,20/07/2011,1800,3,2,1,1,1,3,1,43,19,53.7816635839,-1.5428736358
7294,110332896,430118,431825,3,2,20/07/2011,1800,3,2,1,1,1,3,2,24,9,53.7816635839,-1.5428736358
7295,110333124,429974,445291,2,3,20/07/2011,1925,3,2,1,2,1,1,2,59,9,53.9027132214,-1.54374511394
7296,110333124,429974,445291,2,3,20/07/2011,1925,3,2,1,2,2,1,2,84,9,53.9027132214,-1.54374511394
7297,110333124,429974,445291,2,3,20/07/2011,1925,3,2,1,2,2,1,2,82,9,53.9027132214,-1.54374511394
7298,110333507,436756,433640,2,2,20/07/2011,1818,6,1,1,1,1,3,2,33,9,53.7975515019,-1.44191138321
7299,110333507,436756,433640,2,2,20/07/2011,1818,6,1,1,1,1,3,2,38,9,53.7975515019,-1.44191138321
7300,110333804,440379,433549,2,1,20/07/2011,925,3,1,1,1,1,2,1,19,3,53.7964649625,-1.38691642186
7301,110334062,430053,434023,2,1,20/07/2011,1905,6,2,1,1,1,3,1,28,1,53.8014245858,-1.54364576535
7302,110334074,430556,435102,2,1,20/07/2011,1750,3,1,1,1,1,3,1,34,8,53.8110940947,-1.53590088984
7303,110334061,428969,435474,1,1,21/07/2011,1120,6,1,1,1,3,3,1,18,20,53.8145287367,-1.55996917727
7304,110334148,424154,428158,2,3,21/07/2011,1205,3,1,1,1,1,3,1,52,9,53.7490122775,-1.6336790417
7305,110334148,424154,428158,2,3,21/07/2011,1205,3,1,1,1,1,3,2,49,9,53.7490122775,-1.6336790417
7306,110334148,424154,428158,2,3,21/07/2011,1205,3,1,1,1,2,3,2,45,9,53.7490122775,-1.6336790417
7307,110334173,435777,436788,3,2,21/07/2011,1150,3,1,1,1,1,3,2,43,9,53.8259158233,-1.45640939808
7308,110334173,435777,436788,3,2,21/07/2011,1150,3,1,1,1,1,3,2,55,9,53.8259158233,-1.45640939808
7309,110334338,427556,431984,1,1,21/07/2011,1010,3,1,1,1,1,3,1,20,19,53.7832347336,-1.58174387053
7310,110334595,429996,438582,2,1,21/07/2011,1440,4,1,1,1,2,3,1,27,11,53.8424073252,-1.54406661674
7311,110334815,431648,438836,2,1,21/07/2011,1005,6,1,1,1,1,3,1,14,1,53.8445924026,-1.51893131443
7312,110335529,429572,434813,2,1,22/07/2011,855,3,1,1,1,1,3,1,23,1,53.8085532473,-1.55087360615
7313,110335864,428405,429303,2,1,22/07/2011,630,3,1,1,1,1,3,1,51,5,53.759090125,-1.56910466473
7314,110336484,430360,433445,1,1,22/07/2011,1440,6,1,1,1,2,3,2,4,11,53.7962112775,-1.53904112135
7315,110336709,429416,426404,3,3,22/07/2011,1730,1,2,1,2,1,3,2,49,9,53.7329754357,-1.55404462078
7316,110336709,429416,426404,3,3,22/07/2011,1730,1,2,1,2,2,3,1,17,9,53.7329754357,-1.55404462078
7317,110336709,429416,426404,3,3,22/07/2011,1730,1,2,1,2,2,3,2,11,9,53.7329754357,-1.55404462078
7318,110337566,438305,430356,1,1,22/07/2011,1605,6,1,1,1,3,3,1,5,9,53.7679212828,-1.41880134658
7319,110342760,441754,430216,1,1,22/07/2011,1745,4,1,1,1,3,3,1,66,9,53.7663977985,-1.36649227076
7320,110338115,419823,441207,3,3,23/07/2011,1700,3,1,1,1,1,3,1,47,9,53.8664908284,-1.69852174941
7321,110338115,419823,441207,3,3,23/07/2011,1700,3,1,1,1,2,3,2,9,9,53.8664908284,-1.69852174941
7322,110338115,419823,441207,3,3,23/07/2011,1700,3,1,1,1,1,3,1,36,9,53.8664908284,-1.69852174941
7323,110338268,425239,428230,1,1,23/07/2011,2055,1,1,1,1,1,3,1,28,9,53.7496080615,-1.61721838158
7324,110338726,426864,438043,2,1,23/07/2011,1730,3,1,1,1,1,3,1,45,9,53.8377338425,-1.59171813389
7325,110338855,442242,429929,2,1,23/07/2011,1350,4,1,1,1,1,3,1,28,9,53.7637787486,-1.35912793967
7326,110342879,429783,433660,1,1,23/07/2011,2215,6,1,4,1,3,3,1,24,8,53.7981772062,-1.54778067585
7327,110339587,430013,438607,2,1,24/07/2011,1820,4,1,1,1,2,3,2,52,9,53.8426310597,-1.54380578626
7328,110341346,440246,448432,2,1,25/07/2011,1810,6,1,1,1,1,3,1,25,9,53.9302496489,-1.38698313813
7329,110341361,427418,437080,3,1,25/07/2011,1810,3,1,1,1,1,3,1,44,9,53.8290487585,-1.58338454044
7330,110341370,438733,440967,2,2,25/07/2011,1520,6,1,1,1,1,3,1,45,19,53.8632667317,-1.41097183212
7331,110341370,438733,440967,2,2,25/07/2011,1520,6,1,1,1,2,3,1,55,19,53.8632667317,-1.41097183212
7332,110341376,427444,436154,2,2,25/07/2011,1740,6,1,1,1,1,3,1,20,9,53.8207238179,-1.58307213128
7333,110341376,427444,436154,2,2,25/07/2011,1740,6,1,1,1,1,3,1,45,9,53.8207238179,-1.58307213128
7334,110341388,430188,434362,5,5,25/07/2011,1740,2,1,1,1,1,3,2,55,9,53.8044639438,-1.5415626271
7335,110341388,430188,434362,5,5,25/07/2011,1740,2,1,1,1,1,3,1,42,9,53.8044639438,-1.5415626271
7336,110341388,430188,434362,5,5,25/07/2011,1740,2,1,1,1,1,3,2,27,9,53.8044639438,-1.5415626271
7337,110341388,430188,434362,5,5,25/07/2011,1740,2,1,1,1,1,3,1,61,9,53.8044639438,-1.5415626271
7338,110341388,430188,434362,5,5,25/07/2011,1740,2,1,1,1,1,3,1,28,9,53.8044639438,-1.5415626271
7339,110341728,431956,430504,2,3,25/07/2011,2315,3,1,4,1,1,3,2,27,9,53.769679889,-1.51511470346
7340,110341728,431956,430504,2,3,25/07/2011,2315,3,1,4,1,2,3,1,43,9,53.769679889,-1.51511470346
7341,110341728,431956,430504,2,3,25/07/2011,2315,3,1,4,1,2,3,1,28,9,53.769679889,-1.51511470346
7342,110342695,427489,425486,2,2,25/07/2011,2205,3,1,1,1,1,3,1,18,9,53.724828788,-1.58333923327
7343,110342695,427489,425486,2,2,25/07/2011,2205,3,1,1,1,2,3,2,16,9,53.724828788,-1.58333923327
7344,110342817,428922,433407,2,1,25/07/2011,750,3,1,1,1,1,3,2,60,9,53.7959516323,-1.5608772617