Col.Number,Reference.Number,Easting,Northing,Number.of.Vehicles,Number.of.Casualties,Accident.Date,Time..24hr.,X1st.Road.Class,Road.Surface,Lighting.Conditions,Weather.Conditions,Casualty.Class,Casualty.Severity,Sex.of.Casualty,Age.of.Casualty,Type.of.Vehicle,Latitude,Longitude
7345,110346652,429599,433637,2,1,25/07/2011,1050,6,1,1,1,1,3,2,52,1,53.7979809667,-1.55057661182
7346,110341725,429798,433791,2,2,26/07/2011,20,6,1,4,1,1,3,1,22,9,53.799353871,-1.54754025154
7347,110341725,429798,433791,2,2,26/07/2011,20,6,1,4,1,2,3,1,24,9,53.799353871,-1.54754025154
7348,110342341,435394,440271,2,2,26/07/2011,745,6,2,1,1,1,3,2,26,9,53.8572491715,-1.46182703694
7349,110342341,435394,440271,2,2,26/07/2011,745,6,2,1,1,1,3,2,25,9,53.8572491715,-1.46182703694
7350,110342737,420550,444945,2,1,26/07/2011,1325,6,1,1,1,1,3,1,25,1,53.9000624993,-1.68721463902
7351,110343039,425756,426340,1,5,26/07/2011,1607,1,1,1,1,2,2,1,25,10,53.7325937655,-1.60953513039
7352,110343039,425756,426340,1,5,26/07/2011,1607,1,1,1,1,2,3,1,30,10,53.7325937655,-1.60953513039
7353,110343039,425756,426340,1,5,26/07/2011,1607,1,1,1,1,2,3,1,38,10,53.7325937655,-1.60953513039
7354,110343039,425756,426340,1,5,26/07/2011,1607,1,1,1,1,2,3,1,21,10,53.7325937655,-1.60953513039
7355,110343039,425756,426340,1,5,26/07/2011,1607,1,1,1,1,2,3,1,25,10,53.7325937655,-1.60953513039
7356,110344660,436209,434332,1,1,27/07/2011,1040,3,1,1,1,2,2,2,72,11,53.8038099685,-1.45013502174
7357,110344757,432209,432987,1,1,27/07/2011,1520,6,1,1,1,3,2,1,90,9,53.7919832731,-1.51101655156
7358,110349980,435653,436499,2,1,27/07/2011,1649,6,1,1,1,1,3,2,59,9,53.8233266478,-1.45832685231
7359,110345213,420829,439688,2,1,28/07/2011,24,3,1,4,1,1,3,1,33,3,53.8527974631,-1.68332535526
7360,110345517,432694,429406,1,1,28/07/2011,838,3,1,1,1,1,3,2,19,9,53.7597644589,-1.50403341939
7361,110346029,429968,435600,2,1,28/07/2011,1054,6,1,1,1,1,3,2,55,9,53.8156046908,-1.54478289894
7362,110346300,430847,433469,1,1,28/07/2011,1210,6,1,1,1,2,3,2,70,11,53.7963983598,-1.53164481863
7363,110346378,428507,437138,1,1,28/07/2011,1430,6,1,1,1,2,3,1,17,11,53.8295115034,-1.56683235956
7364,110346636,435302,431295,1,1,28/07/2011,1710,1,1,1,1,1,3,2,24,9,53.776573847,-1.46425587255
7365,110346712,431220,432854,1,1,28/07/2011,1745,3,1,1,1,3,3,1,20,9,53.7908480527,-1.52604403426
7366,110348343,440852,448243,2,2,29/07/2011,1500,6,1,1,1,1,3,1,77,9,53.9285034009,-1.37777856483
7367,110348343,440852,448243,2,2,29/07/2011,1500,6,1,1,1,2,3,2,78,9,53.9285034009,-1.37777856483
7368,110348424,428505,434548,2,1,29/07/2011,1630,6,1,1,1,1,3,1,25,9,53.8062308121,-1.56710274948
7369,110348470,430686,434465,2,1,29/07/2011,1650,6,1,1,1,2,3,2,28,11,53.8053606372,-1.53398996604
7370,110348590,431008,438422,2,1,29/07/2011,1905,6,1,1,1,1,3,1,45,1,53.840909711,-1.52870112835
7371,110348616,425878,435480,2,3,29/07/2011,2010,6,1,1,1,1,3,1,34,9,53.8147457077,-1.6069187886
7372,110348616,425878,435480,2,3,29/07/2011,2010,6,1,1,1,1,3,1,36,9,53.8147457077,-1.6069187886
7373,110348616,425878,435480,2,3,29/07/2011,2010,6,1,1,1,2,3,1,29,9,53.8147457077,-1.6069187886
7374,110348830,426488,431883,1,1,29/07/2011,2228,3,1,4,1,3,3,1,23,9,53.7823823082,-1.59796263729
7375,110349508,431292,437131,3,1,29/07/2011,1915,6,1,1,1,1,3,1,49,9,53.8292883354,-1.5245161622
7376,110349843,420036,445974,2,1,30/07/2011,1446,4,1,1,1,1,2,2,45,5,53.9093320224,-1.69497057952
7377,110350091,428531,431386,2,2,30/07/2011,1940,3,1,1,1,1,3,1,41,9,53.7778069116,-1.56700072195
7378,110350091,428531,431386,2,2,30/07/2011,1940,3,1,1,1,2,3,2,37,9,53.7778069116,-1.56700072195
7379,110350165,426567,433900,2,1,30/07/2011,1505,3,1,1,1,1,1,1,37,5,53.8005086917,-1.59658968129
7380,110352453,431900,435723,2,1,30/07/2011,1515,3,1,1,1,2,3,2,22,9,53.8165953422,-1.51542398113
7381,110352625,424279,428344,2,1,30/07/2011,1708,3,1,1,1,1,3,1,48,5,53.7506784045,-1.63176870726
7382,110352703,426348,433668,1,1,30/07/2011,1320,6,1,1,1,3,3,1,20,9,53.7984344308,-1.599934877
7383,110351036,434817,433432,1,1,31/07/2011,1346,6,1,1,1,1,2,1,50,5,53.7958152476,-1.47137448849
7384,110351170,423522,434602,2,1,31/07/2011,1417,6,1,1,1,1,3,1,51,1,53.8069654541,-1.64277222182
7385,110351364,428655,425372,1,1,31/07/2011,1820,6,1,1,1,3,3,2,9,9,53.7237413063,-1.56567685436
7386,110351880,428419,431320,2,1,31/07/2011,1405,3,1,1,1,2,3,2,67,9,53.7772197774,-1.56870651371
7387,110352966,430839,433998,2,1,01/08/2011,1615,3,1,1,1,1,3,1,36,1,53.8011538624,-1.5317133075
7388,110353211,427646,431151,2,1,01/08/2011,800,3,1,1,1,1,3,2,32,1,53.775742291,-1.58045254442
7389,110353923,433595,434935,2,1,01/08/2011,2000,6,1,1,1,1,3,1,48,1,53.8094055298,-1.48976326213
7390,110354303,429953,433340,2,1,02/08/2011,1150,6,1,1,1,1,3,1,45,9,53.7952910518,-1.54523063707
7391,110354682,436282,436530,2,1,02/08/2011,1525,6,1,1,1,1,3,1,11,1,53.8235617656,-1.44876733158
7392,110355064,430898,426836,2,1,02/08/2011,1420,6,1,1,1,1,3,1,4,1,53.7367728942,-1.5315346883
7393,110356552,422996,432790,1,1,02/08/2011,1240,6,1,1,1,3,3,2,17,3,53.7907011922,-1.65089570182
7394,110355437,442521,431734,2,1,03/08/2011,620,3,1,1,1,1,3,1,21,9,53.7799802576,-1.3546465945
7395,110355662,427232,434726,2,1,03/08/2011,840,3,1,1,1,1,3,2,26,1,53.8078990269,-1.58641911992
7396,110356291,436293,434792,2,2,03/08/2011,1320,6,1,1,1,1,3,1,29,8,53.8079388631,-1.448805242
7397,110356291,436293,434792,2,2,03/08/2011,1320,6,1,1,1,2,3,2,71,8,53.8079388631,-1.448805242
7398,110356604,433208,433085,1,2,03/08/2011,1415,6,2,1,2,1,3,2,29,9,53.7928013666,-1.49584022881
7399,110356604,433208,433085,1,2,03/08/2011,1415,6,2,1,2,2,3,2,32,9,53.7928013666,-1.49584022881
7400,110356639,433553,435954,3,1,03/08/2011,1345,6,2,1,2,1,3,2,86,9,53.8185676586,-1.49029000469
7401,110356730,428539,426413,2,2,03/08/2011,1800,1,2,1,1,1,3,1,32,9,53.7331050701,-1.56733894938
7402,110356730,428539,426413,2,2,03/08/2011,1800,1,2,1,1,2,3,2,18,9,53.7331050701,-1.56733894938
7403,110357863,437049,437588,2,4,04/08/2011,1215,3,2,1,1,2,3,1,22,20,53.833017526,-1.4369874044
7404,110357863,437049,437588,2,4,04/08/2011,1215,3,2,1,1,1,3,1,27,9,53.833017526,-1.4369874044
7405,110357863,437049,437588,2,4,04/08/2011,1215,3,2,1,1,2,3,2,22,9,53.833017526,-1.4369874044
7406,110357863,437049,437588,2,4,04/08/2011,1215,3,2,1,1,2,3,1,4,9,53.833017526,-1.4369874044
7407,110358518,428580,432978,2,1,04/08/2011,1515,3,1,1,1,1,3,2,32,9,53.7921143534,-1.56610948316
7408,110358533,431399,435082,2,1,04/08/2011,1145,3,1,1,1,1,3,1,41,9,53.8108641001,-1.52309952609
7409,110358792,423940,428098,2,1,04/08/2011,1554,1,1,1,1,1,3,2,33,9,53.7484828175,-1.63692915604
7410,110358908,440842,434503,2,2,04/08/2011,2030,1,1,1,1,1,2,1,39,9,53.8050038335,-1.37976050782
7411,110358908,440842,434503,2,2,04/08/2011,2030,1,1,1,1,1,3,2,51,9,53.8050038335,-1.37976050782
7412,110359605,436704,436608,3,1,04/08/2011,613,6,1,1,1,1,3,1,17,9,53.8242332425,-1.44234690523
7413,110361032,429879,439607,2,1,04/08/2011,1720,6,1,1,1,1,3,1,61,9,53.8516274422,-1.5457451978
7414,110365681,429144,433083,2,1,04/08/2011,1240,6,1,1,1,1,3,1,17,3,53.7930268888,-1.55753739884
7415,110360226,425576,432446,1,1,05/08/2011,1800,6,1,1,1,3,3,2,3,9,53.7874886274,-1.61175798674
7416,110360486,432162,436143,2,1,05/08/2011,2115,6,1,4,1,1,3,1,57,1,53.8203544349,-1.51140032294
7417,110360590,430495,425016,2,1,05/08/2011,2330,3,1,4,1,1,2,1,46,5,53.7204369599,-1.53782407522
7418,110360655,419318,441750,3,1,05/08/2011,2258,3,1,7,1,1,1,1,24,3,53.8713907854,-1.70616772769
7419,110361127,428467,436850,2,1,05/08/2011,1625,4,1,1,1,1,3,1,22,1,53.8269249474,-1.56746681417
7420,110361036,423013,437678,2,1,06/08/2011,940,3,1,1,1,1,3,1,71,9,53.8346378103,-1.65027206689
7421,110361225,433325,441772,1,3,06/08/2011,30,6,1,6,1,1,3,2,22,9,53.8708779486,-1.49312214178
7422,110361225,433325,441772,1,3,06/08/2011,30,6,1,6,1,2,3,1,22,9,53.8708779486,-1.49312214178
7423,110361225,433325,441772,1,3,06/08/2011,30,6,1,6,1,2,3,2,20,9,53.8708779486,-1.49312214178
7424,110361403,428857,433362,4,1,06/08/2011,1445,3,1,1,1,2,3,2,28,9,53.7955507477,-1.56186834067
7425,110362713,431886,435025,1,1,06/08/2011,2045,6,1,1,1,3,3,1,33,9,53.8103221105,-1.51570897137
7426,110362420,434459,445059,2,2,07/08/2011,725,3,1,1,1,1,2,1,45,9,53.9003490899,-1.47550491035
7427,110362420,434459,445059,2,2,07/08/2011,725,3,1,1,1,1,3,1,59,9,53.9003490899,-1.47550491035
7428,110362441,423723,434197,2,3,07/08/2011,935,6,2,1,2,1,3,1,44,9,53.8033158502,-1.63975091739
7429,110362441,423723,434197,2,3,07/08/2011,935,6,2,1,2,1,3,1,33,8,53.8033158502,-1.63975091739
7430,110362441,423723,434197,2,3,07/08/2011,935,6,2,1,2,2,3,2,21,8,53.8033158502,-1.63975091739
7431,110362659,431747,431414,2,2,07/08/2011,1300,3,1,1,1,1,3,2,47,9,53.7778724176,-1.5181921818
7432,110362659,431747,431414,2,2,07/08/2011,1300,3,1,1,1,2,3,2,26,9,53.7778724176,-1.5181921818
7433,110363198,427740,434081,4,3,07/08/2011,2035,6,1,1,1,1,3,1,21,9,53.8020744276,-1.57876231225
7434,110363198,427740,434081,4,3,07/08/2011,2035,6,1,1,1,1,3,2,30,9,53.8020744276,-1.57876231225
7435,110363198,427740,434081,4,3,07/08/2011,2035,6,1,1,1,1,2,2,53,9,53.8020744276,-1.57876231225
7436,110363992,435797,425979,1,1,07/08/2011,1045,3,2,1,4,1,2,1,38,5,53.7287562396,-1.45736029511
7437,110369715,423752,438009,1,1,07/08/2011,1200,6,2,1,2,3,3,2,25,9,53.8375798357,-1.63901615999
7438,110364220,420537,440209,2,1,08/08/2011,1200,3,1,1,1,1,3,1,42,9,53.8574922569,-1.68772985587
7439,110364830,440403,446780,2,1,08/08/2011,1810,3,1,1,1,1,2,2,52,9,53.9153887377,-1.3848102628
7440,110364847,436202,436471,2,1,08/08/2011,1805,6,1,1,1,1,3,2,16,2,53.8230370189,-1.44998965607
7441,110364928,429667,430795,1,1,08/08/2011,2005,6,1,1,1,3,2,2,3,9,53.7724310533,-1.54981770038
7442,110365029,430670,433029,2,1,08/08/2011,1000,3,1,1,1,1,3,2,27,9,53.7924537869,-1.53437594827
7443,110367816,425353,437191,1,1,08/08/2011,1310,6,1,1,1,3,3,2,80,8,53.8301513645,-1.61475216825
7444,110365367,427509,437677,1,1,09/08/2011,925,6,1,1,1,3,3,1,51,1,53.8344102166,-1.58194840705
7445,110365381,432663,436926,2,1,09/08/2011,800,6,1,1,1,1,3,1,38,1,53.8273612978,-1.50370635781
7446,110365741,430358,433459,1,1,09/08/2011,1114,6,1,1,1,2,3,2,70,10,53.7963372363,-1.53907010663
7447,110366393,428532,428182,2,1,09/08/2011,1750,3,1,1,1,1,3,1,35,1,53.749006715,-1.56728174862
7448,110366447,424128,444003,2,1,09/08/2011,1435,3,1,1,1,1,3,1,40,19,53.8914409475,-1.63283035505
7449,110366573,433941,434109,2,3,09/08/2011,1705,3,1,1,1,1,3,2,39,9,53.8019584472,-1.4845995596
7450,110366573,433941,434109,2,3,09/08/2011,1705,3,1,1,1,2,3,1,45,9,53.8019584472,-1.4845995596
7451,110366573,433941,434109,2,3,09/08/2011,1705,3,1,1,1,1,3,1,55,21,53.8019584472,-1.4845995596
7452,110366577,433330,434049,2,1,09/08/2011,1928,3,1,1,1,1,3,1,50,1,53.8014586377,-1.4938838013
7453,110366826,430413,433702,1,1,09/08/2011,1055,6,1,1,1,3,3,1,77,9,53.7985182835,-1.53821106854
7454,110368077,427643,430979,2,1,10/08/2011,800,3,2,1,8,1,3,2,43,9,53.7741963756,-1.58051348651
7455,110368148,430764,432411,2,2,10/08/2011,1632,3,1,1,1,1,3,2,18,9,53.7868932047,-1.53301061628
7456,110368148,430764,432411,2,2,10/08/2011,1632,3,1,1,1,1,3,1,50,11,53.7868932047,-1.53301061628
7457,110368162,427246,426732,2,1,10/08/2011,1645,6,2,1,1,1,3,1,46,9,53.7360416829,-1.58691258715
7458,110368166,430421,433815,1,1,10/08/2011,1729,6,1,1,1,3,3,1,65,9,53.799533541,-1.53807843925
7459,110368176,422724,438174,2,2,10/08/2011,1630,6,2,1,2,1,3,1,28,19,53.8391089718,-1.65462722117
7460,110368176,422724,438174,2,2,10/08/2011,1630,6,2,1,2,2,3,2,57,9,53.8391089718,-1.65462722117
7461,110368259,431926,435602,2,1,10/08/2011,1830,6,2,1,2,2,3,2,52,9,53.8155061179,-1.5150416011
7462,110368530,428395,434648,2,2,10/08/2011,2350,6,1,7,1,1,3,1,35,9,53.807135704,-1.56876401124
7463,110368530,428395,434648,2,2,10/08/2011,2350,6,1,7,1,2,3,2,37,9,53.807135704,-1.56876401124
7464,110368742,422430,435474,2,1,10/08/2011,900,6,1,1,1,1,3,1,48,9,53.8148519621,-1.65929250035
7465,110371004,428454,429079,2,1,10/08/2011,1735,3,2,1,5,1,3,1,38,5,53.7570739558,-1.56838201768
7466,110370937,434803,435042,2,2,11/08/2011,345,6,1,7,1,1,3,1,24,9,53.8102878668,-1.47140505155
7467,110370937,434803,435042,2,2,11/08/2011,345,6,1,7,1,2,3,2,44,9,53.8102878668,-1.47140505155
7468,110371675,430071,433366,2,1,11/08/2011,1940,6,1,1,1,1,3,2,43,1,53.7955179521,-1.54343659512
7469,110378359,427968,426261,2,1,11/08/2011,525,3,2,1,2,1,3,1,34,9,53.7317697003,-1.57600899074
7470,110370460,426784,438339,2,1,12/08/2011,730,3,2,1,2,1,3,2,49,9,53.8403986358,-1.5929081427
7471,110370991,426021,435584,1,1,12/08/2011,700,4,2,1,2,1,2,1,34,2,53.8156734028,-1.60473791049
7472,110372299,436115,428589,1,1,12/08/2011,1745,6,1,1,1,3,3,1,8,9,53.7521947935,-1.4522350436
7473,110372406,420327,434223,2,1,12/08/2011,1300,3,1,1,1,1,3,1,37,1,53.8036933663,-1.69131876185
7474,110372524,432134,436087,1,1,12/08/2011,1745,6,1,1,1,3,3,2,30,9,53.819852802,-1.51183152783
7475,110372531,421562,434965,2,2,12/08/2011,1920,6,1,1,1,1,3,1,21,4,53.8103133632,-1.67251268232
7476,110372531,421562,434965,2,2,12/08/2011,1920,6,1,1,1,2,3,2,17,9,53.8103133632,-1.67251268232
7477,110408868,432666,436873,2,1,12/08/2011,2030,6,1,1,1,1,2,2,24,1,53.8268847117,-1.50366640784
7478,110374002,429934,427358,2,1,13/08/2011,1930,6,1,1,1,2,2,2,87,9,53.7415212941,-1.54609947132
7479,110373720,432295,444402,2,1,14/08/2011,1010,3,1,1,1,2,3,2,39,9,53.8945829809,-1.50851074508
7480,110374000,431958,434777,1,1,14/08/2011,1255,6,1,1,1,2,3,2,2,11,53.8080884995,-1.51464121499
7481,110374227,435206,442392,2,1,14/08/2011,1445,6,1,1,1,1,3,2,18,9,53.8763265999,-1.46444201544
7482,110374502,426585,441939,2,2,14/08/2011,2030,3,1,1,1,1,3,2,26,9,53.8727681831,-1.59562082344
7483,110374502,426585,441939,2,2,14/08/2011,2030,3,1,1,1,2,3,1,27,9,53.8727681831,-1.59562082344
7484,110374824,430665,434301,2,1,15/08/2011,725,6,1,1,1,1,2,2,58,9,53.803887728,-1.53432520438
7485,110375365,431232,430570,2,2,15/08/2011,909,1,1,1,1,1,3,2,49,9,53.7703170702,-1.52609323842
7486,110375365,431232,430570,2,2,15/08/2011,909,1,1,1,1,2,3,2,52,9,53.7703170702,-1.52609323842
7487,110375818,431618,431152,2,1,15/08/2011,1525,6,1,1,1,1,3,2,31,9,53.7755252209,-1.52017673497
7488,110375885,436531,425949,3,1,15/08/2011,1314,1,1,1,1,1,2,1,74,9,53.728435683,-1.4462378427
7489,110376077,429306,426775,2,1,15/08/2011,1640,3,1,1,1,1,3,1,67,9,53.7363164881,-1.55567703098
7490,110376641,432511,437062,2,1,16/08/2011,817,6,2,1,1,1,3,1,30,9,53.8285932833,-1.50600142477
7491,110377724,430219,427034,1,1,16/08/2011,1100,3,1,1,1,2,3,2,84,11,53.7385924757,-1.54180973968
7492,110378835,422437,441708,2,2,16/08/2011,1535,6,1,1,1,1,3,2,57,9,53.8708877535,-1.65873078723
7493,110378835,422437,441708,2,2,16/08/2011,1535,6,1,1,1,2,3,2,20,9,53.8708877535,-1.65873078723
7494,110380753,430588,433666,1,1,16/08/2011,914,6,2,1,1,3,3,1,28,9,53.7981844294,-1.53555755174
7495,110378356,428366,432497,2,1,17/08/2011,730,3,1,1,1,1,3,2,30,9,53.7878024646,-1.56940252657
7496,110378883,432964,439235,2,2,17/08/2011,1140,3,1,1,1,1,3,1,38,9,53.8480969911,-1.49888531673
7497,110378883,432964,439235,2,2,17/08/2011,1140,3,1,1,1,2,3,2,6,9,53.8480969911,-1.49888531673
7498,110379377,434506,428876,2,1,17/08/2011,1200,6,1,1,1,1,2,1,23,4,53.7548835803,-1.47660592086
7499,110379506,425246,434343,1,1,17/08/2011,1700,3,1,1,1,1,3,1,19,9,53.8045565218,-1.61661175926
7500,110379543,436171,434310,2,1,17/08/2011,1815,6,1,1,1,1,3,1,56,9,53.8036148636,-1.45071464003
7501,110379590,430642,434701,2,1,17/08/2011,1941,3,1,1,1,1,3,1,25,1,53.8074845655,-1.53463465159
7502,110379625,433333,434033,2,2,17/08/2011,1800,3,1,1,1,1,3,2,39,9,53.801314627,-1.49383998026
7503,110379625,433333,434033,2,2,17/08/2011,1800,3,1,1,1,2,3,1,38,9,53.801314627,-1.49383998026
7504,110382313,429437,433457,2,1,18/08/2011,1700,6,1,1,1,1,3,1,32,1,53.7963721854,-1.55305349775
7505,110382630,427997,436010,2,1,18/08/2011,1930,3,1,1,1,1,3,1,37,1,53.8193999494,-1.57468434313
7506,110381862,424617,436058,2,2,19/08/2011,715,4,1,1,1,1,3,1,36,19,53.8200024653,-1.62602639116
7507,110381862,424617,436058,2,2,19/08/2011,715,4,1,1,1,2,3,1,2,19,53.8200024653,-1.62602639116
7508,110382066,432537,429642,2,1,19/08/2011,940,3,1,1,1,1,3,1,26,1,53.7618956297,-1.50639012886
7509,110382364,424603,427656,2,1,19/08/2011,1215,1,1,1,1,1,3,1,42,9,53.7444788469,-1.62690961719
7510,110382890,427792,436486,1,1,19/08/2011,1057,4,1,1,1,2,3,2,55,11,53.8236895871,-1.57775548702
7511,110383038,429484,437231,2,2,19/08/2011,1730,6,1,1,1,1,3,1,26,9,53.830292935,-1.55197828664
7512,110383038,429484,437231,2,2,19/08/2011,1730,6,1,1,1,2,3,1,5,9,53.830292935,-1.55197828664
7513,110384223,430684,433627,2,1,19/08/2011,1900,3,1,1,1,1,3,1,59,9,53.7978282161,-1.53410384425
7514,110383769,436473,434062,2,1,20/08/2011,1040,3,1,1,1,1,2,1,29,5,53.8013646046,-1.44615814235
7515,110383831,435827,428377,1,1,20/08/2011,1200,3,1,1,1,1,3,1,19,5,53.750309074,-1.45662758409
7516,110384356,430366,431645,1,1,20/08/2011,1635,1,1,1,1,2,2,2,53,3,53.7800312012,-1.5391273924
7517,110384468,434640,430928,2,2,20/08/2011,1810,1,1,1,1,1,3,1,29,9,53.7733194718,-1.47434315293
7518,110384468,434640,430928,2,2,20/08/2011,1810,1,1,1,1,1,3,2,48,9,53.7733194718,-1.47434315293
7519,110384518,435900,428208,2,1,20/08/2011,1943,3,1,1,1,1,3,2,54,9,53.7487849634,-1.4555401218
7520,110384889,442620,426490,1,1,21/08/2011,359,3,1,4,1,1,3,1,26,9,53.7328364527,-1.35386800668
7521,110385257,423169,442789,2,1,21/08/2011,1139,6,1,1,1,2,3,2,17,9,53.8805723957,-1.647515512
7522,110386048,423986,430285,4,1,21/08/2011,1235,4,1,1,1,1,3,1,52,1,53.7681394077,-1.63606162413
7523,110386055,434109,425872,1,1,21/08/2011,1252,1,1,1,1,1,3,1,49,9,53.7279075705,-1.48295898159
7524,110388778,426192,437494,2,1,21/08/2011,2230,6,1,4,1,1,3,1,22,9,53.8328333411,-1.60197777873
7525,110392059,434455,433703,2,1,21/08/2011,1630,6,1,1,1,1,3,1,24,9,53.7982752682,-1.47684015489
7526,110386266,425826,427565,3,2,22/08/2011,820,6,1,1,1,1,3,2,22,9,53.7436016973,-1.60837159527
7527,110386266,425826,427565,3,2,22/08/2011,820,6,1,1,1,1,3,1,36,9,53.7436016973,-1.60837159527
7528,110389056,431980,435833,2,1,22/08/2011,1630,3,1,1,1,1,3,2,50,1,53.8175791799,-1.51419735639
7529,110400830,432168,425798,2,1,22/08/2011,1715,1,1,1,1,1,3,2,29,9,53.7273657261,-1.5123881037
7530,110388964,430774,424524,2,1,23/08/2011,1510,3,1,1,1,1,3,1,20,9,53.71599807,-1.53364468713
7531,110389147,435901,436425,2,2,23/08/2011,1845,3,1,1,1,1,3,1,21,9,53.8226444228,-1.45456783475
7532,110389147,435901,436425,2,2,23/08/2011,1845,3,1,1,1,2,3,2,23,9,53.8226444228,-1.45456783475
7533,110390321,426291,435586,2,1,23/08/2011,2100,3,1,4,1,1,3,1,24,3,53.8156777966,-1.60063651659
7534,110394601,437488,432906,2,1,23/08/2011,1740,6,1,1,1,2,3,1,43,9,53.7909016558,-1.43088690359
7535,110389675,428516,427618,2,3,24/08/2011,656,3,1,1,1,1,3,2,19,9,53.7439378882,-1.56757645621
7536,110389675,428516,427618,2,3,24/08/2011,656,3,1,1,1,1,3,1,44,19,53.7439378882,-1.56757645621
7537,110389675,428516,427618,2,3,24/08/2011,656,3,1,1,1,2,3,2,24,9,53.7439378882,-1.56757645621
7538,110389781,427646,431083,1,1,24/08/2011,545,1,1,1,1,1,2,1,46,9,53.7751310522,-1.58045864008
7539,110389860,427124,429465,2,1,24/08/2011,815,3,1,1,1,1,3,1,40,1,53.7606145868,-1.58852225162
7540,110390384,434147,433899,2,4,24/08/2011,1300,6,1,1,1,1,3,1,21,9,53.8000573502,-1.48149483902
7541,110390384,434147,433899,2,4,24/08/2011,1300,6,1,1,1,1,3,1,59,9,53.8000573502,-1.48149483902
7542,110390384,434147,433899,2,4,24/08/2011,1300,6,1,1,1,2,3,2,22,9,53.8000573502,-1.48149483902
7543,110390384,434147,433899,2,4,24/08/2011,1300,6,1,1,1,2,3,1,20,9,53.8000573502,-1.48149483902
7544,110390954,430372,433492,1,1,24/08/2011,1731,6,1,1,1,3,3,2,53,11,53.7966330471,-1.53885429619
7545,110391016,430361,431663,1,1,24/08/2011,1515,1,1,1,1,1,2,1,23,5,53.7801932903,-1.53920150348
7546,110392845,420521,433924,3,4,24/08/2011,2240,4,1,4,1,1,3,1,23,9,53.8009980751,-1.68839269699
7547,110392845,420521,433924,3,4,24/08/2011,2240,4,1,4,1,1,3,2,34,9,53.8009980751,-1.68839269699
7548,110392845,420521,433924,3,4,24/08/2011,2240,4,1,4,1,2,3,2,31,9,53.8009980751,-1.68839269699
7549,110392845,420521,433924,3,4,24/08/2011,2240,4,1,4,1,2,3,1,9,9,53.8009980751,-1.68839269699
7550,110391382,434396,430383,2,1,25/08/2011,608,1,2,4,2,1,3,1,44,9,53.7684368161,-1.47810641323
7551,110391728,428946,432404,2,1,25/08/2011,1700,6,1,1,1,2,3,2,77,11,53.786934573,-1.56060711125
7552,110391761,435813,436371,3,2,25/08/2011,1015,6,2,1,1,1,3,2,48,9,53.8221651108,-1.45591101196
7553,110391761,435813,436371,3,2,25/08/2011,1015,6,2,1,1,1,3,1,37,9,53.8221651108,-1.45591101196
7554,110391864,430471,424216,1,1,25/08/2011,840,1,2,1,2,1,3,1,33,9,53.7132472879,-1.53826656411
7555,110392468,427698,436557,1,1,25/08/2011,1425,3,1,1,1,2,3,2,67,11,53.824332805,-1.57917719346
7556,110392671,422831,438050,2,1,25/08/2011,1430,6,1,1,1,1,3,2,78,9,53.8379896703,-1.65301021943
7557,110392788,425133,435542,2,1,25/08/2011,1910,6,1,1,1,1,3,2,59,9,53.8153395603,-1.61822983163
7558,110392859,425056,433371,2,1,25/08/2011,2000,4,1,1,1,1,3,1,17,3,53.7958285851,-1.61957613492
7559,110393500,427938,435724,2,1,25/08/2011,1730,6,1,1,1,1,3,1,26,1,53.8168323453,-1.57560658812
7560,110394373,431592,430680,2,2,26/08/2011,1640,6,2,1,1,1,3,1,28,9,53.7712841162,-1.52061963051
7561,110394373,431592,430680,2,2,26/08/2011,1640,6,2,1,1,1,3,1,27,9,53.7712841162,-1.52061963051
7562,110394558,432054,427554,4,1,26/08/2011,1545,1,2,1,2,2,3,2,41,9,53.7431570489,-1.51393401249
7563,110395600,437767,432406,1,2,27/08/2011,1550,1,2,1,2,1,3,1,24,9,53.786387193,-1.42671285756
7564,110395600,437767,432406,1,2,27/08/2011,1550,1,2,1,2,2,3,2,27,9,53.786387193,-1.42671285756
7565,110395707,442721,442178,1,2,27/08/2011,1525,2,2,1,1,1,3,2,36,9,53.873838652,-1.35016012889
7566,110395707,442721,442178,1,2,27/08/2011,1525,2,2,1,1,2,3,1,37,9,53.873838652,-1.35016012889
7567,110395784,444378,433803,1,3,27/08/2011,1550,2,2,1,2,1,3,2,38,9,53.7984222736,-1.3261665098
7568,110395784,444378,433803,1,3,27/08/2011,1550,2,2,1,2,2,3,2,10,9,53.7984222736,-1.3261665098
7569,110395784,444378,433803,1,3,27/08/2011,1550,2,2,1,2,2,3,1,43,9,53.7984222736,-1.3261665098
7570,110410493,430524,434229,1,1,27/08/2011,2355,6,1,7,1,3,3,1,40,9,53.8032488348,-1.53647347334
7571,110396367,432027,435873,2,1,28/08/2011,650,3,1,1,1,1,3,1,28,8,53.8179358329,-1.51347925135
7572,110397057,428515,434983,1,1,28/08/2011,1855,6,1,1,1,3,3,1,5,90,53.8101403661,-1.56691058758