Col.Number,Reference.Number,Easting,Northing,Number.of.Vehicles,Number.of.Casualties,Accident.Date,Time..24hr.,X1st.Road.Class,Road.Surface,Lighting.Conditions,Weather.Conditions,Casualty.Class,Casualty.Severity,Sex.of.Casualty,Age.of.Casualty,Type.of.Vehicle,Latitude,Longitude
7573,110397362,420039,437084,2,3,28/08/2011,20,3,2,4,2,1,3,1,17,9,53.8294216652,-1.69550583652
7574,110397362,420039,437084,2,3,28/08/2011,20,3,2,4,2,1,3,1,30,9,53.8294216652,-1.69550583652
7575,110397362,420039,437084,2,3,28/08/2011,20,3,2,4,2,2,3,2,16,9,53.8294216652,-1.69550583652
7576,110397529,424118,444005,2,2,28/08/2011,920,3,1,1,1,1,3,1,82,9,53.8914593901,-1.63298236985
7577,110397529,424118,444005,2,2,28/08/2011,920,3,1,1,1,2,3,2,77,9,53.8914593901,-1.63298236985
7578,110397333,428925,433413,1,2,29/08/2011,200,2,1,4,1,2,3,1,21,9,53.796005398,-1.56083115074
7579,110397333,428925,433413,1,2,29/08/2011,200,2,1,4,1,2,3,1,23,9,53.796005398,-1.56083115074
7580,110397716,437069,437606,4,2,29/08/2011,1230,3,1,1,1,1,3,1,25,9,53.833177893,-1.43668132089
7581,110397716,437069,437606,4,2,29/08/2011,1230,3,1,1,1,2,3,2,22,9,53.833177893,-1.43668132089
7582,110398209,430090,435419,2,1,29/08/2011,1550,6,1,1,1,1,3,2,31,9,53.8139706892,-1.54294747234
7583,110398217,421634,440840,2,3,29/08/2011,1740,3,1,1,1,1,3,2,57,9,53.8631196124,-1.67100550495
7584,110398217,421634,440840,2,3,29/08/2011,1740,3,1,1,1,2,3,2,7,9,53.8631196124,-1.67100550495
7585,110398217,421634,440840,2,3,29/08/2011,1740,3,1,1,1,2,3,2,3,9,53.8631196124,-1.67100550495
7586,110405690,430232,433382,2,1,29/08/2011,200,6,1,7,1,1,3,1,35,9,53.7956524413,-1.54099067251
7587,110398464,423585,428136,1,1,30/08/2011,545,3,1,1,1,1,3,1,34,9,53.7488405823,-1.64231002095
7588,110398985,429949,428086,1,1,30/08/2011,1045,6,1,1,1,2,3,2,64,11,53.7480642865,-1.54580146341
7589,110399063,426885,438862,2,1,30/08/2011,1240,3,1,1,1,1,3,1,64,9,53.8450945169,-1.59132730178
7590,110399660,418304,441337,2,1,30/08/2011,1730,3,2,1,2,1,3,1,55,1,53.8677151749,-1.72161540138
7591,110401571,427640,433727,2,1,31/08/2011,2138,6,1,7,1,1,3,1,46,9,53.7988977272,-1.58031256255
7592,110401639,430909,432286,2,1,31/08/2011,2015,3,1,4,1,1,3,2,37,9,53.7857610222,-1.5308221717
7593,110402357,428875,429794,2,1,31/08/2011,1600,3,1,1,1,1,3,2,22,9,53.7634777903,-1.56192920152
7594,110403333,432083,433860,2,2,31/08/2011,1215,6,1,1,1,1,3,1,31,8,53.7998381844,-1.51283842473
7595,110403333,432083,433860,2,2,31/08/2011,1215,6,1,1,1,2,3,2,67,8,53.7998381844,-1.51283842473
7596,110402516,432061,436085,2,2,01/09/2011,1000,6,1,1,1,1,3,2,82,9,53.8198393323,-1.51294068254
7597,110402516,432061,436085,2,2,01/09/2011,1000,6,1,1,1,1,3,1,27,9,53.8198393323,-1.51294068254
7598,110404297,443658,436809,2,1,01/09/2011,1220,2,1,1,1,1,3,2,63,9,53.825502294,-1.33667167594
7599,110405793,426766,428987,2,1,01/09/2011,1700,3,1,1,1,1,3,2,31,1,53.7563364354,-1.59399449108
7600,110414518,430834,435416,2,1,01/09/2011,1740,6,1,1,1,1,3,1,45,5,53.813900133,-1.53164718415
7601,110403823,436066,435552,2,1,02/09/2011,818,3,1,1,1,1,3,1,40,1,53.8147859776,-1.45216352816
7602,110403861,420070,440804,2,1,02/09/2011,837,3,1,1,1,1,3,1,27,1,53.8628588538,-1.69479167412
7603,110404074,429488,430254,1,1,02/09/2011,1015,3,1,1,1,3,3,1,62,19,53.7675782905,-1.55258555745
7604,110404393,425188,434349,2,3,02/09/2011,1255,3,1,1,1,2,3,2,72,11,53.8046132667,-1.61749204043
7605,110404393,425188,434349,2,3,02/09/2011,1255,3,1,1,1,2,3,2,66,11,53.8046132667,-1.61749204043
7606,110404393,425188,434349,2,3,02/09/2011,1255,3,1,1,1,2,3,2,34,11,53.8046132667,-1.61749204043
7607,110404595,430843,434089,1,1,02/09/2011,1409,3,1,1,1,3,3,2,34,9,53.8019715976,-1.53164345509
7608,110405832,428138,435846,2,1,02/09/2011,1520,3,1,1,1,1,3,2,35,1,53.8179181843,-1.572557413
7609,110405837,426102,435596,1,1,03/09/2011,1223,4,1,1,1,2,3,2,40,11,53.8157772076,-1.60350652514
7610,110406123,421006,434310,2,2,03/09/2011,1430,3,1,1,1,2,3,2,65,9,53.804448418,-1.68100185814
7611,110406123,421006,434310,2,2,03/09/2011,1430,3,1,1,1,2,3,2,13,9,53.804448418,-1.68100185814
7612,110407147,429389,433813,2,1,04/09/2011,1040,6,1,1,1,1,3,1,28,9,53.7995748906,-1.55374829408
7613,110407501,430088,431265,2,1,04/09/2011,1635,3,1,1,1,1,2,1,45,1,53.7766316157,-1.54338360114
7614,110407513,431961,430718,2,3,04/09/2011,1450,3,1,1,1,1,3,1,31,9,53.7716031708,-1.51501666771
7615,110407513,431961,430718,2,3,04/09/2011,1450,3,1,1,1,2,3,2,3,9,53.7716031708,-1.51501666771
7616,110407513,431961,430718,2,3,04/09/2011,1450,3,1,1,1,2,3,2,55,9,53.7716031708,-1.51501666771
7617,110407525,433175,426299,2,1,04/09/2011,1437,3,1,1,1,2,3,2,73,9,53.7318060204,-1.49707059871
7618,110407889,427102,427876,2,1,04/09/2011,2100,6,1,7,1,1,3,1,13,1,53.7463324517,-1.5889954411
7619,110407899,442783,434504,1,1,04/09/2011,2045,1,1,6,1,1,3,2,22,9,53.8048567794,-1.35028577067
7620,110408210,431001,430596,2,1,05/09/2011,500,6,2,4,1,1,2,1,48,1,53.7705645806,-1.52959563287
7621,110409476,427152,432525,2,1,05/09/2011,1649,6,1,1,1,1,3,2,38,9,53.7881189049,-1.58782811094
7622,110410936,428342,429521,2,2,06/09/2011,1450,3,1,1,1,1,3,1,83,9,53.7610531182,-1.57004031081
7623,110410936,428342,429521,2,2,06/09/2011,1450,3,1,1,1,2,3,1,73,9,53.7610531182,-1.57004031081
7624,110411021,425771,436844,2,1,06/09/2011,1440,6,1,1,1,1,3,2,86,9,53.8270117029,-1.60842976134
7625,110412909,421195,440229,2,1,06/09/2011,2005,4,2,4,5,1,3,1,16,2,53.8576455834,-1.67772359415
7626,110413924,431555,435180,2,1,06/09/2011,1900,3,1,1,1,1,3,1,14,1,53.8117355472,-1.52072017849
7627,110411843,425736,433895,2,2,07/09/2011,705,6,1,1,1,1,3,1,57,9,53.8005055252,-1.60920820616
7628,110411843,425736,433895,2,2,07/09/2011,705,6,1,1,1,1,3,2,63,9,53.8005055252,-1.60920820616
7629,110413608,424983,427533,1,1,08/09/2011,940,3,2,1,1,3,3,1,32,9,53.7433551377,-1.62115721774
7630,110413707,434933,433418,1,1,08/09/2011,800,6,1,1,1,3,2,1,14,9,53.795681631,-1.46961493451
7631,110414152,431298,429114,2,1,08/09/2011,1225,6,1,1,1,2,3,1,73,11,53.7572254796,-1.52523946431
7632,110414324,424602,435119,2,1,08/09/2011,1330,3,2,1,1,1,3,2,43,9,53.811562697,-1.62632934954
7633,110414525,431970,435821,2,1,08/09/2011,1800,3,1,1,1,2,3,1,8,9,53.8174719311,-1.51435050576
7634,110414631,440580,432098,2,1,08/09/2011,1450,3,1,1,1,1,3,1,93,9,53.7834070025,-1.38405587573
7635,110415818,430685,434923,1,1,09/09/2011,1245,3,1,1,1,2,3,2,39,11,53.8094775214,-1.53395949477
7636,110416160,438080,433426,2,2,09/09/2011,1504,1,1,1,1,1,2,2,18,9,53.7955327228,-1.42183585369
7637,110416160,438080,433426,2,2,09/09/2011,1504,1,1,1,1,2,3,2,17,9,53.7955327228,-1.42183585369
7638,110416224,437109,436061,2,1,09/09/2011,1730,6,1,1,1,3,3,1,8,9,53.819287751,-1.43625996695
7639,110416337,431891,426285,2,1,09/09/2011,1606,1,1,1,1,1,3,2,48,9,53.7317602802,-1.51653656529
7640,110416355,427054,433468,2,1,09/09/2011,2005,6,1,4,1,1,3,1,20,3,53.796600438,-1.58923291828
7641,110416745,430191,433922,1,1,10/09/2011,240,6,1,4,1,3,3,1,19,9,53.8005087336,-1.54156021423
7642,110416924,431961,435823,2,2,10/09/2011,920,3,2,1,2,1,3,1,30,9,53.8174904618,-1.51448700965
7643,110416924,431961,435823,2,2,10/09/2011,920,3,2,1,2,2,3,2,36,9,53.8174904618,-1.51448700965
7644,110417192,423014,437653,2,1,10/09/2011,1225,3,1,1,1,1,3,1,33,1,53.8344130463,-1.65025874246
7645,110417311,429046,433490,2,1,10/09/2011,1315,3,1,1,1,2,3,1,45,9,53.7966907904,-1.55898680401
7646,110417586,429171,430832,2,1,10/09/2011,1720,6,1,1,1,1,3,1,6,1,53.772791661,-1.55734051067
7647,110417669,436587,435029,2,1,10/09/2011,1345,6,1,1,1,1,3,1,44,1,53.8100485541,-1.44431221639
7648,110417697,427519,435870,2,2,10/09/2011,1550,4,1,1,1,1,3,1,20,9,53.8181670502,-1.5819581772
7649,110417697,427519,435870,2,2,10/09/2011,1550,4,1,1,1,2,3,2,20,9,53.8181670502,-1.5819581772
7650,110417711,426999,437450,2,1,10/09/2011,1910,3,1,1,1,2,3,2,45,9,53.8323965287,-1.58971854855
7651,110417728,429735,430542,2,2,10/09/2011,1150,3,1,1,1,1,3,2,19,9,53.7701530148,-1.54881025566
7652,110417728,429735,430542,2,2,10/09/2011,1150,3,1,1,1,1,3,2,60,9,53.7701530148,-1.54881025566
7653,110417735,432600,436825,2,1,10/09/2011,1730,6,1,1,1,1,3,1,59,9,53.8264574017,-1.50467427299
7654,110418642,428782,436951,2,1,10/09/2011,1410,6,1,1,1,1,3,2,45,9,53.8278154563,-1.56267133962
7655,110418048,430252,433225,1,1,11/09/2011,120,6,1,4,1,3,2,1,28,9,53.7942400484,-1.54070244388
7656,110418650,429119,433848,2,3,11/09/2011,1320,6,1,1,1,1,3,1,20,9,53.7999046803,-1.5578446134
7657,110418650,429119,433848,2,3,11/09/2011,1320,6,1,1,1,1,3,1,27,3,53.7999046803,-1.5578446134
7658,110418650,429119,433848,2,3,11/09/2011,1320,6,1,1,1,2,3,2,52,9,53.7999046803,-1.5578446134
7659,110418917,441450,434619,1,1,11/09/2011,1709,1,1,1,1,1,3,1,64,9,53.8059983949,-1.37051221856
7660,110418928,428059,434296,1,1,11/09/2011,1635,3,1,1,1,3,2,1,19,9,53.8039899,-1.57389878383
7661,110419263,422045,438841,1,1,11/09/2011,2350,3,2,4,2,1,3,2,31,9,53.8451337566,-1.66489899679
7662,110419838,426226,431886,2,1,12/09/2011,815,3,1,1,4,1,3,2,19,3,53.7824225411,-1.60193893658
7663,110420329,428411,428696,1,1,12/09/2011,1430,3,1,1,4,1,3,1,23,3,53.7536335834,-1.56906950344
7664,110420950,425957,435196,2,3,12/09/2011,1920,6,1,1,1,1,3,1,36,8,53.8121889569,-1.60574278491
7665,110420950,425957,435196,2,3,12/09/2011,1920,6,1,1,1,2,3,2,16,9,53.8121889569,-1.60574278491
7666,110420950,425957,435196,2,3,12/09/2011,1920,6,1,1,1,2,3,2,24,8,53.8121889569,-1.60574278491
7667,110421803,431070,426471,2,1,13/09/2011,1030,6,1,1,1,2,3,2,36,9,53.7334817597,-1.52896365997
7668,110422477,421081,436755,2,1,13/09/2011,1747,3,1,1,1,1,2,1,50,1,53.8264231128,-1.67969539154
7669,110422867,432619,435550,2,1,14/09/2011,323,6,1,4,1,1,3,1,31,9,53.8149956904,-1.50452081978
7670,110424401,427761,436916,2,1,14/09/2011,1950,6,1,4,1,1,3,1,40,19,53.8275563968,-1.57818763284
7671,110424635,427230,433646,3,3,14/09/2011,1040,3,1,1,1,1,3,1,55,9,53.7981912588,-1.5865450093
7672,110424635,427230,433646,3,3,14/09/2011,1040,3,1,1,1,1,3,2,54,9,53.7981912588,-1.5865450093
7673,110424635,427230,433646,3,3,14/09/2011,1040,3,1,1,1,2,3,1,85,9,53.7981912588,-1.5865450093
7674,110425793,432345,434973,2,1,14/09/2011,2000,6,1,1,1,1,3,1,31,5,53.8098263518,-1.50874333169
7675,110427470,420848,440973,1,1,14/09/2011,1500,6,1,1,1,3,3,2,45,21,53.8643472884,-1.68294918998
7676,110435046,427523,425473,1,1,14/09/2011,1630,6,1,1,1,3,3,2,14,9,53.7247101396,-1.58282505456
7677,110424407,425475,432866,2,1,15/09/2011,1825,3,1,1,1,1,3,2,19,9,53.791268886,-1.6132563993
7678,110425223,427954,425420,2,1,15/09/2011,845,6,1,1,1,1,3,1,42,1,53.7242108094,-1.5762972335
7679,110425782,429147,431735,2,1,15/09/2011,1610,6,1,1,1,1,3,1,19,1,53.7809098704,-1.55761934125
7680,110425999,436669,430999,1,1,15/09/2011,1725,1,1,1,1,1,2,1,29,9,53.7738187302,-1.44354649346
7681,110426135,423297,429766,2,1,15/09/2011,1630,3,1,1,1,1,2,1,46,9,53.7635054509,-1.64655474717
7682,110426189,428124,432794,2,3,15/09/2011,2030,4,1,4,1,1,3,1,51,9,53.7904852653,-1.57304888096
7683,110426189,428124,432794,2,3,15/09/2011,2030,4,1,4,1,1,3,1,19,19,53.7904852653,-1.57304888096
7684,110426189,428124,432794,2,3,15/09/2011,2030,4,1,4,1,2,3,1,16,19,53.7904852653,-1.57304888096
7685,110427352,424716,434436,2,1,15/09/2011,1615,6,1,1,1,1,3,1,30,1,53.8054179374,-1.62465273269
7686,110427273,428609,431568,2,1,16/09/2011,1243,1,1,1,1,2,3,2,18,9,53.7794385898,-1.56580010988
7687,110427607,424536,436048,1,1,16/09/2011,1645,6,1,1,1,2,3,1,86,11,53.819916407,-1.6272576863
7688,110427626,430623,434647,1,1,16/09/2011,1815,3,2,1,5,1,3,2,27,3,53.8070002947,-1.53492856962
7689,110427657,426391,429515,2,1,16/09/2011,1832,1,2,1,2,1,3,1,29,9,53.7611016792,-1.59963746393
7690,110427749,431559,435180,2,3,16/09/2011,1915,3,2,4,2,2,3,1,32,9,53.8117353044,-1.52065942598
7691,110427749,431559,435180,2,3,16/09/2011,1915,3,2,4,2,2,3,2,28,9,53.8117353044,-1.52065942598
7692,110427749,431559,435180,2,3,16/09/2011,1915,3,2,4,2,2,3,1,24,9,53.8117353044,-1.52065942598
7693,110427850,432389,434901,1,1,16/09/2011,1820,4,1,1,1,3,3,1,21,9,53.8091764292,-1.50808266277
7694,110428141,442619,426492,1,4,17/09/2011,215,3,1,6,1,2,3,1,25,9,53.7328545115,-1.35388289024
7695,110428141,442619,426492,1,4,17/09/2011,215,3,1,6,1,2,3,2,22,9,53.7328545115,-1.35388289024
7696,110428141,442619,426492,1,4,17/09/2011,215,3,1,6,1,2,3,1,22,9,53.7328545115,-1.35388289024
7697,110428141,442619,426492,1,4,17/09/2011,215,3,1,6,1,1,2,1,24,9,53.7328545115,-1.35388289024
7698,110428658,430298,439595,1,1,17/09/2011,1245,6,1,1,1,2,3,2,28,11,53.8514952975,-1.53937648917
7699,110428676,427006,431640,2,1,17/09/2011,1335,3,2,1,2,2,3,2,49,9,53.7801714106,-1.59012189008
7700,110428808,423936,427909,2,1,17/09/2011,1524,3,1,1,1,1,3,1,21,9,53.7467840975,-1.63700446235
7701,110429191,435092,435653,1,1,17/09/2011,2115,6,1,7,1,2,3,1,38,8,53.8157604794,-1.46694618925
7702,110429465,430958,435779,2,1,17/09/2011,2100,6,1,7,1,1,3,1,29,9,53.8171556566,-1.52972723022
7703,110429470,429908,433962,1,1,17/09/2011,2250,6,1,4,1,3,2,2,26,9,53.8008846308,-1.54585343599
7704,110429550,434291,436419,1,1,17/09/2011,1302,6,2,1,1,1,3,2,23,9,53.8226992032,-1.47902756784
7705,110429557,418304,441342,2,1,17/09/2011,1020,3,1,1,1,1,3,1,48,9,53.8677601189,-1.72161510297
7706,110429566,434274,433800,1,1,17/09/2011,1150,6,2,1,1,1,3,1,41,3,53.7991591227,-1.47957751305
7707,110429860,431962,435842,1,1,17/09/2011,1850,4,1,1,1,3,3,1,20,9,53.8176611849,-1.51446984535
7708,110430725,431888,430491,2,1,17/09/2011,1730,3,1,1,1,1,3,1,30,1,53.7695672037,-1.51614780657
7709,110429396,444639,433523,1,2,18/09/2011,10,2,1,6,1,1,3,1,29,9,53.7958831957,-1.32224438282
7710,110429396,444639,433523,1,2,18/09/2011,10,2,1,6,1,2,3,2,27,9,53.7958831957,-1.32224438282
7711,110429605,437673,431537,1,1,18/09/2011,715,1,1,1,1,1,3,1,34,9,53.7785829224,-1.42824585649
7712,110430194,430231,433339,1,1,18/09/2011,215,6,1,7,1,3,3,1,35,8,53.7952659841,-1.54101007498
7713,110430544,432171,434630,2,1,18/09/2011,2355,6,1,4,1,1,3,1,42,9,53.8067540317,-1.51142179267
7714,110431221,442771,429684,2,2,18/09/2011,1840,3,1,1,1,1,3,1,62,5,53.7615333998,-1.35113676116
7715,110431221,442771,429684,2,2,18/09/2011,1840,3,1,1,1,2,2,2,47,5,53.7615333998,-1.35113676116
7716,110431031,436647,428686,2,1,19/09/2011,630,3,1,1,1,1,3,1,51,5,53.7530295513,-1.44415497525
7717,110431042,427524,427594,2,1,19/09/2011,840,6,1,1,1,1,3,1,42,1,53.7437754807,-1.58262107552
7718,110431353,427913,441535,4,4,19/09/2011,1120,6,2,1,1,1,3,1,32,9,53.8690670172,-1.57545825133
7719,110431353,427913,441535,4,4,19/09/2011,1120,6,2,1,1,1,3,2,49,9,53.8690670172,-1.57545825133
7720,110431353,427913,441535,4,4,19/09/2011,1120,6,2,1,1,1,3,2,75,9,53.8690670172,-1.57545825133
7721,110431353,427913,441535,4,4,19/09/2011,1120,6,2,1,1,2,3,2,26,9,53.8690670172,-1.57545825133
7722,110431623,430063,433783,2,1,19/09/2011,1502,6,1,1,1,2,3,2,26,11,53.7992667142,-1.54351735101
7723,110432276,428634,434186,2,1,19/09/2011,2343,6,1,4,1,1,3,1,54,8,53.8029698003,-1.56517739482
7724,110432833,418951,441987,2,1,19/09/2011,1515,6,2,1,1,1,3,1,20,9,53.8735346628,-1.71173517449
7725,110438555,431141,434945,1,1,19/09/2011,850,6,1,1,1,3,3,2,17,9,53.8096481649,-1.52703184741
7726,110433494,431760,427742,2,2,20/09/2011,1623,6,1,1,1,1,3,1,67,9,53.7448649347,-1.51837272249
7727,110433494,431760,427742,2,2,20/09/2011,1623,6,1,1,1,2,3,2,33,9,53.7448649347,-1.51837272249
7728,110433552,428526,429632,3,1,20/09/2011,1854,3,1,1,1,1,3,1,36,9,53.762040833,-1.56723878482
7729,110433721,432545,438145,2,3,20/09/2011,2130,6,1,7,1,1,3,1,51,9,53.8383258355,-1.50537013584
7730,110433721,432545,438145,2,3,20/09/2011,2130,6,1,7,1,2,3,1,20,9,53.8383258355,-1.50537013584
7731,110433721,432545,438145,2,3,20/09/2011,2130,6,1,7,1,2,3,1,47,9,53.8383258355,-1.50537013584
7732,110434123,438075,430131,2,1,21/09/2011,850,6,1,1,1,1,2,2,73,1,53.765915713,-1.42231868565
7733,110435030,424562,429033,1,1,21/09/2011,1130,6,1,1,1,3,3,1,90,19,53.7568584876,-1.62742184044
7734,110435335,424781,427434,3,2,21/09/2011,1820,1,1,1,1,1,3,1,27,9,53.7424748787,-1.62422821684
7735,110435335,424781,427434,3,2,21/09/2011,1820,1,1,1,1,1,3,1,38,9,53.7424748787,-1.62422821684
7736,110436471,430066,433782,2,1,21/09/2011,1336,6,1,1,1,1,3,1,41,19,53.7992575521,-1.54347189763
7737,110435755,436631,436230,2,1,22/09/2011,800,6,1,1,1,1,3,1,14,1,53.8208407201,-1.44350097977
7738,110436007,425474,434284,2,1,22/09/2011,822,3,1,1,1,1,2,1,49,1,53.8040150655,-1.61315429721
7739,110436104,436327,425943,4,2,22/09/2011,740,1,1,1,1,1,3,1,37,9,53.7283959996,-1.44933076287
7740,110436104,436327,425943,4,2,22/09/2011,740,1,1,1,1,1,3,1,53,9,53.7283959996,-1.44933076287
7741,110436604,430039,434032,1,1,22/09/2011,1422,6,1,1,1,3,3,1,20,11,53.801506293,-1.54385746968
7742,110436921,425811,438660,2,1,22/09/2011,1647,6,1,1,1,1,3,1,16,3,53.8433332811,-1.60766947429
7743,110436943,436173,434464,2,1,22/09/2011,1600,3,1,1,1,1,3,1,61,9,53.8049989674,-1.45066617578
7744,110437506,429138,433090,2,1,23/09/2011,804,6,1,1,1,1,3,1,22,3,53.7930901461,-1.55762782546
7745,110437543,426906,432874,2,1,23/09/2011,915,6,1,1,1,1,3,2,23,9,53.7912687716,-1.59153185313
7746,110438539,431913,433574,2,1,23/09/2011,1825,6,1,1,1,1,3,1,23,1,53.7972778759,-1.51544930919
7747,110439709,443389,437980,2,1,23/09/2011,1750,6,1,1,1,1,3,1,53,1,53.8360502005,-1.34059319694
7748,110439288,436182,428299,2,1,24/09/2011,1040,3,1,1,1,2,3,2,17,11,53.7495834311,-1.45125286194
7749,110439302,432542,439366,2,2,24/09/2011,925,3,1,1,1,1,3,1,71,9,53.849301115,-1.50528635975
7750,110439302,432542,439366,2,2,24/09/2011,925,3,1,1,1,2,3,2,68,9,53.849301115,-1.50528635975
7751,110439429,426376,428473,1,1,24/09/2011,1110,3,1,1,1,3,3,1,12,9,53.7517360507,-1.59995402809
7752,110440315,424991,432938,2,2,24/09/2011,1800,6,1,1,1,2,3,1,38,9,53.7919395515,-1.62059812897
7753,110440315,424991,432938,2,2,24/09/2011,1800,6,1,1,1,1,3,1,32,9,53.7919395515,-1.62059812897
7754,110441343,431018,430565,2,1,25/09/2011,1315,6,1,1,1,1,3,1,9,1,53.770284917,-1.52934080398
7755,110441564,431748,435496,1,1,25/09/2011,2002,3,1,4,1,3,2,1,53,9,53.8145642192,-1.51775626703
7756,110442211,423355,437647,1,1,25/09/2011,1520,3,1,1,1,3,3,1,15,9,53.8343438964,-1.64507716724
7757,110442010,431172,434986,2,1,26/09/2011,730,3,1,1,1,1,3,1,25,1,53.8100148438,-1.52655688578
7758,110442403,430503,431695,2,1,26/09/2011,750,3,1,1,1,1,3,2,36,9,53.7804726289,-1.53704323595
7759,110442561,431081,433744,3,5,26/09/2011,835,2,1,1,1,1,3,1,43,19,53.7988563278,-1.52806433796
7760,110442561,431081,433744,3,5,26/09/2011,835,2,1,1,1,2,3,2,71,9,53.7988563278,-1.52806433796
7761,110442561,431081,433744,3,5,26/09/2011,835,2,1,1,1,1,3,2,27,9,53.7988563278,-1.52806433796
7762,110442561,431081,433744,3,5,26/09/2011,835,2,1,1,1,1,3,1,76,9,53.7988563278,-1.52806433796
7763,110442561,431081,433744,3,5,26/09/2011,835,2,1,1,1,2,3,2,4,9,53.7988563278,-1.52806433796
7764,110442917,430345,439328,2,2,26/09/2011,1510,6,1,1,1,1,3,1,18,9,53.8490925851,-1.53868835903
7765,110442917,430345,439328,2,2,26/09/2011,1510,6,1,1,1,1,3,2,31,9,53.8490925851,-1.53868835903
7766,110443092,435129,441882,2,2,26/09/2011,1546,6,1,1,1,1,3,1,72,9,53.8717476811,-1.46567173125
7767,110443092,435129,441882,2,2,26/09/2011,1546,6,1,1,1,2,3,2,67,9,53.8717476811,-1.46567173125
7768,110444944,430649,434648,2,1,26/09/2011,1407,3,1,1,1,1,3,2,39,9,53.8070077517,-1.53453362245
7769,110443660,429392,431354,1,1,27/09/2011,807,6,1,1,1,3,3,2,11,19,53.7774713738,-1.55393727876
7770,110444680,424579,435155,2,1,27/09/2011,1625,3,1,1,1,1,3,2,51,9,53.8118873815,-1.62667580444
7771,110444835,433092,434048,2,1,27/09/2011,1700,4,1,1,1,1,3,2,48,5,53.8014648447,-1.4974977862
7772,110444939,427147,433674,2,2,27/09/2011,1950,3,1,4,1,1,3,1,31,9,53.7984472824,-1.58780276101
7773,110444939,427147,433674,2,2,27/09/2011,1950,3,1,4,1,2,3,2,23,9,53.7984472824,-1.58780276101
7774,110444959,426144,435591,1,1,27/09/2011,2009,4,1,4,1,1,3,1,37,1,53.8157301534,-1.60286898031
7775,110445089,432287,435043,1,1,27/09/2011,2255,4,1,4,1,3,3,1,34,9,53.8104591628,-1.50961685789
7776,110445249,423068,435883,2,1,27/09/2011,1010,3,1,1,1,1,3,1,16,1,53.818500472,-1.64957092808
7777,110445688,427781,430699,2,1,27/09/2011,1415,3,1,1,1,1,3,1,67,9,53.7716721649,-1.57844459738
7778,110446159,435907,425850,2,1,27/09/2011,1610,1,1,1,1,1,3,1,18,9,53.7275891341,-1.4557078858
7779,110446093,428225,435781,2,1,28/09/2011,830,3,1,1,1,1,3,1,27,5,53.8173292004,-1.5712418061
7780,110446198,431841,435644,4,1,28/09/2011,1225,3,1,1,1,1,3,2,71,9,53.8158888546,-1.5163283601
7781,110446252,430429,431156,1,1,28/09/2011,1330,6,1,1,1,1,2,1,40,9,53.7756320231,-1.53821951387
7782,110446404,428554,429850,1,1,28/09/2011,1625,6,1,1,1,3,3,2,12,9,53.7639988591,-1.5667938481
7783,110446456,432267,436258,2,1,28/09/2011,1725,6,1,1,1,1,3,1,28,9,53.8213816224,-1.50979317991
7784,110446560,431701,426378,4,3,28/09/2011,1748,1,1,1,1,1,3,1,86,9,53.7326078228,-1.51940729428
7785,110446560,431701,426378,4,3,28/09/2011,1748,1,1,1,1,2,3,2,94,9,53.7326078228,-1.51940729428
7786,110446560,431701,426378,4,3,28/09/2011,1748,1,1,1,1,1,3,1,29,9,53.7326078228,-1.51940729428
7787,110448054,428588,435663,2,1,28/09/2011,1405,3,1,1,1,1,3,1,48,1,53.8162486956,-1.56573871204
7788,110448771,430824,433815,6,4,28/09/2011,841,2,1,1,1,1,3,2,58,9,53.7995098177,-1.53195939013
7789,110448771,430824,433815,6,4,28/09/2011,841,2,1,1,1,1,3,1,43,9,53.7995098177,-1.53195939013
7790,110448771,430824,433815,6,4,28/09/2011,841,2,1,1,1,1,3,1,51,9,53.7995098177,-1.53195939013
7791,110448771,430824,433815,6,4,28/09/2011,841,2,1,1,1,1,3,1,20,9,53.7995098177,-1.53195939013
7792,110447206,430074,430724,2,1,29/09/2011,916,6,1,1,1,1,3,1,17,2,53.7717695036,-1.54364880967
7793,110447299,428747,430856,2,1,29/09/2011,735,6,1,1,1,1,3,2,31,1,53.7730309727,-1.56377211541
7794,110447730,427997,436013,2,1,29/09/2011,1430,3,1,1,1,1,3,1,19,1,53.8194269156,-1.57468407006
7795,110447741,437066,437604,2,2,29/09/2011,1147,3,1,1,1,1,2,1,69,9,53.83316013,-1.43672714914
7796,110447741,437066,437604,2,2,29/09/2011,1147,3,1,1,1,1,3,1,38,20,53.83316013,-1.43672714914
7797,110447788,429709,439015,2,1,29/09/2011,1120,6,1,1,1,1,2,1,85,9,53.8463159123,-1.54838692572
7798,110448064,428225,435779,2,1,29/09/2011,1507,3,1,1,1,1,3,2,30,1,53.8173112229,-1.5712419896
7799,110448258,431829,435413,1,1,29/09/2011,1830,6,1,1,1,3,3,1,6,9,53.8138132072,-1.51653453271
7800,110449854,429788,430635,2,1,29/09/2011,710,3,1,1,1,1,3,1,49,1,53.7709859418,-1.5479970975