Col.Number,Reference.Number,Easting,Northing,Number.of.Vehicles,Number.of.Casualties,Accident.Date,Time..24hr.,X1st.Road.Class,Road.Surface,Lighting.Conditions,Weather.Conditions,Casualty.Class,Casualty.Severity,Sex.of.Casualty,Age.of.Casualty,Type.of.Vehicle,Latitude,Longitude
7801,110450292,428899,431013,1,1,29/09/2011,2220,6,1,7,1,3,3,2,21,9,53.7744337983,-1.56145092091
7802,110449366,427138,426476,2,1,30/09/2011,1215,3,1,1,1,2,3,2,49,9,53.733746163,-1.58857244311
7803,110449639,432524,427551,2,1,30/09/2011,1437,3,1,1,1,1,3,2,52,9,53.7431009695,-1.50680754951
7804,110449660,432941,429697,2,1,30/09/2011,1500,3,1,1,1,2,3,2,12,9,53.7623646185,-1.50025554127
7805,110449826,443639,436109,4,1,30/09/2011,1450,2,1,1,1,1,3,2,36,9,53.8192120278,-1.33705966518
7806,110449849,425187,428973,2,1,30/09/2011,1615,4,1,1,1,2,3,1,26,9,53.7562893157,-1.61794641087
7807,110449875,441450,434620,2,1,30/09/2011,1338,1,1,1,2,1,2,1,40,9,53.8060073834,-1.37051208391
7808,110449889,429386,425854,2,1,30/09/2011,1609,3,1,1,1,1,3,1,30,1,53.7280332638,-1.554551679
7809,110449897,427443,436154,2,2,30/09/2011,1555,6,1,1,1,1,3,1,23,9,53.8207238707,-1.58308732279
7810,110449897,427443,436154,2,2,30/09/2011,1555,6,1,1,1,1,3,2,65,9,53.8207238707,-1.58308732279
7811,110451784,436444,434698,1,1,30/09/2011,1430,6,1,1,1,2,3,2,85,11,53.8070833767,-1.44652319806
7812,110453348,430009,438648,2,1,30/09/2011,930,4,1,1,1,1,3,1,23,1,53.8429998259,-1.54386257796
7813,110453826,430130,437503,3,2,30/09/2011,1830,3,1,1,1,1,3,1,30,9,53.8327007982,-1.54213572454
7814,110453826,430130,437503,3,2,30/09/2011,1830,3,1,1,1,2,3,2,28,9,53.8327007982,-1.54213572454
7815,110457455,428097,434717,2,1,30/09/2011,845,6,1,1,1,1,3,2,22,1,53.8077721131,-1.5732833117
7816,110450694,431767,435530,2,1,01/10/2011,1040,3,1,1,1,1,2,1,46,1,53.8148686734,-1.51746416287
7817,110450764,434610,441237,1,3,01/10/2011,750,6,1,1,1,1,3,1,21,9,53.8659849618,-1.47363838332
7818,110450764,434610,441237,1,3,01/10/2011,750,6,1,1,1,2,3,1,18,9,53.8659849618,-1.47363838332
7819,110450764,434610,441237,1,3,01/10/2011,750,6,1,1,1,2,3,2,17,9,53.8659849618,-1.47363838332
7820,110451012,420351,434240,2,2,01/10/2011,1435,3,1,1,1,2,3,1,4,9,53.8038452386,-1.69095318538
7821,110451012,420351,434240,2,2,01/10/2011,1435,3,1,1,1,2,3,2,5,9,53.8038452386,-1.69095318538
7822,110451275,427906,430148,1,1,01/10/2011,1555,3,1,1,1,1,1,1,28,1,53.7667126464,-1.5765977135
7823,110451344,431403,435025,2,6,01/10/2011,1720,6,1,1,1,1,3,1,50,9,53.8103515036,-1.52304459112
7824,110451344,431403,435025,2,6,01/10/2011,1720,6,1,1,1,2,3,1,42,9,53.8103515036,-1.52304459112
7825,110451344,431403,435025,2,6,01/10/2011,1720,6,1,1,1,2,3,2,33,9,53.8103515036,-1.52304459112
7826,110451344,431403,435025,2,6,01/10/2011,1720,6,1,1,1,2,3,2,8,9,53.8103515036,-1.52304459112
7827,110451344,431403,435025,2,6,01/10/2011,1720,6,1,1,1,1,3,1,32,9,53.8103515036,-1.52304459112
7828,110451344,431403,435025,2,6,01/10/2011,1720,6,1,1,1,2,3,2,26,9,53.8103515036,-1.52304459112
7829,110451389,429080,433515,3,1,01/10/2011,1910,3,1,4,1,1,3,1,65,9,53.7969136098,-1.55846822944
7830,110451755,422312,443623,2,2,01/10/2011,1600,6,1,1,1,2,3,2,46,9,53.8881065671,-1.66049259657
7831,110451755,422312,443623,2,2,01/10/2011,1600,6,1,1,1,1,3,1,40,9,53.8881065671,-1.66049259657
7832,110453015,435021,436083,2,1,01/10/2011,1335,6,1,1,1,2,3,1,29,11,53.819630363,-1.46797568744
7833,110485447,435021,434969,2,1,01/10/2011,2100,6,1,7,1,1,3,1,13,1,53.8096170623,-1.46810248726
7834,110452471,421536,440657,2,2,02/10/2011,1934,3,2,4,1,1,3,1,18,9,53.8614787434,-1.6725086386
7835,110452471,421536,440657,2,2,02/10/2011,1934,3,2,4,1,1,3,1,25,9,53.8614787434,-1.6725086386
7836,110452649,427343,436140,1,2,02/10/2011,430,6,1,7,1,3,3,1,22,9,53.8206032982,-1.58460771833
7837,110452649,427343,436140,1,2,02/10/2011,430,6,1,7,1,3,3,2,21,9,53.8206032982,-1.58460771833
7838,110453482,433758,434935,2,1,03/10/2011,1000,6,1,1,1,1,3,1,29,19,53.8093949738,-1.48728774704
7839,110453809,430011,430944,1,1,03/10/2011,1715,6,1,1,1,3,3,2,19,9,53.773750667,-1.54458335096
7840,110454244,436625,435938,1,1,03/10/2011,1645,6,1,1,1,3,3,1,18,9,53.8182164844,-1.44362689628
7841,110455071,432379,434915,1,1,03/10/2011,1040,4,1,1,1,3,3,1,81,9,53.8093028933,-1.50823306167
7842,110455146,435957,435468,1,1,03/10/2011,1115,3,1,1,1,1,3,1,63,9,53.8140384868,-1.45382895345
7843,110455090,428582,432967,2,1,04/10/2011,1300,3,1,1,1,1,3,2,21,9,53.7920153671,-1.56608014136
7844,110455705,431483,435008,2,1,04/10/2011,1720,6,1,1,1,1,3,1,19,3,53.8101938586,-1.52183131981
7845,110456060,430908,436544,2,3,04/10/2011,2122,4,1,4,1,1,3,1,50,9,53.8240349696,-1.53040985891
7846,110456060,430908,436544,2,3,04/10/2011,2122,4,1,4,1,1,3,2,26,9,53.8240349696,-1.53040985891
7847,110456060,430908,436544,2,3,04/10/2011,2122,4,1,4,1,2,3,2,18,9,53.8240349696,-1.53040985891
7848,110456061,431478,435115,1,1,04/10/2011,2300,3,1,4,1,3,3,2,24,9,53.8111559501,-1.52189631324
7849,110456631,422226,433736,2,1,04/10/2011,1615,4,1,1,1,1,3,2,20,1,53.7992381133,-1.66251665577
7850,110456646,430697,439045,2,1,04/10/2011,2020,3,1,7,1,1,2,1,40,1,53.8465281103,-1.53336566051
7851,110456811,430960,435866,3,1,04/10/2011,1520,6,1,1,1,1,3,1,31,9,53.8179375527,-1.52968809407
7852,110457051,432318,439374,2,1,04/10/2011,1905,3,1,4,1,1,2,1,27,3,53.8493870136,-1.50869069716
7853,110467073,427011,428393,2,1,04/10/2011,1735,6,1,1,1,1,2,1,16,1,53.7509844148,-1.59033021898
7854,110457341,434533,428005,2,1,05/10/2011,1447,3,1,1,1,1,3,1,44,9,53.747052627,-1.47629378259
7855,110457457,430268,434835,1,1,05/10/2011,1335,6,1,1,1,3,1,2,79,9,53.8087109544,-1.5403012744
7856,110457508,427601,436792,2,1,05/10/2011,1626,3,1,1,1,1,3,1,20,1,53.8264503171,-1.58062980063
7857,110457619,422101,434127,2,1,05/10/2011,1710,4,1,1,1,1,2,1,50,5,53.802758081,-1.66438657764
7858,110457667,428422,432494,2,1,05/10/2011,1940,3,2,4,5,1,3,1,29,1,53.7877724429,-1.56855274662
7859,110457705,423270,437687,3,1,05/10/2011,2053,3,2,4,2,1,3,2,54,9,53.8347072619,-1.64636584489
7860,110458710,429118,430624,2,1,05/10/2011,2020,6,2,4,2,1,3,2,75,9,53.7709249603,-1.55816437442
7861,110459462,420254,446136,1,1,05/10/2011,1850,4,2,4,1,3,2,1,59,9,53.9107797181,-1.69164105946
7862,110464473,431747,435845,2,4,05/10/2011,1825,6,1,1,1,1,3,1,39,9,53.8177013251,-1.51773544201
7863,110464473,431747,435845,2,4,05/10/2011,1825,6,1,1,1,2,3,1,20,9,53.8177013251,-1.51773544201
7864,110464473,431747,435845,2,4,05/10/2011,1825,6,1,1,1,2,3,1,20,9,53.8177013251,-1.51773544201
7865,110464473,431747,435845,2,4,05/10/2011,1825,6,1,1,1,2,3,1,19,9,53.8177013251,-1.51773544201
7866,110458474,427144,432927,1,1,06/10/2011,1150,6,1,1,1,3,3,1,46,9,53.7917328168,-1.58791413612
7867,110458637,425484,434282,4,1,06/10/2011,1330,3,1,1,1,1,3,1,42,1,53.8039965981,-1.61300260754
7868,110458662,430503,435251,2,1,06/10/2011,825,3,2,1,1,1,3,2,47,5,53.8124365225,-1.53669108082
7869,110458696,431085,433298,2,1,06/10/2011,1045,6,2,1,1,1,3,2,21,9,53.7948471244,-1.52804861573
7870,110459143,433533,429766,1,2,06/10/2011,1448,3,2,1,4,1,3,1,24,9,53.7629470664,-1.49126726101
7871,110459143,433533,429766,1,2,06/10/2011,1448,3,2,1,4,2,3,1,22,9,53.7629470664,-1.49126726101
7872,110459201,431486,431545,4,2,06/10/2011,1500,3,2,1,2,1,3,1,58,9,53.7790657916,-1.52213971502
7873,110459201,431486,431545,4,2,06/10/2011,1500,3,2,1,2,2,3,2,75,9,53.7790657916,-1.52213971502
7874,110459490,429143,432012,2,1,06/10/2011,2010,6,2,4,5,1,3,1,39,8,53.7833999833,-1.55765386354
7875,110459496,432516,427321,2,1,06/10/2011,1630,3,1,1,1,1,3,1,26,1,53.7410340528,-1.50695305699
7876,110460318,421995,436506,2,1,06/10/2011,1645,3,2,1,4,1,3,1,23,9,53.8241470171,-1.66582614684
7877,110460413,426068,436363,2,4,06/10/2011,1246,6,2,1,4,1,3,1,46,8,53.8226732973,-1.6039579743
7878,110460413,426068,436363,2,4,06/10/2011,1246,6,2,1,4,1,2,1,23,2,53.8226732973,-1.6039579743
7879,110460413,426068,436363,2,4,06/10/2011,1246,6,2,1,4,2,3,2,71,8,53.8226732973,-1.6039579743
7880,110460413,426068,436363,2,4,06/10/2011,1246,6,2,1,4,2,3,1,75,8,53.8226732973,-1.6039579743
7881,110460465,431906,434891,2,1,06/10/2011,1100,6,1,1,1,1,3,1,69,9,53.8091164015,-1.51541911094
7882,110465168,433526,429805,2,1,06/10/2011,1815,3,2,1,2,1,3,1,27,1,53.7632980767,-1.49136921771
7883,110459782,430575,433692,1,1,07/10/2011,605,6,1,4,1,2,3,2,25,11,53.7984189003,-1.53575235298
7884,110460131,425457,437464,1,1,07/10/2011,755,6,1,1,1,3,3,2,13,9,53.8326002107,-1.61314928014
7885,110460177,429372,433780,2,2,07/10/2011,1015,6,1,1,1,1,3,1,28,9,53.7992792224,-1.55400956617
7886,110460177,429372,433780,2,2,07/10/2011,1015,6,1,1,1,1,3,2,27,9,53.7992792224,-1.55400956617
7887,110460790,434396,433736,3,4,07/10/2011,1510,6,1,1,1,1,3,1,77,9,53.7985757976,-1.47773227597
7888,110460790,434396,433736,3,4,07/10/2011,1510,6,1,1,1,1,3,1,47,9,53.7985757976,-1.47773227597
7889,110460790,434396,433736,3,4,07/10/2011,1510,6,1,1,1,1,3,2,50,9,53.7985757976,-1.47773227597
7890,110460790,434396,433736,3,4,07/10/2011,1510,6,1,1,1,2,3,2,13,9,53.7985757976,-1.47773227597
7891,110460865,432376,435131,2,1,07/10/2011,1700,6,1,1,1,1,2,2,20,2,53.8112446313,-1.50825590019
7892,110460903,423818,434257,1,1,07/10/2011,1610,6,1,1,1,2,3,2,70,11,53.8038508381,-1.63830367093
7893,110460983,438949,431551,2,1,07/10/2011,1545,3,1,1,1,1,2,1,32,3,53.7786148615,-1.40887965639
7894,110461355,428536,436888,1,1,07/10/2011,35,4,1,5,1,1,3,1,35,9,53.8272627342,-1.56641492061
7895,110461388,434336,435123,2,4,07/10/2011,2225,6,1,4,1,1,2,1,48,9,53.8110469914,-1.47848857821
7896,110461388,434336,435123,2,4,07/10/2011,2225,6,1,4,1,2,3,2,10,9,53.8110469914,-1.47848857821
7897,110461388,434336,435123,2,4,07/10/2011,2225,6,1,4,1,2,3,2,44,9,53.8110469914,-1.47848857821
7898,110461388,434336,435123,2,4,07/10/2011,2225,6,1,4,1,2,3,1,14,9,53.8110469914,-1.47848857821
7899,110461906,428367,428733,2,1,07/10/2011,1851,6,1,4,1,1,3,1,32,1,53.7539685671,-1.5697334642
7900,110462316,429999,434150,2,4,07/10/2011,1515,3,1,1,4,1,3,2,19,9,53.8025692707,-1.54445335246
7901,110462316,429999,434150,2,4,07/10/2011,1515,3,1,1,4,2,3,2,19,9,53.8025692707,-1.54445335246
7902,110462316,429999,434150,2,4,07/10/2011,1515,3,1,1,4,2,3,2,18,9,53.8025692707,-1.54445335246
7903,110462316,429999,434150,2,4,07/10/2011,1515,3,1,1,4,2,3,2,19,9,53.8025692707,-1.54445335246
7904,110461884,425818,442889,2,1,08/10/2011,935,3,2,1,1,1,3,1,36,9,53.8813461674,-1.60720718347
7905,110461945,424219,427778,1,1,08/10/2011,1107,1,2,1,2,1,3,1,35,9,53.7455934773,-1.63272306107
7906,110462155,428749,430854,2,5,08/10/2011,1425,6,1,1,1,2,3,2,36,9,53.7730128847,-1.56374195333
7907,110462155,428749,430854,2,5,08/10/2011,1425,6,1,1,1,2,3,1,25,9,53.7730128847,-1.56374195333
7908,110462155,428749,430854,2,5,08/10/2011,1425,6,1,1,1,2,3,1,25,9,53.7730128847,-1.56374195333
7909,110462155,428749,430854,2,5,08/10/2011,1425,6,1,1,1,1,3,1,25,9,53.7730128847,-1.56374195333
7910,110462155,428749,430854,2,5,08/10/2011,1425,6,1,1,1,2,3,1,26,9,53.7730128847,-1.56374195333
7911,110462242,422943,443098,2,1,08/10/2011,1425,3,2,1,2,1,3,2,61,9,53.8833599564,-1.65093058495
7912,110462595,429601,434682,2,1,08/10/2011,2315,3,1,7,1,1,3,1,39,9,53.8073740749,-1.55044578019
7913,110462839,441103,449181,3,1,08/10/2011,1235,2,2,1,2,1,3,2,69,9,53.9369145367,-1.37382960046
7914,110463100,430556,436959,1,1,08/10/2011,1600,6,1,1,1,2,3,2,70,11,53.8277860838,-1.53571641351
7915,110468781,420740,439852,1,1,08/10/2011,140,3,1,7,1,3,3,1,18,8,53.8542751881,-1.68466736711
7916,110463250,425511,434186,1,1,09/10/2011,725,6,2,1,1,1,3,1,32,9,53.8031323498,-1.61260055319
7917,110463268,420930,434414,2,1,09/10/2011,1325,3,2,1,1,1,3,1,19,9,53.8053863238,-1.68214890767
7918,110463315,431209,433665,2,1,09/10/2011,1445,3,1,1,1,2,3,2,6,9,53.7981385569,-1.52612885731
7919,110463562,436083,435601,1,2,09/10/2011,1749,3,2,1,2,1,3,1,30,9,53.8152252383,-1.4518995674
7920,110463562,436083,435601,1,2,09/10/2011,1749,3,2,1,2,2,3,1,37,9,53.8152252383,-1.4518995674
7921,110464276,426357,428166,2,1,09/10/2011,2010,4,2,4,2,1,3,1,60,9,53.7489774303,-1.60026839155
7922,110464245,428040,435919,2,1,10/10/2011,930,6,2,1,2,1,3,1,36,9,53.8185796571,-1.57403942514
7923,110464428,430670,436795,1,1,10/10/2011,1055,6,2,1,2,3,3,1,64,19,53.826305226,-1.53400066207
7924,110465117,432096,435459,2,1,10/10/2011,1450,4,1,1,1,2,3,2,22,9,53.8142102721,-1.51247430829
7925,110465493,427016,431793,2,1,10/10/2011,800,3,2,1,2,1,3,2,38,9,53.7815461794,-1.5899567143
7926,110466100,434413,435371,2,1,10/10/2011,1330,6,1,1,1,1,3,1,75,9,53.8132710782,-1.47729138517
7927,110466425,431884,435061,2,1,10/10/2011,1745,6,2,1,2,1,3,1,41,9,53.8106458254,-1.51573561689
7928,110466312,427032,431795,1,1,11/10/2011,910,3,1,1,1,3,3,2,29,3,53.7815633263,-1.58971370108
7929,110466980,429143,433838,1,1,11/10/2011,1922,6,1,4,1,3,3,1,27,8,53.7998134489,-1.55748114542
7930,110467017,426836,426642,2,1,11/10/2011,1835,3,1,1,1,1,3,1,33,1,53.7352539471,-1.59313639859
7931,110467837,432706,438244,2,1,11/10/2011,1845,6,1,1,1,1,3,1,81,9,53.8392055965,-1.50291276582
7932,110467370,430873,435047,2,1,12/10/2011,600,3,2,4,2,1,3,1,49,19,53.8105809919,-1.53109183681
7933,110467575,430845,434038,2,2,12/10/2011,910,3,2,1,2,1,3,1,38,19,53.801513055,-1.5316181947
7934,110467575,430845,434038,2,2,12/10/2011,910,3,2,1,2,2,3,2,55,9,53.801513055,-1.5316181947
7935,110468761,428687,434942,1,1,12/10/2011,1920,6,2,4,2,3,3,2,22,9,53.8097623676,-1.56430213452
7936,110468768,424292,429284,2,4,12/10/2011,1910,4,2,4,2,1,3,2,26,9,53.759127357,-1.63149759601
7937,110468768,424292,429284,2,4,12/10/2011,1910,4,2,4,2,2,3,2,4,9,53.759127357,-1.63149759601
7938,110468768,424292,429284,2,4,12/10/2011,1910,4,2,4,2,2,3,1,5,9,53.759127357,-1.63149759601
7939,110468768,424292,429284,2,4,12/10/2011,1910,4,2,4,2,2,3,1,35,9,53.759127357,-1.63149759601
7940,110469895,432681,430465,2,1,12/10/2011,1750,4,2,7,2,1,3,1,23,9,53.7692843359,-1.50411847469
7941,110469204,423682,438138,1,1,13/10/2011,815,6,1,1,1,3,3,1,14,9,53.8387425836,-1.64007005627
7942,110469220,432071,431096,2,1,13/10/2011,825,3,2,1,1,1,3,1,16,2,53.774994146,-1.5133082663
7943,110469254,423285,434644,2,1,13/10/2011,830,6,2,1,2,1,3,1,50,9,53.8073536503,-1.64636827936
7944,110469587,429825,430666,2,1,13/10/2011,725,3,2,1,1,1,2,1,28,1,53.771262476,-1.54743268189
7945,110469607,438846,446350,2,2,13/10/2011,934,6,2,1,1,1,3,1,37,9,53.9116428431,-1.4085708659
7946,110469607,438846,446350,2,2,13/10/2011,934,6,2,1,1,1,3,2,42,9,53.9116428431,-1.4085708659
7947,110469746,432370,433707,1,1,13/10/2011,756,6,2,1,2,1,3,2,20,2,53.7984451365,-1.50849675531
7948,110470318,431579,434392,1,1,13/10/2011,1652,6,1,1,1,3,3,2,13,9,53.8046510083,-1.52043651004
7949,110470384,435304,435121,3,2,13/10/2011,1845,6,2,4,1,1,3,1,23,9,53.8109641935,-1.46378706487
7950,110470384,435304,435121,3,2,13/10/2011,1845,6,2,4,1,1,3,1,20,9,53.8109641935,-1.46378706487
7951,110470785,440507,429025,2,1,13/10/2011,2135,6,1,4,1,1,3,1,23,2,53.755790911,-1.38556731157
7952,110471480,424816,443243,2,1,14/10/2011,1155,6,1,1,1,1,3,2,81,9,53.8845770744,-1.622422482
7953,110472002,427320,430255,1,1,14/10/2011,1040,6,1,1,1,3,2,2,5,9,53.7677055192,-1.58547903421
7954,110472029,430788,433473,1,1,14/10/2011,1815,3,1,1,1,3,3,2,32,9,53.7964378095,-1.53254019284
7955,110472428,426520,427468,2,1,14/10/2011,2343,6,1,4,1,1,3,1,53,9,53.7426949301,-1.59785630675
7956,110473069,443346,438966,2,1,14/10/2011,1834,2,1,1,1,1,3,1,71,9,53.8449163075,-1.34110751876
7957,110472893,433869,434081,2,2,15/10/2011,1136,3,1,1,1,2,3,1,1,9,53.8017114583,-1.48569592438
7958,110472893,433869,434081,2,2,15/10/2011,1136,3,1,1,1,2,3,2,41,9,53.8017114583,-1.48569592438
7959,110473865,427260,435754,3,2,15/10/2011,2025,4,1,7,1,1,3,1,30,9,53.8171380014,-1.58590281845
7960,110473865,427260,435754,3,2,15/10/2011,2025,4,1,7,1,1,3,1,40,8,53.8171380014,-1.58590281845
7961,110474401,435545,438368,2,2,16/10/2011,1000,6,1,1,1,1,3,2,43,9,53.8401336685,-1.45975146411
7962,110474401,435545,438368,2,2,16/10/2011,1000,6,1,1,1,1,3,1,63,9,53.8401336685,-1.45975146411
7963,110474537,442735,431686,2,1,16/10/2011,953,3,1,1,1,1,2,1,28,5,53.7795312876,-1.35140553667
7964,110474594,425165,439406,2,1,16/10/2011,1015,6,1,1,1,1,3,1,38,9,53.850070583,-1.61742737908
7965,110475724,430638,434237,2,1,17/10/2011,900,6,1,1,1,1,2,1,40,1,53.8033140419,-1.53474157685
7966,110475933,430044,432652,1,2,17/10/2011,802,3,2,1,1,1,3,1,45,21,53.7891015541,-1.54391614459
7967,110475933,430044,432652,1,2,17/10/2011,802,3,2,1,1,3,2,1,26,21,53.7891015541,-1.54391614459
7968,110476562,431884,435073,1,1,17/10/2011,1415,6,1,1,4,3,3,1,37,9,53.8107536895,-1.51573437365
7969,110477073,435304,435119,2,2,17/10/2011,2050,6,2,4,5,1,3,1,40,9,53.8109462163,-1.46378729431
7970,110477073,435304,435119,2,2,17/10/2011,2050,6,2,4,5,1,3,2,41,9,53.8109462163,-1.46378729431
7971,110477710,436187,436819,3,2,17/10/2011,1430,3,1,1,1,1,3,1,50,90,53.826166082,-1.45017658259
7972,110477710,436187,436819,3,2,17/10/2011,1430,3,1,1,1,1,3,2,34,90,53.826166082,-1.45017658259
7973,110478266,430491,431631,2,1,18/10/2011,930,1,2,1,5,1,3,2,27,9,53.7798980522,-1.5372316877
7974,110478535,424059,431493,1,1,18/10/2011,1837,6,2,1,1,1,3,1,31,9,53.7789945919,-1.63485979645
7975,110478567,428244,432831,2,1,18/10/2011,1921,4,2,4,2,1,3,1,21,3,53.7908113505,-1.57122382253
7976,110478915,430694,433648,1,1,18/10/2011,959,3,1,1,1,3,3,2,75,9,53.7980163892,-1.53394992008
7977,110479402,431064,431243,1,1,18/10/2011,1400,6,1,1,1,2,3,2,60,11,53.7763765446,-1.52857455505
7978,110479407,421382,440153,2,2,18/10/2011,750,6,2,1,4,1,3,1,40,9,53.8569547672,-1.67488554791
7979,110479407,421382,440153,2,2,18/10/2011,750,6,2,1,4,1,3,2,50,9,53.8569547672,-1.67488554791
7980,110480149,430087,435418,2,2,18/10/2011,2150,6,2,4,1,1,3,1,37,9,53.8139618741,-1.54299313708
7981,110480149,430087,435418,2,2,18/10/2011,2150,6,2,4,1,2,3,1,27,9,53.8139618741,-1.54299313708
7982,110494670,425128,435544,2,1,18/10/2011,1830,6,1,1,1,1,3,2,50,9,53.8153577795,-1.61830561641
7983,110479849,428933,429860,1,2,19/10/2011,1400,6,1,1,1,3,3,1,55,9,53.7640678327,-1.56104310806
7984,110479849,428933,429860,1,2,19/10/2011,1400,6,1,1,1,1,3,2,56,9,53.7640678327,-1.56104310806
7985,110480064,430359,434442,2,1,19/10/2011,1728,3,1,1,1,1,3,2,43,9,53.8051730875,-1.53895801073
7986,110480249,430564,432704,2,1,19/10/2011,1940,3,1,4,1,1,2,1,35,1,53.7895386873,-1.53601739369
7987,110481224,420636,441200,2,1,19/10/2011,1335,6,1,1,1,1,2,1,65,3,53.8663962138,-1.68615790392
7988,110485898,426384,438072,1,1,19/10/2011,804,3,1,1,1,3,2,2,40,21,53.8380191165,-1.59901053487
7989,110480969,433441,434032,2,1,20/10/2011,850,3,1,1,1,1,3,2,21,5,53.8012987063,-1.49220018482
7990,110481144,431348,432372,2,1,20/10/2011,905,3,1,1,1,1,3,1,22,5,53.7865077959,-1.52414995114
7991,110481857,428836,434631,3,2,20/10/2011,1710,6,1,1,1,1,3,1,20,9,53.80695863,-1.56206833316
7992,110481857,428836,434631,3,2,20/10/2011,1710,6,1,1,1,1,3,1,23,9,53.80695863,-1.56206833316
7993,110483169,433705,426832,2,1,20/10/2011,841,6,1,1,1,1,3,2,45,9,53.7365630388,-1.48897809935
7994,110485191,429338,434234,1,1,20/10/2011,1850,6,1,1,1,2,3,2,60,11,53.8033620272,-1.55448255615
7995,110494327,425227,427225,2,2,20/10/2011,2255,3,2,4,1,1,3,1,28,9,53.740574806,-1.61748242964
7996,110494327,425227,427225,2,2,20/10/2011,2255,3,2,4,1,2,3,2,23,9,53.740574806,-1.61748242964
7997,110482751,425183,437758,2,1,21/10/2011,934,6,1,1,1,1,3,2,24,9,53.8352562583,-1.61728885569
7998,110482763,431910,435744,2,1,21/10/2011,600,3,1,7,1,1,3,2,41,9,53.8167834904,-1.51526990417
7999,110483117,429691,432127,2,2,21/10/2011,1135,1,1,1,1,1,3,1,29,9,53.7844027194,-1.54932526595
8000,110483117,429691,432127,2,2,21/10/2011,1135,1,1,1,1,2,3,2,49,9,53.7844027194,-1.54932526595
8001,110483509,429141,432043,1,1,21/10/2011,1352,6,1,1,1,2,3,1,33,11,53.783678747,-1.55768128888
8002,110483921,429784,433660,1,2,21/10/2011,2120,6,1,4,1,3,3,2,44,9,53.7981771489,-1.54776549256
8003,110483921,429784,433660,1,2,21/10/2011,2120,6,1,4,1,3,3,2,37,9,53.7981771489,-1.54776549256
8004,110484778,436610,436214,2,1,21/10/2011,1830,6,1,4,1,1,2,1,14,1,53.8206983827,-1.44382190022
8005,110485912,424053,435486,2,1,21/10/2011,2055,3,1,4,1,1,3,1,18,9,53.8148872749,-1.63463902963
8006,110487510,431967,430305,2,1,21/10/2011,1315,3,1,1,1,1,3,2,22,9,53.7678904557,-1.51496841982
8007,110486066,420668,434353,2,2,23/10/2011,1319,3,1,1,1,1,3,2,35,9,53.8048484807,-1.68613177035
8008,110486066,420668,434353,2,2,23/10/2011,1319,3,1,1,1,1,3,2,22,9,53.8048484807,-1.68613177035
8009,110486515,435907,435603,2,1,23/10/2011,1455,6,1,1,1,1,3,1,17,2,53.8152554006,-1.45457263858
8010,110488147,428139,435847,2,1,24/10/2011,1415,3,1,1,1,1,3,1,18,1,53.8179271189,-1.57254213105
8011,110489181,424455,433904,1,1,25/10/2011,815,3,2,1,2,1,3,2,47,9,53.8006482249,-1.62865854851
8012,110489328,436266,434706,2,1,25/10/2011,1148,6,1,1,1,2,3,2,81,11,53.8071677285,-1.44922541229
8013,110490047,424801,427536,2,1,25/10/2011,1620,3,1,1,1,1,3,1,19,4,53.7433907955,-1.62391676342
8014,110490133,430841,431390,2,3,25/10/2011,1913,6,2,4,2,1,3,2,19,9,53.7777111476,-1.53194396354
8015,110490133,430841,431390,2,3,25/10/2011,1913,6,2,4,2,1,3,2,19,9,53.7777111476,-1.53194396354
8016,110490133,430841,431390,2,3,25/10/2011,1913,6,2,4,2,2,3,2,19,9,53.7777111476,-1.53194396354
8017,110490250,430223,434363,1,1,25/10/2011,1915,3,2,4,2,1,3,1,44,9,53.8044708999,-1.54103103491
8018,110490298,430221,433756,1,1,25/10/2011,2045,6,2,4,2,3,3,1,18,11,53.7990148638,-1.54112098125
8019,110491144,435079,435124,2,1,25/10/2011,2015,6,2,4,2,1,3,1,36,9,53.8110063868,-1.46720396023
8020,110490706,427263,435163,2,1,26/10/2011,755,6,1,1,1,1,3,1,46,4,53.8118254909,-1.58590961556
8021,110490815,443042,447698,2,2,26/10/2011,820,6,2,1,1,1,3,1,62,10,53.9234273914,-1.3445015295
8022,110490815,443042,447698,2,2,26/10/2011,820,6,2,1,1,1,3,1,28,9,53.9234273914,-1.3445015295
8023,110491014,429922,427802,2,1,26/10/2011,1101,6,1,1,1,1,3,1,55,9,53.7455130159,-1.5462384307
8024,110491688,430210,432821,2,1,26/10/2011,1530,3,1,1,1,1,3,1,43,1,53.7906110405,-1.54137969628
8025,110492088,427516,434567,1,1,26/10/2011,2228,3,2,4,1,3,3,1,11,9,53.8064548649,-1.58212026228
8026,110492677,427295,433637,2,1,27/10/2011,708,3,2,4,2,1,3,1,46,9,53.7981069534,-1.58555888805
8027,110492821,426068,436361,2,2,27/10/2011,1120,6,1,1,1,1,3,1,41,9,53.8226553197,-1.60395814383
8028,110492821,426068,436361,2,2,27/10/2011,1120,6,1,1,1,2,3,2,45,9,53.8226553197,-1.60395814383