Col.Number,Reference.Number,Easting,Northing,Number.of.Vehicles,Number.of.Casualties,Accident.Date,Time..24hr.,X1st.Road.Class,Road.Surface,Lighting.Conditions,Weather.Conditions,Casualty.Class,Casualty.Severity,Sex.of.Casualty,Age.of.Casualty,Type.of.Vehicle,Latitude,Longitude
8029,110492881,444828,442707,1,1,27/10/2011,1100,6,2,1,1,1,3,1,52,9,53.8784156601,-1.31803510462
8030,110492905,427816,435081,2,1,27/10/2011,1235,6,2,1,1,1,3,1,61,9,53.8110591245,-1.57751790804
8031,110492996,427681,434725,1,1,27/10/2011,1052,6,1,1,1,3,3,1,10,9,53.8078663324,-1.5796003073
8032,110493382,429928,427585,2,1,27/10/2011,1454,6,2,1,2,1,3,2,29,9,53.7435620994,-1.54616846372
8033,110493471,431812,428779,4,1,27/10/2011,1520,6,2,1,2,1,3,2,61,9,53.754183115,-1.51747739513
8034,110493614,427974,426034,2,1,27/10/2011,1700,3,2,4,2,2,3,2,19,9,53.7297289055,-1.57593856907
8035,110493656,430088,435431,2,2,27/10/2011,1230,6,2,1,1,1,3,2,24,9,53.8140786693,-1.54297667686
8036,110493656,430088,435431,2,2,27/10/2011,1230,6,2,1,1,1,3,1,48,90,53.8140786693,-1.54297667686
8037,110495062,427207,434744,2,1,27/10/2011,1645,3,2,1,2,1,2,1,23,1,53.8080621332,-1.58679720078
8038,110504430,423947,437321,2,1,27/10/2011,800,3,2,1,2,1,3,1,26,1,53.8313866048,-1.63610622052
8039,110494081,427515,436171,2,1,28/10/2011,440,6,1,7,1,1,3,2,19,9,53.820872873,-1.58199201358
8040,110494241,431003,430595,2,1,28/10/2011,739,6,2,1,1,2,3,1,79,9,53.7705554728,-1.5295653868
8041,110494688,428505,432643,2,1,28/10/2011,1155,3,1,1,1,1,2,1,42,3,53.7891072302,-1.56727905988
8042,110495136,428342,429541,1,1,28/10/2011,1540,3,1,1,1,3,3,2,15,9,53.7612328945,-1.57003847442
8043,110502483,430420,433728,1,1,28/10/2011,1700,6,2,1,1,3,2,2,30,1,53.7987515809,-1.53810221668
8044,110507679,429629,434633,1,1,28/10/2011,2345,3,1,4,1,3,2,2,24,9,53.806932033,-1.55002527154
8045,110496058,429986,430911,2,1,29/10/2011,1100,3,1,1,1,2,3,2,81,11,53.773455478,-1.54496592077
8046,110496107,432611,435865,1,1,29/10/2011,1040,3,2,1,1,2,3,1,4,11,53.8178276168,-1.50460894312
8047,110496594,433392,436163,1,1,29/10/2011,1730,6,1,7,1,3,2,2,12,9,53.8204566486,-1.49271299106
8048,110496626,422898,432279,3,2,29/10/2011,1403,6,1,1,1,1,3,1,24,19,53.7861122054,-1.65242138804
8049,110496626,422898,432279,3,2,29/10/2011,1403,6,1,1,1,1,3,2,39,9,53.7861122054,-1.65242138804
8050,110496921,428505,437267,3,1,29/10/2011,2145,6,2,4,2,1,3,1,31,10,53.8306711564,-1.56685078634
8051,110497156,430288,433251,1,2,30/10/2011,125,6,2,4,1,3,3,2,24,9,53.794471661,-1.540153341
8052,110497156,430288,433251,1,2,30/10/2011,125,6,2,4,1,3,3,1,33,9,53.794471661,-1.540153341
8053,110498007,430087,433371,1,1,30/10/2011,200,6,1,7,1,3,3,1,22,9,53.7955619707,-1.54319318969
8054,110499039,437500,433072,2,1,30/10/2011,2048,6,1,4,1,1,3,1,26,9,53.7923928951,-1.43068453482
8055,110501443,430384,433428,1,2,30/10/2011,500,6,2,4,1,3,3,2,25,9,53.7960570681,-1.53867841691
8056,110501443,430384,433428,1,2,30/10/2011,500,6,2,4,1,3,3,2,26,9,53.7960570681,-1.53867841691
8057,110498676,430498,432282,2,2,31/10/2011,809,6,1,1,1,1,3,1,23,9,53.7857493133,-1.53706104528
8058,110498676,430498,432282,2,2,31/10/2011,809,6,1,1,1,1,3,1,47,9,53.7857493133,-1.53706104528
8059,110499757,425171,429004,1,1,31/10/2011,1745,3,1,4,1,3,3,2,12,9,53.7565687441,-1.61818657662
8060,110499920,422599,433531,2,3,31/10/2011,1830,4,1,4,1,1,3,1,25,9,53.7973793285,-1.65686811419
8061,110499920,422599,433531,2,3,31/10/2011,1830,4,1,4,1,1,3,1,20,9,53.7973793285,-1.65686811419
8062,110499920,422599,433531,2,3,31/10/2011,1830,4,1,4,1,2,3,1,20,9,53.7973793285,-1.65686811419
8063,110500845,432657,433851,2,1,31/10/2011,1620,3,1,1,1,2,3,1,36,11,53.7997215683,-1.50412388147
8064,110501480,435956,435468,2,1,31/10/2011,1745,3,1,7,1,1,3,1,37,8,53.8140385559,-1.45384414225
8065,110500305,429798,433790,2,3,01/11/2011,400,6,1,7,1,2,3,2,23,9,53.7993448823,-1.5475403483
8066,110500305,429798,433790,2,3,01/11/2011,400,6,1,7,1,2,3,1,20,9,53.7993448823,-1.5475403483
8067,110500305,429798,433790,2,3,01/11/2011,400,6,1,7,1,2,3,2,21,9,53.7993448823,-1.5475403483
8068,110500332,422914,434705,1,1,01/11/2011,620,4,1,7,1,1,3,1,49,9,53.807918448,-1.65199803858
8069,110500764,426422,430137,1,1,01/11/2011,920,3,2,1,1,1,3,1,42,9,53.7666911688,-1.5991139419
8070,110500966,427009,440124,1,1,01/11/2011,1143,3,1,1,1,2,3,2,77,11,53.8564318258,-1.5893314341
8071,110500988,429448,434031,2,2,01/11/2011,1210,2,1,1,1,1,3,2,58,9,53.8015310983,-1.55283160248
8072,110500988,429448,434031,2,2,01/11/2011,1210,2,1,1,1,1,3,1,53,9,53.8015310983,-1.55283160248
8073,110501405,425131,433875,2,2,01/11/2011,1425,6,1,1,1,1,3,2,52,9,53.8003553296,-1.61839631608
8074,110501405,425131,433875,2,2,01/11/2011,1425,6,1,1,1,2,3,2,30,9,53.8003553296,-1.61839631608
8075,110501728,426753,427783,4,1,01/11/2011,1705,6,1,4,1,1,2,2,17,2,53.7455145178,-1.59429596732
8076,110502730,428265,429601,2,1,02/11/2011,1215,3,1,1,1,1,3,2,72,9,53.7617764071,-1.5712010704
8077,110503527,435196,431197,2,2,02/11/2011,1730,6,1,4,1,1,3,1,35,9,53.7757001354,-1.46587563888
8078,110503527,435196,431197,2,2,02/11/2011,1730,6,1,4,1,1,3,2,34,9,53.7757001354,-1.46587563888
8079,110503543,431719,434559,2,2,02/11/2011,1915,6,1,4,1,1,3,2,30,9,53.8061435994,-1.51829332456
8080,110503543,431719,434559,2,2,02/11/2011,1915,6,1,4,1,1,3,1,36,9,53.8061435994,-1.51829332456
8081,110503771,424795,441582,1,2,02/11/2011,2123,6,2,6,2,1,3,2,22,9,53.8696478494,-1.62287635434
8082,110503771,424795,441582,1,2,02/11/2011,2123,6,2,6,2,2,3,1,19,9,53.8696478494,-1.62287635434
8083,110503799,439406,439310,1,1,02/11/2011,2345,3,2,6,1,1,3,2,19,9,53.8483222334,-1.40095061374
8084,110505494,428062,435959,2,1,03/11/2011,2120,3,2,4,1,1,3,2,22,1,53.8189380192,-1.57370158028
8085,110505574,429963,430868,2,2,03/11/2011,2042,3,2,4,1,1,3,2,38,9,53.773070285,-1.54531910811
8086,110505574,429963,430868,2,2,03/11/2011,2042,3,2,4,1,1,3,1,24,9,53.773070285,-1.54531910811
8087,110505720,431436,431611,2,6,03/11/2011,2305,3,1,4,1,2,3,1,35,9,53.7796620694,-1.52289180264
8088,110505720,431436,431611,2,6,03/11/2011,2305,3,1,4,1,2,3,1,26,9,53.7796620694,-1.52289180264
8089,110505720,431436,431611,2,6,03/11/2011,2305,3,1,4,1,2,3,1,48,9,53.7796620694,-1.52289180264
8090,110505720,431436,431611,2,6,03/11/2011,2305,3,1,4,1,1,3,1,30,9,53.7796620694,-1.52289180264
8091,110505720,431436,431611,2,6,03/11/2011,2305,3,1,4,1,2,3,1,29,9,53.7796620694,-1.52289180264
8092,110505720,431436,431611,2,6,03/11/2011,2305,3,1,4,1,2,3,1,20,9,53.7796620694,-1.52289180264
8093,110506078,429745,430554,2,1,03/11/2011,2200,3,2,4,1,1,3,1,28,9,53.770260309,-1.54865736691
8094,110506384,440437,448146,1,1,04/11/2011,1055,4,1,1,1,3,3,2,65,9,53.9276641134,-1.38411190811
8095,110506804,431189,440804,2,1,04/11/2011,1400,3,1,1,1,1,3,1,40,9,53.8623097776,-1.52570816241
8096,110507117,430799,433270,2,1,04/11/2011,1650,3,2,4,2,1,3,1,24,9,53.7946124489,-1.53239348125
8097,110507286,431968,435824,2,3,04/11/2011,1920,3,2,4,2,2,3,2,26,9,53.8174990201,-1.51438057437
8098,110507286,431968,435824,2,3,04/11/2011,1920,3,2,4,2,1,3,2,39,9,53.8174990201,-1.51438057437
8099,110507286,431968,435824,2,3,04/11/2011,1920,3,2,4,2,2,3,2,17,9,53.8174990201,-1.51438057437
8100,110508197,429957,433184,2,1,04/11/2011,1930,6,2,4,2,1,3,1,24,9,53.7938885789,-1.54518507876
8101,110517863,430755,433169,2,1,04/11/2011,1630,3,2,4,1,1,2,1,41,1,53.7937071909,-1.53307157119
8102,110508600,428584,431547,2,1,05/11/2011,1218,3,1,1,1,1,3,2,34,9,53.7792511986,-1.56618147067
8103,110508648,430643,438183,2,1,05/11/2011,1606,6,1,1,1,1,3,2,40,9,53.8387830843,-1.53427249715
8104,110510576,426301,438099,2,1,05/11/2011,1350,3,1,1,1,1,3,2,23,9,53.8382660212,-1.60026964077
8105,110510844,421444,432754,1,1,05/11/2011,1250,6,1,1,1,3,2,1,11,9,53.7904438641,-1.67445882178
8106,110521199,431071,435595,2,1,05/11/2011,2345,6,1,7,1,2,3,1,37,19,53.8154949981,-1.52802933185
8107,110510184,425488,432856,2,3,06/11/2011,1735,3,1,7,1,1,3,1,60,9,53.7911783612,-1.6130598746
8108,110510184,425488,432856,2,3,06/11/2011,1735,3,1,7,1,1,3,2,57,9,53.7911783612,-1.6130598746
8109,110510184,425488,432856,2,3,06/11/2011,1735,3,1,7,1,2,3,2,57,9,53.7911783612,-1.6130598746
8110,110510799,426057,436615,2,1,06/11/2011,1125,6,1,1,1,1,3,1,35,1,53.8249390162,-1.60410373539
8111,110510863,425351,437905,4,4,06/11/2011,1325,3,1,1,1,1,3,2,60,9,53.8365694342,-1.61472366141
8112,110510863,425351,437905,4,4,06/11/2011,1325,3,1,1,1,1,3,2,33,9,53.8365694342,-1.61472366141
8113,110510863,425351,437905,4,4,06/11/2011,1325,3,1,1,1,1,3,1,39,9,53.8365694342,-1.61472366141
8114,110510863,425351,437905,4,4,06/11/2011,1325,3,1,1,1,2,3,2,1,9,53.8365694342,-1.61472366141
8115,110511225,429950,433090,2,1,07/11/2011,1250,6,1,1,1,1,3,1,36,1,53.7930440406,-1.54530048941
8116,110511255,430375,433422,1,1,07/11/2011,1159,6,1,1,1,2,3,2,73,11,53.7960036613,-1.5388156511
8117,110511700,429921,434316,1,1,07/11/2011,1615,3,2,4,1,3,2,2,19,9,53.8040658913,-1.54562163994
8118,110512004,420000,434140,2,1,07/11/2011,1645,3,2,4,2,1,3,2,23,9,53.8029599662,-1.69628982427
8119,110512469,430793,425573,1,1,07/11/2011,1750,6,1,7,1,2,3,1,85,11,53.7254262326,-1.53325237438
8120,110513048,420537,440209,2,1,08/11/2011,650,3,2,1,2,1,3,1,41,3,53.8574922569,-1.68772985587
8121,110514856,438017,425850,2,3,08/11/2011,1740,4,2,4,1,1,3,2,43,9,53.7274396045,-1.42372542539
8122,110514856,438017,425850,2,3,08/11/2011,1740,4,2,4,1,2,3,1,24,9,53.7274396045,-1.42372542539
8123,110514856,438017,425850,2,3,08/11/2011,1740,4,2,4,1,2,3,2,22,9,53.7274396045,-1.42372542539
8124,110514941,431847,434168,2,1,08/11/2011,1710,6,1,7,1,2,3,2,24,9,53.802621202,-1.51638995077
8125,110514341,429121,434750,1,1,09/11/2011,1200,6,1,1,1,2,3,2,71,11,53.8080124083,-1.55772892778
8126,110514597,428572,427804,2,2,09/11/2011,902,4,2,1,1,1,3,2,29,9,53.7456067451,-1.56671008527
8127,110514597,428572,427804,2,2,09/11/2011,902,4,2,1,1,1,3,1,39,19,53.7456067451,-1.56671008527
8128,110515166,432493,434068,1,1,09/11/2011,1925,6,2,4,2,3,3,1,9,9,53.8016823806,-1.50659111934
8129,110515976,425857,429113,1,1,09/11/2011,1941,1,2,4,1,2,3,2,29,9,53.7575149369,-1.60777192813
8130,110516075,422025,434357,4,2,09/11/2011,1420,4,1,1,1,1,2,2,67,9,53.8048287405,-1.66552419559
8131,110516075,422025,434357,4,2,09/11/2011,1420,4,1,1,1,1,3,1,26,8,53.8048287405,-1.66552419559
8132,110516249,437220,435415,1,1,10/11/2011,825,6,1,1,1,3,3,2,13,9,53.8134732136,-1.4346519602
8133,110516496,426836,438011,2,1,10/11/2011,1335,3,1,1,1,1,3,2,37,9,53.8374476505,-1.59214646389
8134,110516739,430896,433157,2,1,10/11/2011,1445,3,1,1,1,1,3,1,17,1,53.7935909728,-1.5309321639
8135,110516815,430738,439280,1,1,10/11/2011,1555,3,1,1,1,3,2,2,6,9,53.8486380154,-1.53271890585
8136,110516832,431417,434082,2,1,10/11/2011,1650,6,1,4,1,1,2,1,32,1,53.8018743243,-1.52292820502
8137,110516955,433859,427572,2,1,10/11/2011,1720,6,1,4,1,1,3,1,24,9,53.743204728,-1.48656224647
8138,110518451,433590,435615,2,3,10/11/2011,930,6,1,1,1,1,3,1,19,9,53.8155181244,-1.48976497025
8139,110518451,433590,435615,2,3,10/11/2011,930,6,1,1,1,2,3,2,41,9,53.8155181244,-1.48976497025
8140,110518451,433590,435615,2,3,10/11/2011,930,6,1,1,1,2,3,1,21,9,53.8155181244,-1.48976497025
8141,110517723,428501,430742,1,1,11/11/2011,255,6,1,7,1,3,2,1,6,9,53.7720197731,-1.5675155141
8142,110517884,427452,436236,2,1,11/11/2011,850,6,1,1,1,1,3,2,39,3,53.8214604722,-1.58294328002
8143,110517909,432758,426023,2,1,11/11/2011,718,1,2,1,1,1,3,1,24,9,53.7293514794,-1.50342124732
8144,110518538,433594,433419,1,1,11/11/2011,1510,6,2,1,2,3,3,2,11,9,53.7957788017,-1.48994385514
8145,110518652,431815,429363,1,1,11/11/2011,1813,6,2,4,2,3,3,1,10,9,53.7594323652,-1.51737171541
8146,110518738,429215,433493,2,1,11/11/2011,1720,6,2,4,2,2,3,2,45,11,53.7967082939,-1.55642063165
8147,110518842,421892,436563,2,1,11/11/2011,1740,3,2,4,2,1,3,1,24,1,53.8246637287,-1.66738695648
8148,110519104,431751,434602,2,1,11/11/2011,2234,6,2,4,2,1,3,1,23,9,53.8065281601,-1.51780293416
8149,110519607,444456,432811,1,1,11/11/2011,1945,6,1,4,1,1,3,1,22,9,53.7894991262,-1.32512540554
8150,110519647,430211,433391,2,1,12/11/2011,1145,6,1,1,1,2,3,2,65,11,53.7957345597,-1.54130861937
8151,110519666,429107,433560,3,2,12/11/2011,1035,3,2,1,1,1,3,1,49,8,53.7973165935,-1.55805403984
8152,110519666,429107,433560,3,2,12/11/2011,1035,3,2,1,1,1,3,2,30,9,53.7973165935,-1.55805403984
8153,110520426,428097,434514,2,2,12/11/2011,2220,6,1,4,1,1,3,2,32,9,53.8059473968,-1.573301841
8154,110520426,428097,434514,2,2,12/11/2011,2220,6,1,4,1,2,3,1,34,9,53.8059473968,-1.573301841
8155,110520920,424275,428344,2,1,13/11/2011,945,3,1,1,1,2,3,2,53,3,53.7506785909,-1.63182937251
8156,110521284,426335,428160,2,1,13/11/2011,305,4,2,4,7,1,3,1,22,9,53.7489246093,-1.60060254728
8157,110522446,429336,433483,1,1,14/11/2011,1048,6,1,1,1,2,3,1,63,11,53.7966115976,-1.55458446887
8158,110522639,421829,434353,1,1,14/11/2011,1300,4,1,1,1,3,2,2,76,9,53.8048010483,-1.66850091707
8159,110522785,431734,434575,1,1,14/11/2011,1350,6,1,1,1,2,3,2,72,11,53.8062865032,-1.51806388365
8160,110522908,428494,435460,2,1,14/11/2011,1355,6,1,1,1,1,3,1,24,9,53.8144291438,-1.56718535928
8161,110523712,432194,444975,2,1,14/11/2011,1935,3,2,4,1,1,3,2,19,9,53.8997396937,-1.50998751978
8162,110524571,431031,437848,2,1,14/11/2011,730,6,1,1,1,2,3,1,37,9,53.8357488537,-1.52840953251
8163,110524092,430633,432994,2,1,15/11/2011,1256,3,1,1,1,1,3,1,50,11,53.7921413611,-1.53494113235
8164,110524526,431473,432438,2,1,15/11/2011,1350,3,1,1,1,1,3,1,24,19,53.7870935071,-1.52224583386
8165,110524919,425733,431487,2,3,15/11/2011,1833,6,1,4,1,1,3,1,20,9,53.7788606037,-1.60945485333
8166,110524919,425733,431487,2,3,15/11/2011,1833,6,1,4,1,2,3,2,17,9,53.7788606037,-1.60945485333
8167,110524919,425733,431487,2,3,15/11/2011,1833,6,1,4,1,2,3,2,16,9,53.7788606037,-1.60945485333
8168,110526773,427473,435840,1,1,15/11/2011,2030,4,1,4,1,2,3,2,27,8,53.8178998209,-1.58265962324
8169,110526698,427591,428004,1,1,16/11/2011,1700,6,1,7,1,2,3,2,72,11,53.7474573678,-1.58156849095
8170,110526854,427456,436298,2,2,16/11/2011,315,6,1,4,1,1,2,1,34,3,53.8220175627,-1.58287697787
8171,110526854,427456,436298,2,2,16/11/2011,315,6,1,4,1,2,2,1,46,3,53.8220175627,-1.58287697787
8172,110527061,435230,434813,2,2,16/11/2011,2245,3,1,4,1,1,3,1,44,9,53.8082007226,-1.46494621216
8173,110527061,435230,434813,2,2,16/11/2011,2245,3,1,4,1,1,3,1,36,9,53.8082007226,-1.46494621216
8174,110534726,429938,432645,1,1,16/11/2011,1745,6,1,7,1,3,3,2,28,9,53.7890447417,-1.54552590505
8175,110527442,424235,428223,2,1,17/11/2011,830,3,1,1,1,1,3,1,35,9,53.7495927957,-1.63244551901
8176,110528538,430089,431277,2,1,17/11/2011,945,3,1,1,1,1,3,1,33,1,53.776739423,-1.54336725479
8177,110540508,425051,434289,2,1,17/11/2011,855,3,1,1,1,3,3,1,34,9,53.8040805551,-1.61957737023
8178,110529189,425364,427854,2,1,18/11/2011,744,3,1,1,1,1,3,1,18,3,53.7462221718,-1.61535351609
8179,110529296,430324,433285,1,1,18/11/2011,840,6,1,1,1,2,3,1,44,11,53.7947751808,-1.53960344456
8180,110529387,434854,429070,1,1,18/11/2011,700,3,1,1,1,1,3,1,57,9,53.7566042246,-1.47130573309
8181,110529751,420163,445595,1,1,18/11/2011,1030,4,1,1,1,1,3,2,81,2,53.9059203711,-1.69306213058
8182,110529822,428424,435592,1,2,18/11/2011,1330,6,1,1,1,3,3,2,4,9,53.815619488,-1.5682364085
8183,110529822,428424,435592,1,2,18/11/2011,1330,6,1,1,1,1,3,2,42,9,53.815619488,-1.5682364085
8184,110530314,441345,431949,2,3,18/11/2011,1342,3,1,1,1,1,3,1,50,19,53.7820075134,-1.37246505553
8185,110530314,441345,431949,2,3,18/11/2011,1342,3,1,1,1,2,3,1,73,19,53.7820075134,-1.37246505553
8186,110530314,441345,431949,2,3,18/11/2011,1342,3,1,1,1,1,1,1,70,5,53.7820075134,-1.37246505553
8187,110530438,431554,433621,2,1,18/11/2011,1615,3,1,1,1,1,3,1,25,9,53.7977222428,-1.5208951556
8188,110530732,430063,433770,1,1,18/11/2011,2125,6,1,4,1,3,3,2,26,9,53.7991498607,-1.54351862006
8189,110532548,423302,434732,2,2,18/11/2011,2025,6,1,4,1,1,3,1,23,9,53.8081439056,-1.64610344204
8190,110532548,423302,434732,2,2,18/11/2011,2025,6,1,4,1,2,3,1,19,9,53.8081439056,-1.64610344204
8191,110542018,430338,431889,4,1,18/11/2011,1555,1,1,1,1,1,3,1,24,9,53.7822260882,-1.5395283298
8192,110530743,429228,430948,2,1,19/11/2011,140,6,1,7,1,2,3,1,24,9,53.7738311632,-1.55646459247
8193,110531156,430415,433705,1,2,19/11/2011,750,6,1,1,1,1,3,1,49,8,53.7985451327,-1.53818040549
8194,110531156,430415,433705,1,2,19/11/2011,750,6,1,1,1,3,2,1,28,8,53.7985451327,-1.53818040549
8195,110531243,429507,425622,2,3,19/11/2011,1145,6,1,1,1,2,3,2,79,11,53.72594102,-1.55273969138
8196,110531243,429507,425622,2,3,19/11/2011,1145,6,1,1,1,2,3,2,79,11,53.72594102,-1.55273969138
8197,110531243,429507,425622,2,3,19/11/2011,1145,6,1,1,1,2,3,2,71,11,53.72594102,-1.55273969138
8198,110531441,436468,429154,2,1,19/11/2011,1030,6,1,1,1,1,3,1,53,4,53.7572488014,-1.44681455439
8199,110531766,430669,433450,2,1,19/11/2011,1845,6,1,7,1,1,3,1,19,4,53.7962380976,-1.53434921576
8200,110531920,426949,433432,1,1,19/11/2011,1720,6,1,7,1,1,3,1,17,3,53.7962822912,-1.59083026223
8201,110531923,429699,425675,1,1,19/11/2011,1450,3,1,1,1,2,3,2,75,11,53.7264065318,-1.54982440945
8202,110532112,424929,427637,2,2,20/11/2011,34,3,1,4,1,1,3,1,47,9,53.7442925685,-1.62196766478
8203,110532112,424929,427637,2,2,20/11/2011,34,3,1,4,1,1,3,1,36,9,53.7442925685,-1.62196766478
8204,110532894,431270,429487,1,1,20/11/2011,1640,6,1,1,1,2,3,2,5,11,53.7605799697,-1.52562639955
8205,110080616,435757,436187,4,3,21/11/2011,1734,6,2,4,1,1,3,2,39,9,53.8205150687,-1.45678314219
8206,110080616,435757,436187,4,3,21/11/2011,1734,6,2,4,1,1,3,2,49,9,53.8205150687,-1.45678314219
8207,110080616,435757,436187,4,3,21/11/2011,1734,6,2,4,1,1,3,1,37,19,53.8205150687,-1.45678314219
8208,110533575,427530,438605,2,1,21/11/2011,814,3,1,1,1,1,3,2,34,9,53.8427506292,-1.58154612634
8209,110533701,422235,433538,1,1,21/11/2011,835,4,1,1,1,3,3,2,12,9,53.7974579352,-1.66239429582
8210,110533751,428085,435385,2,1,21/11/2011,825,6,2,1,7,1,3,1,46,3,53.8137772426,-1.57340459175
8211,110534594,431520,435143,2,1,21/11/2011,1335,3,1,1,1,1,3,2,30,9,53.8114050889,-1.52125555275
8212,110534622,438557,429958,2,1,21/11/2011,1535,6,2,1,1,3,3,2,12,19,53.7643252276,-1.41502771983
8213,110534718,421588,433554,2,1,21/11/2011,1840,6,1,4,1,1,3,1,15,1,53.7976290075,-1.67221673607
8214,110535154,426899,439313,2,1,22/11/2011,700,3,1,1,1,1,3,1,48,9,53.8491477003,-1.59107499018
8215,110535580,442167,445086,1,1,22/11/2011,1040,6,2,1,8,3,3,1,16,9,53.900021997,-1.35818629251
8216,110536034,430744,438914,1,1,22/11/2011,1440,6,1,1,1,2,3,2,7,11,53.8453478179,-1.53266434025
8217,110536781,433173,435235,2,1,22/11/2011,1350,6,1,1,1,1,3,1,23,9,53.8121292152,-1.49613993387
8218,110538007,429964,428088,2,1,22/11/2011,1900,6,1,4,1,1,3,1,34,1,53.748081402,-1.54557379129
8219,110536894,432311,425990,2,1,23/11/2011,754,1,1,1,1,1,3,2,39,9,53.7290827345,-1.51020049682
8220,110538101,429916,439610,1,1,23/11/2011,1740,6,1,4,1,3,3,1,18,19,53.8516522776,-1.54518240856
8221,110538258,424473,428078,2,2,23/11/2011,2145,3,1,7,1,1,3,1,20,9,53.7482782834,-1.62884751834
8222,110538258,424473,428078,2,2,23/11/2011,2145,3,1,7,1,1,3,1,39,9,53.7482782834,-1.62884751834
8223,110538291,435049,432592,1,3,23/11/2011,2240,6,1,7,1,1,3,2,20,9,53.7882492176,-1.46794776398
8224,110538291,435049,432592,1,3,23/11/2011,2240,6,1,7,1,2,3,2,18,9,53.7882492176,-1.46794776398
8225,110538291,435049,432592,1,3,23/11/2011,2240,6,1,7,1,2,3,1,18,9,53.7882492176,-1.46794776398
8226,110538495,431967,432688,2,2,23/11/2011,1155,6,1,1,1,1,3,2,33,9,53.7893105747,-1.51472136839
8227,110538495,431967,432688,2,2,23/11/2011,1155,6,1,1,1,1,3,2,36,9,53.7893105747,-1.51472136839
8228,110538520,429599,432560,2,1,23/11/2011,1000,6,1,1,1,1,3,1,32,19,53.7883000898,-1.55068008688
8229,110546165,430967,435788,1,1,23/11/2011,1700,6,1,4,1,3,3,2,17,9,53.8172360187,-1.52958961329
8230,110538667,425913,436255,2,1,24/11/2011,840,3,1,1,1,1,3,1,38,1,53.8217102614,-1.6063218739
8231,110538944,430309,434764,1,2,24/11/2011,905,6,1,1,1,2,3,2,34,11,53.8080703682,-1.53968559584
8232,110538944,430309,434764,1,2,24/11/2011,905,6,1,1,1,2,3,2,48,11,53.8080703682,-1.53968559584
8233,110538988,433270,436216,2,1,24/11/2011,1030,3,1,1,1,1,3,1,23,1,53.8209408689,-1.49456058678
8234,110539793,420046,435659,2,2,24/11/2011,1753,6,1,4,1,1,3,2,30,9,53.8166122863,-1.69549236296
8235,110539793,420046,435659,2,2,24/11/2011,1753,6,1,4,1,1,3,1,17,1,53.8166122863,-1.69549236296
8236,110539908,420023,437083,2,2,24/11/2011,1910,3,1,4,1,1,3,2,61,9,53.8294132931,-1.69574901912
8237,110539908,420023,437083,2,2,24/11/2011,1910,3,1,4,1,1,3,2,57,9,53.8294132931,-1.69574901912
8238,110540366,429647,432928,2,1,25/11/2011,748,6,2,1,1,1,3,1,28,1,53.7916052167,-1.54991605321
8239,110540687,430716,435008,3,2,25/11/2011,947,3,2,1,5,1,3,2,27,9,53.8102397305,-1.53348020396
8240,110540687,430716,435008,3,2,25/11/2011,947,3,2,1,5,2,3,1,26,9,53.8102397305,-1.53348020396
8241,110541468,431284,432352,2,2,25/11/2011,1435,3,1,1,1,1,3,1,51,9,53.7863318724,-1.52512343876
8242,110541468,431284,432352,2,2,25/11/2011,1435,3,1,1,1,2,3,2,40,9,53.7863318724,-1.52512343876
8243,110541545,432297,426148,2,1,25/11/2011,1700,1,2,4,1,1,3,2,20,9,53.73050383,-1.51039621231
8244,110541566,438415,445936,1,1,25/11/2011,1635,6,2,4,1,3,3,2,9,9,53.9079537924,-1.41518443642
8245,110542116,438766,445940,2,1,25/11/2011,1250,3,2,1,1,1,3,1,69,5,53.9079636045,-1.40984074823
8246,110541969,427915,435333,5,1,26/11/2011,30,6,2,4,1,1,3,1,47,9,53.813318983,-1.57599143593
8247,110542330,432924,429699,1,1,26/11/2011,900,3,1,1,1,1,1,1,47,9,53.7623836707,-1.50051322235
8248,110542566,441341,433578,2,1,26/11/2011,1300,6,1,1,1,1,3,2,51,9,53.7966500754,-1.37230721791
8249,110542982,437156,433475,2,4,26/11/2011,1445,3,2,1,2,1,3,1,51,9,53.7960399718,-1.43585816779
8250,110542982,437156,433475,2,4,26/11/2011,1445,3,2,1,2,1,3,2,31,9,53.7960399718,-1.43585816779
8251,110542982,437156,433475,2,4,26/11/2011,1445,3,2,1,2,2,3,1,12,9,53.7960399718,-1.43585816779
8252,110542982,437156,433475,2,4,26/11/2011,1445,3,2,1,2,2,3,2,10,9,53.7960399718,-1.43585816779
8253,110544390,436101,431199,1,1,27/11/2011,509,1,1,4,1,2,3,1,23,9,53.7756561485,-1.452142068
8254,110544650,429559,431561,2,1,27/11/2011,1915,6,1,4,1,1,3,1,20,3,53.7793225936,-1.55138307335
8255,110545451,435655,436501,2,1,28/11/2011,804,6,1,1,1,1,3,1,13,1,53.8233444878,-1.45829623608
8256,110545458,437108,436060,2,2,28/11/2011,1202,6,1,1,1,1,3,1,21,9,53.8192788338,-1.43627527824