Col.Number,Reference.Number,Easting,Northing,Number.of.Vehicles,Number.of.Casualties,Accident.Date,Time..24hr.,X1st.Road.Class,Road.Surface,Lighting.Conditions,Weather.Conditions,Casualty.Class,Casualty.Severity,Sex.of.Casualty,Age.of.Casualty,Type.of.Vehicle,Latitude,Longitude
8257,110545458,437108,436060,2,2,28/11/2011,1202,6,1,1,1,2,3,2,0,11,53.8192788338,-1.43627527824
8258,110546154,432241,436364,2,5,28/11/2011,1540,6,1,1,1,2,3,1,6,9,53.8223360325,-1.51017704884
8259,110546154,432241,436364,2,5,28/11/2011,1540,6,1,1,1,2,3,2,4,9,53.8223360325,-1.51017704884
8260,110546154,432241,436364,2,5,28/11/2011,1540,6,1,1,1,2,3,2,16,9,53.8223360325,-1.51017704884
8261,110546154,432241,436364,2,5,28/11/2011,1540,6,1,1,1,2,3,2,2,9,53.8223360325,-1.51017704884
8262,110546154,432241,436364,2,5,28/11/2011,1540,6,1,1,1,2,3,2,32,9,53.8223360325,-1.51017704884
8263,110546512,430065,433783,2,1,28/11/2011,2130,6,1,4,1,1,3,1,58,9,53.7992665986,-1.54348698367
8264,110546770,431949,425493,2,1,29/11/2011,800,1,1,1,4,2,3,2,27,9,53.7246376031,-1.51573914065
8265,110546978,434819,428722,2,1,29/11/2011,800,6,1,1,1,1,3,2,50,9,53.7534784988,-1.47187585808
8266,110547096,428433,428882,1,1,29/11/2011,1100,3,1,1,1,2,3,2,65,11,53.7553043046,-1.56871869731
8267,110547152,427632,435969,2,1,29/11/2011,902,4,1,1,1,1,3,2,25,1,53.8190509414,-1.58023274879
8268,110548033,428667,437011,2,1,29/11/2011,1830,4,2,4,2,1,3,1,25,9,53.8283611354,-1.56441305871
8269,110548864,430864,436299,1,1,30/11/2011,1055,6,1,1,1,3,2,2,53,9,53.8218353592,-1.53110292227
8270,110549012,429946,433098,2,2,30/11/2011,1135,6,1,1,2,2,3,2,73,11,53.7931161808,-1.54536043749
8271,110549012,429946,433098,2,2,30/11/2011,1135,6,1,1,2,2,3,2,28,11,53.7931161808,-1.54536043749
8272,110549599,432269,434583,2,2,30/11/2011,1745,6,1,7,1,1,3,1,20,9,53.8063254927,-1.50993846191
8273,110549599,432269,434583,2,2,30/11/2011,1745,6,1,7,1,2,3,1,18,9,53.8063254927,-1.50993846191
8274,110549630,420225,445547,1,1,30/11/2011,1811,3,1,7,1,3,3,1,11,9,53.9054864963,-1.69212150298
8275,110549730,432799,425993,4,3,30/11/2011,1920,1,1,4,1,1,3,1,32,9,53.7290792392,-1.5028029354
8276,110549730,432799,425993,4,3,30/11/2011,1920,1,1,4,1,1,3,2,29,9,53.7290792392,-1.5028029354
8277,110549730,432799,425993,4,3,30/11/2011,1920,1,1,4,1,2,3,1,26,9,53.7290792392,-1.5028029354
8278,110549812,429927,433658,1,1,30/11/2011,1925,6,1,4,1,3,2,1,72,8,53.7981509648,-1.54559447753
8279,110550605,423279,437507,4,1,30/11/2011,1800,3,2,4,2,1,3,2,33,9,53.833088877,-1.64624270961
8280,110551121,436853,428983,2,3,01/12/2011,1610,3,1,4,1,1,3,1,60,9,53.7556846522,-1.44099517924
8281,110551121,436853,428983,2,3,01/12/2011,1610,3,1,4,1,2,3,1,79,9,53.7556846522,-1.44099517924
8282,110551121,436853,428983,2,3,01/12/2011,1610,3,1,4,1,2,3,2,76,9,53.7556846522,-1.44099517924
8283,110553000,424839,440203,1,1,01/12/2011,1630,6,1,7,1,3,3,2,38,9,53.8572503011,-1.62231880219
8284,110553449,431215,429814,2,1,01/12/2011,1930,6,1,4,1,1,3,2,32,9,53.7635225927,-1.52642766132
8285,110554495,431522,427032,2,1,01/12/2011,1831,3,1,7,1,1,2,1,50,4,53.7384973451,-1.52205417677
8286,110557085,430083,433908,1,1,01/12/2011,1620,6,1,1,1,3,3,2,16,9,53.8003891485,-1.54320146666
8287,110562174,438278,432780,2,1,01/12/2011,1515,3,2,1,5,1,3,2,41,9,53.7897115845,-1.41891007472
8288,110552243,429599,432560,2,2,02/12/2011,655,6,2,4,1,1,3,1,49,9,53.7883000898,-1.55068008688
8289,110552243,429599,432560,2,2,02/12/2011,655,6,2,4,1,2,3,1,19,9,53.7883000898,-1.55068008688
8290,110552281,430374,433501,1,1,02/12/2011,1150,6,1,1,1,2,3,2,21,11,53.7967138289,-1.53882304325
8291,110552319,435659,437027,4,4,02/12/2011,1139,3,2,1,1,1,3,1,41,9,53.8280722008,-1.45817446449
8292,110552319,435659,437027,4,4,02/12/2011,1139,3,2,1,1,2,3,1,28,19,53.8280722008,-1.45817446449
8293,110552319,435659,437027,4,4,02/12/2011,1139,3,2,1,1,1,3,2,32,9,53.8280722008,-1.45817446449
8294,110552319,435659,437027,4,4,02/12/2011,1139,3,2,1,1,2,3,1,14,9,53.8280722008,-1.45817446449
8295,110552375,427745,436149,2,1,02/12/2011,1255,4,2,1,1,1,3,1,53,1,53.8206628951,-1.57849994102
8296,110553056,420662,434351,3,1,02/12/2011,1520,3,2,1,1,1,2,1,14,1,53.8048307413,-1.68622302024
8297,110553089,424145,444015,2,1,02/12/2011,1945,3,2,4,1,1,3,1,47,5,53.8915480203,-1.63257071605
8298,110553099,435961,428277,1,1,02/12/2011,2100,3,2,4,1,1,3,1,19,3,53.7494009768,-1.45460700826
8299,110553368,431402,435025,2,1,02/12/2011,2215,6,2,4,1,1,3,1,20,3,53.810351564,-1.52305977875
8300,110554197,427641,433716,2,1,02/12/2011,1500,3,2,1,1,1,3,1,54,5,53.7987987976,-1.58029836622
8301,110555114,430189,434107,1,1,02/12/2011,1205,6,1,1,1,3,3,2,22,9,53.8021717629,-1.54157244492
8302,110553353,423005,437645,2,2,03/12/2011,30,3,1,7,1,1,3,2,31,9,53.8343415345,-1.65039611056
8303,110553353,423005,437645,2,2,03/12/2011,30,3,1,7,1,2,3,1,30,9,53.8343415345,-1.65039611056
8304,110553749,430767,435233,1,1,03/12/2011,945,6,1,1,1,3,3,1,14,9,53.8122591716,-1.53268314075
8305,110554205,440574,428696,2,1,03/12/2011,1452,6,2,1,1,1,3,2,22,9,53.7528284617,-1.38459431097
8306,110554323,436828,433635,1,1,03/12/2011,1705,6,2,4,4,3,2,1,13,9,53.797501467,-1.44081881874
8307,110555434,435088,442942,2,1,03/12/2011,1730,6,1,6,1,3,3,2,31,9,53.8812782705,-1.4661739933
8308,110555745,431923,434803,1,1,03/12/2011,2210,6,2,4,2,3,3,1,20,9,53.8083243548,-1.51517005627
8309,110555050,429785,430630,2,1,04/12/2011,945,3,2,1,5,1,2,1,57,1,53.7709411696,-1.54804310068
8310,110555253,439240,439260,3,3,04/12/2011,945,3,2,1,1,1,2,2,33,9,53.8478853814,-1.40348038179
8311,110555253,439240,439260,3,3,04/12/2011,945,3,2,1,1,1,3,2,26,9,53.8478853814,-1.40348038179
8312,110555253,439240,439260,3,3,04/12/2011,945,3,2,1,1,1,2,2,63,9,53.8478853814,-1.40348038179
8313,110555860,427170,430583,1,1,04/12/2011,2335,1,4,7,1,1,3,1,20,9,53.7706617003,-1.5877260041
8314,110557920,437384,441380,2,1,05/12/2011,950,6,2,1,2,1,3,2,39,16,53.8670778929,-1.43143514505
8315,110558854,438469,432704,2,1,05/12/2011,805,3,4,1,1,1,3,2,26,9,53.7890143697,-1.41602019885
8316,110564322,431434,435684,1,1,05/12/2011,1750,6,1,7,1,3,3,1,39,9,53.8162731691,-1.52250645265
8317,110557681,433220,430022,2,1,06/12/2011,635,4,1,4,5,1,3,1,60,1,53.7652682333,-1.49598805805
8318,110557876,425427,434302,1,2,06/12/2011,845,3,2,1,1,1,2,1,39,1,53.8041791638,-1.61386653018
8319,110557876,425427,434302,1,2,06/12/2011,845,3,2,1,1,3,3,2,51,1,53.8041791638,-1.61386653018
8320,110558037,425771,442727,2,1,06/12/2011,730,6,2,7,1,1,3,2,41,9,53.879892339,-1.60793584231
8321,110558045,423096,437692,2,2,06/12/2011,1030,3,2,1,1,1,3,1,29,9,53.8347599702,-1.64900969198
8322,110558045,423096,437692,2,2,06/12/2011,1030,3,2,1,1,2,3,1,55,9,53.8347599702,-1.64900969198
8323,110558634,432580,434645,1,1,06/12/2011,1500,4,1,1,1,3,3,2,12,9,53.8068634002,-1.50520901077
8324,110558743,424890,427721,2,2,06/12/2011,1625,3,1,1,1,1,3,2,35,9,53.7450494997,-1.62255229397
8325,110558743,424890,427721,2,2,06/12/2011,1625,3,1,1,1,2,3,1,14,9,53.7450494997,-1.62255229397
8326,110559053,431957,435853,2,1,06/12/2011,2057,4,2,4,2,2,3,1,23,9,53.8177603675,-1.51454465389
8327,110559095,443212,439759,3,1,06/12/2011,1825,2,2,6,2,1,3,2,60,9,53.8520552326,-1.34303267282
8328,110559120,433376,437250,1,2,06/12/2011,2050,6,1,7,1,1,3,1,36,9,53.8302283057,-1.49283805917
8329,110559120,433376,437250,1,2,06/12/2011,2050,6,1,7,1,2,3,1,28,9,53.8302283057,-1.49283805917
8330,110559157,432476,436529,1,1,06/12/2011,1655,6,1,7,1,3,3,2,12,9,53.8238045283,-1.50658952026
8331,110559841,429695,433956,2,1,07/12/2011,1235,6,1,1,1,1,2,1,18,1,53.8008429015,-1.54908826319
8332,110559921,430669,434730,2,1,07/12/2011,1206,3,1,1,1,1,3,2,40,9,53.8077436462,-1.53422172336
8333,110559992,438037,431438,1,1,07/12/2011,1300,6,2,1,1,1,3,1,67,9,53.7776665844,-1.42273403455
8334,110560079,430301,433839,1,1,07/12/2011,1340,6,1,1,1,2,3,2,84,11,53.7997562739,-1.53989812884
8335,110560249,430717,433451,2,2,07/12/2011,1545,6,2,4,5,1,3,1,19,9,53.7962442546,-1.53362035335
8336,110560249,430717,433451,2,2,07/12/2011,1545,6,2,4,5,2,3,1,19,9,53.7962442546,-1.53362035335
8337,110560551,431271,435018,1,1,07/12/2011,1700,3,1,4,1,3,3,2,14,9,53.8102965376,-1.52505007029
8338,110560581,428777,442056,2,1,07/12/2011,1505,6,2,1,1,1,3,1,39,9,53.8737029013,-1.56226879473
8339,110560707,420015,440888,1,1,07/12/2011,1630,3,2,4,1,3,1,2,81,19,53.863616036,-1.69562257614
8340,110560847,429897,434269,1,1,08/12/2011,25,6,2,4,1,3,2,1,19,9,53.8036448015,-1.54599065381
8341,110561157,422001,436536,2,1,08/12/2011,555,3,2,4,2,1,3,1,26,1,53.8244164278,-1.66573284303
8342,110562075,425626,433079,2,4,08/12/2011,1340,6,2,1,5,1,3,1,39,19,53.7931760891,-1.61094636454
8343,110562075,425626,433079,2,4,08/12/2011,1340,6,2,1,5,1,3,1,75,9,53.7931760891,-1.61094636454
8344,110562075,425626,433079,2,4,08/12/2011,1340,6,2,1,5,2,3,2,37,9,53.7931760891,-1.61094636454
8345,110562075,425626,433079,2,4,08/12/2011,1340,6,2,1,5,2,3,1,75,9,53.7931760891,-1.61094636454
8346,110562207,423724,434337,3,2,08/12/2011,1400,3,1,1,1,2,3,2,36,11,53.8045742403,-1.63972494402
8347,110562207,423724,434337,3,2,08/12/2011,1400,3,1,1,1,2,3,2,41,11,53.8045742403,-1.63972494402
8348,110562809,430522,432737,1,1,08/12/2011,907,3,1,1,1,2,3,2,75,11,53.7898377805,-1.53665169096
8349,110562897,422259,433376,1,1,08/12/2011,1139,4,2,1,5,2,3,2,56,11,53.7960007138,-1.66204160553
8350,110562769,425478,437536,2,3,09/12/2011,705,6,2,7,2,1,3,1,26,9,53.8332463717,-1.61282419832
8351,110562769,425478,437536,2,3,09/12/2011,705,6,2,7,2,1,3,1,43,9,53.8332463717,-1.61282419832
8352,110562769,425478,437536,2,3,09/12/2011,705,6,2,7,2,2,3,1,21,9,53.8332463717,-1.61282419832
8353,110563450,431453,432440,2,2,09/12/2011,920,3,2,1,1,1,3,1,58,9,53.7871126937,-1.52254921434
8354,110563450,431453,432440,2,2,09/12/2011,920,3,2,1,1,2,3,1,26,9,53.7871126937,-1.52254921434
8355,110563971,431360,435236,2,1,09/12/2011,1645,6,2,4,1,1,3,1,52,8,53.8122507106,-1.52367615743
8356,110564061,427526,433844,2,1,09/12/2011,1310,6,2,1,1,1,3,2,34,9,53.799955458,-1.58203303692
8357,110564111,424994,426972,2,2,09/12/2011,1215,1,2,1,1,1,3,1,32,9,53.7383118363,-1.62103578787
8358,110564111,424994,426972,2,2,09/12/2011,1215,1,2,1,1,2,3,2,27,9,53.7383118363,-1.62103578787
8359,110564347,423106,433789,1,1,09/12/2011,2310,6,4,4,1,3,2,1,49,9,53.7996761793,-1.64915088095
8360,110564790,429647,433797,1,1,09/12/2011,1910,6,2,4,1,2,3,1,28,11,53.799416431,-1.54983241483
8361,110564945,431911,435909,2,1,09/12/2011,1908,4,2,4,1,1,3,1,55,9,53.8182665582,-1.51523759808
8362,110564512,430086,431192,2,1,10/12/2011,635,3,2,4,1,1,3,1,29,1,53.7759755518,-1.54342107393
8363,110565231,431955,428438,2,3,10/12/2011,1505,1,1,1,1,2,3,2,37,9,53.7511091979,-1.51534374826
8364,110565231,431955,428438,2,3,10/12/2011,1505,1,1,1,1,2,3,1,5,9,53.7511091979,-1.51534374826
8365,110565231,431955,428438,2,3,10/12/2011,1505,1,1,1,1,2,3,1,3,9,53.7511091979,-1.51534374826
8366,110565378,428114,426500,4,2,10/12/2011,1432,3,2,1,1,1,3,1,41,9,53.7339101877,-1.57377398694
8367,110565378,428114,426500,4,2,10/12/2011,1432,3,2,1,1,1,3,1,26,9,53.7339101877,-1.57377398694
8368,110565398,421632,434561,1,1,10/12/2011,1730,6,1,7,1,3,1,1,85,8,53.8066789608,-1.67147792355
8369,110566152,425006,434371,1,1,10/12/2011,1705,3,2,4,2,3,3,1,49,9,53.8048198026,-1.62025405998
8370,110565810,424591,433586,1,1,11/12/2011,330,4,1,7,1,1,3,2,27,9,53.7977833686,-1.62661887218
8371,110566502,420898,434458,2,1,11/12/2011,1700,3,2,4,1,1,3,1,47,9,53.8057831206,-1.6826318769
8372,110567704,426240,440138,1,1,12/12/2011,1234,6,2,1,1,2,3,1,34,11,53.8565971077,-1.60102247176
8373,110568012,426263,442461,2,4,12/12/2011,1535,6,2,1,1,1,3,2,51,9,53.8774766732,-1.60047384897
8374,110568012,426263,442461,2,4,12/12/2011,1535,6,2,1,1,2,3,2,2,9,53.8774766732,-1.60047384897
8375,110568012,426263,442461,2,4,12/12/2011,1535,6,2,1,1,2,3,2,3,9,53.8774766732,-1.60047384897
8376,110568012,426263,442461,2,4,12/12/2011,1535,6,2,1,1,2,3,2,5,9,53.8774766732,-1.60047384897
8377,110568098,435966,437141,2,1,12/12/2011,1645,6,2,4,1,1,3,1,16,2,53.8290757395,-1.45349660663
8378,110568425,431523,430007,2,1,12/12/2011,2145,6,1,7,1,2,3,1,19,9,53.7652388729,-1.52173536324
8379,110569192,435025,436204,2,1,12/12/2011,1335,6,1,1,1,1,2,1,33,3,53.8207177131,-1.46790114513
8380,110569573,429624,434639,1,1,12/12/2011,1200,3,1,1,1,3,3,1,18,9,53.8069862502,-1.55010062638
8381,110571528,428098,434758,2,1,12/12/2011,1225,6,1,1,1,1,3,1,23,5,53.8081405977,-1.57326438215
8382,110024899,427132,435651,1,1,13/12/2011,840,6,1,1,1,3,3,2,34,9,53.8162188561,-1.58785625045
8383,110572773,432095,433858,1,1,13/12/2011,2040,6,1,7,1,2,3,2,57,8,53.7998194668,-1.51265642746
8384,110570417,424277,428342,2,1,14/12/2011,755,3,2,1,1,1,2,1,49,3,53.7506605199,-1.63179919709
8385,110570492,429430,437321,1,1,14/12/2011,930,6,1,1,1,3,3,1,65,9,53.8311049784,-1.55279019458
8386,110571399,436580,435578,2,2,14/12/2011,1703,6,1,4,1,1,3,1,57,9,53.8149837705,-1.44435326499
8387,110571399,436580,435578,2,2,14/12/2011,1703,6,1,4,1,2,3,1,25,9,53.8149837705,-1.44435326499
8388,110571495,428054,431119,1,1,14/12/2011,1030,3,1,1,1,3,3,1,19,9,53.7754328253,-1.57426395577
8389,110571667,422235,433016,1,1,14/12/2011,2215,6,1,7,1,1,3,2,25,9,53.7927657496,-1.66243197519
8390,110572034,425941,438104,3,2,14/12/2011,1314,3,2,1,2,1,3,1,41,9,53.8383290673,-1.60574046113
8391,110572034,425941,438104,3,2,14/12/2011,1314,3,2,1,2,1,3,1,75,9,53.8383290673,-1.60574046113
8392,110574386,427365,434649,2,2,14/12/2011,1530,3,2,1,2,1,3,1,21,9,53.8071999107,-1.58440611134
8393,110574386,427365,434649,2,2,14/12/2011,1530,3,2,1,2,2,3,2,21,9,53.8071999107,-1.58440611134
8394,120003116,420328,434223,2,1,14/12/2011,1530,3,1,1,1,1,3,1,31,9,53.8036933272,-1.69130357632
8395,110572107,433182,434025,1,1,15/12/2011,1014,3,2,1,1,3,1,1,48,11,53.801252372,-1.49613367229
8396,110572454,424504,435461,3,1,15/12/2011,945,6,4,1,1,1,3,1,18,9,53.8146414943,-1.62779056534
8397,110572503,424525,435475,2,2,15/12/2011,950,6,4,1,1,1,3,1,40,9,53.8147663473,-1.62747047223
8398,110572503,424525,435475,2,2,15/12/2011,950,6,4,1,1,1,3,1,51,19,53.8147663473,-1.62747047223
8399,110572524,440319,448263,1,1,15/12/2011,1140,6,1,1,1,3,3,1,77,9,53.9287249466,-1.38589359156
8400,110572767,423732,437374,2,1,15/12/2011,1550,3,1,1,1,3,3,1,65,9,53.8318728748,-1.63936915325
8401,110573004,424971,443430,2,1,15/12/2011,1735,3,1,7,1,1,3,1,24,9,53.8862505179,-1.620048959
8402,110574117,433168,434011,3,1,15/12/2011,1120,3,2,1,1,2,3,2,32,9,53.8011274237,-1.49634776025
8403,110574049,442562,442439,8,3,16/12/2011,620,2,2,6,1,1,3,1,49,21,53.876197673,-1.35254231054
8404,110574049,442562,442439,8,3,16/12/2011,620,2,2,6,1,1,3,1,70,9,53.876197673,-1.35254231054
8405,110574049,442562,442439,8,3,16/12/2011,620,2,2,6,1,1,2,1,29,9,53.876197673,-1.35254231054
8406,110574385,427033,426071,2,1,16/12/2011,1709,1,1,4,1,1,3,1,44,9,53.7301111198,-1.59019966512
8407,110574518,428045,432044,1,1,16/12/2011,1917,3,2,4,1,3,3,1,9,9,53.7837479432,-1.57431639527
8408,110574594,427502,425501,2,2,16/12/2011,1920,3,2,4,2,2,3,1,27,9,53.724962936,-1.58314085973
8409,110574594,427502,425501,2,2,16/12/2011,1920,3,2,4,2,2,3,2,48,9,53.724962936,-1.58314085973
8410,110574924,429782,433661,1,2,16/12/2011,2355,6,1,4,1,1,3,1,45,8,53.7981862522,-1.54779576243
8411,110574924,429782,433661,1,2,16/12/2011,2355,6,1,4,1,3,3,1,36,8,53.7981862522,-1.54779576243
8412,110574928,433668,428939,2,1,16/12/2011,2320,6,1,4,1,1,3,1,51,9,53.7555046918,-1.48930944466
8413,120007402,427450,434602,1,1,16/12/2011,130,3,2,4,2,3,3,1,22,9,53.8067729593,-1.58311944012
8414,110574885,429951,433084,1,1,17/12/2011,13,6,2,4,1,3,2,1,49,9,53.7929900507,-1.54528589129
8415,110575119,440041,432812,1,1,17/12/2011,906,6,4,1,1,1,3,2,30,3,53.7898665511,-1.39214382214
8416,110575236,424718,437895,2,1,17/12/2011,905,6,4,1,1,1,3,1,38,9,53.8365100507,-1.6243443654
8417,110575641,420934,434411,2,3,17/12/2011,1310,3,1,1,1,1,3,1,31,9,53.8053591963,-1.68208836715
8418,110575641,420934,434411,2,3,17/12/2011,1310,3,1,1,1,2,3,2,29,9,53.8053591963,-1.68208836715
8419,110575641,420934,434411,2,3,17/12/2011,1310,3,1,1,1,2,3,2,51,9,53.8053591963,-1.68208836715
8420,110576035,425623,426885,2,1,17/12/2011,2308,3,2,4,1,1,3,2,49,9,53.7374992686,-1.61150620959
8421,110576082,420866,436975,2,4,17/12/2011,2320,3,2,4,1,1,3,2,24,9,53.8284093326,-1.68294711353
8422,110576082,420866,436975,2,4,17/12/2011,2320,3,2,4,1,2,3,1,34,9,53.8284093326,-1.68294711353
8423,110576082,420866,436975,2,4,17/12/2011,2320,3,2,4,1,2,3,1,25,9,53.8284093326,-1.68294711353
8424,110576082,420866,436975,2,4,17/12/2011,2320,3,2,4,1,2,3,1,20,9,53.8284093326,-1.68294711353
8425,110576505,430738,435033,2,1,17/12/2011,1935,3,1,4,1,1,3,1,64,9,53.8104631479,-1.53314357951
8426,110576556,431350,435056,2,5,18/12/2011,1235,3,1,1,1,1,3,1,70,9,53.8106333508,-1.5238463778
8427,110576556,431350,435056,2,5,18/12/2011,1235,3,1,1,1,2,3,2,50,9,53.8106333508,-1.5238463778
8428,110576556,431350,435056,2,5,18/12/2011,1235,3,1,1,1,2,3,2,18,9,53.8106333508,-1.5238463778
8429,110576556,431350,435056,2,5,18/12/2011,1235,3,1,1,1,2,3,1,17,9,53.8106333508,-1.5238463778
8430,110576556,431350,435056,2,5,18/12/2011,1235,3,1,1,1,1,3,1,50,9,53.8106333508,-1.5238463778
8431,110577292,426648,441801,2,1,18/12/2011,2305,3,5,4,1,1,3,1,37,9,53.8715245137,-1.59467456317
8432,110577349,431822,426303,3,4,18/12/2011,1150,1,2,1,1,1,3,1,68,9,53.7319262935,-1.51758070311
8433,110577349,431822,426303,3,4,18/12/2011,1150,1,2,1,1,2,3,2,68,9,53.7319262935,-1.51758070311
8434,110577349,431822,426303,3,4,18/12/2011,1150,1,2,1,1,2,3,2,1,9,53.7319262935,-1.51758070311
8435,110577349,431822,426303,3,4,18/12/2011,1150,1,2,1,1,2,3,2,53,9,53.7319262935,-1.51758070311
8436,110577958,427363,433640,2,1,19/12/2011,1330,3,1,1,1,1,3,2,53,9,53.7981303475,-1.58452615474
8437,110578100,431018,430501,3,3,19/12/2011,1340,6,2,1,1,1,3,1,19,19,53.7697096369,-1.52934723871
8438,110578100,431018,430501,3,3,19/12/2011,1340,6,2,1,1,1,3,1,23,9,53.7697096369,-1.52934723871
8439,110578100,431018,430501,3,3,19/12/2011,1340,6,2,1,1,2,3,1,23,19,53.7697096369,-1.52934723871
8440,110578542,422751,432257,1,1,19/12/2011,1705,6,2,4,5,3,2,1,74,9,53.785920897,-1.65465434361
8441,110578626,436189,434321,2,1,19/12/2011,1510,6,1,1,1,1,3,1,45,9,53.803712486,-1.45044001662
8442,110579408,431890,435721,1,1,19/12/2011,1655,3,1,7,1,3,3,2,13,9,53.8165779784,-1.51557608718
8443,110579991,431926,431277,1,1,20/12/2011,1600,3,1,1,1,1,3,1,22,2,53.7766300164,-1.51548988168
8444,110580089,431598,434016,2,1,20/12/2011,1650,6,1,4,1,1,3,1,17,4,53.8012701069,-1.52018657186
8445,110580115,442467,434234,2,1,20/12/2011,1615,3,1,6,1,1,3,2,47,9,53.8024557998,-1.35512153805
8446,110580478,430692,432955,2,2,20/12/2011,2110,3,2,4,1,1,3,2,35,9,53.7917873241,-1.53404933387
8447,110580478,430692,432955,2,2,20/12/2011,2110,3,2,4,1,1,3,2,25,9,53.7917873241,-1.53404933387
8448,110581256,439204,432225,3,1,20/12/2011,1744,3,2,4,1,1,3,2,28,9,53.7846540055,-1.40492409737
8449,110581078,429746,437053,2,2,21/12/2011,900,6,2,1,1,1,3,1,29,9,53.8286780166,-1.54801444733
8450,110581078,429746,437053,2,2,21/12/2011,900,6,2,1,1,2,3,1,33,9,53.8286780166,-1.54801444733
8451,110581266,443672,431688,1,1,21/12/2011,1530,3,2,1,1,1,3,2,41,9,53.7794715025,-1.33718532321
8452,110581359,429782,433662,1,1,21/12/2011,1740,6,2,4,1,3,3,2,35,9,53.7981952409,-1.54779566573
8453,110581547,429928,427585,2,1,21/12/2011,1952,6,2,4,1,1,3,2,38,9,53.7435620994,-1.54616846372
8454,110428709,428513,433045,2,2,22/12/2011,1330,4,1,1,1,1,3,1,42,9,53.7927202763,-1.56712041854
8455,110428709,428513,433045,2,2,22/12/2011,1330,4,1,1,1,2,3,1,29,9,53.7927202763,-1.56712041854
8456,110582403,433887,426148,2,1,22/12/2011,1800,4,1,7,1,1,2,1,47,3,53.730402938,-1.48629377572
8457,110582716,430425,433812,1,1,22/12/2011,1219,6,1,1,1,3,3,2,64,2,53.7995063409,-1.53801800062
8458,110583013,430526,433451,2,1,22/12/2011,1410,6,1,1,1,1,3,1,20,2,53.7962554964,-1.53652022289
8459,110583021,432741,427504,2,1,22/12/2011,1500,3,2,1,1,1,3,1,45,5,53.7426649132,-1.50352208679
8460,110583229,425570,434242,1,1,22/12/2011,1730,3,2,4,1,3,2,2,40,9,53.8036328253,-1.61169997551
8461,110583340,427153,425074,2,2,22/12/2011,1645,3,1,4,1,1,3,2,19,9,53.7211429626,-1.58846812135
8462,110583340,427153,425074,2,2,22/12/2011,1645,3,1,4,1,1,3,1,16,3,53.7211429626,-1.58846812135
8463,110583465,432420,433287,3,1,22/12/2011,1929,6,2,4,8,1,2,1,43,5,53.7946667759,-1.50778179784
8464,110584582,430393,433584,1,1,23/12/2011,1430,6,2,1,1,3,2,2,54,21,53.7974587832,-1.53852638096
8465,110584945,426416,429537,1,1,23/12/2011,1508,1,2,1,2,1,2,2,24,9,53.7612981667,-1.59925633089
8466,110584963,428161,426773,3,2,23/12/2011,1415,3,1,1,1,2,3,2,12,9,53.7363616098,-1.57303659133
8467,110584963,428161,426773,3,2,23/12/2011,1415,3,1,1,1,2,3,2,72,9,53.7363616098,-1.57303659133
8468,110585053,421371,439249,1,1,23/12/2011,1815,3,2,4,1,3,2,2,71,9,53.8488293577,-1.67511573734
8469,110585852,427934,426298,3,3,23/12/2011,1744,3,2,7,1,1,3,2,25,9,53.7321041108,-1.576521068
8470,110585852,427934,426298,3,3,23/12/2011,1744,3,2,7,1,1,3,1,20,9,53.7321041108,-1.576521068
8471,110585852,427934,426298,3,3,23/12/2011,1744,3,2,7,1,2,3,1,26,9,53.7321041108,-1.576521068
8472,110585881,427502,431297,2,1,23/12/2011,1345,3,2,1,2,1,3,2,36,9,53.7770622832,-1.58262476116
8473,110585763,429947,433098,2,1,24/12/2011,1205,6,2,1,1,1,2,2,32,9,53.7931161232,-1.54534525604
8474,110586115,436858,433638,2,1,24/12/2011,1635,3,2,4,1,1,3,2,29,1,53.7975263082,-1.440362976
8475,110586444,430470,437332,1,1,24/12/2011,2345,6,2,4,1,3,3,1,50,9,53.8311439081,-1.53698612239
8476,110586528,430482,427475,1,2,25/12/2011,735,6,2,4,2,1,3,1,67,8,53.742541229,-1.53777869491
8477,110586528,430482,427475,1,2,25/12/2011,735,6,2,4,2,3,2,1,4,8,53.742541229,-1.53777869491
8478,110586727,427998,434569,1,1,25/12/2011,1730,6,2,4,1,1,2,1,26,3,53.8064471172,-1.57480026727
8479,110587364,430920,436486,2,1,26/12/2011,1400,6,1,1,4,1,3,1,45,9,53.8235129129,-1.5302333797
8480,110587487,421031,445000,2,1,26/12/2011,1810,3,2,4,1,1,2,1,49,5,53.9005375845,-1.67988982839
8481,110587528,426708,440103,2,1,26/12/2011,2120,6,1,4,1,1,3,2,36,9,53.8562586363,-1.59390980269
8482,110588050,431876,430498,2,1,27/12/2011,1158,1,1,1,1,1,3,1,37,9,53.7696308595,-1.51632915804
8483,110588213,439331,432363,2,1,27/12/2011,1439,3,1,1,1,1,3,1,17,3,53.7858848431,-1.40297887509
8484,110588741,440141,426161,2,2,27/12/2011,1405,3,1,1,1,1,3,1,18,9,53.7300759203,-1.39149069391