Col.Number,Reference.Number,Easting,Northing,Number.of.Vehicles,Number.of.Casualties,Accident.Date,Time..24hr.,X1st.Road.Class,Road.Surface,Lighting.Conditions,Weather.Conditions,Casualty.Class,Casualty.Severity,Sex.of.Casualty,Age.of.Casualty,Type.of.Vehicle,Latitude,Longitude
8485,110588741,440141,426161,2,2,27/12/2011,1405,3,1,1,1,2,3,2,19,9,53.7300759203,-1.39149069391
8486,110589053,426835,438056,2,1,28/12/2011,1005,3,1,1,1,1,3,1,52,1,53.8378521948,-1.59215773117
8487,110589511,421332,440840,1,1,28/12/2011,1350,6,1,1,1,3,3,1,23,9,53.8631321132,-1.6755980246
8488,110589517,426117,438130,1,1,28/12/2011,1435,3,1,1,1,3,3,1,12,9,53.8385539555,-1.60306341766
8489,110589703,436932,433618,2,1,28/12/2011,1610,3,2,1,1,1,3,1,50,9,53.7973412885,-1.43924184723
8490,110589857,443541,438291,3,1,28/12/2011,1610,2,2,1,5,2,3,1,21,9,53.8388328615,-1.33823926602
8491,110590106,420518,445572,2,3,28/12/2011,939,3,1,1,4,1,3,2,56,9,53.9056996957,-1.68765965689
8492,110590106,420518,445572,2,3,28/12/2011,939,3,1,1,4,1,3,1,66,9,53.9056996957,-1.68765965689
8493,110590106,420518,445572,2,3,28/12/2011,939,3,1,1,4,2,3,1,54,9,53.9056996957,-1.68765965689
8494,110590580,432172,426103,1,1,29/12/2011,1255,1,2,1,5,1,3,1,33,9,53.7301070608,-1.51229574563
8495,110590965,426434,433299,2,1,29/12/2011,1615,6,2,4,4,1,3,1,20,2,53.795113203,-1.59866076626
8496,110591169,435093,434724,1,1,29/12/2011,1941,3,2,4,4,3,1,1,49,11,53.8074099994,-1.46703694015
8497,110591219,429514,431129,2,1,29/12/2011,1510,6,2,1,5,2,3,2,72,9,53.7754419985,-1.55210736213
8498,110592211,421530,434682,2,1,29/12/2011,1046,4,2,1,5,2,3,2,71,11,53.8077708446,-1.67301849168
8499,110591784,428507,432642,2,1,30/12/2011,535,3,2,4,1,1,2,1,37,5,53.7890981319,-1.56724879229
8500,110592208,425682,428524,1,1,30/12/2011,1115,4,1,1,1,3,3,1,15,19,53.7522291484,-1.61047544479
8501,110592248,432513,427316,1,1,30/12/2011,1445,3,2,1,5,1,2,1,21,3,53.7409892961,-1.50699907078
8502,110592481,420218,445618,1,1,30/12/2011,1635,6,1,7,1,3,3,1,62,9,53.9061249687,-1.69222336862
8503,110592791,426526,427213,2,1,30/12/2011,2105,4,2,4,2,1,3,1,17,1,53.7404024614,-1.59778721438
8504,110592051,428984,435435,1,1,31/12/2011,1305,3,2,1,2,3,3,1,10,9,53.8141773405,-1.55974501282
8505,110592833,428058,432860,1,1,31/12/2011,128,6,2,7,2,2,3,1,17,9,53.7910820873,-1.57404478791
8506,110593050,435402,436161,1,1,31/12/2011,1000,6,2,1,4,2,3,2,79,11,53.8203056645,-1.46217899721
8507,110593522,431237,434797,2,1,31/12/2011,1445,6,1,1,1,1,3,1,24,9,53.8083120812,-1.52558887921
8508,110593524,441284,431076,1,1,31/12/2011,1330,4,1,1,1,3,2,1,8,9,53.77416539,-1.37350773369
8509,120033394,430536,433129,1,1,22/01/2012,255,6,1,7,1,3,2,2,28,9,53.7933605406,-1.53640031659
8510,120034263,427301,434682,2,1,23/01/2012,800,3,2,1,2,1,3,1,19,3,53.8074999036,-1.5853751282
8511,120034970,422201,433910,1,1,23/01/2012,1345,4,1,1,1,3,2,2,73,9,53.8008032415,-1.66288370846
8512,120035568,428891,431676,1,1,24/01/2012,117,6,2,4,1,1,2,1,19,9,53.7803938037,-1.56151020235
8513,120036061,442525,427843,1,1,24/01/2012,930,6,1,1,1,3,3,2,16,3,53.7450056925,-1.35512198532
8514,120036097,420972,439975,2,1,24/01/2012,740,4,2,4,2,1,3,1,24,1,53.8553714891,-1.68113167585
8515,120037021,429960,430866,2,1,24/01/2012,2115,3,2,4,2,2,3,2,49,9,53.7730524801,-1.54536482503
8516,120037514,432133,429435,2,2,25/01/2012,818,1,2,1,1,1,3,1,47,5,53.7600600376,-1.51254040464
8517,120037514,432133,429435,2,2,25/01/2012,818,1,2,1,1,1,3,2,45,9,53.7600600376,-1.51254040464
8518,120037869,431818,426339,3,2,25/01/2012,853,1,1,1,1,1,3,2,34,9,53.7322501342,-1.51763763605
8519,120037869,431818,426339,3,2,25/01/2012,853,1,1,1,1,1,3,2,31,9,53.7322501342,-1.51763763605
8520,120038444,424304,434770,1,1,25/01/2012,1645,6,1,1,1,3,3,2,13,9,53.8084396171,-1.63088301751
8521,120038568,431231,434794,2,1,25/01/2012,1720,6,1,4,1,1,3,1,37,1,53.8082854755,-1.52568030502
8522,120038630,427714,436154,2,1,25/01/2012,1915,6,1,4,1,2,3,1,59,9,53.8207094925,-1.57897042625
8523,120039444,432971,439577,1,1,25/01/2012,1410,6,1,1,1,3,3,1,58,9,53.8511706449,-1.49874218138
8524,120039161,424375,433891,2,1,26/01/2012,645,3,2,4,1,1,3,1,19,9,53.8005351251,-1.62987432431
8525,120039266,432902,430251,2,1,26/01/2012,955,4,1,1,1,1,3,1,34,20,53.767346835,-1.50078811604
8526,120040113,435099,435651,2,1,26/01/2012,1440,6,1,1,1,2,3,1,39,11,53.8157420296,-1.46684009123
8527,120040180,431956,430497,2,2,26/01/2012,1615,3,1,1,1,1,3,1,30,9,53.7696169679,-1.51511542852
8528,120040180,431956,430497,2,2,26/01/2012,1615,3,1,1,1,2,3,2,29,9,53.7696169679,-1.51511542852
8529,120040237,431367,433965,1,1,26/01/2012,1755,6,2,4,2,3,3,1,39,8,53.8008256643,-1.52369935187
8530,120040275,433887,426146,2,1,26/01/2012,1726,4,2,4,1,1,3,1,44,1,53.7303849605,-1.48629399488
8531,120042215,438758,430801,2,1,26/01/2012,1805,3,1,7,1,1,3,2,48,9,53.7718876864,-1.41187250536
8532,120047476,437329,435796,1,1,26/01/2012,815,6,1,1,1,3,2,1,12,9,53.8168900356,-1.43295018254
8533,120041238,419851,441187,2,1,27/01/2012,1040,6,1,1,1,1,3,2,19,9,53.8663099823,-1.69809721213
8534,120041360,437025,436227,3,2,27/01/2012,828,6,2,1,1,1,3,2,36,9,53.8207858394,-1.43751599962
8535,120000793,423650,434359,2,3,01/01/2012,1110,3,2,1,2,1,3,1,26,9,53.8047753646,-1.64084700107
8536,120000793,423650,434359,2,3,01/01/2012,1110,3,2,1,2,1,1,1,68,9,53.8047753646,-1.64084700107
8537,120000793,423650,434359,2,3,01/01/2012,1110,3,2,1,2,2,1,2,66,9,53.8047753646,-1.64084700107
8538,120000892,433709,434315,1,1,01/01/2012,200,6,1,4,1,3,3,2,19,8,53.803825195,-1.48809981433
8539,120000927,432526,427554,2,1,01/01/2012,1750,3,2,4,1,1,3,2,61,9,53.743127811,-1.50677690706
8540,120000928,428530,431387,2,2,01/01/2012,1535,3,1,1,1,1,3,2,44,9,53.7778159552,-1.5670158054
8541,120000928,428530,431387,2,2,01/01/2012,1535,3,1,1,1,1,3,1,34,9,53.7778159552,-1.5670158054
8542,120000979,425797,435675,2,3,01/01/2012,1405,4,2,1,2,1,3,2,23,9,53.8165025444,-1.60813277858
8543,120000979,425797,435675,2,3,01/01/2012,1405,4,2,1,2,1,3,1,29,9,53.8165025444,-1.60813277858
8544,120000979,425797,435675,2,3,01/01/2012,1405,4,2,1,2,2,2,2,30,9,53.8165025444,-1.60813277858
8545,120010921,431174,440726,2,2,01/01/2012,1630,3,1,4,1,1,3,1,46,9,53.8616095673,-1.52594418479
8546,120010921,431174,440726,2,2,01/01/2012,1630,3,1,4,1,2,3,2,22,9,53.8616095673,-1.52594418479
8547,120002429,425774,431455,2,1,03/01/2012,742,3,2,4,5,1,3,1,24,1,53.7785709328,-1.60883529444
8548,120002748,424657,427975,1,1,03/01/2012,2100,3,2,4,5,3,3,2,28,9,53.7473437543,-1.62606529855
8549,120003158,439205,432227,2,2,03/01/2012,1314,3,1,1,1,1,3,2,62,9,53.7846719073,-1.40490866493
8550,120003158,439205,432227,2,2,03/01/2012,1314,3,1,1,1,2,3,1,60,9,53.7846719073,-1.40490866493
8551,120003355,435658,437932,1,1,03/01/2012,1210,6,1,1,1,3,3,1,27,9,53.8362069157,-1.45808466313
8552,120004201,437233,425790,2,3,03/01/2012,2025,1,2,6,5,1,3,1,31,9,53.7269568398,-1.43561614459
8553,120004201,437233,425790,2,3,03/01/2012,2025,1,2,6,5,1,3,1,39,9,53.7269568398,-1.43561614459
8554,120004201,437233,425790,2,3,03/01/2012,2025,1,2,6,5,2,3,1,37,9,53.7269568398,-1.43561614459
8555,120004347,427136,429474,2,2,04/01/2012,1015,3,2,1,4,1,3,1,88,9,53.7606948614,-1.58833942265
8556,120004347,427136,429474,2,2,04/01/2012,1015,3,2,1,4,2,3,2,85,9,53.7606948614,-1.58833942265
8557,120004863,426507,435667,1,1,04/01/2012,1645,6,1,1,1,3,3,1,16,9,53.8163949185,-1.5973485603
8558,120005170,429453,433860,1,2,04/01/2012,2130,3,1,7,1,1,3,1,25,9,53.7999937415,-1.55277203561
8559,120005170,429453,433860,1,2,04/01/2012,2130,3,1,7,1,2,3,1,25,9,53.7999937415,-1.55277203561
8560,120005656,429403,433464,2,2,04/01/2012,1705,6,2,4,5,1,3,2,46,9,53.7964370292,-1.5535690395
8561,120005656,429403,433464,2,2,04/01/2012,1705,6,2,4,5,2,3,2,20,9,53.7964370292,-1.5535690395
8562,120005382,430910,432288,2,1,05/01/2012,1600,3,2,4,5,1,3,1,53,9,53.7857789403,-1.53080679236
8563,120005694,436074,435570,2,1,05/01/2012,730,3,2,4,5,1,3,1,30,1,53.814947217,-1.45203990516
8564,120005744,431400,435025,2,1,05/01/2012,1050,6,2,1,4,1,3,1,31,9,53.8103516848,-1.52309015401
8565,120005886,427861,430083,2,1,05/01/2012,550,3,2,4,5,1,3,1,55,5,53.7661307825,-1.57728632196
8566,120006358,427494,436986,2,1,05/01/2012,1628,3,2,4,1,1,3,1,28,1,53.8281998025,-1.58223816409
8567,120006428,428196,434479,1,1,05/01/2012,1710,6,1,7,1,1,2,1,64,1,53.8056274327,-1.5718016186
8568,120007384,431017,430505,1,1,06/01/2012,930,6,1,1,1,2,3,2,35,9,53.7697456515,-1.52936200953
8569,120008132,436596,439920,1,1,06/01/2012,1328,6,2,1,1,1,3,1,57,9,53.8540108609,-1.44359316921
8570,120008262,429884,432119,3,2,06/01/2012,1644,1,1,4,1,1,3,1,83,9,53.784319764,-1.54639662753
8571,120008262,429884,432119,3,2,06/01/2012,1644,1,1,4,1,1,3,2,37,9,53.784319764,-1.54639662753
8572,120009062,430375,433514,1,1,07/01/2012,1030,6,2,1,1,2,3,1,84,11,53.7968306239,-1.53880657848
8573,120009142,431268,428915,1,1,07/01/2012,1155,6,2,1,5,3,2,2,71,9,53.7554385162,-1.52571467088
8574,120009634,429209,436676,1,1,07/01/2012,1610,4,1,4,1,3,3,1,24,9,53.8253197386,-1.55620961838
8575,120011540,425061,433370,2,1,09/01/2012,805,4,1,1,1,1,3,1,57,1,53.7958193554,-1.6195003034
8576,120012665,423085,437634,2,1,09/01/2012,1430,3,1,1,1,2,3,1,64,9,53.8342391093,-1.6491812127
8577,120012866,432414,426742,2,2,09/01/2012,1740,1,1,7,1,1,3,2,39,9,53.7358359062,-1.50856036014
8578,120012866,432414,426742,2,2,09/01/2012,1740,1,1,7,1,1,3,2,28,9,53.7358359062,-1.50856036014
8579,120012916,428937,429848,2,2,09/01/2012,5,3,1,7,1,1,3,1,79,9,53.7639597449,-1.5609835492
8580,120012916,428937,429848,2,2,09/01/2012,5,3,1,7,1,2,3,2,32,9,53.7639597449,-1.5609835492
8581,120013267,425540,434161,1,1,10/01/2012,750,6,1,1,1,3,3,1,11,9,53.8029062066,-1.61216225613
8582,120014564,422873,439311,3,2,10/01/2012,1610,6,1,4,1,1,3,1,30,9,53.8493226727,-1.6522779996
8583,120014564,422873,439311,3,2,10/01/2012,1610,6,1,4,1,1,3,2,58,9,53.8493226727,-1.6522779996
8584,120015383,423846,434260,2,1,10/01/2012,2050,6,1,7,1,1,3,2,59,9,53.8038765216,-1.63787824441
8585,120017050,423478,434032,2,2,10/01/2012,1940,6,1,7,1,1,3,2,19,9,53.8018438097,-1.64348390256
8586,120017050,423478,434032,2,2,10/01/2012,1940,6,1,7,1,1,3,1,50,9,53.8018438097,-1.64348390256
8587,120015119,424695,438447,2,1,11/01/2012,922,6,2,1,1,1,3,1,24,1,53.8414729392,-1.6246495327
8588,120015419,426429,435630,2,2,11/01/2012,1120,4,2,1,1,1,3,2,52,9,53.8160663053,-1.59853655653
8589,120015419,426429,435630,2,2,11/01/2012,1120,4,2,1,1,1,3,1,51,3,53.8160663053,-1.59853655653
8590,120015571,425933,437541,3,1,11/01/2012,1035,6,1,1,1,1,3,2,30,9,53.8332688042,-1.60590955869
8591,120016992,427293,429594,1,1,12/01/2012,800,3,1,1,1,3,3,1,36,19,53.7617653195,-1.58594714717
8592,120017263,424183,428208,2,1,12/01/2012,1030,3,1,1,1,1,3,1,42,9,53.7494603778,-1.63323532145
8593,120017292,430454,431075,3,1,12/01/2012,918,1,1,1,1,1,3,2,19,9,53.7749024723,-1.53784813409
8594,120017367,434467,433070,2,4,12/01/2012,1235,6,1,1,1,1,3,2,30,9,53.7925846631,-1.47672878562
8595,120017367,434467,433070,2,4,12/01/2012,1235,6,1,1,1,2,3,2,31,9,53.7925846631,-1.47672878562
8596,120017367,434467,433070,2,4,12/01/2012,1235,6,1,1,1,2,3,2,3,9,53.7925846631,-1.47672878562
8597,120017367,434467,433070,2,4,12/01/2012,1235,6,1,1,1,2,3,2,20,9,53.7925846631,-1.47672878562
8598,120017393,431451,434904,2,1,12/01/2012,1150,6,1,1,1,1,3,1,20,9,53.809260972,-1.52232794999
8599,120019752,423845,434260,2,1,12/01/2012,1910,6,1,4,1,1,3,1,19,1,53.8038765675,-1.63789342992
8600,120018534,430748,439233,2,1,13/01/2012,600,3,2,4,1,1,3,1,44,3,53.8482149574,-1.53257159736
8601,120019746,427138,432623,2,3,13/01/2012,1818,6,2,4,1,1,3,2,27,9,53.789000537,-1.5880319969
8602,120019746,427138,432623,2,3,13/01/2012,1818,6,2,4,1,1,3,1,51,9,53.789000537,-1.5880319969
8603,120019746,427138,432623,2,3,13/01/2012,1818,6,2,4,1,2,3,2,31,9,53.789000537,-1.5880319969
8604,120019820,426513,435654,2,1,13/01/2012,1730,4,1,4,1,2,3,2,8,9,53.8162777586,-1.59725854084
8605,120019855,442115,445167,2,1,13/01/2012,1630,6,1,4,1,1,3,1,18,3,53.9007542769,-1.3589665724
8606,120020522,430398,433640,1,1,14/01/2012,1020,6,1,1,1,3,2,1,41,11,53.7979618595,-1.53844493885
8607,120020586,429031,432011,1,2,14/01/2012,1131,6,1,1,1,3,3,1,37,9,53.7833972533,-1.55935389084
8608,120020586,429031,432011,1,2,14/01/2012,1131,6,1,1,1,3,3,2,42,9,53.7833972533,-1.55935389084
8609,120021153,424677,434991,3,4,14/01/2012,1950,3,2,4,1,1,3,1,33,9,53.8104085765,-1.62520049311
8610,120021153,424677,434991,3,4,14/01/2012,1950,3,2,4,1,2,3,2,36,9,53.8104085765,-1.62520049311
8611,120021153,424677,434991,3,4,14/01/2012,1950,3,2,4,1,1,3,1,25,9,53.8104085765,-1.62520049311
8612,120021153,424677,434991,3,4,14/01/2012,1950,3,2,4,1,1,3,2,18,9,53.8104085765,-1.62520049311
8613,120021265,428112,426278,2,1,14/01/2012,1843,3,1,7,1,1,3,1,31,9,53.7319147682,-1.57382449143
8614,120022439,428440,434999,1,1,14/01/2012,2345,6,1,4,1,3,3,2,22,8,53.8102882933,-1.56804818276
8615,120036530,428863,433942,2,1,14/01/2012,145,6,1,7,1,1,3,1,30,9,53.8007638897,-1.5617228909
8616,120022848,430269,433755,1,1,16/01/2012,739,6,1,1,1,2,3,2,30,11,53.7990030843,-1.54039226801
8617,120023423,430357,425087,2,2,16/01/2012,1055,3,2,1,1,1,3,2,23,9,53.7210832157,-1.53990853466
8618,120023423,430357,425087,2,2,16/01/2012,1055,3,2,1,1,2,3,2,44,9,53.7210832157,-1.53990853466
8619,120023640,427650,436673,3,1,16/01/2012,1445,3,1,1,1,1,3,1,26,19,53.8253780536,-1.57989601709
8620,120023977,430088,431249,2,1,16/01/2012,1855,3,2,4,1,1,3,2,28,9,53.7764877955,-1.54338516221
8621,120024241,427716,436154,1,1,16/01/2012,2106,6,2,4,1,3,2,2,20,9,53.8207093859,-1.57894004326
8622,120024481,436050,434814,1,1,16/01/2012,1540,6,2,1,1,2,3,2,64,11,53.8081535138,-1.45249300693
8623,120050712,431631,435063,1,1,16/01/2012,900,6,1,1,1,3,2,1,35,9,53.8106792543,-1.51957790681
8624,120024320,426935,426027,3,2,17/01/2012,609,1,2,4,1,1,3,1,20,9,53.7297206794,-1.5916890635
8625,120024320,426935,426027,3,2,17/01/2012,609,1,2,4,1,2,3,1,45,9,53.7297206794,-1.5916890635
8626,120024803,436125,435579,1,1,17/01/2012,810,6,2,1,1,3,2,1,13,9,53.815024573,-1.45126420314
8627,120026467,431317,428923,1,1,17/01/2012,1625,6,1,4,1,3,3,1,41,9,53.7555074835,-1.52497063631
8628,120027705,438950,431550,2,1,17/01/2012,909,3,2,1,1,1,3,1,30,9,53.7786057981,-1.40886460681
8629,120026092,420685,445076,2,1,18/01/2012,700,6,2,6,1,1,2,1,51,1,53.9012346518,-1.68515102573
8630,120026637,422813,434083,1,2,18/01/2012,1110,3,2,1,2,1,3,1,20,4,53.8023318313,-1.65357801827
8631,120026637,422813,434083,1,2,18/01/2012,1110,3,2,1,2,2,3,2,24,4,53.8023318313,-1.65357801827
8632,120027915,431723,434561,2,1,18/01/2012,1513,6,1,1,1,2,3,2,49,9,53.8061613328,-1.51823237406
8633,120027973,432618,434371,1,1,18/01/2012,1745,6,2,4,1,3,3,1,80,9,53.804398124,-1.50466096226
8634,120028097,435131,433505,1,1,18/01/2012,835,6,2,1,2,3,3,1,12,9,53.7964503094,-1.46659893606
8635,120027905,421306,435624,2,1,19/01/2012,845,3,2,1,2,1,3,1,35,3,53.8162475654,-1.67635515409
8636,120028027,430706,432517,2,1,19/01/2012,1007,3,2,1,1,1,3,1,51,9,53.7878494355,-1.53388044745
8637,120028694,429400,433272,1,1,19/01/2012,1420,6,1,1,1,3,3,1,45,9,53.79471136,-1.55363291298
8638,120028747,431561,435184,1,1,19/01/2012,1315,3,1,1,1,3,3,1,79,9,53.8117711377,-1.52062863949
8639,120028885,430656,433718,2,1,19/01/2012,1255,3,1,1,1,2,3,2,0,9,53.7986478399,-1.53451991392
8640,120028926,424920,443455,1,1,19/01/2012,1435,3,1,1,1,2,2,2,82,11,53.8864776884,-1.62082290688
8641,120028958,431349,435238,1,1,19/01/2012,1750,6,2,4,2,3,3,2,49,8,53.8122693513,-1.5238430252
8642,120031622,420327,445616,1,1,19/01/2012,1215,6,1,1,1,3,3,2,46,9,53.9061027269,-1.69056423178
8643,120029706,428011,435996,2,1,20/01/2012,752,3,2,4,2,1,3,1,25,1,53.819273353,-1.5744729439
8644,120029991,430455,437519,2,1,20/01/2012,1215,6,1,1,1,2,3,2,89,11,53.8328256685,-1.53719552074
8645,120030016,437044,438284,2,2,20/01/2012,845,6,1,1,1,1,3,1,72,9,53.8392738935,-1.43697947596
8646,120030016,437044,438284,2,2,20/01/2012,845,6,1,1,1,2,3,2,30,9,53.8392738935,-1.43697947596
8647,120030040,431895,434919,2,1,20/01/2012,1218,6,1,1,1,1,3,2,57,9,53.8093687592,-1.51558326815
8648,120030520,428138,435845,2,1,20/01/2012,1635,3,2,4,5,1,3,1,21,1,53.8179091955,-1.57255750447
8649,120030754,438719,427057,2,1,20/01/2012,1710,3,2,4,1,1,2,2,48,1,53.7382372508,-1.41293373585
8650,120030826,425486,436401,2,2,20/01/2012,2024,3,2,4,1,1,3,1,64,9,53.8230437342,-1.61279672295
8651,120030826,425486,436401,2,2,20/01/2012,2024,3,2,4,1,2,3,1,44,9,53.8230437342,-1.61279672295
8652,120035621,427910,435746,2,3,20/01/2012,405,6,2,4,2,1,3,2,21,9,53.8170316015,-1.57602991457
8653,120035621,427910,435746,2,3,20/01/2012,405,6,2,4,2,1,3,1,49,8,53.8170316015,-1.57602991457
8654,120035621,427910,435746,2,3,20/01/2012,405,6,2,4,2,2,3,1,19,8,53.8170316015,-1.57602991457
8655,120031058,428907,435508,1,2,21/01/2012,35,3,2,4,2,3,2,1,20,9,53.8148378042,-1.56090771464
8656,120031058,428907,435508,1,2,21/01/2012,35,3,2,4,2,1,3,1,28,9,53.8148378042,-1.56090771464
8657,120032063,432773,430373,2,2,21/01/2012,1749,4,2,4,1,2,3,1,32,9,53.7684515923,-1.50273235331
8658,120032063,432773,430373,2,2,21/01/2012,1749,4,2,4,1,2,3,1,32,9,53.7684515923,-1.50273235331
8659,120032087,428530,431531,2,1,21/01/2012,1840,3,1,4,1,1,3,1,44,9,53.7791103403,-1.56700248176
8660,120033312,428027,431104,2,1,21/01/2012,1800,3,1,7,1,1,2,2,24,9,53.7752994474,-1.57467504746
8661,120032790,424281,433944,1,1,22/01/2012,1138,3,2,1,1,1,3,1,54,9,53.801015929,-1.63129746901
8662,120033386,429370,439549,2,3,22/01/2012,1810,6,1,4,1,1,3,1,24,9,53.8511351416,-1.55348888683
8663,120033386,429370,439549,2,3,22/01/2012,1810,6,1,4,1,1,3,2,35,9,53.8511351416,-1.55348888683
8664,120033386,429370,439549,2,3,22/01/2012,1810,6,1,4,1,2,3,1,44,9,53.8511351416,-1.55348888683
8665,120041360,437025,436227,3,2,27/01/2012,828,6,2,1,1,2,3,1,10,9,53.8207858394,-1.43751599962
8666,120041409,432938,434226,2,1,27/01/2012,916,4,1,1,1,1,3,1,63,19,53.8030746012,-1.49981713734
8667,120041527,430393,433608,1,1,27/01/2012,1310,6,1,1,1,2,3,2,70,11,53.7976745125,-1.53852401262
8668,120042128,428924,433408,3,2,27/01/2012,1815,3,1,7,1,1,3,1,40,9,53.7959605098,-1.56084680278
8669,120042128,428924,433408,3,2,27/01/2012,1815,3,1,7,1,1,3,1,31,9,53.7959605098,-1.56084680278
8670,120042157,420543,444970,3,1,27/01/2012,1635,3,1,1,1,1,3,2,49,9,53.9002874949,-1.6873195043
8671,120042499,433383,437253,1,1,27/01/2012,2255,6,1,4,1,1,2,2,43,9,53.8302548219,-1.4927313701
8672,120042973,430879,433359,2,1,27/01/2012,1800,3,1,7,1,1,3,1,39,9,53.7954077029,-1.5311700025
8673,120043343,431895,434911,2,1,27/01/2012,1513,6,2,1,1,2,2,1,28,9,53.8092968498,-1.51558409719
8674,120044819,431971,430477,2,1,27/01/2012,1205,3,1,1,1,1,3,1,36,9,53.7694362726,-1.51488990748
8675,120043171,429113,428135,1,1,28/01/2012,1400,6,1,1,1,2,3,2,61,11,53.7485521084,-1.55847497787
8676,120043440,432511,427318,2,1,28/01/2012,1626,3,1,1,1,1,3,1,25,9,53.7410073984,-1.50702918554
8677,120043532,430099,431474,2,3,28/01/2012,1448,3,1,1,1,1,3,1,43,11,53.7785096303,-1.5431962705
8678,120043532,430099,431474,2,3,28/01/2012,1448,3,1,1,1,1,3,1,51,19,53.7785096303,-1.5431962705
8679,120043532,430099,431474,2,3,28/01/2012,1448,3,1,1,1,2,3,2,21,19,53.7785096303,-1.5431962705
8680,120049560,428281,436513,3,1,28/01/2012,1900,4,1,7,1,1,3,2,25,9,53.8239059045,-1.57032384344
8681,120042969,433998,436612,1,1,29/01/2012,1120,3,2,1,1,1,2,1,19,9,53.8244532526,-1.48345748718
8682,120050598,430454,433955,1,1,29/01/2012,2300,6,2,4,1,3,3,1,23,8,53.8007900305,-1.53756353015
8683,120045180,433640,434498,1,1,30/01/2012,130,6,2,4,1,1,3,1,15,2,53.8054745845,-1.48912759645
8684,120046132,428922,433881,1,1,30/01/2012,1400,6,1,1,1,3,3,1,33,11,53.8002122991,-1.56083274947
8685,120046312,428187,432735,1,1,30/01/2012,1530,6,1,1,1,1,2,1,51,9,53.789951519,-1.57209790297
8686,120046561,441054,432042,2,1,30/01/2012,1648,3,1,4,1,1,3,2,39,9,53.7828664765,-1.37686918359
8687,120046578,427308,433635,2,1,30/01/2012,2030,3,2,4,1,1,3,2,30,9,53.7980882936,-1.58536168202
8688,120052491,423235,435082,1,1,30/01/2012,1830,4,1,7,1,2,3,2,26,8,53.8112929921,-1.64709455243
8689,120047305,433167,435230,2,1,31/01/2012,1125,6,1,1,1,1,3,2,43,9,53.8120846548,-1.49623160206
8690,120047976,425415,434432,2,1,31/01/2012,1650,6,1,4,1,1,2,1,21,1,53.8053482941,-1.61403802515
8691,120048073,435462,437288,3,2,31/01/2012,1610,3,1,1,1,1,2,2,87,9,53.8304316978,-1.4611375529
8692,120048073,435462,437288,3,2,31/01/2012,1610,3,1,1,1,1,3,1,31,9,53.8304316978,-1.4611375529
8693,120048634,429267,431534,2,1,31/01/2012,1000,6,1,1,1,1,3,1,26,9,53.7790963948,-1.55581717265
8694,120049274,429693,433800,3,1,31/01/2012,920,6,1,1,1,1,3,2,32,9,53.7994407736,-1.54913367368
8695,120048615,432504,435239,2,2,01/02/2012,850,6,1,1,1,1,3,2,47,9,53.8122074209,-1.5063004392
8696,120048615,432504,435239,2,2,01/02/2012,850,6,1,1,1,2,3,2,4,8,53.8122074209,-1.5063004392
8697,120048920,430712,432525,2,1,01/02/2012,855,3,1,1,1,1,3,1,26,9,53.7879209913,-1.53378857302
8698,120048967,426990,427638,2,1,01/02/2012,1050,4,1,1,1,2,3,1,30,11,53.7441989141,-1.59071467528
8699,120049416,425051,432301,1,1,01/02/2012,800,6,2,1,1,3,3,1,13,9,53.7862107827,-1.61973904337
8700,120049453,424528,437055,2,1,01/02/2012,1730,3,1,7,1,1,3,1,21,1,53.8289684891,-1.62729889066
8701,120049550,425667,436337,1,1,01/02/2012,1520,3,1,1,1,1,2,1,20,5,53.8224595463,-1.61005224072
8702,120049784,430380,433567,1,1,01/02/2012,1235,6,1,1,1,3,3,1,41,9,53.7973067342,-1.53872543689
8703,120050396,426455,428517,2,1,01/02/2012,1450,3,1,1,1,1,3,1,16,1,53.752127556,-1.59875209487
8704,120055477,432158,433603,3,6,01/02/2012,1430,3,1,1,1,2,3,1,24,9,53.7975234613,-1.51172647463
8705,120055477,432158,433603,3,6,01/02/2012,1430,3,1,1,1,2,3,2,50,9,53.7975234613,-1.51172647463
8706,120055477,432158,433603,3,6,01/02/2012,1430,3,1,1,1,1,3,2,37,9,53.7975234613,-1.51172647463
8707,120055477,432158,433603,3,6,01/02/2012,1430,3,1,1,1,2,3,1,29,9,53.7975234613,-1.51172647463
8708,120055477,432158,433603,3,6,01/02/2012,1430,3,1,1,1,2,3,1,30,9,53.7975234613,-1.51172647463
8709,120055477,432158,433603,3,6,01/02/2012,1430,3,1,1,1,1,3,1,56,9,53.7975234613,-1.51172647463
8710,120050695,430716,432493,2,1,02/02/2012,800,3,2,1,1,1,3,2,47,9,53.7876331158,-1.53373104426
8711,120050913,430393,438014,1,1,02/02/2012,1145,6,1,1,1,2,3,2,60,11,53.8372786881,-1.5380887023
8712,120051044,421840,433937,2,2,02/02/2012,1350,3,2,1,1,1,3,1,30,9,53.8010612229,-1.66836338068