Col.Number,Reference.Number,Easting,Northing,Number.of.Vehicles,Number.of.Casualties,Accident.Date,Time..24hr.,X1st.Road.Class,Road.Surface,Lighting.Conditions,Weather.Conditions,Casualty.Class,Casualty.Severity,Sex.of.Casualty,Age.of.Casualty,Type.of.Vehicle,Latitude,Longitude
8713,120051044,421840,433937,2,2,02/02/2012,1350,3,2,1,1,2,3,1,17,9,53.8010612229,-1.66836338068
8714,120051260,433153,435244,2,3,02/02/2012,1515,6,1,1,1,1,3,1,44,90,53.8122113886,-1.49644272852
8715,120051260,433153,435244,2,3,02/02/2012,1515,6,1,1,1,1,3,1,45,9,53.8122113886,-1.49644272852
8716,120051260,433153,435244,2,3,02/02/2012,1515,6,1,1,1,2,3,2,12,9,53.8122113886,-1.49644272852
8717,120051391,445316,427931,1,1,02/02/2012,1800,6,1,6,1,1,3,2,17,9,53.7455615019,-1.31278770455
8718,120051455,427630,435955,1,1,02/02/2012,1615,6,1,1,1,3,3,2,50,9,53.8189252053,-1.58026438814
8719,120051556,437043,438284,2,1,02/02/2012,2030,6,1,7,1,1,3,1,41,4,53.8392739648,-1.43699467384
8720,120051673,427607,434941,2,3,02/02/2012,2135,6,1,4,1,1,3,1,38,9,53.8098118373,-1.58070476004
8721,120051673,427607,434941,2,3,02/02/2012,2135,6,1,4,1,2,3,1,28,9,53.8098118373,-1.58070476004
8722,120051673,427607,434941,2,3,02/02/2012,2135,6,1,4,1,2,3,1,20,9,53.8098118373,-1.58070476004
8723,120052192,430415,433704,1,1,03/02/2012,910,6,4,1,1,3,3,1,19,11,53.798536144,-1.53818050425
8724,120052368,430678,432847,2,2,03/02/2012,930,3,2,1,1,1,2,1,45,9,53.7908173673,-1.53427262056
8725,120052368,430678,432847,2,2,03/02/2012,930,3,2,1,1,1,3,1,59,9,53.7908173673,-1.53427262056
8726,120052478,435516,440066,1,1,03/02/2012,920,3,1,1,1,1,3,2,27,9,53.8553981911,-1.45999581616
8727,120052523,431450,435821,2,4,03/02/2012,1310,6,1,1,1,2,3,2,30,8,53.8175036495,-1.52224941056
8728,120052523,431450,435821,2,4,03/02/2012,1310,6,1,1,1,2,3,1,10,8,53.8175036495,-1.52224941056
8729,120052523,431450,435821,2,4,03/02/2012,1310,6,1,1,1,1,3,2,49,9,53.8175036495,-1.52224941056
8730,120052523,431450,435821,2,4,03/02/2012,1310,6,1,1,1,1,3,1,38,8,53.8175036495,-1.52224941056
8731,120052627,426462,437861,1,1,03/02/2012,1305,6,1,1,1,3,3,1,14,9,53.8361185264,-1.59784327884
8732,120052930,431974,425553,3,3,03/02/2012,1630,1,1,1,1,1,3,1,29,9,53.7251753993,-1.51535402125
8733,120052930,431974,425553,3,3,03/02/2012,1630,1,1,1,1,1,3,1,21,19,53.7251753993,-1.51535402125
8734,120052930,431974,425553,3,3,03/02/2012,1630,1,1,1,1,2,3,1,25,19,53.7251753993,-1.51535402125
8735,120053030,431315,435040,1,1,03/02/2012,1750,3,1,4,1,3,3,2,28,9,53.8104916408,-1.52437957665
8736,120053159,436175,434692,2,1,03/02/2012,1655,3,1,4,1,3,3,2,12,9,53.8070482262,-1.45060901166
8737,120053506,423793,437365,2,1,03/02/2012,2325,3,1,4,1,1,3,1,45,1,53.831789186,-1.63844291588
8738,120053682,427474,430656,1,1,03/02/2012,1510,6,1,1,1,2,3,1,11,11,53.7713019339,-1.58310678049
8739,120061429,420887,434445,2,1,03/02/2012,1535,3,2,1,1,2,3,2,67,8,53.8056667073,-1.68279980797
8740,120053821,432458,434588,2,2,04/02/2012,1100,6,2,1,1,1,3,2,34,9,53.8063586748,-1.50706775384
8741,120053821,432458,434588,2,2,04/02/2012,1100,6,2,1,1,1,3,1,38,9,53.8063586748,-1.50706775384
8742,120054301,420796,434412,1,1,04/02/2012,1730,3,3,4,3,1,3,2,51,9,53.8053737214,-1.68418398455
8743,120054448,437663,444753,1,1,04/02/2012,115,3,1,7,1,1,3,1,22,9,53.8973757152,-1.42677754883
8744,120054559,442129,434543,3,1,04/02/2012,2021,1,3,6,3,1,3,1,35,9,53.8052607146,-1.3602115676
8745,120054885,419214,441793,2,1,04/02/2012,1730,4,3,4,3,1,3,2,39,9,53.871781165,-1.70774687995
8746,120055144,430557,435284,2,1,04/02/2012,1610,6,3,1,3,2,3,2,49,9,53.8127299787,-1.53586762946
8747,120054642,441374,430006,2,2,05/02/2012,58,6,1,7,1,1,3,1,43,9,53.7645405341,-1.37228554946
8748,120054642,441374,430006,2,2,05/02/2012,58,6,1,7,1,2,3,1,24,8,53.7645405341,-1.37228554946
8749,120054728,435515,431299,1,4,05/02/2012,515,1,4,7,1,2,2,1,54,10,53.7765953155,-1.46102307502
8750,120054728,435515,431299,1,4,05/02/2012,515,1,4,7,1,2,3,1,55,10,53.7765953155,-1.46102307502
8751,120054728,435515,431299,1,4,05/02/2012,515,1,4,7,1,2,3,1,65,10,53.7765953155,-1.46102307502
8752,120054728,435515,431299,1,4,05/02/2012,515,1,4,7,1,2,3,1,51,10,53.7765953155,-1.46102307502
8753,120054739,428604,432900,1,1,05/02/2012,600,3,3,4,1,1,3,1,31,9,53.791411911,-1.56575237745
8754,120054971,441141,434585,1,1,05/02/2012,814,1,3,1,8,1,3,2,20,9,53.8057173223,-1.37520913733
8755,120056006,423491,435732,2,2,06/02/2012,900,3,1,1,1,1,3,1,21,3,53.8171242191,-1.64315674564
8756,120056006,423491,435732,2,2,06/02/2012,900,3,1,1,1,1,3,2,27,9,53.8171242191,-1.64315674564
8757,120056299,440803,428599,2,1,06/02/2012,1020,6,2,1,1,1,2,1,20,3,53.7519386906,-1.38113399398
8758,120056329,430436,433966,2,1,06/02/2012,920,6,1,1,1,1,3,1,40,9,53.8008899598,-1.53783575867
8759,120056805,428523,434284,2,3,06/02/2012,1340,6,1,1,1,1,3,1,36,9,53.8038567964,-1.56685385713
8760,120056805,428523,434284,2,3,06/02/2012,1340,6,1,1,1,1,3,1,36,9,53.8038567964,-1.56685385713
8761,120056805,428523,434284,2,3,06/02/2012,1340,6,1,1,1,2,3,1,40,9,53.8038567964,-1.56685385713
8762,120057088,432458,434817,2,1,06/02/2012,1530,4,1,1,1,2,3,1,60,9,53.8084170793,-1.50704360629
8763,120057206,416725,441721,1,1,06/02/2012,1505,6,3,1,1,3,3,2,34,11,53.8712201759,-1.74560911508
8764,120057513,432532,443143,1,4,06/02/2012,2105,3,1,7,1,1,3,1,27,9,53.8832515896,-1.50503776971
8765,120057513,432532,443143,1,4,06/02/2012,2105,3,1,7,1,2,3,2,22,9,53.8832515896,-1.50503776971
8766,120057513,432532,443143,1,4,06/02/2012,2105,3,1,7,1,2,3,2,20,9,53.8832515896,-1.50503776971
8767,120057513,432532,443143,1,4,06/02/2012,2105,3,1,7,1,2,3,2,24,9,53.8832515896,-1.50503776971
8768,120073526,435769,436819,2,1,06/02/2012,1005,3,1,1,1,2,3,2,78,11,53.8261950195,-1.45652733651
8769,120058045,440464,447477,2,2,07/02/2012,1010,3,2,1,1,1,3,2,54,9,53.9216488297,-1.38378927262
8770,120058045,440464,447477,2,2,07/02/2012,1010,3,2,1,1,1,3,1,53,20,53.9216488297,-1.38378927262
8771,120059816,432059,438847,2,2,07/02/2012,2000,6,1,7,1,1,3,2,21,9,53.8446660693,-1.51268296571
8772,120059816,432059,438847,2,2,07/02/2012,2000,6,1,7,1,2,3,2,47,9,53.8446660693,-1.51268296571
8773,120060158,428929,433412,2,2,07/02/2012,1700,3,1,7,1,2,3,2,29,8,53.7959961868,-1.56077051454
8774,120060158,428929,433412,2,2,07/02/2012,1700,3,1,7,1,2,3,2,3,8,53.7959961868,-1.56077051454
8775,120059441,436106,434831,1,1,08/02/2012,750,3,1,1,1,1,3,1,45,4,53.8083024347,-1.45164055932
8776,120060312,432033,430982,2,2,08/02/2012,1637,3,1,1,1,1,3,1,68,9,53.7739717706,-1.51389675051
8777,120060312,432033,430982,2,2,08/02/2012,1637,3,1,1,1,1,3,2,43,9,53.7739717706,-1.51389675051
8778,120060474,433399,429906,1,1,08/02/2012,1932,4,1,7,1,3,3,1,33,9,53.7642140953,-1.49328495111
8779,120061260,428583,435469,1,1,08/02/2012,1430,6,1,1,1,3,3,1,24,9,53.8145051571,-1.56583268467
8780,120064815,420340,434268,2,1,08/02/2012,730,3,1,4,1,1,3,1,59,4,53.8040973573,-1.69111837698
8781,120061206,436128,434837,2,1,09/02/2012,1010,3,2,1,1,1,3,1,39,1,53.8083548383,-1.45130574719
8782,120061285,433131,434016,2,2,09/02/2012,1035,3,2,1,1,2,3,1,32,11,53.8011747249,-1.49690903913
8783,120061285,433131,434016,2,2,09/02/2012,1035,3,2,1,1,2,3,1,75,11,53.8011747249,-1.49690903913
8784,120061685,423259,429729,4,1,09/02/2012,1325,3,2,1,1,1,3,2,47,9,53.76317456,-1.64713403208
8785,120062288,428677,434926,1,1,09/02/2012,2058,6,1,7,1,3,3,1,25,9,53.8096190994,-1.56445550043
8786,120062491,443059,432604,1,1,10/02/2012,220,3,1,7,1,2,3,1,42,9,53.787755986,-1.34636026671
8787,120062497,431490,428318,1,2,10/02/2012,325,6,1,7,1,1,3,2,20,9,53.7500588517,-1.52240828978
8788,120062497,431490,428318,1,2,10/02/2012,325,6,1,7,1,2,3,2,19,9,53.7500588517,-1.52240828978
8789,120063283,429922,427822,1,1,10/02/2012,1152,6,2,1,1,2,3,1,76,11,53.7456927921,-1.54623649375
8790,120063333,426063,427379,3,2,10/02/2012,1320,4,1,1,1,1,3,1,31,9,53.7419179692,-1.60479348174
8791,120063333,426063,427379,3,2,10/02/2012,1320,4,1,1,1,1,3,1,34,9,53.7419179692,-1.60479348174
8792,120064450,426659,433069,2,1,10/02/2012,1955,6,1,7,1,1,3,1,54,9,53.7930343,-1.59526465839
8793,120064257,429589,434804,1,1,11/02/2012,10,3,2,4,1,3,1,1,19,9,53.8084713818,-1.55061629166
8794,120064619,425127,439377,1,2,11/02/2012,1035,6,1,1,1,2,3,1,71,11,53.8498117499,-1.61800743591
8795,120064619,425127,439377,1,2,11/02/2012,1035,6,1,1,1,2,3,2,71,11,53.8498117499,-1.61800743591
8796,120065028,431461,434193,2,1,11/02/2012,1350,6,1,1,1,2,3,2,46,8,53.8028694099,-1.52224874233
8797,120065053,438916,433957,2,2,11/02/2012,1443,1,1,1,1,1,3,2,69,9,53.8002437752,-1.40907660511
8798,120065053,438916,433957,2,2,11/02/2012,1443,1,1,1,1,2,3,2,66,9,53.8002437752,-1.40907660511
8799,120065210,429671,434589,1,1,11/02/2012,345,3,1,4,1,3,3,1,22,9,53.8065341348,-1.54939168167
8800,120065238,438969,436677,1,1,11/02/2012,1835,6,1,7,1,1,2,1,23,9,53.8246885581,-1.40792741188
8801,120065239,440565,448564,1,1,11/02/2012,1902,4,2,4,1,3,2,2,85,9,53.9314112075,-1.38210699554
8802,120065847,427482,432598,3,1,11/02/2012,1200,6,2,1,1,2,3,2,62,9,53.7887577646,-1.5828122911
8803,120066087,432347,434978,1,1,12/02/2012,1240,6,1,1,1,3,3,1,24,9,53.8098711707,-1.50871243136
8804,120066399,434308,430184,2,2,12/02/2012,1350,1,1,1,1,1,3,2,45,9,53.7666538718,-1.47946371122
8805,120066399,434308,430184,2,2,12/02/2012,1350,1,1,1,1,2,3,2,22,9,53.7666538718,-1.47946371122
8806,120076018,427568,436875,2,1,12/02/2012,1620,3,1,1,1,1,3,1,49,1,53.8271981332,-1.58112374624
8807,120067732,428903,433392,4,2,13/02/2012,1240,3,1,1,1,1,3,1,36,19,53.7958178569,-1.56116713689
8808,120067732,428903,433392,4,2,13/02/2012,1240,3,1,1,1,1,3,1,42,19,53.7958178569,-1.56116713689
8809,120068495,431683,434520,1,1,13/02/2012,2230,6,1,7,1,3,3,1,57,9,53.8057952351,-1.51884403815
8810,120068811,430692,434917,3,4,14/02/2012,825,3,1,1,1,1,3,1,30,9,53.8094231761,-1.53385378173
8811,120068811,430692,434917,3,4,14/02/2012,825,3,1,1,1,2,3,2,23,9,53.8094231761,-1.53385378173
8812,120068811,430692,434917,3,4,14/02/2012,825,3,1,1,1,2,3,1,33,9,53.8094231761,-1.53385378173
8813,120068811,430692,434917,3,4,14/02/2012,825,3,1,1,1,1,3,2,35,9,53.8094231761,-1.53385378173
8814,120068865,431333,428822,3,1,14/02/2012,605,6,1,7,1,1,2,1,31,9,53.754598656,-1.52473819948
8815,120069079,429730,431486,2,1,14/02/2012,1015,6,1,1,1,1,3,1,36,9,53.7786386988,-1.5487951263
8816,120070043,439815,447255,4,4,14/02/2012,2020,3,1,6,1,1,3,1,28,9,53.9197037224,-1.393700942
8817,120070043,439815,447255,4,4,14/02/2012,2020,3,1,6,1,1,2,2,32,9,53.9197037224,-1.393700942
8818,120070043,439815,447255,4,4,14/02/2012,2020,3,1,6,1,1,3,2,51,9,53.9197037224,-1.393700942
8819,120070043,439815,447255,4,4,14/02/2012,2020,3,1,6,1,2,2,1,27,9,53.9197037224,-1.393700942
8820,120070416,420987,440947,2,1,14/02/2012,1430,6,1,1,1,1,3,2,52,9,53.8641079778,-1.68083712999
8821,120070825,439358,432429,2,1,14/02/2012,1945,3,1,4,1,1,3,1,45,1,53.7864760458,-1.40256062751
8822,120080891,424977,434716,1,1,14/02/2012,1600,6,1,1,1,3,2,1,5,9,53.8079223333,-1.62066645591
8823,120070301,426699,431762,2,1,15/02/2012,725,3,1,7,1,1,3,2,26,1,53.7812838819,-1.59477062643
8824,120070348,430251,431956,4,4,15/02/2012,735,1,1,1,1,1,3,1,43,90,53.7828333976,-1.54084219862
8825,120070348,430251,431956,4,4,15/02/2012,735,1,1,1,1,1,3,2,53,9,53.7828333976,-1.54084219862
8826,120070348,430251,431956,4,4,15/02/2012,735,1,1,1,1,1,3,1,35,90,53.7828333976,-1.54084219862
8827,120070348,430251,431956,4,4,15/02/2012,735,1,1,1,1,2,3,1,16,90,53.7828333976,-1.54084219862
8828,120070538,430089,431272,2,4,15/02/2012,1110,3,1,1,1,1,3,1,37,9,53.7766944792,-1.54336774265
8829,120070538,430089,431272,2,4,15/02/2012,1110,3,1,1,1,2,3,2,35,9,53.7766944792,-1.54336774265
8830,120070538,430089,431272,2,4,15/02/2012,1110,3,1,1,1,2,3,1,13,9,53.7766944792,-1.54336774265
8831,120070538,430089,431272,2,4,15/02/2012,1110,3,1,1,1,2,3,1,14,9,53.7766944792,-1.54336774265
8832,120071089,423822,437460,2,1,15/02/2012,1420,6,1,1,1,1,2,1,87,90,53.8326417915,-1.63799487993
8833,120071119,428107,434507,1,1,15/02/2012,1535,6,1,1,1,3,2,1,56,9,53.8058839352,-1.57315061868
8834,120071238,428531,434277,2,1,15/02/2012,1615,6,1,1,1,2,3,1,22,11,53.8037934364,-1.56673302281
8835,120071342,422681,437268,2,1,15/02/2012,1835,3,1,7,1,1,3,1,35,9,53.8309670032,-1.65534761782
8836,120071472,422363,433386,1,1,15/02/2012,1135,6,1,1,1,3,3,1,33,9,53.7960861425,-1.66046187799
8837,120071659,433389,437249,1,1,15/02/2012,2225,6,1,7,1,1,3,1,20,9,53.830218482,-1.49264063602
8838,120072050,426838,430041,1,1,16/02/2012,930,1,1,1,1,1,3,2,29,9,53.7658069704,-1.59281073287
8839,120072488,428717,433171,2,1,16/02/2012,1130,3,1,1,1,1,3,1,40,9,53.7938416412,-1.56401167808
8840,120072726,428440,433038,2,1,16/02/2012,15,6,1,4,1,1,3,1,28,8,53.7926613501,-1.56822930378
8841,120072905,426126,427404,2,1,16/02/2012,1645,4,1,1,1,1,2,1,31,1,53.7421395376,-1.60383609224
8842,120072955,440137,436659,2,1,16/02/2012,1830,6,2,6,1,1,3,1,58,9,53.8244378772,-1.39018493187
8843,120073074,430772,439196,1,1,16/02/2012,1825,3,1,7,1,3,3,2,34,9,53.8478809561,-1.53221047286
8844,120073114,430890,433793,2,3,16/02/2012,1933,2,1,7,1,1,3,2,57,9,53.7993081512,-1.53095947054
8845,120073114,430890,433793,2,3,16/02/2012,1933,2,1,7,1,1,3,1,21,9,53.7993081512,-1.53095947054
8846,120073114,430890,433793,2,3,16/02/2012,1933,2,1,7,1,2,3,2,24,9,53.7993081512,-1.53095947054
8847,120073253,429530,434846,1,1,16/02/2012,2254,3,2,4,1,3,3,1,31,9,53.8088522618,-1.55150829582
8848,120074379,420049,446818,1,1,17/02/2012,840,6,2,1,1,1,1,1,29,21,53.9169179928,-1.69471734385
8849,120074400,430686,434136,2,1,17/02/2012,1706,6,1,7,1,3,3,1,29,90,53.8024033527,-1.53402275748
8850,120074415,430880,426863,1,1,17/02/2012,1500,6,2,1,1,3,3,2,7,9,53.7370166583,-1.53180489117
8851,120074437,418774,442113,5,2,17/02/2012,1504,3,1,1,1,2,3,2,46,9,53.8746736853,-1.71441977926
8852,120074437,418774,442113,5,2,17/02/2012,1504,3,1,1,1,1,3,1,49,9,53.8746736853,-1.71441977926
8853,120074455,433271,445010,2,1,17/02/2012,1540,3,1,1,1,1,3,2,34,9,53.899986276,-1.49359180753
8854,120075004,428096,434662,1,1,17/02/2012,2250,6,2,4,1,3,3,1,21,9,53.8072777859,-1.57330351878
8855,120075054,432181,434976,3,1,18/02/2012,530,6,1,7,1,1,3,1,51,9,53.8098634929,-1.51123375402
8856,120075346,428624,440713,1,4,18/02/2012,1,6,2,4,1,1,3,1,21,9,53.8616396103,-1.56472137038
8857,120075346,428624,440713,1,4,18/02/2012,1,6,2,4,1,2,3,2,18,9,53.8616396103,-1.56472137038
8858,120075346,428624,440713,1,4,18/02/2012,1,6,2,4,1,2,3,1,47,9,53.8616396103,-1.56472137038
8859,120075346,428624,440713,1,4,18/02/2012,1,6,2,4,1,2,3,2,31,9,53.8616396103,-1.56472137038
8860,120075924,434031,433939,1,1,18/02/2012,1705,6,1,7,1,3,3,1,5,9,53.8004244976,-1.48325174172
8861,120076242,430119,434723,2,1,18/02/2012,2030,6,1,4,1,2,3,1,15,9,53.8077128699,-1.54257510902
8862,120076474,432733,433889,2,1,18/02/2012,1220,3,1,1,1,1,3,2,44,9,53.8000583612,-1.50296587764
8863,120077550,427014,431638,2,1,19/02/2012,1100,3,1,1,1,1,3,1,25,1,53.7801530179,-1.59000065036
8864,120079812,426164,435429,2,1,19/02/2012,1150,6,1,1,1,1,3,1,32,1,53.8142729664,-1.60257896196
8865,120079950,436087,436594,1,1,19/02/2012,1315,6,1,1,1,3,2,2,68,9,53.8241506093,-1.45172230741
8866,120078680,429954,430860,2,1,20/02/2012,1505,3,2,1,1,1,3,2,31,9,53.7729988927,-1.54545645297
8867,120078873,429467,435410,1,1,20/02/2012,1605,6,1,1,1,3,2,2,9,19,53.8139254727,-1.55241108114
8868,120078975,425618,434246,1,1,20/02/2012,1914,3,1,7,1,3,3,1,19,9,53.8036664185,-1.61097074442
8869,120080128,425998,429981,1,1,20/02/2012,958,3,1,1,1,1,2,1,22,9,53.765310246,-1.6055600279
8870,120081454,427009,440166,2,1,20/02/2012,1815,3,1,4,1,1,3,1,41,1,53.8568093509,-1.58932773781
8871,120080336,429099,434718,2,1,21/02/2012,1510,6,1,1,1,1,2,1,19,1,53.8077260004,-1.55806606394
8872,120080644,430901,432586,2,1,21/02/2012,1648,6,1,1,1,1,3,1,35,1,53.7884581157,-1.5309135218
8873,120080971,429701,435057,2,3,21/02/2012,2208,6,1,4,1,2,3,1,22,9,53.8107391425,-1.54889093117
8874,120080971,429701,435057,2,3,21/02/2012,2208,6,1,4,1,2,3,2,24,9,53.8107391425,-1.54889093117
8875,120080971,429701,435057,2,3,21/02/2012,2208,6,1,4,1,2,2,2,24,9,53.8107391425,-1.54889093117
8876,120081764,428403,428833,1,1,22/02/2012,1040,3,1,1,1,2,3,1,65,11,53.7548654885,-1.56917824042
8877,120082436,428610,433199,3,3,22/02/2012,1555,3,1,1,1,1,3,1,62,9,53.7940992211,-1.56563352561
8878,120082436,428610,433199,3,3,22/02/2012,1555,3,1,1,1,1,3,1,28,9,53.7940992211,-1.56563352561
8879,120082436,428610,433199,3,3,22/02/2012,1555,3,1,1,1,2,3,1,27,9,53.7940992211,-1.56563352561
8880,120082458,429696,427844,2,2,22/02/2012,1435,6,2,1,2,1,3,2,38,9,53.7459034711,-1.54966152483
8881,120082458,429696,427844,2,2,22/02/2012,1435,6,2,1,2,1,3,1,50,9,53.7459034711,-1.54966152483
8882,120082591,435844,436776,3,1,22/02/2012,1920,6,1,4,1,1,3,1,39,9,53.8258033439,-1.45539285924
8883,120082889,431528,435149,1,1,22/02/2012,2120,3,2,4,1,1,2,1,28,9,53.811458536,-1.52113343397
8884,120083827,427888,436208,1,1,22/02/2012,1815,3,1,4,1,3,2,2,22,9,53.8211855779,-1.57632221064
8885,120084311,432404,426083,1,1,22/02/2012,2142,1,1,4,4,1,3,1,29,21,53.7299129216,-1.50878103079
8886,120082389,422336,428552,1,1,23/02/2012,1536,6,1,1,1,3,2,2,7,9,53.7526350025,-1.66122188959
8887,120083283,429300,433477,2,5,23/02/2012,821,6,2,1,1,1,3,1,35,8,53.7965596938,-1.55513161811
8888,120083283,429300,433477,2,5,23/02/2012,821,6,2,1,1,2,3,1,21,8,53.7965596938,-1.55513161811
8889,120083283,429300,433477,2,5,23/02/2012,821,6,2,1,1,2,3,1,19,8,53.7965596938,-1.55513161811
8890,120083283,429300,433477,2,5,23/02/2012,821,6,2,1,1,2,3,1,28,8,53.7965596938,-1.55513161811
8891,120083283,429300,433477,2,5,23/02/2012,821,6,2,1,1,2,3,1,19,8,53.7965596938,-1.55513161811
8892,120083695,426782,432957,2,2,23/02/2012,1330,6,1,1,1,1,3,2,23,9,53.7920212385,-1.5934070676
8893,120083695,426782,432957,2,2,23/02/2012,1330,6,1,1,1,2,3,2,26,9,53.7920212385,-1.5934070676
8894,120083861,429031,431988,2,2,23/02/2012,1430,6,1,1,1,1,3,1,40,9,53.7831905116,-1.55935605692
8895,120083861,429031,431988,2,2,23/02/2012,1430,6,1,1,1,2,3,1,42,9,53.7831905116,-1.55935605692
8896,120084102,432607,439913,4,1,23/02/2012,1448,6,1,1,1,2,3,2,33,9,53.8542137991,-1.50424014997
8897,120084269,429189,431917,2,1,23/02/2012,1915,6,1,7,1,1,3,1,20,9,53.7825434729,-1.55696467229
8898,120084365,429216,438667,2,1,23/02/2012,1853,6,1,4,4,1,3,1,29,9,53.8432158239,-1.55591398278
8899,120085769,427334,426255,3,1,23/02/2012,1513,1,1,1,1,1,3,1,46,9,53.7317493841,-1.58562059352
8900,120084719,425019,433160,2,1,24/02/2012,610,3,2,4,2,1,3,1,53,11,53.7939337246,-1.62015502756
8901,120084722,423522,435723,3,2,24/02/2012,540,3,2,4,2,2,3,2,42,11,53.8170419181,-1.64268653413
8902,120084722,423522,435723,3,2,24/02/2012,540,3,2,4,2,2,3,1,48,11,53.8170419181,-1.64268653413
8903,120085400,423613,434357,2,1,24/02/2012,1155,3,1,1,1,1,3,2,55,9,53.8047590681,-1.64140903075
8904,120085863,430080,433883,2,1,24/02/2012,1505,6,1,1,1,2,3,2,73,11,53.8001646039,-1.5432494609
8905,120085865,430742,424533,2,1,24/02/2012,1520,3,1,1,1,1,3,2,42,9,53.7160808559,-1.53412870992
8906,120085892,435782,425975,2,2,24/02/2012,1526,1,1,1,1,1,3,2,45,9,53.7287213141,-1.45758812874
8907,120085892,435782,425975,2,2,24/02/2012,1526,1,1,1,1,2,3,2,17,9,53.7287213141,-1.45758812874
8908,120085992,432929,440123,2,1,24/02/2012,1735,6,1,4,1,1,3,2,44,1,53.8560810782,-1.49932210683
8909,120087457,428432,428717,2,1,25/02/2012,1625,3,1,1,1,1,3,1,25,5,53.7538212033,-1.56874905748
8910,120087460,434826,429063,2,4,25/02/2012,1510,3,1,1,1,1,3,2,45,9,53.7565431761,-1.4717312299
8911,120087460,434826,429063,2,4,25/02/2012,1510,3,1,1,1,1,3,2,42,9,53.7565431761,-1.4717312299
8912,120087460,434826,429063,2,4,25/02/2012,1510,3,1,1,1,2,3,2,14,9,53.7565431761,-1.4717312299
8913,120087460,434826,429063,2,4,25/02/2012,1510,3,1,1,1,2,3,1,13,9,53.7565431761,-1.4717312299
8914,120087495,434049,439931,2,1,25/02/2012,1400,6,1,1,1,1,3,1,50,1,53.854283024,-1.48231481683
8915,120087891,431830,435628,2,2,25/02/2012,525,3,1,7,1,1,3,1,36,9,53.8157457095,-1.51649710127
8916,120087891,431830,435628,2,2,25/02/2012,525,3,1,7,1,1,3,1,51,9,53.8157457095,-1.51649710127
8917,120088049,427584,436836,2,1,25/02/2012,1340,3,1,1,1,1,3,2,41,9,53.8268467238,-1.5808841438
8918,120089078,422458,432770,1,1,25/02/2012,1915,6,1,7,1,3,3,1,9,9,53.7905449121,-1.65906442372
8919,120091076,429921,434146,1,1,25/02/2012,1005,6,1,1,1,3,3,2,26,9,53.8025378085,-1.54563816086
8920,120088515,421554,435968,3,5,26/02/2012,1300,3,1,1,1,1,3,2,36,9,53.8193295023,-1.67256392009
8921,120088515,421554,435968,3,5,26/02/2012,1300,3,1,1,1,2,3,2,30,9,53.8193295023,-1.67256392009
8922,120088515,421554,435968,3,5,26/02/2012,1300,3,1,1,1,2,3,2,11,9,53.8193295023,-1.67256392009
8923,120088515,421554,435968,3,5,26/02/2012,1300,3,1,1,1,2,3,2,11,9,53.8193295023,-1.67256392009
8924,120088515,421554,435968,3,5,26/02/2012,1300,3,1,1,1,2,3,1,9,9,53.8193295023,-1.67256392009
8925,120089868,433392,436163,1,1,27/02/2012,835,6,1,1,1,3,3,1,7,9,53.8204566486,-1.49271299106
8926,120089932,426934,427607,2,2,27/02/2012,1105,4,1,1,1,2,2,2,68,11,53.7439231559,-1.59156655633
8927,120089932,426934,427607,2,2,27/02/2012,1105,4,1,1,1,2,3,2,46,11,53.7439231559,-1.59156655633
8928,120090748,427552,440744,1,1,27/02/2012,1856,6,2,6,2,1,3,2,88,9,53.8619762725,-1.58101975591
8929,120091147,427640,433715,2,1,28/02/2012,212,3,2,4,1,2,3,2,38,9,53.7987898619,-1.58031363954
8930,120092594,431683,431269,3,1,28/02/2012,1655,6,1,1,1,3,2,2,51,9,53.7765729509,-1.51917833676
8931,120093059,430347,435923,2,2,28/02/2012,1158,3,1,1,1,1,3,2,53,9,53.8184860542,-1.53899418961
8932,120093059,430347,435923,2,2,28/02/2012,1158,3,1,1,1,1,3,2,34,9,53.8184860542,-1.53899418961
8933,120093670,432052,434537,2,6,28/02/2012,2035,6,1,4,1,1,3,1,39,9,53.8059254325,-1.51323864682
8934,120093670,432052,434537,2,6,28/02/2012,2035,6,1,4,1,2,3,1,19,9,53.8059254325,-1.51323864682
8935,120093670,432052,434537,2,6,28/02/2012,2035,6,1,4,1,2,3,1,28,9,53.8059254325,-1.51323864682
8936,120093670,432052,434537,2,6,28/02/2012,2035,6,1,4,1,2,3,1,38,9,53.8059254325,-1.51323864682
8937,120093670,432052,434537,2,6,28/02/2012,2035,6,1,4,1,2,3,2,18,9,53.8059254325,-1.51323864682
8938,120093670,432052,434537,2,6,28/02/2012,2035,6,1,4,1,2,3,2,31,9,53.8059254325,-1.51323864682
8939,120093100,423018,437654,2,1,29/02/2012,715,3,1,7,1,1,3,1,22,1,53.8344218579,-1.65019788125
8940,120094125,427744,436446,2,1,29/02/2012,1520,3,1,1,1,1,3,1,32,9,53.8233326023,-1.57848833924