Col.Number,Reference.Number,Easting,Northing,Number.of.Vehicles,Number.of.Casualties,Accident.Date,Time..24hr.,X1st.Road.Class,Road.Surface,Lighting.Conditions,Weather.Conditions,Casualty.Class,Casualty.Severity,Sex.of.Casualty,Age.of.Casualty,Type.of.Vehicle,Latitude,Longitude
8941,120095442,436309,435913,2,2,29/02/2012,1840,6,1,4,1,1,3,1,38,9,53.8180139374,-1.44842998061
8942,120095442,436309,435913,2,2,29/02/2012,1840,6,1,4,1,1,3,1,45,9,53.8180139374,-1.44842998061
8943,120095078,430872,434204,3,3,01/03/2012,920,3,1,1,1,1,3,1,27,19,53.8030035783,-1.53119157051
8944,120095078,430872,434204,3,3,01/03/2012,920,3,1,1,1,1,3,2,28,9,53.8030035783,-1.53119157051
8945,120095078,430872,434204,3,3,01/03/2012,920,3,1,1,1,2,3,1,29,9,53.8030035783,-1.53119157051
8946,120095104,422872,433549,2,1,01/03/2012,730,4,1,7,1,1,3,1,17,3,53.7975291972,-1.65272176572
8947,120095314,427984,435223,2,1,01/03/2012,740,6,1,1,1,1,3,2,23,1,53.8123265122,-1.57495341152
8948,120095826,433805,434045,2,1,01/03/2012,1430,3,1,1,1,2,3,1,2,11,53.8013920303,-1.4866716799
8949,120095941,429381,444291,1,1,01/03/2012,1205,6,1,1,1,1,2,2,61,9,53.8937585911,-1.55286724598
8950,120096020,429132,432103,2,1,01/03/2012,1605,6,1,1,1,1,3,1,24,1,53.7842185768,-1.557812221
8951,120096972,428546,433926,2,1,01/03/2012,1800,3,1,7,1,1,3,2,41,9,53.8006375624,-1.56653778369
8952,120097190,430070,438644,2,1,01/03/2012,710,4,1,7,1,1,3,2,33,1,53.8429603431,-1.54293580077
8953,120097545,434788,428890,2,1,01/03/2012,1525,6,1,1,1,1,3,2,11,1,53.7549906705,-1.47232710871
8954,120099089,430758,434681,1,1,01/03/2012,1600,6,1,1,1,3,3,2,33,9,53.8072979437,-1.53287500241
8955,120096929,426835,438059,2,2,02/03/2012,725,3,1,7,1,1,3,2,54,9,53.837879161,-1.59215746915
8956,120096929,426835,438059,2,2,02/03/2012,725,3,1,7,1,1,3,1,53,1,53.837879161,-1.59215746915
8957,120097656,430780,438573,1,2,02/03/2012,1205,6,1,1,1,1,3,2,73,9,53.8422805578,-1.53215130278
8958,120097656,430780,438573,1,2,02/03/2012,1205,6,1,1,1,3,2,2,86,9,53.8422805578,-1.53215130278
8959,120098513,415297,442962,1,2,02/03/2012,1130,6,1,1,1,1,3,1,25,9,53.8824193689,-1.76726716629
8960,120098513,415297,442962,1,2,02/03/2012,1130,6,1,1,1,2,3,1,26,9,53.8824193689,-1.76726716629
8961,120098900,429060,431091,2,1,02/03/2012,1200,6,1,1,1,1,3,1,30,5,53.7751259624,-1.55900043834
8962,120098767,427457,435829,1,1,03/03/2012,735,4,2,1,1,1,3,1,25,9,53.81780179,-1.58290365283
8963,120099114,423091,437691,1,1,03/03/2012,1301,3,1,1,1,3,2,2,34,9,53.8347512037,-1.64908575063
8964,120099845,434544,434436,1,1,03/03/2012,2130,3,1,4,1,3,3,1,3,9,53.8048580323,-1.47540662207
8965,120101203,435675,434812,2,2,04/03/2012,1335,6,1,1,1,1,3,2,46,9,53.808161397,-1.45818824452
8966,120101203,435675,434812,2,2,04/03/2012,1335,6,1,1,1,1,3,1,28,9,53.808161397,-1.45818824452
8967,120117980,430688,424463,2,1,04/03/2012,1300,3,2,1,2,1,3,1,20,9,53.7154548158,-1.53495394895
8968,120101457,426095,429296,2,2,05/03/2012,740,1,1,1,1,1,3,1,43,9,53.7591480316,-1.60414630253
8969,120101457,426095,429296,2,2,05/03/2012,740,1,1,1,1,1,3,1,39,9,53.7591480316,-1.60414630253
8970,120101769,424613,435105,2,1,05/03/2012,1205,3,1,1,1,1,3,1,31,3,53.8114363332,-1.62616339828
8971,120101869,430197,429827,1,2,05/03/2012,1230,6,1,1,1,1,3,1,16,2,53.7636994578,-1.54187022687
8972,120101869,430197,429827,1,2,05/03/2012,1230,6,1,1,1,3,3,1,16,2,53.7636994578,-1.54187022687
8973,120102723,428449,429063,2,4,05/03/2012,2030,3,1,4,1,1,3,1,34,9,53.7569304078,-1.56845933447
8974,120102723,428449,429063,2,4,05/03/2012,2030,3,1,4,1,2,3,1,29,9,53.7569304078,-1.56845933447
8975,120102723,428449,429063,2,4,05/03/2012,2030,3,1,4,1,2,3,2,21,9,53.7569304078,-1.56845933447
8976,120102723,428449,429063,2,4,05/03/2012,2030,3,1,4,1,2,3,1,19,9,53.7569304078,-1.56845933447
8977,120102903,429220,426405,4,2,05/03/2012,1705,1,1,7,1,1,3,1,62,9,53.7329954442,-1.55701584697
8978,120102903,429220,426405,4,2,05/03/2012,1705,1,1,7,1,1,3,2,25,9,53.7329954442,-1.55701584697
8979,120103850,425681,426869,2,2,06/03/2012,1320,3,1,1,1,1,3,1,50,9,53.7373525926,-1.61062817003
8980,120103850,425681,426869,2,2,06/03/2012,1320,3,1,1,1,1,3,2,34,9,53.7373525926,-1.61062817003
8981,120104031,431648,434468,2,2,06/03/2012,1450,6,1,1,1,1,3,2,65,9,53.8053299544,-1.51938089321
8982,120104031,431648,434468,2,2,06/03/2012,1450,6,1,1,1,1,3,1,23,3,53.8053299544,-1.51938089321
8983,120104453,430145,432838,5,1,06/03/2012,1843,3,1,4,1,1,3,2,30,9,53.7907676186,-1.54236476832
8984,120104632,433872,434069,2,3,06/03/2012,2035,3,1,4,1,1,3,1,46,9,53.8016033992,-1.48565169114
8985,120104632,433872,434069,2,3,06/03/2012,2035,3,1,4,1,1,3,1,40,9,53.8016033992,-1.48565169114
8986,120104632,433872,434069,2,3,06/03/2012,2035,3,1,4,1,2,3,2,35,9,53.8016033992,-1.48565169114
8987,120104641,426226,428182,3,1,07/03/2012,238,4,1,7,1,1,3,1,28,9,53.7491278609,-1.60225373298
8988,120105418,427300,431071,2,2,07/03/2012,850,3,1,1,1,1,3,2,25,9,53.7750414434,-1.58571026679
8989,120105418,427300,431071,2,2,07/03/2012,850,3,1,1,1,2,3,2,3,9,53.7750414434,-1.58571026679
8990,120105803,428107,426258,2,2,07/03/2012,1515,3,1,1,1,1,3,2,44,9,53.7317352604,-1.57390210664
8991,120105803,428107,426258,2,2,07/03/2012,1515,3,1,1,1,1,3,1,14,1,53.7317352604,-1.57390210664
8992,120105847,423235,435597,2,2,07/03/2012,1330,6,1,1,1,1,3,2,33,9,53.8159222338,-1.64705566309
8993,120105847,423235,435597,2,2,07/03/2012,1330,6,1,1,1,1,3,1,42,9,53.8159222338,-1.64705566309
8994,120106091,425232,437874,2,2,07/03/2012,2000,3,1,4,1,1,3,1,38,9,53.8362965763,-1.61653468599
8995,120106091,425232,437874,2,2,07/03/2012,2000,3,1,4,1,2,3,1,34,9,53.8362965763,-1.61653468599
8996,120107370,430894,434249,2,2,08/03/2012,1540,6,1,1,1,1,3,1,32,9,53.8034067637,-1.53085298528
8997,120107370,430894,434249,2,2,08/03/2012,1540,6,1,1,1,2,3,1,23,9,53.8034067637,-1.53085298528
8998,120107710,432524,427550,2,2,08/03/2012,1615,3,1,1,1,1,2,2,28,9,53.7430919807,-1.50680765477
8999,120107710,432524,427550,2,2,08/03/2012,1615,3,1,1,1,1,3,1,24,9,53.7430919807,-1.50680765477
9000,120108332,414126,442719,1,1,09/03/2012,737,6,2,1,1,1,3,1,22,9,53.8802683012,-1.78509414546
9001,120108794,423916,434308,1,1,09/03/2012,1135,6,1,1,1,3,1,2,76,21,53.8043047711,-1.63681152974
9002,120109359,417382,441515,2,1,09/03/2012,1,6,2,7,1,2,3,1,74,9,53.8693468868,-1.73562779443
9003,120109640,429546,433967,2,2,09/03/2012,1400,6,1,1,1,1,3,1,44,9,53.8009502621,-1.55134966185
9004,120109640,429546,433967,2,2,09/03/2012,1400,6,1,1,1,2,3,2,45,9,53.8009502621,-1.55134966185
9005,120109820,429026,432292,1,1,09/03/2012,1940,6,1,4,1,3,1,1,79,9,53.7859233757,-1.55940331921
9006,120112994,441998,430356,2,1,09/03/2012,840,6,1,1,1,2,3,2,50,11,53.7676365709,-1.36277140522
9007,120111002,432252,435276,1,1,10/03/2012,1540,6,1,1,1,3,3,1,3,90,53.8125556935,-1.51012400587
9008,120111744,433055,434005,1,1,10/03/2012,1605,3,1,1,1,2,3,2,71,11,53.8010806847,-1.49806422361
9009,120111866,423317,443453,2,1,10/03/2012,1540,3,1,1,1,1,3,1,26,1,53.8865342682,-1.64521341199
9010,120112532,428268,429610,2,1,10/03/2012,1525,3,1,1,1,2,3,2,31,5,53.7618571437,-1.57115473554
9011,120111519,427238,430509,1,2,11/03/2012,110,6,1,7,1,1,3,1,27,9,53.7699929752,-1.58670074419
9012,120111519,427238,430509,1,2,11/03/2012,110,6,1,7,1,2,3,1,47,9,53.7699929752,-1.58670074419
9013,120112329,428629,436975,2,1,11/03/2012,1545,4,1,1,1,1,3,1,44,1,53.8280396368,-1.56499379212
9014,120112530,429973,432674,1,1,11/03/2012,1945,3,1,4,1,1,2,1,49,5,53.7893034006,-1.54499178489
9015,120112938,427521,434862,2,1,12/03/2012,825,6,1,1,1,1,3,1,38,1,53.8091062842,-1.58201795428
9016,120115588,429582,434768,2,1,12/03/2012,1130,3,1,1,1,1,3,1,20,1,53.8081481861,-1.5507260607
9017,120114466,415842,441808,1,3,13/03/2012,100,6,1,6,1,2,2,1,32,9,53.8720299159,-1.7590351074
9018,120114466,415842,441808,1,3,13/03/2012,100,6,1,6,1,2,3,1,31,9,53.8720299159,-1.7590351074
9019,120114466,415842,441808,1,3,13/03/2012,100,6,1,6,1,2,3,1,27,9,53.8720299159,-1.7590351074
9020,120114938,424274,438221,1,1,13/03/2012,840,6,1,1,1,3,3,2,48,9,53.8394613246,-1.63106621264
9021,120114940,436736,436312,2,4,13/03/2012,935,6,1,1,1,2,3,1,5,9,53.8215703712,-1.44189610601
9022,120114940,436736,436312,2,4,13/03/2012,935,6,1,1,1,1,3,2,27,9,53.8215703712,-1.44189610601
9023,120114940,436736,436312,2,4,13/03/2012,935,6,1,1,1,1,3,1,60,9,53.8215703712,-1.44189610601
9024,120114940,436736,436312,2,4,13/03/2012,935,6,1,1,1,2,3,2,3,9,53.8215703712,-1.44189610601
9025,120116245,432096,435458,2,1,13/03/2012,1114,4,1,1,1,2,3,1,29,9,53.8142012834,-1.51247441261
9026,120117575,419760,440709,2,1,14/03/2012,1725,6,1,7,1,1,2,1,10,1,53.8620168138,-1.69951195025
9027,120118631,431965,435837,3,1,14/03/2012,1500,4,1,1,1,1,3,1,60,9,53.8176160571,-1.51442479414
9028,120121914,434892,433275,2,1,14/03/2012,1930,6,1,4,1,1,2,1,26,3,53.7943990077,-1.47025360275
9029,120117988,428979,433467,1,1,15/03/2012,125,3,1,7,1,1,3,2,26,9,53.7964877855,-1.56000621382
9030,120118536,430090,431402,2,1,15/03/2012,1015,3,1,1,1,1,2,2,42,1,53.77786296,-1.54333988206
9031,120118778,435709,436958,1,1,15/03/2012,1220,3,1,1,1,3,1,2,24,21,53.8274485564,-1.45742278467
9032,120118904,431018,433510,2,3,15/03/2012,1340,3,1,1,1,1,3,1,72,9,53.79675673,-1.52904446437
9033,120118904,431018,433510,2,3,15/03/2012,1340,3,1,1,1,1,3,2,40,9,53.79675673,-1.52904446437
9034,120118904,431018,433510,2,3,15/03/2012,1340,3,1,1,1,2,3,2,71,9,53.79675673,-1.52904446437
9035,120119091,427896,436193,2,1,15/03/2012,1435,3,1,1,1,1,3,1,34,1,53.8210503176,-1.5762020379
9036,120119380,428442,425423,2,1,15/03/2012,1845,6,1,4,1,1,3,1,16,2,53.7242113959,-1.56890050049
9037,120119409,434932,434931,1,1,15/03/2012,1648,6,1,1,1,3,3,2,7,9,53.8092814813,-1.46945846467
9038,120120080,430630,434222,1,1,15/03/2012,1110,6,1,1,1,2,3,2,36,11,53.8031796824,-1.53486455003
9039,120120136,428462,431345,2,2,16/03/2012,958,3,1,1,1,1,3,2,46,9,53.7774421481,-1.56805164846
9040,120120136,428462,431345,2,2,16/03/2012,958,3,1,1,1,2,3,2,22,9,53.7774421481,-1.56805164846
9041,120120747,423272,433893,4,6,16/03/2012,1405,6,1,1,1,1,2,1,20,9,53.8006036186,-1.64662247535
9042,120120747,423272,433893,4,6,16/03/2012,1405,6,1,1,1,1,3,1,18,9,53.8006036186,-1.64662247535
9043,120120747,423272,433893,4,6,16/03/2012,1405,6,1,1,1,2,2,1,20,9,53.8006036186,-1.64662247535
9044,120120747,423272,433893,4,6,16/03/2012,1405,6,1,1,1,2,3,1,21,9,53.8006036186,-1.64662247535
9045,120120747,423272,433893,4,6,16/03/2012,1405,6,1,1,1,2,2,1,19,9,53.8006036186,-1.64662247535
9046,120120747,423272,433893,4,6,16/03/2012,1405,6,1,1,1,2,3,1,19,9,53.8006036186,-1.64662247535
9047,120121594,423871,437664,2,1,16/03/2012,1320,3,1,1,1,1,3,1,39,9,53.8344732535,-1.63723443455
9048,120122070,431260,427057,2,1,16/03/2012,1230,3,1,1,1,1,3,1,48,9,53.73873784,-1.52602401911
9049,120139843,428306,429624,2,1,16/03/2012,950,3,1,1,1,1,3,2,20,9,53.7619809236,-1.57057698297
9050,120121539,428462,435701,3,4,17/03/2012,145,3,1,4,1,1,3,1,27,8,53.8165971806,-1.56764911843
9051,120121539,428462,435701,3,4,17/03/2012,145,3,1,4,1,1,3,1,33,8,53.8165971806,-1.56764911843
9052,120121539,428462,435701,3,4,17/03/2012,145,3,1,4,1,2,3,2,40,8,53.8165971806,-1.56764911843
9053,120121539,428462,435701,3,4,17/03/2012,145,3,1,4,1,2,3,1,23,8,53.8165971806,-1.56764911843
9054,120121548,432387,433680,1,1,17/03/2012,215,3,1,4,1,2,2,1,18,9,53.798201384,-1.50824147858
9055,120121830,429910,433953,1,1,17/03/2012,1021,6,1,1,1,3,2,2,83,9,53.8008036173,-1.54582394166
9056,120121943,430461,437437,2,1,17/03/2012,905,6,1,1,1,1,3,1,19,9,53.832088246,-1.53711247301
9057,120121951,431983,435509,2,1,17/03/2012,1110,6,1,1,1,1,3,1,41,9,53.8146666688,-1.51418546859
9058,120122150,434021,433950,3,1,17/03/2012,1226,6,1,1,1,1,3,2,44,9,53.8005240268,-1.48340236598
9059,120122366,424978,433048,3,1,17/03/2012,1705,6,2,7,1,1,3,1,30,9,53.7929289464,-1.62078656607
9060,120122850,435143,442256,1,2,17/03/2012,2320,6,1,6,1,1,2,1,25,19,53.8751084351,-1.46541592455
9061,120122850,435143,442256,1,2,17/03/2012,2320,6,1,6,1,2,2,1,26,19,53.8751084351,-1.46541592455
9062,120122909,436828,433970,1,1,18/03/2012,39,6,2,4,1,3,2,2,43,9,53.8005126423,-1.44077875809
9063,120124243,435872,436372,2,1,18/03/2012,1100,3,1,1,1,1,3,1,56,9,53.8221700309,-1.45501458247
9064,120125613,427514,432589,2,1,18/03/2012,1730,6,1,7,1,1,3,1,18,1,53.7886751746,-1.58232733612
9065,120137237,427968,433615,2,1,18/03/2012,1305,3,1,1,1,1,3,1,20,1,53.7978734547,-1.57534251133
9066,120125260,432813,433902,2,2,19/03/2012,1600,3,1,1,1,1,3,2,62,9,53.8001701737,-1.50174978324
9067,120125260,432813,433902,2,2,19/03/2012,1600,3,1,1,1,1,3,1,38,9,53.8001701737,-1.50174978324
9068,120125431,429080,433047,2,1,19/03/2012,1755,6,1,7,1,1,3,1,41,5,53.7927068744,-1.55851240958
9069,120125640,428534,431526,2,1,19/03/2012,2115,3,1,7,1,1,3,2,21,9,53.7790651771,-1.5669422387
9070,120126046,426931,433760,2,1,20/03/2012,843,3,1,1,1,1,3,1,30,1,53.7992315446,-1.59107486985
9071,120126121,436009,436571,3,6,20/03/2012,800,3,2,1,1,1,3,1,33,9,53.8239492823,-1.45291001225
9072,120126121,436009,436571,3,6,20/03/2012,800,3,2,1,1,2,3,1,28,19,53.8239492823,-1.45291001225
9073,120126121,436009,436571,3,6,20/03/2012,800,3,2,1,1,2,3,1,29,19,53.8239492823,-1.45291001225
9074,120126121,436009,436571,3,6,20/03/2012,800,3,2,1,1,2,3,1,56,19,53.8239492823,-1.45291001225
9075,120126121,436009,436571,3,6,20/03/2012,800,3,2,1,1,2,3,1,22,19,53.8239492823,-1.45291001225
9076,120126121,436009,436571,3,6,20/03/2012,800,3,2,1,1,2,3,1,19,19,53.8239492823,-1.45291001225
9077,120126972,432187,431003,2,1,20/03/2012,740,4,1,1,1,1,3,1,39,1,53.7741510368,-1.51155769038
9078,120127182,430964,440115,1,1,20/03/2012,1730,3,1,7,1,3,3,2,68,9,53.8561300924,-1.52919914156
9079,120128846,441004,430984,2,1,20/03/2012,1910,6,1,7,1,1,3,1,33,1,53.7733605716,-1.37776873874
9080,120127647,426513,435651,2,1,21/03/2012,725,4,1,7,1,1,3,1,26,1,53.8162507923,-1.59725879938
9081,120127718,429949,436661,1,1,21/03/2012,1552,3,1,1,1,3,3,1,13,11,53.8251427919,-1.54496818803
9082,120127734,429952,430859,2,1,21/03/2012,907,3,1,1,1,1,3,1,16,2,53.772990019,-1.54548689847
9083,120128791,431860,429114,1,1,21/03/2012,1550,6,1,1,1,3,3,2,4,9,53.7571914157,-1.51671479614
9084,120128877,433848,433534,2,1,21/03/2012,1739,6,1,7,1,1,3,1,32,3,53.7967960341,-1.48607491779
9085,120128886,428225,435781,3,1,21/03/2012,1800,3,1,7,1,1,3,2,26,1,53.8173292004,-1.5712418061
9086,120128940,423159,433817,1,1,21/03/2012,1512,6,1,1,1,3,2,1,3,9,53.79992551,-1.64834402246
9087,120128943,430051,432361,1,1,21/03/2012,1722,1,1,7,1,1,3,1,34,5,53.7864854256,-1.54383826082
9088,120129183,428397,435450,2,1,21/03/2012,2220,6,1,4,1,1,3,1,36,8,53.8143445635,-1.56865963476
9089,120129825,428930,433412,2,2,22/03/2012,1020,3,1,1,1,1,3,2,45,9,53.7959961312,-1.56075533202
9090,120129825,428930,433412,2,2,22/03/2012,1020,3,1,1,1,2,3,2,31,9,53.7959961312,-1.56075533202
9091,120130381,431592,437826,1,1,22/03/2012,1600,6,1,1,1,1,3,2,81,9,53.8355172918,-1.51988638071
9092,120130406,431966,432689,2,1,22/03/2012,1525,6,1,1,1,1,3,1,32,9,53.7893196249,-1.51473644466
9093,120130560,426871,434941,2,2,22/03/2012,1400,3,1,1,1,1,3,2,30,9,53.8098503906,-1.59188281473
9094,120130560,426871,434941,2,2,22/03/2012,1400,3,1,1,1,2,3,1,29,9,53.8098503906,-1.59188281473
9095,120130687,426986,433434,2,1,22/03/2012,1705,6,1,7,1,1,3,1,56,1,53.7962983509,-1.5902683276
9096,120130845,428906,435510,2,1,22/03/2012,1225,3,1,1,1,2,3,2,19,9,53.8148558372,-1.56092271607
9097,120132070,427523,434552,3,1,22/03/2012,1450,6,1,1,1,1,3,2,22,9,53.806319663,-1.58201529901
9098,120132539,423157,434671,2,1,22/03/2012,1505,4,1,1,1,1,3,1,42,1,53.807602064,-1.64831015699
9099,120143427,428397,434386,2,1,22/03/2012,740,6,1,1,1,1,3,1,39,1,53.8047805433,-1.56875780679
9100,120132042,430317,428425,2,2,23/03/2012,1409,6,1,1,1,1,3,1,20,9,53.7510902117,-1.54018739764
9101,120132042,430317,428425,2,2,23/03/2012,1409,6,1,1,1,2,3,1,21,9,53.7510902117,-1.54018739764
9102,120132112,429200,440316,2,1,23/03/2012,1520,6,1,1,1,1,3,2,68,9,53.8580390305,-1.55600033726
9103,120132150,430648,436819,2,1,23/03/2012,1500,6,1,1,1,1,3,1,15,1,53.826522252,-1.53433252507
9104,120132313,430704,434794,2,1,23/03/2012,1600,3,1,1,1,1,3,1,29,9,53.8083168578,-1.53368380419
9105,120132376,430698,435822,1,2,23/03/2012,1330,6,1,1,1,1,3,1,17,9,53.8175575881,-1.53367236881
9106,120132376,430698,435822,1,2,23/03/2012,1330,6,1,1,1,2,2,1,25,9,53.8175575881,-1.53367236881
9107,120132908,432366,436357,2,1,23/03/2012,1315,6,1,1,1,1,3,1,33,3,53.8222653432,-1.5082787939
9108,120133291,430691,434494,1,1,24/03/2012,1200,6,1,1,1,2,3,2,5,11,53.8056210146,-1.5339111456
9109,120134825,429470,427296,2,1,25/03/2012,1500,6,1,1,1,2,3,2,29,9,53.7409904242,-1.55314095318
9110,120135081,426375,438873,1,3,25/03/2012,350,6,1,4,1,1,3,1,37,9,53.8452195441,-1.59907853858
9111,120135081,426375,438873,1,3,25/03/2012,350,6,1,4,1,2,3,2,28,9,53.8452195441,-1.59907853858
9112,120135081,426375,438873,1,3,25/03/2012,350,6,1,4,1,2,3,1,39,9,53.8452195441,-1.59907853858
9113,120136729,436224,434712,1,1,25/03/2012,115,6,1,7,1,3,3,1,50,9,53.8072245872,-1.44986253109
9114,120136808,424812,427322,2,1,25/03/2012,1930,1,1,7,1,1,3,2,23,9,53.7414666469,-1.62376714568
9115,120135975,440397,432307,2,1,26/03/2012,810,3,1,1,1,1,3,1,45,3,53.7852998377,-1.38680597751
9116,120136197,432057,435964,2,1,26/03/2012,905,6,1,1,1,1,3,2,40,1,53.8187519516,-1.51301405732
9117,120136430,426862,438037,2,2,26/03/2012,1410,3,1,1,1,1,3,2,61,9,53.8376800135,-1.59174905382
9118,120136430,426862,438037,2,2,26/03/2012,1410,3,1,1,1,2,3,2,33,9,53.8376800135,-1.59174905382
9119,120136518,426511,427747,1,1,26/03/2012,1317,6,1,1,1,3,2,1,61,9,53.7452032834,-1.59796883929
9120,120136604,426835,438056,2,1,26/03/2012,1220,3,1,1,1,1,3,2,36,9,53.8378521948,-1.59215773117
9121,120136695,429405,433901,2,1,26/03/2012,1555,2,1,1,1,1,3,2,53,9,53.8003649952,-1.55349695039
9122,120136745,428950,426427,4,3,26/03/2012,1725,1,1,7,1,1,3,2,34,9,53.7332082584,-1.56110693703
9123,120136745,428950,426427,4,3,26/03/2012,1725,1,1,7,1,1,3,1,27,19,53.7332082584,-1.56110693703
9124,120136745,428950,426427,4,3,26/03/2012,1725,1,1,7,1,1,3,2,42,9,53.7332082584,-1.56110693703
9125,120136801,437796,432439,2,2,26/03/2012,1640,1,1,1,1,1,3,2,37,9,53.7866817109,-1.42626862713
9126,120136801,437796,432439,2,2,26/03/2012,1640,1,1,1,1,2,3,2,18,9,53.7866817109,-1.42626862713
9127,120137045,420956,434454,3,1,26/03/2012,1650,4,1,1,1,1,3,1,56,9,53.8057448314,-1.68175134535
9128,120137204,430356,431635,2,5,26/03/2012,2255,1,1,4,1,1,3,1,30,9,53.7799418969,-1.53928014414
9129,120137204,430356,431635,2,5,26/03/2012,2255,1,1,4,1,1,3,2,49,9,53.7799418969,-1.53928014414
9130,120137204,430356,431635,2,5,26/03/2012,2255,1,1,4,1,2,3,1,39,9,53.7799418969,-1.53928014414
9131,120137204,430356,431635,2,5,26/03/2012,2255,1,1,4,1,2,3,2,21,9,53.7799418969,-1.53928014414
9132,120137204,430356,431635,2,5,26/03/2012,2255,1,1,4,1,2,3,2,39,9,53.7799418969,-1.53928014414
9133,120137776,437576,432610,2,3,26/03/2012,1140,6,1,1,1,1,3,1,38,9,53.788234689,-1.4295871254
9134,120137776,437576,432610,2,3,26/03/2012,1140,6,1,1,1,2,3,2,49,9,53.788234689,-1.4295871254
9135,120137776,437576,432610,2,3,26/03/2012,1140,6,1,1,1,2,3,1,23,9,53.788234689,-1.4295871254
9136,120137338,429395,433816,2,2,27/03/2012,730,3,1,7,1,1,3,2,36,9,53.7996015178,-1.5536569049
9137,120137338,429395,433816,2,2,27/03/2012,730,3,1,7,1,1,3,2,28,9,53.7996015178,-1.5536569049
9138,120137541,441656,433958,2,1,27/03/2012,805,6,1,1,1,1,3,1,63,19,53.8000405659,-1.36747340136
9139,120138362,427030,426391,2,1,27/03/2012,830,3,1,1,1,1,3,1,15,1,53.7329877178,-1.59021716945
9140,120138423,428692,437041,1,1,27/03/2012,1715,4,1,7,1,3,3,1,13,9,53.8286294169,-1.56403040294
9141,120138459,439169,432449,1,1,27/03/2012,1715,3,1,7,1,3,3,2,18,9,53.7866700751,-1.40542686285
9142,120139004,443067,440538,3,1,27/03/2012,905,2,1,1,1,1,3,2,60,9,53.8590691962,-1.34512769052
9143,120139844,430455,433681,1,1,27/03/2012,1505,6,1,1,1,3,3,2,39,9,53.7983270633,-1.53757544288
9144,120141957,428064,435013,2,1,27/03/2012,1700,6,1,7,1,1,3,1,25,1,53.8104345642,-1.57375748628
9145,120139215,430382,433580,2,1,28/03/2012,950,6,1,1,1,1,3,1,45,1,53.7974234708,-1.53869378862
9146,120139757,424171,444029,1,1,28/03/2012,1146,3,1,1,1,3,2,1,64,9,53.8916726504,-1.63217396211
9147,120140240,430446,433936,2,1,28/03/2012,1454,6,1,1,1,2,3,2,43,11,53.8006197131,-1.53768688238
9148,120140338,430456,433926,1,1,28/03/2012,1800,2,1,7,1,2,3,1,80,11,53.8005292406,-1.53753602994
9149,120141342,425029,439311,2,1,28/03/2012,1430,6,1,1,1,1,2,1,36,4,53.8492232264,-1.61950262243
9150,120141350,421411,440512,3,1,28/03/2012,1740,3,1,7,1,1,3,2,24,9,53.8601805428,-1.67441956012
9151,120141399,425800,428121,1,1,28/03/2012,1550,3,1,1,1,3,3,1,50,19,53.7486008029,-1.60871942133
9152,120141246,433916,436537,2,1,29/03/2012,856,3,1,1,1,1,3,1,25,1,53.8237844644,-1.48471155607
9153,120141927,431884,435060,1,2,29/03/2012,1518,6,1,1,1,3,3,1,21,9,53.8106368367,-1.51573572049
9154,120141927,431884,435060,1,2,29/03/2012,1518,6,1,1,1,3,3,1,33,9,53.8106368367,-1.51573572049
9155,120142573,431840,439666,2,1,29/03/2012,2214,6,1,7,1,1,3,1,26,9,53.8520412187,-1.51592684528
9156,120142875,435918,425859,2,1,30/03/2012,907,1,1,1,1,1,3,2,29,9,53.7276692751,-1.4555401067
9157,120143351,430268,433744,1,1,30/03/2012,1325,6,1,1,1,2,3,2,79,11,53.7989042666,-1.54040853269
9158,120143728,423323,432668,2,1,30/03/2012,1445,6,1,1,1,1,3,1,17,1,53.7895899986,-1.64594082413
9159,120143856,433141,434018,1,3,30/03/2012,1420,3,1,1,1,3,3,1,33,11,53.8011920652,-1.49675698132
9160,120143856,433141,434018,1,3,30/03/2012,1420,3,1,1,1,2,3,2,5,11,53.8011920652,-1.49675698132
9161,120143856,433141,434018,1,3,30/03/2012,1420,3,1,1,1,2,3,2,86,11,53.8011920652,-1.49675698132
9162,120143928,428436,434029,2,1,30/03/2012,1735,6,1,7,1,2,3,2,46,9,53.8015694288,-1.56819853578
9163,120144262,436682,434273,2,1,30/03/2012,2210,6,1,4,1,1,3,1,28,9,53.8032464987,-1.44295950857
9164,120144505,429911,433795,2,1,30/03/2012,2340,6,1,4,1,1,3,1,56,11,53.7993833409,-1.54582410406
9165,120145775,433153,433683,2,1,30/03/2012,1115,6,1,1,1,1,2,1,16,3,53.7981800983,-1.49661083479
9166,120149433,429775,434387,2,1,30/03/2012,1520,2,1,1,1,2,3,1,6,9,53.8047124692,-1.54783184352
9167,120150501,440398,449275,2,1,30/03/2012,830,4,1,1,1,1,3,1,16,1,53.9378149392,-1.38455657228
9168,120144766,429655,435282,1,1,31/03/2012,845,6,1,1,1,3,3,2,79,9,53.8127642286,-1.5495678887