Col.Number,Reference.Number,Easting,Northing,Number.of.Vehicles,Number.of.Casualties,Accident.Date,Time..24hr.,X1st.Road.Class,Road.Surface,Lighting.Conditions,Weather.Conditions,Casualty.Class,Casualty.Severity,Sex.of.Casualty,Age.of.Casualty,Type.of.Vehicle,Latitude,Longitude
9169,120145253,432074,433352,2,1,31/03/2012,1707,6,1,7,1,1,3,1,11,1,53.7952724855,-1.51302798138
9170,120145280,425606,432719,1,1,31/03/2012,1640,3,1,1,1,1,2,1,20,5,53.7899411001,-1.61127991557
9171,120146004,428414,428695,2,1,01/04/2012,1118,3,1,1,1,2,3,2,59,9,53.753624431,-1.56902409367
9172,120146394,431488,432455,2,1,01/04/2012,1605,3,1,1,1,1,3,1,49,2,53.787245408,-1.52201640851
9173,120146459,431337,434892,2,1,01/04/2012,1720,6,1,7,1,1,3,2,14,1,53.8091599901,-1.52406051709
9174,120147260,430420,433732,1,2,02/04/2012,953,6,1,1,1,1,3,1,49,11,53.7987875358,-1.53810182157
9175,120147260,430420,433732,1,2,02/04/2012,953,6,1,1,1,2,3,2,70,11,53.7987875358,-1.53810182157
9176,120148147,439885,437145,1,1,02/04/2012,1700,6,1,7,1,3,3,1,47,9,53.828825672,-1.39395036976
9177,120148244,430021,438552,1,1,02/04/2012,1449,6,1,1,1,2,3,2,68,11,53.842136221,-1.54368956695
9178,120148271,435034,434696,2,1,02/04/2012,1645,3,1,1,1,1,3,2,56,9,53.8071622962,-1.46793612693
9179,120148319,431886,435575,2,1,02/04/2012,1833,6,1,7,1,1,3,1,22,9,53.8152658787,-1.51565197852
9180,120149769,430829,433823,1,1,02/04/2012,1250,2,1,1,1,2,3,2,39,9,53.7995814311,-1.5318826706
9181,120149876,445214,429407,1,1,02/04/2012,2320,6,1,6,1,1,2,1,23,5,53.7588372936,-1.31411831606
9182,120149235,427811,436337,1,1,03/04/2012,1027,3,1,1,1,2,3,2,98,11,53.8223492499,-1.57748030324
9183,120149597,426226,431883,2,1,03/04/2012,1450,3,1,1,1,3,3,2,22,10,53.7823955746,-1.6019391918
9184,120150330,432137,439382,2,3,03/04/2012,1205,3,1,1,1,1,3,1,76,9,53.8494701562,-1.51144137324
9185,120150330,432137,439382,2,3,03/04/2012,1205,3,1,1,1,1,3,1,25,9,53.8494701562,-1.51144137324
9186,120150330,432137,439382,2,3,03/04/2012,1205,3,1,1,1,2,3,1,22,9,53.8494701562,-1.51144137324
9187,120150863,428470,436851,2,1,03/04/2012,1630,4,1,1,1,1,3,2,41,9,53.8269337717,-1.56742114041
9188,120151352,432115,432880,1,1,03/04/2012,2200,6,2,4,5,2,3,2,32,9,53.7910272925,-1.51245471591
9189,120151106,430960,435788,2,1,04/04/2012,908,6,1,1,1,1,3,1,43,1,53.8172364357,-1.52969594424
9190,120151112,434648,435507,2,1,04/04/2012,1540,6,1,1,1,1,3,1,10,1,53.8144779223,-1.47370675571
9191,120151877,430095,437873,3,1,04/04/2012,1550,3,1,1,1,1,3,2,33,9,53.8360286352,-1.54263134178
9192,120151988,440953,448099,2,1,04/04/2012,1905,6,1,7,1,1,3,2,39,9,53.9272011091,-1.37625962132
9193,120151820,432249,438839,2,1,05/04/2012,805,6,1,1,1,2,3,1,62,9,53.8445823971,-1.50979580195
9194,120152067,430668,433650,2,1,05/04/2012,843,3,1,1,1,2,3,2,65,11,53.7980359,-1.53434448411
9195,120152705,429952,428089,3,2,05/04/2012,1503,6,1,1,1,1,3,2,35,9,53.7480910805,-1.5457556769
9196,120152705,429952,428089,3,2,05/04/2012,1503,6,1,1,1,2,3,2,37,9,53.7480910805,-1.5457556769
9197,120152946,429426,433920,3,1,05/04/2012,1632,2,1,1,1,2,3,2,33,9,53.8005345937,-1.55317626895
9198,120153059,431842,432686,1,1,05/04/2012,1930,6,1,7,1,3,3,1,63,9,53.7893002608,-1.51661907707
9199,120153117,422462,427899,2,1,05/04/2012,1435,3,1,1,1,1,3,1,19,9,53.7467598173,-1.65935832579
9200,120153386,433136,435620,2,1,05/04/2012,2150,6,1,4,1,2,3,1,21,9,53.8155922017,-1.4966604362
9201,120153805,420325,434282,1,1,05/04/2012,1144,6,1,1,1,3,2,2,57,9,53.804223788,-1.69134523789
9202,120153965,429149,431736,2,2,06/04/2012,1435,6,1,1,1,1,3,1,20,9,53.7809187472,-1.55758889256
9203,120153965,429149,431736,2,2,06/04/2012,1435,6,1,1,1,1,3,1,45,5,53.7809187472,-1.55758889256
9204,120153984,434320,442328,2,1,06/04/2012,1600,6,1,1,1,1,3,2,44,9,53.8758107081,-1.47792649679
9205,120154374,436761,436558,2,1,06/04/2012,1312,6,1,1,1,1,3,1,51,9,53.8237797867,-1.44148691254
9206,120175016,432072,431118,1,1,06/04/2012,1730,3,1,7,1,1,3,1,37,9,53.7751918363,-1.51329080366
9207,120154250,427935,426300,2,2,07/04/2012,10,3,2,4,1,1,3,1,46,8,53.7321220349,-1.57650572779
9208,120154250,427935,426300,2,2,07/04/2012,10,3,2,4,1,2,3,1,18,8,53.7321220349,-1.57650572779
9209,120154346,431660,441485,1,1,07/04/2012,45,3,2,6,1,1,3,2,23,9,53.8684024928,-1.51847564109
9210,120155437,429769,430607,3,5,07/04/2012,2350,3,2,4,2,1,3,1,31,9,53.7707353427,-1.54828809548
9211,120155437,429769,430607,3,5,07/04/2012,2350,3,2,4,2,1,3,1,50,8,53.7707353427,-1.54828809548
9212,120155437,429769,430607,3,5,07/04/2012,2350,3,2,4,2,2,3,2,19,9,53.7707353427,-1.54828809548
9213,120155437,429769,430607,3,5,07/04/2012,2350,3,2,4,2,2,3,1,32,9,53.7707353427,-1.54828809548
9214,120155437,429769,430607,3,5,07/04/2012,2350,3,2,4,2,2,3,1,25,9,53.7707353427,-1.54828809548
9215,120157099,435378,428512,2,2,07/04/2012,1905,3,1,7,1,1,3,2,48,9,53.7515532215,-1.46342157629
9216,120157099,435378,428512,2,2,07/04/2012,1905,3,1,7,1,1,3,1,25,9,53.7515532215,-1.46342157629
9217,120156746,432161,445133,1,1,08/04/2012,1210,3,1,1,1,2,3,2,67,11,53.9011619303,-1.51047317846
9218,120164986,426673,427475,2,1,08/04/2012,1500,4,1,1,1,1,3,1,41,9,53.7427500459,-1.59553570621
9219,120156609,430493,433080,1,1,09/04/2012,330,6,2,4,1,2,3,2,24,8,53.7929226148,-1.53705797208
9220,120156822,423300,434733,2,2,09/04/2012,705,6,2,7,2,1,3,1,26,9,53.808152984,-1.64613374048
9221,120156822,423300,434733,2,2,09/04/2012,705,6,2,7,2,1,3,1,41,9,53.808152984,-1.64613374048
9222,120157142,429915,434257,2,1,09/04/2012,1410,3,1,1,1,1,3,1,41,3,53.8035359019,-1.54571848515
9223,120157274,422233,433553,2,1,09/04/2012,1825,4,1,7,1,1,3,2,46,9,53.7975928535,-1.66242357949
9224,120157336,424226,432722,2,3,09/04/2012,1745,6,1,7,1,1,3,1,31,9,53.7900341414,-1.63222872292
9225,120157336,424226,432722,2,3,09/04/2012,1745,6,1,7,1,1,3,1,30,9,53.7900341414,-1.63222872292
9226,120157336,424226,432722,2,3,09/04/2012,1745,6,1,7,1,2,3,2,22,9,53.7900341414,-1.63222872292
9227,120158367,429748,426972,1,1,09/04/2012,1226,3,1,1,1,1,3,1,37,9,53.7380622562,-1.54895691568
9228,120158748,430893,435525,1,1,10/04/2012,1600,6,1,1,1,3,3,1,39,9,53.8148763975,-1.53074009291
9229,120159446,428626,436961,2,1,10/04/2012,1530,4,1,1,1,1,3,1,47,1,53.8279139601,-1.56504067807
9230,120159937,425773,431455,2,1,11/04/2012,930,3,1,1,1,2,2,2,61,9,53.7785709823,-1.60885047077
9231,120160390,427397,433932,2,1,11/04/2012,1905,6,1,7,1,1,3,1,14,1,53.80075328,-1.58398394378
9232,120161943,426317,427910,1,1,12/04/2012,1635,4,1,1,1,3,2,2,80,11,53.746678301,-1.60089682624
9233,120162050,422038,434386,1,1,12/04/2012,1750,6,1,7,1,3,3,1,14,9,53.8050888664,-1.66532470286
9234,120163412,428019,432958,1,1,12/04/2012,1300,6,1,1,1,3,3,1,46,19,53.7919650887,-1.57462792617
9235,120163526,431473,435111,3,3,12/04/2012,1230,3,1,1,1,2,3,2,32,9,53.8111202981,-1.52197266193
9236,120163526,431473,435111,3,3,12/04/2012,1230,3,1,1,1,2,3,2,18,9,53.8111202981,-1.52197266193
9237,120163526,431473,435111,3,3,12/04/2012,1230,3,1,1,1,1,3,1,56,9,53.8111202981,-1.52197266193
9238,120162559,420314,445361,2,1,13/04/2012,752,6,1,1,1,1,2,1,48,5,53.9038111127,-1.69077905456
9239,120162707,427714,433706,3,2,13/04/2012,950,3,1,1,1,1,3,2,27,9,53.798705026,-1.57919086517
9240,120162707,427714,433706,3,2,13/04/2012,950,3,1,1,1,2,3,1,11,9,53.798705026,-1.57919086517
9241,120162795,430909,436545,2,1,13/04/2012,800,4,1,1,1,1,3,1,42,1,53.8240438988,-1.53039456579
9242,120163085,439782,448325,2,1,13/04/2012,1315,6,1,1,1,1,3,1,16,1,53.9293237607,-1.39406416151
9243,120163452,424612,433134,1,1,13/04/2012,1520,6,1,1,1,3,3,1,7,9,53.7937194266,-1.62633613884
9244,120163664,425405,427050,2,1,13/04/2012,1721,3,1,7,1,1,3,2,40,9,53.7389931051,-1.61479786331
9245,120164645,432139,425747,2,1,13/04/2012,930,1,1,1,1,1,3,1,37,9,53.7269090854,-1.51283297591
9246,120164548,429229,435447,2,1,14/04/2012,1306,6,1,1,1,2,3,2,56,9,53.8142714895,-1.55602254662
9247,120165283,439014,439189,2,2,14/04/2012,2245,3,1,6,1,3,1,1,20,9,53.8472642295,-1.40692481172
9248,120165283,439014,439189,2,2,14/04/2012,2245,3,1,6,1,1,3,2,51,9,53.8472642295,-1.40692481172
9249,120172195,429599,432560,2,2,14/04/2012,1749,6,1,7,1,2,3,1,6,9,53.7883000898,-1.55068008688
9250,120172195,429599,432560,2,2,14/04/2012,1749,6,1,7,1,2,3,2,38,9,53.7883000898,-1.55068008688
9251,120165739,430448,433456,1,1,15/04/2012,1140,6,1,1,1,3,1,1,78,11,53.7963050107,-1.53770396912
9252,120170957,430684,433451,1,1,15/04/2012,1500,6,1,1,1,3,3,2,19,8,53.7962462019,-1.53412137779
9253,120167212,431437,432706,2,4,16/04/2012,1057,3,1,1,1,1,3,2,27,9,53.7895046587,-1.52276494658
9254,120167212,431437,432706,2,4,16/04/2012,1057,3,1,1,1,2,3,2,51,9,53.7895046587,-1.52276494658
9255,120167212,431437,432706,2,4,16/04/2012,1057,3,1,1,1,2,3,2,25,9,53.7895046587,-1.52276494658
9256,120167212,431437,432706,2,4,16/04/2012,1057,3,1,1,1,2,3,2,1,9,53.7895046587,-1.52276494658
9257,120168908,442096,434626,2,1,17/04/2012,1255,3,1,1,1,1,3,1,44,1,53.8060094273,-1.36070133514
9258,120169305,430806,433453,1,1,17/04/2012,1555,6,1,1,1,3,3,1,49,11,53.7962569697,-1.53226890588
9259,120169447,435434,436402,2,2,17/04/2012,1730,6,1,7,1,1,3,1,31,9,53.8224697321,-1.46166511603
9260,120169447,435434,436402,2,2,17/04/2012,1730,6,1,7,1,2,3,2,30,9,53.8224697321,-1.46166511603
9261,120169611,429789,431075,2,4,17/04/2012,1914,6,1,7,1,1,3,2,19,9,53.7749409437,-1.5479394305
9262,120169611,429789,431075,2,4,17/04/2012,1914,6,1,7,1,1,3,2,26,9,53.7749409437,-1.5479394305
9263,120169611,429789,431075,2,4,17/04/2012,1914,6,1,7,1,2,3,2,24,9,53.7749409437,-1.5479394305
9264,120169611,429789,431075,2,4,17/04/2012,1914,6,1,7,1,2,3,2,22,9,53.7749409437,-1.5479394305
9265,120169624,431856,435867,1,1,17/04/2012,1810,6,1,7,1,3,3,1,5,9,53.8178924077,-1.51607742384
9266,120169941,431980,435828,2,1,17/04/2012,1310,3,1,1,1,1,3,1,28,9,53.8175342366,-1.51419787618
9267,120170490,430949,435934,2,1,17/04/2012,925,6,1,1,1,2,3,2,26,11,53.818549438,-1.52984834678
9268,120176776,421115,434848,1,1,17/04/2012,1515,6,1,1,1,3,3,2,55,9,53.8092800104,-1.67930970295
9269,120170118,429924,434247,1,1,18/04/2012,830,3,2,1,1,3,2,2,20,3,53.8034454969,-1.54558279012
9270,120170180,429232,433490,1,1,18/04/2012,805,6,1,1,1,3,3,2,21,9,53.7966803727,-1.55616280922
9271,120171165,431691,431445,2,1,18/04/2012,1645,3,1,1,1,1,3,2,25,9,53.77815448,-1.51903884589
9272,120171216,435771,436827,2,1,18/04/2012,1915,3,2,4,5,1,3,1,24,9,53.8262667904,-1.45649601936
9273,120171520,428004,435412,2,4,19/04/2012,40,6,2,4,1,1,3,2,24,9,53.8140243077,-1.57463244158
9274,120171520,428004,435412,2,4,19/04/2012,40,6,2,4,1,1,3,1,21,9,53.8140243077,-1.57463244158
9275,120171520,428004,435412,2,4,19/04/2012,40,6,2,4,1,2,3,1,21,9,53.8140243077,-1.57463244158
9276,120171520,428004,435412,2,4,19/04/2012,40,6,2,4,1,2,3,1,22,9,53.8140243077,-1.57463244158
9277,120171588,432026,430965,1,1,19/04/2012,625,3,2,7,2,1,2,1,51,3,53.7738193929,-1.51400473702
9278,120171813,431210,439309,2,1,19/04/2012,920,3,2,1,2,1,3,2,29,9,53.8488705314,-1.52554085212
9279,120171930,426850,438026,2,1,19/04/2012,640,3,2,7,2,1,3,1,30,1,53.8375817579,-1.59193238701
9280,120171951,428870,433375,4,1,19/04/2012,930,3,2,1,1,2,3,2,75,9,53.7956668803,-1.56166975148
9281,120172219,432134,434664,2,1,19/04/2012,1300,6,2,1,1,2,3,1,0,9,53.8070619341,-1.51198013668
9282,120275840,440572,432086,2,1,19/04/2012,1330,4,1,1,1,1,3,2,63,9,53.7832997639,-1.38417887552
9283,120173652,429904,433480,1,1,20/04/2012,1015,6,1,1,1,2,3,2,63,11,53.7965522932,-1.54596097514
9284,120174191,427328,434737,1,1,20/04/2012,1530,6,1,1,1,3,3,1,10,9,53.8079928674,-1.58496020339
9285,120174306,429949,430851,1,1,20/04/2012,1530,3,1,1,1,3,3,1,13,9,53.7729182814,-1.5455331978
9286,120174388,423003,437642,2,1,20/04/2012,1700,3,1,7,1,1,3,1,51,9,53.8343146567,-1.65042672822
9287,120174467,433826,429781,2,2,20/04/2012,1650,1,1,1,1,1,3,1,26,19,53.7630629525,-1.48682067806
9288,120174467,433826,429781,2,2,20/04/2012,1650,1,1,1,1,2,3,1,25,19,53.7630629525,-1.48682067806
9289,120174673,430296,433098,2,1,20/04/2012,910,6,1,1,1,1,3,2,33,9,53.7930959196,-1.54004693208
9290,120175868,425195,433641,2,1,20/04/2012,1700,6,1,7,1,3,2,2,5,9,53.7982488521,-1.6174436709
9291,120174946,432101,436040,2,2,21/04/2012,19,6,1,4,1,1,1,1,21,9,53.8194323742,-1.51233773742
9292,120174946,432101,436040,2,2,21/04/2012,19,6,1,4,1,2,3,1,20,9,53.8194323742,-1.51233773742
9293,120175585,430490,437156,2,2,21/04/2012,1400,6,1,1,1,1,3,1,19,9,53.8295607289,-1.53669967651
9294,120175585,430490,437156,2,2,21/04/2012,1400,6,1,1,1,2,3,2,18,9,53.8295607289,-1.53669967651
9295,120175775,421840,436346,4,2,21/04/2012,1605,3,1,1,1,2,3,2,63,9,53.8227153418,-1.66819240856
9296,120175775,421840,436346,4,2,21/04/2012,1605,3,1,1,1,2,3,2,58,9,53.8227153418,-1.66819240856
9297,120175903,423092,443238,2,1,21/04/2012,1840,3,1,7,1,1,3,1,52,9,53.8846117634,-1.64865309931
9298,120176348,436903,443154,1,1,21/04/2012,2310,3,1,7,1,3,3,1,25,9,53.8830578596,-1.43853662345
9299,120191994,429972,433271,1,1,21/04/2012,300,6,2,4,1,3,2,1,19,8,53.794669735,-1.54494888816
9300,120176462,427653,436657,2,1,22/04/2012,725,3,2,7,1,1,3,1,32,1,53.8252340743,-1.5798518765
9301,120177462,429968,435598,2,2,22/04/2012,400,6,1,7,1,2,3,2,21,9,53.8155867134,-1.54478309375
9302,120177462,429968,435598,2,2,22/04/2012,400,6,1,7,1,2,3,2,13,9,53.8155867134,-1.54478309375
9303,120187293,430454,437066,1,1,22/04/2012,135,6,1,4,1,3,3,2,21,9,53.8287538594,-1.53725559856
9304,120177498,431871,435944,2,1,23/04/2012,120,4,1,7,1,1,3,1,19,4,53.8185836153,-1.51584159084
9305,120177885,432650,437004,2,1,23/04/2012,800,6,2,1,2,1,2,1,40,3,53.8280632279,-1.5038955927
9306,120178011,425581,432446,2,1,23/04/2012,845,6,2,1,2,1,3,1,16,2,53.7874883817,-1.61168208898
9307,120178178,430514,433283,3,3,23/04/2012,920,6,1,1,1,1,3,1,47,9,53.7947460949,-1.536719056
9308,120178178,430514,433283,3,3,23/04/2012,920,6,1,1,1,1,3,1,53,19,53.7947460949,-1.536719056
9309,120178178,430514,433283,3,3,23/04/2012,920,6,1,1,1,1,3,1,36,9,53.7947460949,-1.536719056
9310,120178195,429350,433710,1,2,23/04/2012,1030,2,1,1,1,1,3,1,32,9,53.7986512523,-1.55435027868
9311,120178195,429350,433710,1,2,23/04/2012,1030,2,1,1,1,2,3,2,20,9,53.7986512523,-1.55435027868
9312,120178314,436542,434890,2,2,23/04/2012,1140,6,1,1,1,1,3,1,88,9,53.8088023065,-1.44501214997
9313,120178314,436542,434890,2,2,23/04/2012,1140,6,1,1,1,2,3,2,83,9,53.8088023065,-1.44501214997
9314,120178552,430016,434095,2,3,23/04/2012,1330,6,2,1,2,2,3,2,25,11,53.8020739102,-1.54420057141
9315,120178552,430016,434095,2,3,23/04/2012,1330,6,2,1,2,2,3,2,36,11,53.8020739102,-1.54420057141
9316,120178552,430016,434095,2,3,23/04/2012,1330,6,2,1,2,2,3,2,23,11,53.8020739102,-1.54420057141
9317,120178750,433455,427642,2,1,23/04/2012,1705,3,2,7,2,2,3,1,6,9,53.7438600252,-1.49268065626
9318,120178854,434195,436973,2,1,23/04/2012,1805,3,2,7,2,2,3,2,13,9,53.8276852135,-1.48042438917
9319,120179048,430090,431275,1,1,23/04/2012,1750,3,2,7,2,3,3,1,45,9,53.7767213877,-1.5433522744
9320,120179211,429185,433642,2,1,23/04/2012,2055,2,2,4,1,1,3,2,25,9,53.7980493007,-1.556861996
9321,120179506,426584,433502,2,1,23/04/2012,1245,6,2,1,1,2,3,2,87,11,53.7969302853,-1.59636590473
9322,120183605,427854,436271,2,1,23/04/2012,815,3,2,1,2,2,3,2,16,11,53.8217536911,-1.57683302136
9323,120179911,436332,434205,2,1,24/04/2012,1010,6,1,1,1,1,2,1,30,1,53.8026598405,-1.44828224205
9324,120181540,427585,434526,2,1,24/04/2012,1400,3,1,1,1,2,3,1,72,11,53.8060826704,-1.58107607856
9325,120181637,419815,441216,1,1,24/04/2012,1535,3,1,1,1,3,3,1,11,19,53.866572033,-1.69864283418
9326,120182751,420536,445578,2,1,24/04/2012,930,3,1,1,1,1,3,1,73,1,53.905752915,-1.68738524924
9327,120183021,423729,437369,1,1,24/04/2012,1240,3,2,1,1,2,2,1,35,11,53.8318280678,-1.6394151262
9328,120181318,431096,434597,2,2,25/04/2012,930,6,1,1,1,1,3,2,18,9,53.8065227929,-1.52775043738
9329,120181318,431096,434597,2,2,25/04/2012,930,6,1,1,1,1,2,1,38,5,53.8065227929,-1.52775043738
9330,120181640,428530,429633,3,1,25/04/2012,1200,3,2,1,1,1,3,2,43,9,53.7620496027,-1.56717801123
9331,120181726,430008,431012,1,1,25/04/2012,1333,6,2,1,2,3,3,2,29,9,53.7743620759,-1.54462225845
9332,120181944,432497,434065,2,3,25/04/2012,1524,6,2,1,2,1,3,1,30,9,53.8016551647,-1.50653069811
9333,120181944,432497,434065,2,3,25/04/2012,1524,6,2,1,2,2,3,2,37,9,53.8016551647,-1.50653069811
9334,120181944,432497,434065,2,3,25/04/2012,1524,6,2,1,2,2,3,1,12,9,53.8016551647,-1.50653069811
9335,120181966,431597,434408,2,1,25/04/2012,1450,6,2,1,2,1,3,2,53,9,53.8047937341,-1.52016152771
9336,120182096,424166,434709,2,1,25/04/2012,625,6,1,7,1,3,3,1,44,9,53.8078977307,-1.63298363422
9337,120182422,428505,432643,3,1,25/04/2012,2110,3,2,4,2,1,3,1,47,9,53.7891072302,-1.56727905988
9338,120183333,421916,432964,2,2,25/04/2012,1525,4,2,1,2,2,3,2,36,9,53.7923118624,-1.66727858795
9339,120183333,421916,432964,2,2,25/04/2012,1525,4,2,1,2,2,3,2,68,9,53.7923118624,-1.66727858795
9340,120195876,431097,440734,2,1,25/04/2012,1715,6,2,7,2,1,3,1,38,9,53.8616860953,-1.52711425113
9341,120182943,423302,434732,2,3,26/04/2012,900,6,2,1,1,1,3,1,22,9,53.8081439056,-1.64610344204
9342,120182943,423302,434732,2,3,26/04/2012,900,6,2,1,1,1,3,1,26,9,53.8081439056,-1.64610344204
9343,120182943,423302,434732,2,3,26/04/2012,900,6,2,1,1,2,3,1,19,9,53.8081439056,-1.64610344204
9344,120183065,421721,432930,2,1,26/04/2012,1135,4,2,1,2,1,3,2,54,9,53.7920144174,-1.67024135582
9345,120183864,430339,433387,1,1,26/04/2012,1400,6,1,1,1,3,3,2,90,9,53.7956911564,-1.53936566783
9346,120183968,431003,430598,2,1,26/04/2012,2129,6,2,4,2,1,3,1,43,9,53.770582439,-1.52956508531
9347,120184100,418955,442015,1,1,26/04/2012,2035,3,2,4,2,3,2,1,21,9,53.8737862026,-1.71167259992
9348,120184064,432715,436896,1,2,27/04/2012,55,6,2,7,1,2,3,1,50,9,53.8270883679,-1.50291947571
9349,120184064,432715,436896,1,2,27/04/2012,55,6,2,7,1,1,3,1,46,9,53.8270883679,-1.50291947571
9350,120184470,427000,440502,2,1,27/04/2012,900,3,1,1,1,1,3,1,40,9,53.8598300194,-1.58943501557
9351,120184982,428518,431683,2,1,27/04/2012,1407,3,1,1,1,1,3,1,34,9,53.7804772929,-1.56717054002
9352,120202506,429785,433674,1,1,27/04/2012,100,6,2,4,2,3,3,2,28,8,53.7983029339,-1.54774895533
9353,120186424,439464,446167,2,2,28/04/2012,1412,3,2,1,2,1,3,1,51,5,53.9099512689,-1.39918601029
9354,120186424,439464,446167,2,2,28/04/2012,1412,3,2,1,2,2,3,2,48,5,53.9099512689,-1.39918601029
9355,120187611,434843,428540,2,1,28/04/2012,1337,6,1,1,1,1,3,2,52,9,53.7518409514,-1.47153238407
9356,120193329,438827,427118,1,1,28/04/2012,2130,6,1,4,1,2,2,2,57,8,53.7387775253,-1.4112886478
9357,120188271,426319,435587,3,1,29/04/2012,2215,4,2,4,2,2,2,2,20,9,53.8156853686,-1.60021111905
9358,120189708,427578,425382,2,1,30/04/2012,1500,6,1,1,1,1,3,1,48,1,53.7238892461,-1.58199953861
9359,120190103,432712,426733,1,1,30/04/2012,2310,3,1,4,1,3,3,2,23,9,53.7357363966,-1.50404341893
9360,120190443,422209,433898,1,1,01/05/2012,1525,4,1,1,1,2,3,2,13,11,53.8006950338,-1.66276309837
9361,120191103,431568,432630,2,1,01/05/2012,908,6,2,1,2,1,3,1,21,9,53.7888135864,-1.52078413959
9362,120191108,434316,442325,2,4,01/05/2012,810,6,1,1,1,1,3,2,45,9,53.8757840072,-1.47798767757
9363,120191108,434316,442325,2,4,01/05/2012,810,6,1,1,1,2,3,1,13,9,53.8757840072,-1.47798767757
9364,120191108,434316,442325,2,4,01/05/2012,810,6,1,1,1,2,3,1,9,9,53.8757840072,-1.47798767757
9365,120191108,434316,442325,2,4,01/05/2012,810,6,1,1,1,1,3,1,48,9,53.8757840072,-1.47798767757
9366,120191281,428807,430442,2,1,01/05/2012,1700,6,1,7,1,1,3,2,44,9,53.769306297,-1.56290032126
9367,120191761,428316,429594,2,1,01/05/2012,1652,3,2,1,1,2,3,1,5,11,53.7617107157,-1.57042803242
9368,120192756,427439,426467,2,1,01/05/2012,2140,6,1,7,1,1,3,1,41,1,53.7336495112,-1.58401004182
9369,120193549,429705,432146,2,1,01/05/2012,1955,1,1,7,1,1,3,2,45,9,53.7845727069,-1.54911093848
9370,120211493,425710,435406,2,3,01/05/2012,1825,6,1,7,1,1,3,2,39,9,53.8140888729,-1.6094767902
9371,120211493,425710,435406,2,3,01/05/2012,1825,6,1,7,1,1,3,1,24,9,53.8140888729,-1.6094767902
9372,120211493,425710,435406,2,3,01/05/2012,1825,6,1,7,1,2,3,2,18,9,53.8140888729,-1.6094767902
9373,120193243,430534,424299,3,1,03/05/2012,745,1,1,1,1,1,3,1,24,19,53.7139896797,-1.5373037592
9374,120193368,426380,435437,2,1,03/05/2012,900,3,1,1,1,1,3,2,30,1,53.8143339619,-1.59929740764
9375,120193578,430727,433587,2,1,03/05/2012,1145,3,1,1,1,1,3,1,57,1,53.7974661295,-1.53345496029
9376,120193603,427589,436825,2,2,03/05/2012,1126,3,1,1,1,1,3,2,39,9,53.8267475824,-1.5808091623
9377,120193603,427589,436825,2,2,03/05/2012,1126,3,1,1,1,1,3,1,19,9,53.8267475824,-1.5808091623
9378,120193856,430441,433291,2,1,03/05/2012,1315,6,1,1,1,2,3,2,33,9,53.7948222809,-1.5378265533
9379,120194355,431761,435678,1,2,03/05/2012,1822,6,1,7,1,1,3,1,23,9,53.8161993628,-1.51754001972
9380,120194355,431761,435678,1,2,03/05/2012,1822,6,1,7,1,3,3,1,3,9,53.8161993628,-1.51754001972
9381,120194384,427313,430268,2,3,03/05/2012,1640,6,1,1,1,1,3,2,40,9,53.767822741,-1.58558409
9382,120194384,427313,430268,2,3,03/05/2012,1640,6,1,1,1,2,3,2,8,9,53.767822741,-1.58558409
9383,120194384,427313,430268,2,3,03/05/2012,1640,6,1,1,1,2,3,2,15,9,53.767822741,-1.58558409
9384,120194395,429478,431198,2,1,03/05/2012,1915,6,1,7,1,1,3,1,28,9,53.7760642632,-1.55264707006
9385,120195126,424149,438604,1,1,04/05/2012,830,6,1,1,1,3,3,1,11,9,53.8429098473,-1.6329359005
9386,120195331,428102,434509,2,2,04/05/2012,1000,6,1,1,1,2,3,2,19,9,53.8059021829,-1.57322636671
9387,120195331,428102,434509,2,2,04/05/2012,1000,6,1,1,1,1,3,1,30,9,53.8059021829,-1.57322636671
9388,120196035,428530,431782,2,1,04/05/2012,1600,3,1,1,1,2,3,2,24,9,53.7813665248,-1.56697925543
9389,120196074,425203,435248,1,1,04/05/2012,1720,6,1,7,1,3,3,1,9,9,53.8126934679,-1.61719063991
9390,120196105,422447,427895,2,2,04/05/2012,1720,4,1,7,1,1,3,1,72,9,53.7467245078,-1.65958609064
9391,120196105,422447,427895,2,2,04/05/2012,1720,4,1,7,1,2,3,2,68,9,53.7467245078,-1.65958609064
9392,120196116,443404,438680,3,3,04/05/2012,1551,2,1,1,1,1,3,1,38,9,53.8423407959,-1.34026635512
9393,120196116,443404,438680,3,3,04/05/2012,1551,2,1,1,1,2,3,1,12,9,53.8423407959,-1.34026635512
9394,120196116,443404,438680,3,3,04/05/2012,1551,2,1,1,1,2,3,2,41,9,53.8423407959,-1.34026635512
9395,120196131,431893,434914,2,2,04/05/2012,1830,6,1,7,1,1,3,1,26,9,53.8093239385,-1.51561416079
9396,120196131,431893,434914,2,2,04/05/2012,1830,6,1,7,1,1,3,1,31,9,53.8093239385,-1.51561416079
9397,120196136,434058,428007,2,1,04/05/2012,1535,6,1,1,1,1,3,1,16,3,53.7471018602,-1.48349679523