Col.Number,Reference.Number,Easting,Northing,Number.of.Vehicles,Number.of.Casualties,Accident.Date,Time..24hr.,X1st.Road.Class,Road.Surface,Lighting.Conditions,Weather.Conditions,Casualty.Class,Casualty.Severity,Sex.of.Casualty,Age.of.Casualty,Type.of.Vehicle,Latitude,Longitude
9398,120196500,428607,431456,2,1,04/05/2012,2235,6,1,4,1,1,3,1,37,8,53.7784319559,-1.56584085409
9399,120196620,431942,435789,2,1,04/05/2012,1230,3,1,1,1,1,3,1,32,9,53.8171860151,-1.5147791537
9400,120196998,431336,439420,3,1,04/05/2012,1820,6,1,7,1,1,3,2,49,9,53.8498606804,-1.52361412505
9401,120196914,429797,433826,1,1,05/05/2012,1115,6,1,1,1,3,2,2,74,9,53.7996685339,-1.54755204875
9402,120197343,430621,433454,1,2,05/05/2012,1535,6,1,1,1,2,3,2,79,11,53.7962768798,-1.53507758091
9403,120197343,430621,433454,1,2,05/05/2012,1535,6,1,1,1,2,3,2,25,11,53.7962768798,-1.53507758091
9404,120197353,429519,431027,2,1,05/05/2012,1600,6,1,1,1,2,3,2,59,9,53.7745248602,-1.55204124936
9405,120197375,430484,437174,2,1,05/05/2012,1549,6,1,1,1,2,3,2,49,9,53.829722877,-1.53678905914
9406,120197823,427791,432943,3,3,06/05/2012,110,4,1,4,1,1,3,1,52,8,53.7918424842,-1.57809057065
9407,120197823,427791,432943,3,3,06/05/2012,110,4,1,4,1,2,3,2,34,8,53.7918424842,-1.57809057065
9408,120197823,427791,432943,3,3,06/05/2012,110,4,1,4,1,2,3,1,29,8,53.7918424842,-1.57809057065
9409,120198532,429852,433659,1,1,06/05/2012,1359,6,1,1,1,3,3,2,75,9,53.7981642626,-1.54673312615
9410,120198548,422056,441684,3,2,06/05/2012,1410,3,1,1,1,1,3,1,39,9,53.8706883595,-1.6645274546
9411,120198548,422056,441684,3,2,06/05/2012,1410,3,1,1,1,1,3,1,42,9,53.8706883595,-1.6645274546
9412,120198781,422299,445992,3,1,06/05/2012,1700,3,1,7,1,1,1,1,17,4,53.9094013658,-1.66051783518
9413,120199099,430615,432655,2,4,07/05/2012,325,3,1,7,1,1,3,1,29,8,53.7890952416,-1.53524807478
9414,120199099,430615,432655,2,4,07/05/2012,325,3,1,7,1,1,3,1,31,9,53.7890952416,-1.53524807478
9415,120199099,430615,432655,2,4,07/05/2012,325,3,1,7,1,2,3,2,22,9,53.7890952416,-1.53524807478
9416,120199099,430615,432655,2,4,07/05/2012,325,3,1,7,1,2,3,2,18,9,53.7890952416,-1.53524807478
9417,120199588,432371,426051,2,1,07/05/2012,1504,1,1,1,1,1,3,1,68,9,53.7296273298,-1.50928461401
9418,120199800,430004,432660,2,1,07/05/2012,1845,3,1,7,1,2,3,2,32,9,53.7891757718,-1.54452256572
9419,120199839,424145,428164,2,4,07/05/2012,1755,3,1,7,1,2,3,2,55,9,53.749066628,-1.63381506415
9420,120199839,424145,428164,2,4,07/05/2012,1755,3,1,7,1,2,3,2,16,9,53.749066628,-1.63381506415
9421,120199839,424145,428164,2,4,07/05/2012,1755,3,1,7,1,2,3,1,13,9,53.749066628,-1.63381506415
9422,120199839,424145,428164,2,4,07/05/2012,1755,3,1,7,1,2,2,1,13,9,53.749066628,-1.63381506415
9423,120199961,429885,433408,1,1,07/05/2012,2325,6,1,7,1,3,3,1,19,9,53.7959061961,-1.54625643206
9424,120199962,429246,433844,2,1,07/05/2012,2130,6,1,7,1,1,2,1,22,1,53.7998616007,-1.55591663446
9425,120200336,421584,444839,2,1,08/05/2012,913,3,1,1,1,1,3,1,81,9,53.8990676673,-1.67148418917
9426,120200543,430748,439234,2,1,08/05/2012,655,3,2,7,1,1,3,1,26,1,53.848223946,-1.53257149722
9427,120200578,435917,425859,2,1,08/05/2012,1100,1,1,1,1,1,3,2,65,9,53.727669344,-1.45555526436
9428,120201183,428520,431900,2,1,08/05/2012,945,3,1,1,1,1,3,1,37,9,53.7824277488,-1.56712011159
9429,120201207,424228,433967,3,2,08/05/2012,1610,3,1,1,1,1,3,2,24,9,53.8012251432,-1.63210043633
9430,120201207,424228,433967,3,2,08/05/2012,1610,3,1,1,1,2,3,2,28,11,53.8012251432,-1.63210043633
9431,120201314,432908,440281,3,1,08/05/2012,1720,6,1,7,1,2,3,2,12,9,53.8575026058,-1.49962445138
9432,120201315,436242,435832,2,1,08/05/2012,1825,6,1,7,1,2,3,2,55,9,53.8172905387,-1.44945726873
9433,120201365,432276,436059,2,1,08/05/2012,1700,6,1,7,1,1,3,1,20,9,53.8195923223,-1.50967733856
9434,120201366,429454,431187,1,1,08/05/2012,1710,6,1,7,1,3,2,2,3,9,53.775966745,-1.5530123282
9435,120201447,430820,424476,2,1,08/05/2012,1750,3,1,7,1,1,3,2,45,9,53.7155638908,-1.53295239905
9436,120202020,428570,431475,2,2,09/05/2012,700,3,1,7,1,1,3,2,23,9,53.7786047747,-1.56640061291
9437,120202020,428570,431475,2,2,09/05/2012,700,3,1,7,1,1,3,1,56,9,53.7786047747,-1.56640061291
9438,120202496,432094,436108,1,1,09/05/2012,1130,6,1,1,1,3,3,2,63,9,53.820044035,-1.51243697833
9439,120203037,425245,439475,2,2,09/05/2012,1627,6,1,1,1,1,3,2,27,9,53.8506869222,-1.61620552993
9440,120203037,425245,439475,2,2,09/05/2012,1627,6,1,1,1,2,3,2,8,9,53.8506869222,-1.61620552993
9441,120203196,436335,436319,1,1,09/05/2012,1945,6,1,7,1,2,3,2,34,11,53.8216614773,-1.44798707333
9442,120203382,429685,434232,2,2,09/05/2012,2114,6,2,4,1,2,3,2,23,8,53.8033243613,-1.54921349702
9443,120203382,429685,434232,2,2,09/05/2012,2114,6,2,4,1,2,3,2,48,8,53.8033243613,-1.54921349702
9444,120203465,430636,434685,2,1,09/05/2012,2233,3,1,7,1,1,3,1,25,3,53.8073410997,-1.53472736377
9445,120203476,428953,435472,1,1,09/05/2012,1310,3,1,1,1,3,2,1,38,9,53.8145116505,-1.56021239301
9446,120211699,429915,436770,2,1,09/05/2012,1745,3,1,7,1,1,3,1,51,3,53.8261245171,-1.54547414603
9447,120204644,430785,433453,2,1,10/05/2012,1635,3,2,1,2,1,2,1,23,3,53.7962582127,-1.53258773964
9448,120204737,434708,425892,2,2,10/05/2012,1740,1,2,7,2,1,3,2,30,9,53.7280478278,-1.4738772179
9449,120204737,434708,425892,2,2,10/05/2012,1740,1,2,7,2,1,3,1,26,9,53.7280478278,-1.4738772179
9450,120206767,424430,435277,1,1,10/05/2012,1820,3,1,7,1,3,3,1,13,9,53.8129910374,-1.62892918946
9451,120206297,429146,431992,2,1,11/05/2012,745,6,1,1,1,1,2,1,29,1,53.78322004,-1.55761022064
9452,120206359,428548,434973,2,1,11/05/2012,1640,6,2,1,1,1,3,1,26,1,53.8100486681,-1.56641032283
9453,120207429,423497,437390,2,1,11/05/2012,1310,3,1,1,1,1,3,2,43,5,53.8320273758,-1.6429389071
9454,120207439,434803,428891,2,2,11/05/2012,1918,6,2,7,2,1,3,2,29,9,53.7549986575,-1.47209948297
9455,120207439,434803,428891,2,2,11/05/2012,1918,6,2,7,2,1,3,1,21,3,53.7549986575,-1.47209948297
9456,120207545,436054,435545,2,4,11/05/2012,2039,3,2,7,1,1,3,1,31,19,53.8147238899,-1.45234661724
9457,120207545,436054,435545,2,4,11/05/2012,2039,3,2,7,1,2,3,1,67,19,53.8147238899,-1.45234661724
9458,120207545,436054,435545,2,4,11/05/2012,2039,3,2,7,1,2,3,2,29,9,53.8147238899,-1.45234661724
9459,120207545,436054,435545,2,4,11/05/2012,2039,3,2,7,1,2,3,2,20,19,53.8147238899,-1.45234661724
9460,120207793,419841,441175,1,1,11/05/2012,1538,3,1,1,1,3,3,1,9,9,53.8662024993,-1.69825007049
9461,120207417,440481,432220,2,1,12/05/2012,1315,3,1,1,1,1,2,1,36,5,53.7845113104,-1.38554243163
9462,120207537,432444,435220,1,1,12/05/2012,1315,6,1,1,1,3,3,2,51,9,53.8120403837,-1.50721373843
9463,120207622,431108,430009,2,1,12/05/2012,1220,6,1,1,1,2,3,2,15,8,53.7652818017,-1.52803127434
9464,120209126,429692,430747,1,1,12/05/2012,1640,6,1,1,1,3,3,2,6,9,53.7719981673,-1.5494429708
9465,120208135,423019,433725,1,2,13/05/2012,2040,6,1,7,1,2,2,1,20,9,53.7991047503,-1.65047667431
9466,120208135,423019,433725,1,2,13/05/2012,2040,6,1,7,1,2,3,1,18,9,53.7991047503,-1.65047667431
9467,120208453,427747,435957,2,1,13/05/2012,420,6,1,4,1,3,3,1,20,8,53.8189369509,-1.57848687853
9468,120209132,424819,428065,1,2,13/05/2012,1340,6,1,1,1,1,3,2,49,9,53.7481450655,-1.62360132178
9469,120209132,424819,428065,1,2,13/05/2012,1340,6,1,1,1,2,3,1,50,9,53.7481450655,-1.62360132178
9470,120211047,433552,434037,1,1,13/05/2012,1804,3,1,7,1,3,3,2,15,9,53.8013365017,-1.49051418416
9471,120209715,425197,428964,2,3,14/05/2012,725,4,2,7,1,1,3,1,41,9,53.7562079323,-1.61779546223
9472,120209715,425197,428964,2,3,14/05/2012,725,4,2,7,1,2,3,2,10,9,53.7562079323,-1.61779546223
9473,120209715,425197,428964,2,3,14/05/2012,725,4,2,7,1,2,3,2,9,9,53.7562079323,-1.61779546223
9474,120210032,428801,437769,3,2,14/05/2012,810,6,1,1,1,1,3,2,29,9,53.8351671604,-1.56230600349
9475,120210032,428801,437769,3,2,14/05/2012,810,6,1,1,1,1,3,2,46,9,53.8351671604,-1.56230600349
9476,120210386,424276,428341,2,2,14/05/2012,1200,3,1,1,1,1,3,1,61,9,53.7506515776,-1.63181444199
9477,120210386,424276,428341,2,2,14/05/2012,1200,3,1,1,1,1,3,1,19,9,53.7506515776,-1.63181444199
9478,120210817,426882,439057,2,1,14/05/2012,1540,3,1,1,1,1,3,1,37,1,53.8468474711,-1.59135583314
9479,120210889,433698,434044,2,1,14/05/2012,1555,3,1,1,1,1,3,1,27,1,53.8013899844,-1.48829651094
9480,120210947,421728,441015,2,1,14/05/2012,1720,3,1,7,1,3,3,1,54,5,53.8646887193,-1.66956365057
9481,120211103,430505,439255,2,1,14/05/2012,1745,6,1,7,1,1,3,2,19,9,53.8484270394,-1.53626334256
9482,120219077,431245,434148,2,1,14/05/2012,1925,6,1,7,1,1,3,1,15,1,53.8024779386,-1.52553325422
9483,120211986,431876,425598,1,1,15/05/2012,922,6,1,1,1,1,3,1,80,9,53.7255858935,-1.51683476118
9484,120212712,430907,436136,1,1,15/05/2012,1655,6,1,1,1,1,3,2,36,9,53.8203676499,-1.53046605506
9485,120212955,426126,438910,2,5,15/05/2012,2355,6,1,4,1,1,3,1,31,8,53.845564713,-1.60286029287
9486,120212955,426126,438910,2,5,15/05/2012,2355,6,1,4,1,2,3,2,17,8,53.845564713,-1.60286029287
9487,120212955,426126,438910,2,5,15/05/2012,2355,6,1,4,1,2,3,2,17,8,53.845564713,-1.60286029287
9488,120212955,426126,438910,2,5,15/05/2012,2355,6,1,4,1,2,3,1,18,8,53.845564713,-1.60286029287
9489,120212955,426126,438910,2,5,15/05/2012,2355,6,1,4,1,2,3,1,20,8,53.845564713,-1.60286029287
9490,120213052,435769,436821,3,4,15/05/2012,1130,3,1,1,1,1,3,2,46,9,53.8262129967,-1.45652710384
9491,120213052,435769,436821,3,4,15/05/2012,1130,3,1,1,1,1,3,1,55,9,53.8262129967,-1.45652710384
9492,120213052,435769,436821,3,4,15/05/2012,1130,3,1,1,1,1,3,1,38,9,53.8262129967,-1.45652710384
9493,120213052,435769,436821,3,4,15/05/2012,1130,3,1,1,1,2,3,2,57,9,53.8262129967,-1.45652710384
9494,120215224,422443,433705,1,1,15/05/2012,1600,6,1,1,1,3,2,1,14,9,53.7989501422,-1.65922401407
9495,120213193,435771,436815,1,1,16/05/2012,735,3,1,1,1,3,2,1,53,9,53.8261589276,-1.45649741548
9496,120214112,425637,434240,2,1,16/05/2012,1615,3,1,1,1,1,3,2,55,9,53.8036115496,-1.61068272159
9497,120214123,441680,432687,2,1,16/05/2012,1645,6,1,1,1,3,3,2,40,9,53.7886142983,-1.36728096388
9498,120214330,431999,442099,1,2,16/05/2012,1905,3,1,7,1,1,3,1,55,9,53.8739006857,-1.51325583888
9499,120214330,431999,442099,1,2,16/05/2012,1905,3,1,7,1,2,3,2,58,9,53.8739006857,-1.51325583888
9500,120214679,426731,431744,2,2,16/05/2012,1315,3,1,1,1,1,3,2,56,9,53.781120441,-1.59428651417
9501,120214679,426731,431744,2,2,16/05/2012,1315,3,1,1,1,1,2,1,50,5,53.781120441,-1.59428651417
9502,120216660,430355,433445,1,1,16/05/2012,1645,6,1,1,1,3,3,2,26,11,53.7962115692,-1.53911703414
9503,120215636,430230,435116,2,1,17/05/2012,1445,6,1,1,1,1,3,1,19,3,53.8112389913,-1.5408507821
9504,120215871,428546,431410,2,2,17/05/2012,1745,3,1,7,1,1,3,1,32,9,53.7780218202,-1.56677086059
9505,120215871,428546,431410,2,2,17/05/2012,1745,3,1,7,1,1,3,1,50,9,53.7780218202,-1.56677086059
9506,120217305,434794,436579,1,1,17/05/2012,1040,6,1,1,1,2,3,2,41,8,53.8241039495,-1.47136789858
9507,120219005,435898,436417,2,3,17/05/2012,1805,3,1,7,1,1,3,2,44,9,53.8225727214,-1.45461434434
9508,120219005,435898,436417,2,3,17/05/2012,1805,3,1,7,1,2,3,2,10,9,53.8225727214,-1.45461434434
9509,120219005,435898,436417,2,3,17/05/2012,1805,3,1,7,1,2,3,1,63,9,53.8225727214,-1.45461434434
9510,120219025,431290,437133,2,3,17/05/2012,1855,6,1,7,1,1,3,2,28,9,53.8293064332,-1.52454634759
9511,120219025,431290,437133,2,3,17/05/2012,1855,6,1,7,1,2,3,1,15,9,53.8293064332,-1.52454634759
9512,120219025,431290,437133,2,3,17/05/2012,1855,6,1,7,1,2,3,2,25,9,53.8293064332,-1.52454634759
9513,120216251,430135,437520,2,1,18/05/2012,50,3,1,7,1,1,3,2,46,9,53.8328533156,-1.54205807888
9514,120216992,431100,433651,2,3,18/05/2012,1150,3,1,1,1,2,3,2,81,11,53.7980192426,-1.52778524296
9515,120216992,431100,433651,2,3,18/05/2012,1150,3,1,1,1,2,3,1,87,11,53.7980192426,-1.52778524296
9516,120216992,431100,433651,2,3,18/05/2012,1150,3,1,1,1,2,3,2,82,11,53.7980192426,-1.52778524296
9517,120217438,430905,435614,2,1,18/05/2012,1645,6,1,1,1,1,3,1,28,1,53.8156756773,-1.53054888141
9518,120218478,429540,431031,2,1,18/05/2012,1510,6,1,1,1,1,2,1,17,3,53.7745596243,-1.55172219635
9519,120219014,424111,435522,1,1,18/05/2012,740,6,1,1,1,3,3,1,12,9,53.8152081852,-1.63375521811
9520,120219033,429582,434804,1,1,18/05/2012,2245,3,1,4,1,3,2,2,21,8,53.8084717801,-1.55072260074
9521,120218336,428819,430666,2,2,19/05/2012,1100,6,2,1,2,1,3,1,22,9,53.7713191226,-1.56269732118
9522,120218336,428819,430666,2,2,19/05/2012,1100,6,2,1,2,2,3,2,22,9,53.7713191226,-1.56269732118
9523,120218515,427973,426256,2,1,19/05/2012,1215,3,1,1,1,1,3,1,26,9,53.7317244878,-1.57593364603
9524,120218929,429829,433403,1,1,19/05/2012,1715,6,1,7,1,3,3,2,19,11,53.7958644662,-1.54710713425
9525,120219463,421012,440396,1,1,19/05/2012,525,3,1,7,1,2,2,2,7,19,53.8591541498,-1.68049468169
9526,120219370,427515,436165,1,2,20/05/2012,7,6,1,7,1,3,3,1,20,8,53.8208189406,-1.58199255035
9527,120219370,427515,436165,1,2,20/05/2012,7,6,1,7,1,3,3,1,19,8,53.8208189406,-1.58199255035
9528,120219457,431673,433453,3,1,20/05/2012,402,6,1,7,1,2,3,1,17,9,53.7962049102,-1.51910564731
9529,120219801,426454,440159,2,3,20/05/2012,958,6,1,1,1,1,3,1,23,9,53.8567750093,-1.59776689322
9530,120219801,426454,440159,2,3,20/05/2012,958,6,1,1,1,1,3,1,40,9,53.8567750093,-1.59776689322
9531,120219801,426454,440159,2,3,20/05/2012,958,6,1,1,1,2,3,1,67,9,53.8567750093,-1.59776689322
9532,120220263,419982,446500,2,2,20/05/2012,1345,6,1,1,1,1,2,1,63,5,53.9140621721,-1.69575830423
9533,120220263,419982,446500,2,2,20/05/2012,1345,6,1,1,1,2,3,2,47,5,53.9140621721,-1.69575830423
9534,120221138,420053,434145,1,1,21/05/2012,934,3,1,1,1,3,3,1,3,9,53.8030028699,-1.69548467916
9535,120223057,443314,439002,2,1,22/05/2012,730,2,1,7,1,1,3,1,27,9,53.8452425579,-1.34158883063
9536,120223830,432477,444996,3,1,22/05/2012,1610,3,1,1,1,1,3,2,56,9,53.8999107973,-1.50567803358
9537,120223938,430433,432769,2,1,22/05/2012,1300,3,1,1,1,1,3,1,35,9,53.7901306324,-1.53799957302
9538,120226871,421366,440475,2,2,22/05/2012,830,3,1,1,1,1,3,2,27,9,53.8598498124,-1.67510640448
9539,120226871,421366,440475,2,2,22/05/2012,830,3,1,1,1,2,3,2,4,9,53.8598498124,-1.67510640448
9540,120224357,431301,434350,1,1,23/05/2012,130,6,1,4,1,1,3,2,33,9,53.8042902881,-1.52466236972
9541,120225376,420829,439686,2,1,23/05/2012,1500,3,1,1,1,1,3,2,21,9,53.8527794855,-1.68332549097
9542,120225569,431836,434863,1,1,23/05/2012,1800,6,1,7,1,2,3,2,7,9,53.8088690087,-1.51648510912
9543,120225892,418254,442013,2,1,23/05/2012,1855,3,1,7,1,1,2,1,21,5,53.8737933637,-1.72233559642
9544,120226275,428382,434050,2,1,24/05/2012,750,3,1,1,1,1,3,2,25,1,53.8017611418,-1.56901656607
9545,120226575,430044,434023,1,1,24/05/2012,1150,3,1,1,1,2,3,1,75,11,53.8014251057,-1.54378242541
9546,120227159,425554,439752,2,1,24/05/2012,1635,6,1,1,1,1,3,2,57,9,53.8531616836,-1.61148492753
9547,120227237,432099,428697,2,1,24/05/2012,1645,1,1,1,1,1,3,2,37,9,53.753428436,-1.5131328912
9548,120227331,423846,434676,1,1,24/05/2012,1825,6,1,7,1,3,2,1,18,9,53.8076158714,-1.63784602012
9549,120227420,434848,434636,2,1,24/05/2012,2000,3,1,7,1,1,3,2,23,1,53.806635476,-1.47076758173
9550,120227736,428862,433349,2,1,24/05/2012,2235,3,1,4,1,1,2,1,28,3,53.7954336165,-1.56179364691
9551,120228684,429500,438091,3,2,25/05/2012,1350,4,1,1,1,1,3,2,62,9,53.8380222946,-1.55165261399
9552,120228684,429500,438091,3,2,25/05/2012,1350,4,1,1,1,1,3,1,41,9,53.8380222946,-1.55165261399
9553,120228911,429831,431155,1,1,25/05/2012,1440,6,1,1,1,3,3,2,2,9,53.7756576404,-1.54729434669
9554,120229029,428062,435959,2,1,25/05/2012,1830,3,1,7,1,1,2,1,24,1,53.8189380192,-1.57370158028
9555,120229105,425159,436536,1,1,25/05/2012,2020,3,1,7,1,1,3,1,47,9,53.8242731502,-1.6177535954
9556,120229165,442595,427574,1,1,25/05/2012,1745,6,1,7,1,1,3,1,43,3,53.7425820642,-1.35409761346
9557,120229436,430962,435785,1,2,25/05/2012,2348,6,1,4,1,3,2,2,29,11,53.8172093505,-1.52966586591
9558,120229436,430962,435785,1,2,25/05/2012,2348,6,1,4,1,3,3,1,32,11,53.8172093505,-1.52966586591
9559,120230410,428293,425466,2,1,25/05/2012,1955,6,1,7,1,1,3,1,14,1,53.7246060204,-1.5711549125
9560,120253473,422291,432033,2,1,25/05/2012,840,6,1,1,1,3,3,1,37,19,53.7839272937,-1.66165291419
9561,120229642,432621,428421,1,1,26/05/2012,615,3,1,7,1,3,2,2,51,9,53.7509151245,-1.50524484115
9562,120230394,424773,433564,2,2,26/05/2012,1930,4,1,7,1,1,3,1,29,9,53.7975769798,-1.62385728284
9563,120230394,424773,433564,2,2,26/05/2012,1930,4,1,7,1,1,3,2,20,9,53.7975769798,-1.62385728284
9564,120230576,429290,435060,1,1,26/05/2012,2222,3,1,7,1,3,3,2,20,9,53.8107894219,-1.5551328472
9565,120231127,419820,441210,2,1,26/05/2012,1610,3,1,1,1,1,3,1,46,5,53.8665179093,-1.69856718038
9566,120231189,429772,438879,2,3,26/05/2012,2012,3,1,7,1,1,3,2,39,9,53.8450898466,-1.54744246632
9567,120231189,429772,438879,2,3,26/05/2012,2012,3,1,7,1,2,3,1,20,9,53.8450898466,-1.54744246632
9568,120231189,429772,438879,2,3,26/05/2012,2012,3,1,7,1,2,3,1,49,9,53.8450898466,-1.54744246632
9569,120232400,431303,428956,2,1,26/05/2012,1025,6,1,1,1,1,3,2,26,9,53.7558049541,-1.52517964064
9570,120238047,430458,428478,1,1,26/05/2012,1530,6,1,1,1,3,3,2,14,9,53.7515583956,-1.53804372513
9571,120231199,428417,427256,2,1,27/05/2012,1205,3,1,1,1,1,3,2,24,9,53.7406893338,-1.56911095826
9572,120231367,426235,426759,2,1,27/05/2012,1530,3,1,1,1,1,3,2,42,9,53.7363362328,-1.6022380534
9573,120231524,444082,433925,1,3,27/05/2012,1750,2,1,7,1,1,3,2,55,19,53.7995440242,-1.33064315836
9574,120231524,444082,433925,1,3,27/05/2012,1750,2,1,7,1,2,3,1,45,19,53.7995440242,-1.33064315836
9575,120231524,444082,433925,1,3,27/05/2012,1750,2,1,7,1,2,3,1,54,19,53.7995440242,-1.33064315836
9576,120232744,433911,436533,2,1,28/05/2012,1049,3,1,1,1,1,2,1,32,3,53.8237488362,-1.48478795919
9577,120233097,429542,433591,1,1,28/05/2012,1620,6,1,1,1,3,3,2,47,8,53.7975707248,-1.55144646778
9578,120233290,424992,432893,2,5,28/05/2012,1931,6,1,7,1,1,3,2,52,9,53.7915350063,-1.62058659803
9579,120233290,424992,432893,2,5,28/05/2012,1931,6,1,7,1,1,3,1,22,9,53.7915350063,-1.62058659803
9580,120233290,424992,432893,2,5,28/05/2012,1931,6,1,7,1,2,3,1,26,9,53.7915350063,-1.62058659803
9581,120233290,424992,432893,2,5,28/05/2012,1931,6,1,7,1,2,3,1,19,9,53.7915350063,-1.62058659803
9582,120233290,424992,432893,2,5,28/05/2012,1931,6,1,7,1,2,3,1,21,9,53.7915350063,-1.62058659803
9583,120234032,434368,428596,2,2,28/05/2012,1315,6,1,1,1,1,3,2,32,9,53.7523758629,-1.47873019914
9584,120234032,434368,428596,2,2,28/05/2012,1315,6,1,1,1,2,3,2,30,9,53.7523758629,-1.47873019914
9585,120246489,440823,433578,1,1,28/05/2012,1054,3,1,1,1,2,3,2,87,11,53.7966909791,-1.38017165697
9586,120233787,430932,436027,2,1,29/05/2012,813,6,1,1,1,1,3,2,29,1,53.8193863969,-1.53009723504
9587,120233898,443061,440441,2,1,29/05/2012,800,2,1,1,1,1,3,2,40,9,53.8581978255,-1.34523253105
9588,120234023,424545,437441,2,1,29/05/2012,945,6,1,1,1,1,2,2,72,9,53.8324373529,-1.62700975967
9589,120234401,430701,433606,2,3,29/05/2012,1100,3,1,1,1,1,3,2,21,9,53.7976384501,-1.53384782435
9590,120234401,430701,433606,2,3,29/05/2012,1100,3,1,1,1,2,3,2,50,9,53.7976384501,-1.53384782435
9591,120234401,430701,433606,2,3,29/05/2012,1100,3,1,1,1,2,3,2,49,9,53.7976384501,-1.53384782435
9592,120234658,439358,432365,2,1,29/05/2012,1435,3,1,1,1,1,3,1,25,1,53.7859007791,-1.40256880032
9593,120235442,429933,433540,1,1,29/05/2012,1451,6,1,1,1,2,3,1,65,11,53.7970899494,-1.54551484602
9594,120235963,431729,435688,2,3,29/05/2012,2010,6,1,7,1,1,3,1,38,8,53.8162912034,-1.51802505989
9595,120235963,431729,435688,2,3,29/05/2012,2010,6,1,7,1,2,3,1,18,8,53.8162912034,-1.51802505989
9596,120235963,431729,435688,2,3,29/05/2012,2010,6,1,7,1,2,3,1,25,8,53.8162912034,-1.51802505989
9597,120236631,430923,434842,2,2,29/05/2012,1800,6,1,7,1,1,3,2,25,9,53.8087353388,-1.53035304759
9598,120236631,430923,434842,2,2,29/05/2012,1800,6,1,7,1,2,3,2,36,9,53.8087353388,-1.53035304759
9599,120239607,435234,434859,2,1,29/05/2012,1830,6,1,7,1,1,3,1,44,1,53.8086139274,-1.46488019952
9600,120235510,425578,443072,3,1,30/05/2012,735,3,1,1,1,1,3,1,54,3,53.8830029871,-1.61084315386
9601,120235871,428507,433078,2,1,30/05/2012,950,3,1,1,1,2,3,2,50,11,53.7930172343,-1.56720845315
9602,120236488,429930,436757,4,2,30/05/2012,1602,3,1,1,1,1,3,2,31,9,53.8260068005,-1.54524751075
9603,120236488,429930,436757,4,2,30/05/2012,1602,3,1,1,1,1,3,1,39,9,53.8260068005,-1.54524751075
9604,120236708,425216,437870,2,2,30/05/2012,1920,3,1,7,1,1,3,2,46,9,53.8362613982,-1.61677816952
9605,120236708,425216,437870,2,2,30/05/2012,1920,3,1,7,1,1,3,2,21,9,53.8362613982,-1.61677816952
9606,120236987,429796,433788,2,2,30/05/2012,2330,6,2,4,1,1,3,1,45,9,53.7993270194,-1.54757090922
9607,120236987,429796,433788,2,2,30/05/2012,2330,6,2,4,1,2,3,1,32,9,53.7993270194,-1.54757090922
9608,120237477,424375,435297,2,1,30/05/2012,830,3,1,1,1,1,3,1,38,9,53.8131733948,-1.62976298888
9609,120238291,430778,433479,2,1,30/05/2012,840,3,1,1,1,1,2,1,31,1,53.7964923335,-1.53269141956
9610,120275965,431233,436351,1,1,30/05/2012,1440,4,1,1,9,2,3,1,28,11,53.8222807281,-1.52549186999
9611,120236977,433616,436378,2,1,31/05/2012,3,3,2,4,1,1,3,1,40,9,53.8223747642,-1.48928666002
9612,120237607,430620,426496,3,1,31/05/2012,1155,1,2,1,2,1,3,2,79,9,53.7337330985,-1.53578315512
9613,120238203,430798,434540,2,1,31/05/2012,734,3,2,1,1,1,3,2,23,9,53.8060281696,-1.53228164759
9614,120238260,426797,433064,2,2,31/05/2012,1342,6,1,1,1,1,3,2,31,9,53.7929822673,-1.59317004358
9615,120238260,426797,433064,2,2,31/05/2012,1342,6,1,1,1,2,3,2,23,9,53.7929822673,-1.59317004358
9616,120239423,432307,434539,2,1,31/05/2012,1255,6,1,1,1,1,3,2,28,9,53.805927632,-1.50936600611
9617,120244789,432336,432648,2,1,31/05/2012,835,6,1,1,1,1,3,1,42,1,53.788928229,-1.50912414499
9618,120240696,428397,434382,2,3,01/06/2012,1625,6,1,1,1,1,3,2,32,9,53.8047445883,-1.56875817575
9619,120240696,428397,434382,2,3,01/06/2012,1625,6,1,1,1,1,3,2,47,9,53.8047445883,-1.56875817575
9620,120240696,428397,434382,2,3,01/06/2012,1625,6,1,1,1,2,3,1,14,9,53.8047445883,-1.56875817575
9621,120243062,425298,434952,1,2,02/06/2012,510,6,1,7,1,2,3,1,29,8,53.8100281724,-1.61577205005
9622,120243062,425298,434952,1,2,02/06/2012,510,6,1,7,1,2,3,2,25,8,53.8100281724,-1.61577205005
9623,120242445,429372,433750,2,2,03/06/2012,1510,2,2,1,2,1,3,1,21,9,53.7990095602,-1.55401242741
9624,120242445,429372,433750,2,2,03/06/2012,1510,2,2,1,2,2,3,2,41,9,53.7990095602,-1.55401242741