Col.Number,Reference.Number,Easting,Northing,Number.of.Vehicles,Number.of.Casualties,Accident.Date,Time..24hr.,X1st.Road.Class,Road.Surface,Lighting.Conditions,Weather.Conditions,Casualty.Class,Casualty.Severity,Sex.of.Casualty,Age.of.Casualty,Type.of.Vehicle,Latitude,Longitude
9625,120242748,430791,433470,2,1,03/06/2012,2355,3,1,7,1,1,3,1,44,1,53.7964106659,-1.53249494487
9626,120245030,435934,435609,2,1,03/06/2012,1120,6,1,1,1,1,3,2,32,9,53.8153074666,-1.45416182827
9627,120243286,420296,445740,1,2,04/06/2012,1520,6,1,1,1,1,3,1,56,9,53.9072185432,-1.69102790856
9628,120243286,420296,445740,1,2,04/06/2012,1520,6,1,1,1,3,2,2,67,9,53.9072185432,-1.69102790856
9629,120243524,430109,431683,1,1,04/06/2012,2115,3,1,7,1,3,2,1,66,9,53.7803877018,-1.54302409951
9630,120243598,434550,435526,1,1,04/06/2012,1930,6,1,7,1,3,2,1,5,9,53.8146552275,-1.47519314534
9631,120253999,431344,437932,2,1,04/06/2012,2356,6,1,4,1,2,3,2,37,19,53.8364851099,-1.52364435859
9632,120243917,426410,433903,1,1,05/06/2012,1050,6,1,1,1,3,3,1,11,9,53.8005436527,-1.59897334791
9633,120244034,427897,436190,2,1,05/06/2012,1225,3,1,1,1,1,2,1,34,1,53.8210232977,-1.5761871184
9634,120244110,430891,436419,1,1,05/06/2012,1050,6,1,1,1,3,2,2,90,9,53.8229123962,-1.53068068988
9635,120244197,431661,433980,2,1,05/06/2012,1450,6,1,1,1,3,2,2,44,9,53.8009426832,-1.51923365981
9636,120244320,433300,425354,2,1,05/06/2012,1412,3,1,1,1,1,2,1,19,3,53.7233036659,-1.49527743509
9637,120244805,424135,444002,2,1,05/06/2012,1230,3,1,1,1,1,2,1,42,5,53.891431633,-1.63272391325
9638,120245212,424126,444003,2,2,05/06/2012,1650,3,1,1,1,1,3,1,21,9,53.8914410405,-1.63286078951
9639,120245212,424126,444003,2,2,05/06/2012,1650,3,1,1,1,1,3,2,68,9,53.8914410405,-1.63286078951
9640,120245309,426670,438497,2,1,06/06/2012,1139,6,1,1,1,2,3,2,18,3,53.8418247199,-1.59462707095
9641,120245946,424092,428102,2,2,06/06/2012,1545,3,1,1,1,1,3,1,28,9,53.7485117687,-1.6346236838
9642,120245946,424092,428102,2,2,06/06/2012,1545,3,1,1,1,1,3,1,42,9,53.7485117687,-1.6346236838
9643,120246664,428204,433480,3,1,07/06/2012,1010,3,2,1,2,1,3,1,22,3,53.7966472307,-1.57177163206
9644,120247357,430645,434661,2,1,07/06/2012,1243,3,1,1,1,1,3,1,29,1,53.8071248406,-1.53459307402
9645,120247362,421792,435438,1,1,07/06/2012,1615,4,2,1,2,3,3,2,65,9,53.8145554972,-1.66898596994
9646,120247744,430815,439189,2,1,07/06/2012,1510,3,2,1,2,1,3,2,49,9,53.8478154858,-1.53155752237
9647,120248836,427300,427868,2,1,08/06/2012,630,6,2,7,2,1,3,1,43,9,53.7462502075,-1.58599354406
9648,120249864,431178,434981,2,2,08/06/2012,1730,3,1,7,1,1,3,1,41,9,53.8099695406,-1.5264662672
9649,120249864,431178,434981,2,2,08/06/2012,1730,3,1,7,1,2,3,2,36,9,53.8099695406,-1.5264662672
9650,120250258,432192,427174,2,3,09/06/2012,402,1,1,7,1,1,3,1,42,9,53.7397328116,-1.51188105165
9651,120250258,432192,427174,2,3,09/06/2012,402,1,1,7,1,1,3,1,36,9,53.7397328116,-1.51188105165
9652,120250258,432192,427174,2,3,09/06/2012,402,1,1,7,1,2,3,2,39,9,53.7397328116,-1.51188105165
9653,120250356,429490,434134,2,1,09/06/2012,2020,2,1,7,1,1,3,2,55,9,53.8024545582,-1.55218398841
9654,120250670,430885,436213,2,2,09/06/2012,1250,6,1,1,1,1,3,1,35,9,53.8210610856,-1.5307925308
9655,120250670,430885,436213,2,2,09/06/2012,1250,6,1,1,1,2,3,1,36,9,53.8210610856,-1.5307925308
9656,120250689,426266,435824,2,1,09/06/2012,1235,3,2,1,2,1,3,2,45,9,53.8178183867,-1.60099593903
9657,120250886,426002,437730,2,2,10/06/2012,828,6,1,1,1,1,3,1,81,9,53.8349642283,-1.60484503727
9658,120250886,426002,437730,2,2,10/06/2012,828,6,1,1,1,2,3,2,26,9,53.8349642283,-1.60484503727
9659,120251367,426223,442458,2,1,10/06/2012,1615,3,1,1,1,1,3,2,53,1,53.8774517308,-1.60108258977
9660,120251571,442501,434488,2,2,10/06/2012,2015,1,5,7,5,1,3,1,22,9,53.804736085,-1.35457020765
9661,120251571,442501,434488,2,2,10/06/2012,2015,1,5,7,5,1,3,1,22,9,53.804736085,-1.35457020765
9662,120252268,426124,439158,2,1,10/06/2012,930,6,2,1,1,1,3,1,35,1,53.8477940171,-1.60286959605
9663,120251921,429021,436879,1,1,11/06/2012,745,6,1,1,1,3,3,2,15,9,53.8271549776,-1.55904676399
9664,120251924,428670,437010,2,1,11/06/2012,820,4,1,1,1,1,2,1,40,1,53.8283519812,-1.56436756927
9665,120252779,432128,435329,1,1,11/06/2012,1625,4,1,1,1,3,2,1,9,9,53.8130397694,-1.51200183417
9666,120252844,429691,433788,2,2,11/06/2012,1430,6,1,1,1,1,3,1,49,9,53.7993330229,-1.54916519812
9667,120252844,429691,433788,2,2,11/06/2012,1430,6,1,1,1,1,3,2,22,9,53.7993330229,-1.54916519812
9668,120252864,432912,434492,2,1,11/06/2012,1750,6,1,7,1,1,3,1,33,9,53.805467231,-1.50018350996
9669,120252892,428392,434388,2,1,11/06/2012,1715,6,1,7,1,1,2,1,32,1,53.8047987937,-1.56883355092
9670,120254225,434849,435148,2,1,12/06/2012,1512,6,1,1,1,1,3,1,13,1,53.8112375787,-1.47069442386
9671,120254427,432550,433648,2,1,12/06/2012,1748,6,1,7,1,1,3,2,56,9,53.7979035731,-1.50576999833
9672,120254578,429599,428106,2,1,12/06/2012,1750,6,1,7,1,1,3,2,25,9,53.7482640577,-1.55110737323
9673,120254615,421307,435625,2,2,12/06/2012,1800,3,1,7,1,1,2,2,64,90,53.8162565132,-1.67633989479
9674,120254615,421307,435625,2,2,12/06/2012,1800,3,1,7,1,1,2,1,19,9,53.8162565132,-1.67633989479
9675,120254868,429181,434439,2,1,12/06/2012,1310,6,1,1,1,1,2,2,21,1,53.8052135497,-1.55684719823
9676,120263152,430426,433962,1,3,12/06/2012,1128,6,1,1,1,2,3,1,49,11,53.80085459,-1.53798799635
9677,120263152,430426,433962,1,3,12/06/2012,1128,6,1,1,1,2,3,2,5,11,53.80085459,-1.53798799635
9678,120263152,430426,433962,1,3,12/06/2012,1128,6,1,1,1,2,3,2,47,11,53.80085459,-1.53798799635
9679,120254987,430346,435926,2,1,13/06/2012,740,3,2,1,1,1,3,1,50,5,53.8185130786,-1.53900908426
9680,120256011,432827,429188,2,3,13/06/2012,1600,6,1,1,1,1,3,2,33,9,53.7577965515,-1.50203907967
9681,120256011,432827,429188,2,3,13/06/2012,1600,6,1,1,1,2,3,1,10,9,53.7577965515,-1.50203907967
9682,120256011,432827,429188,2,3,13/06/2012,1600,6,1,1,1,2,3,2,11,9,53.7577965515,-1.50203907967
9683,120256426,433903,436529,2,2,13/06/2012,2020,3,2,7,1,1,3,2,21,9,53.8237134037,-1.48490993931
9684,120256426,433903,436529,2,2,13/06/2012,2020,3,2,7,1,1,3,1,35,9,53.8237134037,-1.48490993931
9685,120257700,429723,437057,1,1,14/06/2012,1620,6,1,1,1,3,3,1,5,9,53.8287152874,-1.54836352981
9686,120257792,433002,434154,1,1,14/06/2012,1740,4,1,7,1,3,3,1,25,9,53.8024233608,-1.49885301801
9687,120258548,432404,434880,2,1,14/06/2012,1500,4,1,1,1,2,3,1,3,11,53.8089867328,-1.50785706612
9688,120296287,420516,445572,2,1,14/06/2012,730,3,2,7,1,1,3,1,37,9,53.9056997749,-1.68769010189
9689,120258929,428921,429840,2,1,15/06/2012,800,3,1,1,1,1,3,1,30,9,53.7638887231,-1.56122703436
9690,120258960,429188,431915,2,4,15/06/2012,1250,6,2,1,2,1,3,2,48,9,53.7825255514,-1.55698003932
9691,120258960,429188,431915,2,4,15/06/2012,1250,6,2,1,2,1,3,1,55,11,53.7825255514,-1.55698003932
9692,120258960,429188,431915,2,4,15/06/2012,1250,6,2,1,2,2,3,1,27,11,53.7825255514,-1.55698003932
9693,120258960,429188,431915,2,4,15/06/2012,1250,6,2,1,2,2,3,1,56,11,53.7825255514,-1.55698003932
9694,120259216,432413,434870,1,1,15/06/2012,1350,4,1,1,1,3,3,2,75,9,53.8088962852,-1.50772143529
9695,120260135,429230,435447,2,1,15/06/2012,1510,6,1,1,1,1,3,1,23,3,53.8142714333,-1.5560073575
9696,120260156,423728,434326,2,1,15/06/2012,1640,3,1,1,1,1,3,1,43,9,53.8044751807,-1.63966504874
9697,120260160,421936,432972,1,1,15/06/2012,1915,4,1,7,1,3,2,2,77,9,53.7923829306,-1.66697439066
9698,120260171,431187,431460,2,1,15/06/2012,1410,6,1,1,1,1,3,2,39,9,53.7783197472,-1.5266860379
9699,120260197,430549,436959,2,3,15/06/2012,1955,6,1,7,1,1,3,1,49,8,53.8277864953,-1.53582277126
9700,120260197,430549,436959,2,3,15/06/2012,1955,6,1,7,1,2,3,2,23,8,53.8277864953,-1.53582277126
9701,120260197,430549,436959,2,3,15/06/2012,1955,6,1,7,1,2,3,2,27,8,53.8277864953,-1.53582277126
9702,120259756,431069,434568,3,2,16/06/2012,35,6,2,4,2,1,3,1,22,9,53.8062637344,-1.52816339333
9703,120259756,431069,434568,3,2,16/06/2012,35,6,2,4,2,1,3,1,23,9,53.8062637344,-1.52816339333
9704,120260143,422641,440091,2,1,16/06/2012,700,6,2,7,2,1,3,1,58,17,53.8563440797,-1.65574732986
9705,120260150,432191,427178,3,3,16/06/2012,1040,1,2,1,1,1,3,1,21,9,53.7397688284,-1.51189579717
9706,120260150,432191,427178,3,3,16/06/2012,1040,1,2,1,1,2,3,2,18,9,53.7397688284,-1.51189579717
9707,120260150,432191,427178,3,3,16/06/2012,1040,1,2,1,1,2,3,1,22,9,53.7397688284,-1.51189579717
9708,120260754,424236,428229,3,2,16/06/2012,1655,3,1,1,1,1,3,1,57,9,53.7496466826,-1.63242988231
9709,120260754,424236,428229,3,2,16/06/2012,1655,3,1,1,1,1,3,1,69,3,53.7496466826,-1.63242988231
9710,120260800,440066,439623,2,3,16/06/2012,1850,3,1,7,1,1,3,1,67,9,53.851085107,-1.39087707832
9711,120260800,440066,439623,2,3,16/06/2012,1850,3,1,7,1,1,3,1,24,9,53.851085107,-1.39087707832
9712,120260800,440066,439623,2,3,16/06/2012,1850,3,1,7,1,2,3,2,66,9,53.851085107,-1.39087707832
9713,120281894,430391,433479,2,1,16/06/2012,910,6,2,1,2,1,3,2,28,9,53.7965150841,-1.53856710741
9714,120261512,432869,434294,2,1,17/06/2012,1110,6,1,1,1,1,3,1,9,1,53.8036901953,-1.50085763951
9715,120261955,434940,434646,4,2,17/06/2012,1844,3,1,7,1,1,3,1,31,4,53.8067191894,-1.46936931955
9716,120261955,434940,434646,4,2,17/06/2012,1844,3,1,7,1,2,2,2,26,4,53.8067191894,-1.46936931955
9717,120262895,421873,441275,3,1,17/06/2012,1450,3,1,1,1,1,3,1,24,9,53.8670197057,-1.66734001091
9718,120262937,442622,426488,1,1,17/06/2012,1915,3,1,7,1,1,2,1,40,5,53.7328183121,-1.35383796389
9719,120268638,428331,435749,2,1,17/06/2012,1245,3,1,1,1,1,3,1,20,1,53.8170357951,-1.5696345863
9720,120262354,429292,431620,1,1,18/06/2012,215,6,1,4,1,1,3,1,34,10,53.7798680229,-1.5554295921
9721,120262554,426230,431894,2,1,18/06/2012,800,3,1,1,1,1,3,1,42,1,53.7824942501,-1.60187754507
9722,120263591,431233,433719,2,1,18/06/2012,1650,3,1,1,1,1,3,1,51,1,53.7986225065,-1.5257589836
9723,120271676,432957,435656,1,1,18/06/2012,1620,6,1,1,1,3,3,2,8,9,53.8159271707,-1.49937549525
9724,120264870,424852,429107,2,1,19/06/2012,520,6,1,7,1,1,3,1,39,1,53.7575099125,-1.62301701138
9725,120265022,428832,430262,2,1,19/06/2012,1015,6,1,1,1,2,3,1,22,9,53.7676869304,-1.56253781955
9726,120265134,429828,438859,2,1,19/06/2012,1640,6,1,1,1,2,3,2,58,9,53.84490686,-1.54659319463
9727,120265237,430039,434050,4,1,19/06/2012,1715,6,1,7,1,1,3,2,22,9,53.80166809,-1.54385571369
9728,120267473,434885,433437,2,1,19/06/2012,1325,6,1,1,1,1,3,1,56,5,53.7958556357,-1.47034152871
9729,120274296,435203,433543,1,2,19/06/2012,750,6,1,1,1,1,3,1,50,1,53.7967870103,-1.4655014548
9730,120274296,435203,433543,1,2,19/06/2012,750,6,1,1,1,3,3,1,45,1,53.7967870103,-1.4655014548
9731,120266596,424641,433558,2,2,20/06/2012,1450,3,1,1,1,1,3,2,55,9,53.7975293158,-1.62586194766
9732,120266596,424641,433558,2,2,20/06/2012,1450,3,1,1,1,2,3,2,23,9,53.7975293158,-1.62586194766
9733,120266866,426057,436615,3,3,20/06/2012,1601,6,1,1,1,1,3,1,50,9,53.8249390162,-1.60410373539
9734,120266866,426057,436615,3,3,20/06/2012,1601,6,1,1,1,1,3,1,44,9,53.8249390162,-1.60410373539
9735,120266866,426057,436615,3,3,20/06/2012,1601,6,1,1,1,1,3,2,24,9,53.8249390162,-1.60410373539
9736,120266998,424369,445350,2,1,20/06/2012,1700,3,1,7,1,1,3,1,54,3,53.9035374213,-1.62905578102
9737,120270959,430662,431730,2,1,20/06/2012,1738,6,1,7,1,1,3,2,46,1,53.7807778938,-1.53462663316
9738,120287732,435726,436916,4,1,20/06/2012,1145,3,2,1,2,1,2,2,67,9,53.8270698682,-1.45716937302
9739,120268616,426717,426697,1,1,21/06/2012,1715,3,2,7,2,3,3,1,17,9,53.7357544467,-1.59493576801
9740,120268886,427785,433462,2,2,21/06/2012,1925,6,2,7,2,2,3,2,18,8,53.7965079788,-1.57813484598
9741,120268886,427785,433462,2,2,21/06/2012,1925,6,2,7,2,2,3,2,22,8,53.7965079788,-1.57813484598
9742,120268962,431139,434294,2,3,21/06/2012,2034,6,1,7,1,1,3,1,19,9,53.8037966452,-1.52712807651
9743,120268962,431139,434294,2,3,21/06/2012,2034,6,1,7,1,1,3,1,58,9,53.8037966452,-1.52712807651
9744,120268962,431139,434294,2,3,21/06/2012,2034,6,1,7,1,2,3,1,17,9,53.8037966452,-1.52712807651
9745,120269547,429064,432239,2,1,21/06/2012,1400,6,1,1,1,1,3,1,31,3,53.7854448505,-1.55883151939
9746,120269730,433401,429908,2,1,22/06/2012,1135,4,2,1,2,2,3,2,19,9,53.7642319445,-1.49325439283
9747,120270204,428738,432711,2,2,22/06/2012,1530,3,2,1,5,1,3,1,34,9,53.7897056514,-1.56373576762
9748,120270204,428738,432711,2,2,22/06/2012,1530,3,2,1,5,2,3,2,27,9,53.7897056514,-1.56373576762
9749,120270261,430982,434443,2,1,22/06/2012,1321,6,1,1,1,1,3,1,18,3,53.8051453372,-1.52949717027
9750,120270334,435145,438710,1,1,22/06/2012,1500,3,1,1,1,2,3,1,94,9,53.8432349729,-1.46579164273
9751,120270424,430158,435276,3,3,22/06/2012,1700,6,1,7,1,1,3,1,32,9,53.8126813649,-1.54192863716
9752,120270424,430158,435276,3,3,22/06/2012,1700,6,1,7,1,1,3,2,33,9,53.8126813649,-1.54192863716
9753,120270424,430158,435276,3,3,22/06/2012,1700,6,1,7,1,2,3,2,31,9,53.8126813649,-1.54192863716
9754,120271136,423639,437900,2,1,22/06/2012,2129,6,1,7,1,1,3,1,45,9,53.8366052134,-1.64074188715
9755,120279393,426004,437376,2,1,22/06/2012,1645,6,1,1,1,2,3,2,20,9,53.8317821122,-1.60484459698
9756,120271020,426990,427909,2,3,23/06/2012,852,6,2,1,2,1,3,1,27,19,53.7466348959,-1.59069100162
9757,120271020,426990,427909,2,3,23/06/2012,852,6,2,1,2,1,3,2,51,9,53.7466348959,-1.59069100162
9758,120271020,426990,427909,2,3,23/06/2012,852,6,2,1,2,2,3,2,16,9,53.7466348959,-1.59069100162
9759,120271999,427496,425508,1,1,23/06/2012,13,3,2,4,2,1,3,1,62,9,53.7250261745,-1.58323117936
9760,120272986,428552,433238,5,9,23/06/2012,2315,3,2,4,2,1,3,1,20,9,53.7944529688,-1.56651045828
9761,120272986,428552,433238,5,9,23/06/2012,2315,3,2,4,2,1,3,1,30,9,53.7944529688,-1.56651045828
9762,120272986,428552,433238,5,9,23/06/2012,2315,3,2,4,2,1,3,1,24,9,53.7944529688,-1.56651045828
9763,120272986,428552,433238,5,9,23/06/2012,2315,3,2,4,2,2,3,2,7,9,53.7944529688,-1.56651045828
9764,120272986,428552,433238,5,9,23/06/2012,2315,3,2,4,2,2,3,2,30,9,53.7944529688,-1.56651045828
9765,120272986,428552,433238,5,9,23/06/2012,2315,3,2,4,2,2,2,2,2,9,53.7944529688,-1.56651045828
9766,120272986,428552,433238,5,9,23/06/2012,2315,3,2,4,2,2,3,1,10,9,53.7944529688,-1.56651045828
9767,120272986,428552,433238,5,9,23/06/2012,2315,3,2,4,2,2,3,2,18,9,53.7944529688,-1.56651045828
9768,120272986,428552,433238,5,9,23/06/2012,2315,3,2,4,2,2,3,1,22,9,53.7944529688,-1.56651045828
9769,120273479,427116,435022,3,2,23/06/2012,2338,6,2,4,2,1,1,1,49,8,53.8105657624,-1.58815471938
9770,120273479,427116,435022,3,2,23/06/2012,2338,6,2,4,2,2,3,1,23,9,53.8105657624,-1.58815471938
9771,120273648,426132,439137,1,1,23/06/2012,1253,6,2,1,1,2,3,2,78,11,53.8476048514,-1.60274977248
9772,120272320,424518,434238,2,1,24/06/2012,510,6,1,7,1,1,3,1,31,9,53.8036475242,-1.62767533991
9773,120274605,430387,437051,1,1,24/06/2012,1820,6,1,7,1,3,3,2,18,8,53.8286229515,-1.53827510072
9774,120273350,425966,434124,1,1,25/06/2012,710,3,1,7,1,1,3,2,42,9,53.8025525291,-1.60569651957
9775,120273490,429495,432985,2,1,25/06/2012,850,6,1,1,1,1,3,1,31,1,53.7921262133,-1.5522180965
9776,120273701,430719,432509,1,1,25/06/2012,936,3,1,1,1,3,2,1,44,11,53.7877767584,-1.53368391104
9777,120274028,420752,434382,2,1,25/06/2012,1300,3,1,1,1,1,3,1,48,8,53.805105813,-1.68485419653
9778,120274500,433354,434051,2,1,25/06/2012,1700,3,1,7,1,1,2,1,31,1,53.8014750767,-1.49351916023
9779,120275337,440291,448292,1,1,25/06/2012,1700,3,1,7,1,3,2,2,13,9,53.9289877869,-1.38631621401
9780,120275080,431962,431233,2,2,26/06/2012,812,3,1,1,1,1,3,1,60,9,53.7762323038,-1.51494812621
9781,120275080,431962,431233,2,2,26/06/2012,812,3,1,1,1,2,3,2,54,9,53.7762323038,-1.51494812621
9782,120275134,420116,446046,1,1,26/06/2012,825,4,1,1,1,3,3,1,11,9,53.9099761102,-1.69374793873
9783,120275404,432650,434935,2,1,26/06/2012,1130,6,1,1,1,1,3,2,39,9,53.8094657219,-1.50411520554
9784,120276201,435797,425980,2,1,26/06/2012,1446,3,1,1,1,1,3,1,36,1,53.7287652283,-1.45736017937
9785,120276260,422449,432848,2,1,26/06/2012,2032,6,1,7,1,1,3,1,23,2,53.7912464319,-1.65919536734
9786,120276784,432942,440193,2,1,26/06/2012,1145,6,1,1,1,1,3,2,30,9,53.8567094542,-1.49911693951
9787,120276786,417885,443313,2,1,26/06/2012,1730,3,1,7,1,1,3,1,43,1,53.8854916415,-1.72787257587
9788,120276793,431170,434984,2,1,27/06/2012,713,3,2,7,1,1,3,1,33,8,53.8099969863,-1.52658746337
9789,120277026,436982,433606,2,3,27/06/2012,1045,3,1,1,1,1,3,2,49,19,53.7972298737,-1.43848415168
9790,120277026,436982,433606,2,3,27/06/2012,1045,3,1,1,1,2,3,1,88,19,53.7972298737,-1.43848415168
9791,120277026,436982,433606,2,3,27/06/2012,1045,3,1,1,1,2,3,1,71,19,53.7972298737,-1.43848415168
9792,120277065,429236,425665,1,1,27/06/2012,1007,6,1,1,1,2,3,2,51,11,53.7263428009,-1.55684324691
9793,120277686,425902,439423,2,2,27/06/2012,1705,6,1,7,1,1,3,2,28,9,53.8501871497,-1.60622193974
9794,120277686,425902,439423,2,2,27/06/2012,1705,6,1,7,1,1,3,2,54,9,53.8501871497,-1.60622193974
9795,120277840,425097,436574,2,1,27/06/2012,1650,3,1,1,1,1,2,1,16,1,53.8246177212,-1.618692451
9796,120277879,430632,434664,2,1,27/06/2012,1515,3,1,1,1,1,3,2,43,9,53.8071525726,-1.53479019986
9797,120278522,429763,433513,2,2,28/06/2012,910,6,2,1,1,1,3,2,33,9,53.7968570069,-1.54809854692
9798,120278522,429763,433513,2,2,28/06/2012,910,6,2,1,1,1,3,2,37,9,53.7968570069,-1.54809854692
9799,120278885,428277,433451,2,1,28/06/2012,1200,3,2,1,2,1,3,2,33,9,53.796382594,-1.57066595141
9800,120279385,429982,434390,2,1,28/06/2012,1527,2,2,1,1,2,3,2,29,9,53.8047275438,-1.54468812349
9801,120279652,431884,435670,2,2,28/06/2012,1945,6,1,7,1,1,3,1,36,9,53.8161199246,-1.51567251198
9802,120279652,431884,435670,2,2,28/06/2012,1945,6,1,7,1,2,3,1,51,9,53.8161199246,-1.51567251198
9803,120280968,427716,431069,2,2,29/06/2012,1355,1,1,1,1,1,3,1,60,9,53.7750014874,-1.57939764599
9804,120280968,427716,431069,2,2,29/06/2012,1355,1,1,1,1,2,3,2,21,9,53.7750014874,-1.57939764599
9805,120280988,435215,428913,2,1,29/06/2012,1530,3,1,1,1,1,3,1,72,9,53.7551687264,-1.46584795324
9806,120282348,427935,426300,2,3,30/06/2012,1443,3,1,1,1,1,3,1,33,9,53.7321220349,-1.57650572779
9807,120282348,427935,426300,2,3,30/06/2012,1443,3,1,1,1,1,3,2,35,9,53.7321220349,-1.57650572779
9808,120282348,427935,426300,2,3,30/06/2012,1443,3,1,1,1,2,3,1,29,9,53.7321220349,-1.57650572779
9809,120283323,430805,433254,2,1,30/06/2012,2045,3,1,7,1,1,3,1,35,9,53.7944682742,-1.53230398945
9810,120283549,420717,440958,2,1,01/07/2012,1440,6,1,1,1,2,3,1,29,9,53.8642177027,-1.6849423827
9811,120283573,430078,435416,1,1,01/07/2012,1105,6,1,1,1,2,3,1,3,11,53.8139444174,-1.54313003341
9812,120283693,443042,447699,1,1,01/07/2012,1700,6,1,7,1,1,2,1,51,5,53.9234363797,-1.34450138869
9813,120283720,431879,430498,2,3,01/07/2012,1712,1,1,7,1,1,3,1,32,9,53.7696306759,-1.51628363929
9814,120283720,431879,430498,2,3,01/07/2012,1712,1,1,7,1,2,3,2,54,9,53.7696306759,-1.51628363929
9815,120283720,431879,430498,2,3,01/07/2012,1712,1,1,7,1,2,3,1,44,9,53.7696306759,-1.51628363929
9816,120283740,428690,435178,2,2,01/07/2012,1625,6,1,1,1,1,3,1,9,1,53.8118835432,-1.56423457066
9817,120283740,428690,435178,2,2,01/07/2012,1625,6,1,1,1,1,3,1,23,9,53.8118835432,-1.56423457066
9818,120283743,424234,432729,2,3,01/07/2012,1743,6,1,7,1,1,3,1,18,19,53.7900966908,-1.63210672834
9819,120283743,424234,432729,2,3,01/07/2012,1743,6,1,7,1,1,3,1,61,9,53.7900966908,-1.63210672834
9820,120283743,424234,432729,2,3,01/07/2012,1743,6,1,7,1,2,3,2,54,9,53.7900966908,-1.63210672834
9821,120283820,428512,433041,2,3,01/07/2012,1930,4,1,7,1,1,3,1,23,9,53.792684376,-1.56713597008
9822,120283820,428512,433041,2,3,01/07/2012,1930,4,1,7,1,2,3,1,35,9,53.792684376,-1.56713597008
9823,120283820,428512,433041,2,3,01/07/2012,1930,4,1,7,1,2,3,1,21,9,53.792684376,-1.56713597008
9824,120288615,430849,435443,2,2,01/07/2012,1600,6,1,1,1,1,3,1,33,9,53.8141419378,-1.53141664311
9825,120288615,430849,435443,2,2,01/07/2012,1600,6,1,1,1,2,3,2,32,9,53.8141419378,-1.53141664311
9826,120284571,427848,436276,1,1,02/07/2012,1050,3,1,1,1,3,3,1,73,9,53.8217989562,-1.57692371982
9827,120285211,431444,434143,1,1,02/07/2012,1501,6,1,1,1,2,3,2,70,11,53.8024210032,-1.5225119923
9828,120285355,429297,433996,3,1,02/07/2012,1620,6,1,1,1,1,3,2,40,9,53.8012250191,-1.55512779386
9829,120285447,425403,427048,2,1,02/07/2012,1626,3,2,1,2,1,3,1,33,1,53.7389752247,-1.61482835184
9830,120286142,426858,437828,2,1,02/07/2012,1815,3,1,7,1,1,3,1,46,1,53.8358015765,-1.59182811312
9831,120286318,434118,435130,2,1,02/07/2012,1143,6,1,1,1,1,3,1,23,1,53.8111242612,-1.48179873971
9832,120286534,435915,435429,2,1,02/07/2012,1322,3,1,1,1,3,3,1,17,90,53.813690835,-1.45447143538
9833,120293054,431347,435058,2,1,02/07/2012,115,6,1,4,1,2,3,1,42,90,53.810651509,-1.52389173729
9834,120286079,431586,433878,1,1,03/07/2012,842,6,1,1,1,1,3,1,66,9,53.8000303959,-1.52038293909
9835,120286209,430380,433579,1,3,03/07/2012,1040,6,1,1,1,2,3,2,24,11,53.7974145989,-1.53872425324
9836,120286209,430380,433579,1,3,03/07/2012,1040,6,1,1,1,2,3,2,67,11,53.7974145989,-1.53872425324
9837,120286209,430380,433579,1,3,03/07/2012,1040,6,1,1,1,2,3,2,85,11,53.7974145989,-1.53872425324
9838,120287031,425353,437517,4,1,03/07/2012,2220,6,1,7,1,1,3,2,21,9,53.8330817,-1.61472527771
9839,120287961,430484,437182,2,1,03/07/2012,1736,6,1,7,1,1,2,1,34,1,53.8297947864,-1.53678826579
9840,120288199,440971,445751,2,1,03/07/2012,1354,2,1,1,1,1,3,1,24,9,53.906095153,-1.37630008576
9841,120289826,420607,441470,3,1,03/07/2012,1700,6,1,7,1,1,3,2,49,9,53.8688243352,-1.68658080079
9842,120291639,429924,436611,2,1,03/07/2012,1055,4,1,1,1,2,3,2,25,9,53.8246947975,-1.54535287968
9843,120287192,427815,431253,2,1,04/07/2012,640,1,2,7,1,1,3,1,21,9,53.7766501477,-1.5778787274
9844,120287343,419669,441536,1,1,04/07/2012,555,3,2,7,1,1,1,1,32,9,53.8694539986,-1.70084272414
9845,120287454,441994,427633,2,1,04/07/2012,810,6,1,1,1,1,3,2,42,9,53.7431611504,-1.36320241994
9846,120287547,430684,439044,2,2,04/07/2012,800,4,2,1,1,1,3,1,31,9,53.84651989,-1.53356337013
9847,120287547,430684,439044,2,2,04/07/2012,800,4,2,1,1,1,3,2,26,9,53.84651989,-1.53356337013
9848,120287678,431962,435836,2,1,04/07/2012,955,4,1,1,1,1,3,1,30,9,53.8176072529,-1.51447046875
9849,120287938,433833,434480,1,1,04/07/2012,1050,6,1,1,1,3,2,2,18,9,53.8053002697,-1.48619871797
9850,120289719,419121,442178,1,2,04/07/2012,1630,6,2,1,2,3,3,2,38,3,53.8752452825,-1.70913741763
9851,120289719,419121,442178,1,2,04/07/2012,1630,6,2,1,2,3,3,1,4,3,53.8752452825,-1.70913741763
9852,120289290,428525,427641,2,1,05/07/2012,840,3,2,1,2,1,3,1,29,2,53.744144139,-1.56743785901