Col.Number,Reference.Number,Easting,Northing,Number.of.Vehicles,Number.of.Casualties,Accident.Date,Time..24hr.,X1st.Road.Class,Road.Surface,Lighting.Conditions,Weather.Conditions,Casualty.Class,Casualty.Severity,Sex.of.Casualty,Age.of.Casualty,Type.of.Vehicle,Latitude,Longitude
9853,120289352,427885,436218,3,1,05/07/2012,753,3,2,1,2,1,3,1,26,1,53.8212756261,-1.57636687895
9854,120289847,430850,439706,1,1,05/07/2012,840,3,2,1,2,3,2,1,12,9,53.8524605311,-1.53097353041
9855,120289869,430747,434754,1,2,05/07/2012,1218,6,2,1,1,2,3,1,3,11,53.8079547692,-1.53303476244
9856,120289869,430747,434754,1,2,05/07/2012,1218,6,2,1,1,2,3,2,42,11,53.8079547692,-1.53303476244
9857,120291782,427720,431133,1,2,06/07/2012,1239,1,2,1,1,1,3,1,45,9,53.775576558,-1.57933119366
9858,120291782,427720,431133,1,2,06/07/2012,1239,1,2,1,1,2,3,1,42,9,53.775576558,-1.57933119366
9859,120292063,430008,434157,1,1,06/07/2012,1505,3,1,1,1,3,3,1,16,9,53.8026316726,-1.54431600645
9860,120292203,428604,431009,1,1,06/07/2012,1600,6,1,1,1,2,3,2,19,11,53.7744141329,-1.56592784364
9861,120292803,435001,438394,1,1,06/07/2012,1600,3,2,1,2,2,3,1,11,11,53.8404043123,-1.46801636331
9862,120293057,425676,427944,1,1,06/07/2012,1510,6,2,1,2,3,3,2,15,9,53.7470158948,-1.61061465823
9863,120295749,429116,440271,2,1,06/07/2012,845,6,1,1,1,2,3,2,62,8,53.8576392594,-1.55728182405
9864,120292641,426383,438886,3,2,07/07/2012,30,6,2,4,1,1,3,1,46,9,53.8453359911,-1.59895581855
9865,120292641,426383,438886,3,2,07/07/2012,30,6,2,4,1,1,3,1,27,11,53.8453359911,-1.59895581855
9866,120292898,421596,433553,2,1,07/07/2012,850,6,1,1,1,1,3,1,67,9,53.7976196866,-1.67209533969
9867,120293245,431634,434061,1,1,07/07/2012,1335,6,1,1,1,2,3,2,85,11,53.8016724099,-1.51963531247
9868,120293484,419389,432659,1,1,07/07/2012,1555,6,1,1,1,3,3,1,3,9,53.7896705451,-1.70566125945
9869,120293521,430701,434959,2,1,07/07/2012,1635,3,2,1,1,1,3,1,38,9,53.8098001701,-1.53371290621
9870,120293535,427135,426221,2,1,07/07/2012,1642,3,2,1,1,2,3,1,23,9,53.7314541549,-1.58864030187
9871,120293689,431890,435648,1,1,07/07/2012,1936,6,2,7,2,3,3,1,26,9,53.8159218059,-1.51558365421
9872,120293704,422221,433333,1,1,07/07/2012,1950,4,2,7,2,3,3,1,69,9,53.7956158172,-1.66262165054
9873,120293997,421318,435647,2,2,08/07/2012,34,3,2,4,1,2,3,1,19,9,53.8164538168,-1.67617127975
9874,120293997,421318,435647,2,2,08/07/2012,34,3,2,4,1,2,3,1,21,9,53.8164538168,-1.67617127975
9875,120294064,429574,433803,2,2,08/07/2012,247,6,1,4,1,2,3,1,20,8,53.7994745187,-1.55094025166
9876,120294064,429574,433803,2,2,08/07/2012,247,6,1,4,1,1,3,1,26,8,53.7994745187,-1.55094025166
9877,120294568,425561,435042,2,1,08/07/2012,1355,6,1,1,1,2,3,2,37,9,53.8108243018,-1.6117702114
9878,120294851,423970,438152,2,1,08/07/2012,1735,6,1,7,1,2,3,2,43,9,53.8388552167,-1.63569190423
9879,120295543,431759,434612,1,1,09/07/2012,815,6,1,1,1,3,2,2,13,9,53.8066175584,-1.51768041254
9880,120296438,427525,434560,2,1,09/07/2012,1701,3,2,7,1,1,2,1,33,1,53.8063914673,-1.58198421108
9881,120297170,430016,434150,2,1,10/07/2012,808,3,2,1,1,1,2,1,39,1,53.8025682899,-1.54419520975
9882,120298281,420381,434256,2,3,10/07/2012,1800,3,2,7,2,1,3,2,21,9,53.8039878859,-1.69049655863
9883,120298281,420381,434256,2,3,10/07/2012,1800,3,2,7,2,2,3,2,17,9,53.8039878859,-1.69049655863
9884,120298281,420381,434256,2,3,10/07/2012,1800,3,2,7,2,2,3,2,19,9,53.8039878859,-1.69049655863
9885,120298697,430758,436694,2,1,11/07/2012,720,6,1,7,1,1,2,1,36,1,53.8253921693,-1.53267374452
9886,120299779,431329,438051,2,1,11/07/2012,1740,6,1,7,1,1,3,1,9,1,53.8375556633,-1.52386018139
9887,120300023,424944,434824,2,1,11/07/2012,2020,6,1,7,1,1,3,1,7,1,53.8088947077,-1.62115887266
9888,120300267,428461,431345,2,1,12/07/2012,631,3,1,7,1,1,3,1,33,1,53.7774422028,-1.5680668243
9889,120300324,424912,434495,2,1,12/07/2012,725,3,1,7,1,1,3,1,58,1,53.8059389255,-1.6216714933
9890,120300881,429921,427801,3,1,12/07/2012,1100,6,1,1,1,1,2,1,32,4,53.7455040845,-1.54625369183
9891,120301314,431220,433711,1,1,12/07/2012,1320,3,1,1,1,2,3,2,28,11,53.7985513772,-1.52595717878
9892,120301346,430876,433358,2,2,12/07/2012,1555,3,1,1,1,1,3,1,23,9,53.7953988922,-1.53121564949
9893,120301346,430876,433358,2,2,12/07/2012,1555,3,1,1,1,1,3,2,36,9,53.7953988922,-1.53121564949
9894,120301752,426857,438038,2,1,12/07/2012,2205,3,1,4,1,1,3,1,18,3,53.8376892608,-1.59182495471
9895,120302072,420338,434269,2,1,12/07/2012,1800,3,1,7,1,1,3,2,20,9,53.8041064244,-1.69114868227
9896,120302941,431384,441305,3,2,13/07/2012,1423,3,1,1,1,1,3,2,38,9,53.8668013119,-1.52269164797
9897,120302941,431384,441305,3,2,13/07/2012,1423,3,1,1,1,1,3,1,25,9,53.8668013119,-1.52269164797
9898,120303194,424121,428232,2,1,13/07/2012,1820,3,1,7,1,2,3,2,58,9,53.7496789848,-1.63417373175
9899,120303217,433522,434617,2,1,13/07/2012,1845,6,1,7,1,1,3,1,17,3,53.8065518523,-1.49090656175
9900,120303918,436153,434831,2,1,13/07/2012,830,3,1,1,1,1,3,2,57,9,53.8082991694,-1.45092678346
9901,120309934,425968,431873,1,1,13/07/2012,125,6,1,7,1,3,3,2,27,9,53.7823186215,-1.60585588101
9902,120303669,444076,429194,2,4,14/07/2012,35,6,1,6,1,1,3,1,43,9,53.7570202724,-1.33141050429
9903,120303669,444076,429194,2,4,14/07/2012,35,6,1,6,1,1,3,1,36,9,53.7570202724,-1.33141050429
9904,120303669,444076,429194,2,4,14/07/2012,35,6,1,6,1,2,3,1,40,9,53.7570202724,-1.33141050429
9905,120303669,444076,429194,2,4,14/07/2012,35,6,1,6,1,2,3,1,35,9,53.7570202724,-1.33141050429
9906,120304039,429738,433412,1,1,14/07/2012,1040,6,1,1,1,2,3,2,82,11,53.7959505742,-1.54848786847
9907,120304643,428784,437837,1,1,14/07/2012,1731,6,1,7,1,3,3,2,15,9,53.8357793338,-1.56255797764
9908,120304676,432294,426538,2,1,14/07/2012,1750,1,1,7,1,1,3,1,19,9,53.7340096413,-1.51040095689
9909,120304772,436556,434698,2,2,14/07/2012,1357,6,1,1,1,1,3,1,92,90,53.807075516,-1.44482233643
9910,120304772,436556,434698,2,2,14/07/2012,1357,6,1,1,1,1,3,2,70,9,53.807075516,-1.44482233643
9911,120304783,430595,433431,2,3,14/07/2012,1656,6,1,1,1,2,3,2,16,9,53.7960716689,-1.53547461238
9912,120304783,430595,433431,2,3,14/07/2012,1656,6,1,1,1,3,3,1,35,9,53.7960716689,-1.53547461238
9913,120304783,430595,433431,2,3,14/07/2012,1656,6,1,1,1,3,3,2,31,9,53.7960716689,-1.53547461238
9914,120305265,422604,437912,1,1,15/07/2012,545,3,1,7,1,1,2,1,50,9,53.8367591441,-1.65647029135
9915,120305430,427984,435223,2,3,15/07/2012,1313,6,1,1,1,1,3,2,29,9,53.8123265122,-1.57495341152
9916,120305430,427984,435223,2,3,15/07/2012,1313,6,1,1,1,1,3,2,23,9,53.8123265122,-1.57495341152
9917,120305430,427984,435223,2,3,15/07/2012,1313,6,1,1,1,2,3,2,24,9,53.8123265122,-1.57495341152
9918,120305657,420939,434408,3,1,15/07/2012,1245,3,1,1,1,2,3,2,26,9,53.8053320284,-1.6820126406
9919,120305799,435860,436439,2,1,15/07/2012,1420,3,1,1,1,2,3,2,17,5,53.8227730931,-1.45518907081
9920,120306268,428956,435471,2,2,15/07/2012,2200,3,1,4,1,1,3,1,37,9,53.8145024947,-1.56016691948
9921,120306268,428956,435471,2,2,15/07/2012,2200,3,1,4,1,1,2,1,46,9,53.8145024947,-1.56016691948
9922,120307650,430052,425211,2,1,15/07/2012,1635,6,1,1,1,1,3,2,7,1,53.7222154911,-1.54451891702
9923,120306430,428506,433191,1,1,16/07/2012,625,3,1,7,1,1,3,2,24,9,53.7940330193,-1.56721317855
9924,120306679,428430,431596,3,3,16/07/2012,840,1,1,1,1,1,3,1,24,9,53.7797000821,-1.56851413286
9925,120306679,428430,431596,3,3,16/07/2012,840,1,1,1,1,1,3,2,35,9,53.7797000821,-1.56851413286
9926,120306679,428430,431596,3,3,16/07/2012,840,1,1,1,1,1,3,2,38,9,53.7797000821,-1.56851413286
9927,120306754,435925,437290,2,1,16/07/2012,915,6,1,1,1,1,3,1,67,9,53.8304178706,-1.45410215706
9928,120307852,427844,430465,1,1,16/07/2012,2041,6,1,7,1,2,3,1,37,11,53.7695654185,-1.57750976953
9929,120308228,427533,437302,1,1,17/07/2012,755,6,1,1,1,2,3,1,12,11,53.8310381749,-1.58161728643
9930,120309317,423430,442324,3,2,17/07/2012,1915,6,2,7,2,1,3,2,26,9,53.8763809171,-1.64358038738
9931,120309317,423430,442324,3,2,17/07/2012,1915,6,2,7,2,2,3,2,33,9,53.8763809171,-1.64358038738
9932,120309337,430877,438435,2,1,17/07/2012,1740,6,1,7,1,1,3,2,23,9,53.8410343673,-1.53069085188
9933,120309348,431983,435507,2,3,17/07/2012,2010,6,1,7,1,1,3,2,28,9,53.8146486914,-1.51418567649
9934,120309348,431983,435507,2,3,17/07/2012,2010,6,1,7,1,2,3,1,24,9,53.8146486914,-1.51418567649
9935,120309348,431983,435507,2,3,17/07/2012,2010,6,1,7,1,2,3,1,20,9,53.8146486914,-1.51418567649
9936,120309950,433554,435954,2,4,17/07/2012,815,6,1,1,1,1,3,2,40,9,53.8185675941,-1.49027481416
9937,120309950,433554,435954,2,4,17/07/2012,815,6,1,1,1,1,3,1,50,9,53.8185675941,-1.49027481416
9938,120309950,433554,435954,2,4,17/07/2012,815,6,1,1,1,2,3,2,8,9,53.8185675941,-1.49027481416
9939,120309950,433554,435954,2,4,17/07/2012,815,6,1,1,1,2,3,1,6,9,53.8185675941,-1.49027481416
9940,120311130,431985,432630,1,1,17/07/2012,1800,6,1,7,1,3,3,1,9,9,53.7887881239,-1.51445414835
9941,120310421,434067,435147,2,1,18/07/2012,1230,6,1,1,1,1,3,1,36,9,53.8112804116,-1.48257143651
9942,120311136,427500,434895,1,1,18/07/2012,2005,6,1,7,1,3,3,1,26,9,53.8094040241,-1.5823339391
9943,120311517,430785,433450,2,3,18/07/2012,830,3,1,1,1,1,3,1,27,9,53.7962312466,-1.53258803948
9944,120311517,430785,433450,2,3,18/07/2012,830,3,1,1,1,1,3,1,57,11,53.7962312466,-1.53258803948
9945,120311517,430785,433450,2,3,18/07/2012,830,3,1,1,1,2,3,2,18,11,53.7962312466,-1.53258803948
9946,120312645,426536,435624,2,1,18/07/2012,1930,6,1,7,1,1,3,2,22,9,53.8160069222,-1.5969117602
9947,120311936,425149,439054,1,1,19/07/2012,930,6,1,1,1,2,3,2,76,11,53.8469073228,-1.61769944513
9948,120312672,431894,435712,1,1,19/07/2012,1745,3,1,7,1,3,3,1,12,9,53.8164968351,-1.51551626077
9949,120312968,420972,434462,2,1,19/07/2012,1700,4,1,7,1,1,2,1,48,1,53.8058160973,-1.6815078202
9950,120313317,426516,435652,2,1,20/07/2012,740,4,1,1,1,1,3,1,56,1,53.816259628,-1.59721314345
9951,120314590,426563,429656,2,1,20/07/2012,2138,1,1,4,1,1,3,1,40,5,53.7623603642,-1.59701608827
9952,120314807,429148,433848,2,3,20/07/2012,2055,6,1,4,1,1,3,2,50,9,53.7999030562,-1.55740427942
9953,120314807,429148,433848,2,3,20/07/2012,2055,6,1,4,1,1,3,1,25,9,53.7999030562,-1.55740427942
9954,120314807,429148,433848,2,3,20/07/2012,2055,6,1,4,1,2,3,2,21,9,53.7999030562,-1.55740427942
9955,120315037,442112,434450,1,2,20/07/2012,1145,3,2,1,2,1,3,1,76,9,53.8044261663,-1.36048244033
9956,120315037,442112,434450,1,2,20/07/2012,1145,3,2,1,2,2,3,2,69,9,53.8044261663,-1.36048244033
9957,120315133,433415,434089,1,1,20/07/2012,1540,6,1,1,1,3,2,1,14,2,53.8018127305,-1.49258879083
9958,120315393,423509,433971,2,1,20/07/2012,2045,6,1,7,1,1,3,1,25,9,53.8012940907,-1.64301783134
9959,120315431,427617,434517,2,1,20/07/2012,2033,3,1,7,1,1,3,2,20,1,53.8060000733,-1.58059092731
9960,120315490,427308,425934,2,2,20/07/2012,1400,3,1,1,1,1,3,2,27,9,53.7288653158,-1.58604308442
9961,120315490,427308,425934,2,2,20/07/2012,1400,3,1,1,1,2,3,2,24,9,53.7288653158,-1.58604308442
9962,120335446,431735,426366,2,1,20/07/2012,1430,1,2,1,1,1,3,2,55,9,53.7324978893,-1.51889309993
9963,120315349,432678,436886,1,1,21/07/2012,1137,3,1,1,1,3,3,1,11,9,53.8270008095,-1.50348270329
9964,120315439,440893,448712,3,3,21/07/2012,1055,4,1,1,1,1,3,1,71,9,53.9327156688,-1.37709135727
9965,120315439,440893,448712,3,3,21/07/2012,1055,4,1,1,1,1,3,2,20,9,53.9327156688,-1.37709135727
9966,120315439,440893,448712,3,3,21/07/2012,1055,4,1,1,1,2,3,2,20,9,53.9327156688,-1.37709135727
9967,120315720,430150,438250,2,1,21/07/2012,1414,3,1,1,1,1,3,1,22,3,53.8394141731,-1.54175851411
9968,120315924,429076,432221,2,1,21/07/2012,1820,6,1,7,1,1,3,1,32,9,53.7852823825,-1.55865107289
9969,120316659,430718,434127,2,1,21/07/2012,1330,6,1,1,1,1,2,1,33,1,53.8023205655,-1.53353774231
9970,120316275,426948,439714,5,1,22/07/2012,40,3,1,4,1,1,3,2,18,9,53.8527496297,-1.59029490246
9971,120316573,426304,435592,1,1,22/07/2012,1031,4,1,1,1,3,2,2,80,9,53.8157310716,-1.60043853731
9972,120317191,428558,426262,2,1,22/07/2012,1950,6,1,7,1,2,3,2,77,9,53.7317467129,-1.56706485816
9973,120317223,425081,432426,2,2,22/07/2012,26,6,1,4,1,2,3,1,52,8,53.7873329418,-1.61927349767
9974,120317223,425081,432426,2,2,22/07/2012,26,6,1,4,1,1,3,1,33,8,53.7873329418,-1.61927349767
9975,120326766,431929,434789,2,1,22/07/2012,1600,6,1,1,1,1,2,1,20,1,53.808198145,-1.51508038727
9976,130013476,440433,429753,1,1,22/07/2012,1530,6,1,1,1,3,2,2,8,19,53.7623403276,-1.3865943651
9977,120317918,427999,426241,1,1,23/07/2012,1030,3,2,1,1,1,3,1,23,2,53.7315882595,-1.57554086016
9978,120317971,426147,435590,2,2,23/07/2012,1015,4,1,1,1,1,3,1,40,9,53.8157210138,-1.60282349608
9979,120317971,426147,435590,2,2,23/07/2012,1015,4,1,1,1,2,3,1,7,9,53.8157210138,-1.60282349608
9980,120318017,430639,433678,2,1,23/07/2012,1030,3,1,1,1,1,3,1,26,1,53.7982892928,-1.5347820116
9981,120318270,439598,434121,1,1,23/07/2012,1243,1,1,1,1,1,3,1,74,9,53.8016664231,-1.39870024999
9982,120318287,437869,433018,2,2,23/07/2012,1048,1,1,1,1,1,3,2,20,9,53.7918807883,-1.42508941701
9983,120318287,437869,433018,2,2,23/07/2012,1048,1,1,1,1,2,3,2,20,9,53.7918807883,-1.42508941701
9984,120318632,432059,425658,2,7,23/07/2012,1640,1,1,1,1,1,2,1,48,9,53.7261140059,-1.51405480235
9985,120318632,432059,425658,2,7,23/07/2012,1640,1,1,1,1,1,3,1,35,9,53.7261140059,-1.51405480235
9986,120318632,432059,425658,2,7,23/07/2012,1640,1,1,1,1,2,3,2,18,9,53.7261140059,-1.51405480235
9987,120318632,432059,425658,2,7,23/07/2012,1640,1,1,1,1,2,3,2,49,9,53.7261140059,-1.51405480235
9988,120318632,432059,425658,2,7,23/07/2012,1640,1,1,1,1,2,3,2,12,9,53.7261140059,-1.51405480235
9989,120318632,432059,425658,2,7,23/07/2012,1640,1,1,1,1,2,3,2,12,9,53.7261140059,-1.51405480235
9990,120318632,432059,425658,2,7,23/07/2012,1640,1,1,1,1,2,3,2,35,9,53.7261140059,-1.51405480235
9991,120318682,429439,433456,2,3,23/07/2012,1355,6,1,1,1,1,3,1,40,8,53.7963630835,-1.55302322803
9992,120318682,429439,433456,2,3,23/07/2012,1355,6,1,1,1,3,2,2,48,8,53.7963630835,-1.55302322803
9993,120318682,429439,433456,2,3,23/07/2012,1355,6,1,1,1,3,3,2,37,8,53.7963630835,-1.55302322803
9994,120318870,426704,426739,2,1,23/07/2012,1835,6,1,7,1,1,3,1,15,1,53.7361326457,-1.59512923135
9995,120319096,435044,428259,1,1,23/07/2012,2255,3,1,7,1,1,2,1,32,3,53.7493016492,-1.46851582099
9996,120320352,430796,438275,1,1,23/07/2012,1305,6,1,1,1,3,2,2,70,9,53.8396009922,-1.53193799043
9997,120321469,432357,433715,1,1,23/07/2012,1645,3,1,1,1,3,3,1,47,9,53.7985178547,-1.50869329767
9998,120319350,424469,433642,2,2,24/07/2012,650,4,1,7,1,1,3,1,34,9,53.7982924953,-1.62846678529
9999,120319350,424469,433642,2,2,24/07/2012,650,4,1,7,1,2,3,1,19,9,53.7982924953,-1.62846678529
10000,120319975,427672,434728,2,1,24/07/2012,925,6,1,1,1,1,3,1,47,1,53.8078937777,-1.57973671926
10001,120320015,430692,427044,3,3,24/07/2012,1203,6,1,1,1,1,3,2,50,9,53.738654733,-1.53463722595
10002,120320015,430692,427044,3,3,24/07/2012,1203,6,1,1,1,2,3,1,21,9,53.738654733,-1.53463722595
10003,120320015,430692,427044,3,3,24/07/2012,1203,6,1,1,1,2,3,2,5,9,53.738654733,-1.53463722595
10004,120320516,422041,432478,2,1,24/07/2012,1711,6,1,7,1,1,3,1,9,1,53.7879379909,-1.66541567937
10005,120320571,439483,426191,2,1,24/07/2012,1640,3,1,1,1,1,3,1,19,9,53.7303958098,-1.40146107655
10006,120320939,431880,435418,2,1,24/07/2012,1305,6,1,1,1,3,3,1,31,9,53.813855026,-1.51575938241
10007,120322070,427544,434790,2,1,24/07/2012,1720,6,1,7,1,1,3,1,26,1,53.8084578759,-1.58167508967
10008,120321313,430519,435811,2,1,25/07/2012,935,6,1,1,1,1,2,1,51,1,53.8174692517,-1.53639251761
10009,120322042,420024,440873,2,1,25/07/2012,1635,3,1,1,1,1,3,1,43,1,53.863480857,-1.69548669019
10010,120323531,429686,432803,1,1,25/07/2012,2000,6,1,7,1,3,3,1,23,9,53.7904794,-1.54933604089
10011,120324445,428137,435845,2,1,25/07/2012,1830,3,1,7,1,1,3,1,34,1,53.8179092497,-1.57257269494
10012,120322776,415471,443053,1,1,26/07/2012,750,6,1,1,1,1,3,2,21,9,53.8832321893,-1.76461531144
10013,120323327,430402,433668,1,1,26/07/2012,1100,6,1,1,1,2,3,2,84,11,53.7982133099,-1.53838144213
10014,120323622,430054,432661,2,1,26/07/2012,1742,3,1,7,1,1,3,1,26,1,53.7891818753,-1.54376346681
10015,120324009,428394,434387,2,2,26/07/2012,2250,6,1,4,1,1,3,1,21,5,53.8047896958,-1.56880327171
10016,120324009,428394,434387,2,2,26/07/2012,2250,6,1,4,1,2,3,2,20,5,53.8047896958,-1.56880327171
10017,120324863,429914,434815,1,1,26/07/2012,1630,6,1,1,1,3,2,2,8,2,53.8085516641,-1.54567944659
10018,120325434,432437,434839,2,3,26/07/2012,1538,4,1,1,1,1,3,2,58,9,53.8086161402,-1.50736021263
10019,120325434,432437,434839,2,3,26/07/2012,1538,4,1,1,1,2,3,1,32,9,53.8086161402,-1.50736021263
10020,120325434,432437,434839,2,3,26/07/2012,1538,4,1,1,1,1,3,1,42,9,53.8086161402,-1.50736021263
10021,120324142,427769,435737,1,3,27/07/2012,30,6,1,4,1,2,3,2,19,8,53.8169582535,-1.57817253969
10022,120324142,427769,435737,1,3,27/07/2012,30,6,1,4,1,2,3,1,20,8,53.8169582535,-1.57817253969
10023,120324142,427769,435737,1,3,27/07/2012,30,6,1,4,1,2,3,1,18,8,53.8169582535,-1.57817253969
10024,120324460,430876,434235,2,2,27/07/2012,845,3,1,1,1,1,3,1,31,5,53.8032819907,-1.53112772177
10025,120324460,430876,434235,2,2,27/07/2012,845,3,1,1,1,1,3,1,21,9,53.8032819907,-1.53112772177
10026,120324708,435027,436207,2,2,27/07/2012,1155,6,1,1,1,1,3,1,25,3,53.8207445441,-1.46787042097
10027,120324708,435027,436207,2,2,27/07/2012,1155,6,1,1,1,2,2,2,61,3,53.8207445441,-1.46787042097
10028,120325246,428999,436842,2,2,27/07/2012,1525,4,1,1,1,1,3,2,26,9,53.8268236237,-1.55938451721
10029,120325246,428999,436842,2,2,27/07/2012,1525,4,1,1,1,2,3,1,6,9,53.8268236237,-1.55938451721
10030,120325444,423176,434202,2,1,27/07/2012,1621,3,1,1,1,1,3,1,46,5,53.8033854554,-1.6480569148
10031,120325591,429381,433745,2,1,27/07/2012,2130,2,1,7,1,1,3,1,30,5,53.7989641083,-1.55387625203
10032,120326321,435306,429058,1,1,27/07/2012,1940,6,1,7,1,3,2,2,9,9,53.7564659273,-1.46445112346
10033,120325833,432472,435799,2,1,28/07/2012,625,3,1,7,1,1,3,2,34,9,53.8172430669,-1.50672736129
10034,120326608,432064,436086,2,2,28/07/2012,1500,6,1,1,1,1,3,1,26,9,53.8198481359,-1.51289500517
10035,120326608,432064,436086,2,2,28/07/2012,1500,6,1,1,1,2,3,1,27,9,53.8198481359,-1.51289500517
10036,120326914,439638,426130,2,2,28/07/2012,1930,3,1,7,1,1,3,1,25,9,53.7298357461,-1.39911932882
10037,120326914,439638,426130,2,2,28/07/2012,1930,3,1,7,1,2,3,2,20,9,53.7298357461,-1.39911932882
10038,120326965,427257,433988,1,1,28/07/2012,340,6,1,7,1,3,3,2,20,9,53.8012640061,-1.58610478782
10039,120327360,436065,436895,2,1,28/07/2012,1330,6,1,1,1,2,3,1,10,9,53.8268576931,-1.45202123588
10040,120327696,425951,426790,1,1,28/07/2012,1545,3,1,1,1,1,3,1,44,5,53.7366291011,-1.60654120458
10041,120327297,423357,437443,4,1,29/07/2012,130,3,1,7,1,2,3,2,24,9,53.8325100939,-1.64506227829
10042,120327616,428082,432928,2,1,29/07/2012,1150,6,1,1,1,1,2,2,8,1,53.7916920293,-1.57367425152
10043,120328178,430348,433417,1,1,29/07/2012,2010,6,1,7,1,2,3,1,62,11,53.7959602933,-1.53922607076
10044,120328748,431180,434169,2,1,30/07/2012,800,6,1,1,1,1,3,1,24,1,53.8026706017,-1.52651813922
10045,120329010,437488,431686,2,1,30/07/2012,1121,6,1,1,1,1,3,2,14,16,53.7799355781,-1.43103528887
10046,120329088,436303,434701,1,1,30/07/2012,1050,6,1,1,1,3,2,2,79,21,53.8071202041,-1.44866410871
10047,120329455,435774,435811,1,1,30/07/2012,1430,6,1,1,1,3,3,1,19,9,53.817134194,-1.45656862171
10048,120329964,425817,434380,1,1,30/07/2012,2035,6,1,7,1,1,3,1,43,5,53.8048610772,-1.60793761537
10049,120330719,421582,429379,1,1,31/07/2012,640,4,2,7,2,1,3,1,39,9,53.7601006207,-1.67260006178
10050,120331671,433866,434091,1,2,31/07/2012,1720,3,1,7,1,2,3,2,25,9,53.8018015401,-1.4857403778
10051,120331671,433866,434091,1,2,31/07/2012,1720,3,1,7,1,2,3,2,51,9,53.8018015401,-1.4857403778
10052,120332700,428043,432827,2,2,31/07/2012,1736,4,1,7,1,1,3,1,37,19,53.7907862663,-1.57427550305
10053,120332700,428043,432827,2,2,31/07/2012,1736,4,1,7,1,2,3,2,3,9,53.7907862663,-1.57427550305
10054,120331948,428936,429849,2,1,01/08/2012,23,3,2,4,2,1,3,1,46,9,53.7639687892,-1.56099862641
10055,120332871,426240,427835,2,2,01/08/2012,1428,4,1,1,1,1,3,2,22,2,53.7460080177,-1.60207088742
10056,120332871,426240,427835,2,2,01/08/2012,1428,4,1,1,1,1,3,2,30,9,53.7460080177,-1.60207088742
10057,120333069,431178,434981,2,2,01/08/2012,1425,3,1,1,1,1,3,2,27,9,53.8099695406,-1.5264662672
10058,120333069,431178,434981,2,2,01/08/2012,1425,3,1,1,1,2,3,1,35,9,53.8099695406,-1.5264662672
10059,120334152,425955,444833,3,2,01/08/2012,1711,3,2,7,1,1,3,1,44,19,53.8988132865,-1.60495818981
10060,120334152,425955,444833,3,2,01/08/2012,1711,3,2,7,1,1,3,1,48,19,53.8988132865,-1.60495818981
10061,120341383,426378,426744,2,1,01/08/2012,815,3,1,1,1,1,3,1,26,5,53.7361941846,-1.60007129684
10062,120333724,440782,445746,2,1,02/08/2012,555,3,1,7,1,1,3,1,30,9,53.9060651203,-1.37917770506
10063,120333755,428143,432790,2,1,02/08/2012,749,4,1,1,1,1,3,1,52,1,53.790448283,-1.57276081568
10064,120334296,424029,437714,2,1,02/08/2012,1050,3,1,1,1,1,3,2,25,9,53.8349154087,-1.63482946582
10065,120334460,430773,433332,2,1,02/08/2012,1315,6,1,1,1,1,2,2,65,90,53.7951712879,-1.53278201868
10066,120334546,428932,432426,2,1,02/08/2012,1404,6,1,1,1,1,3,1,21,90,53.7871331043,-1.56081755549
10067,120334554,426434,433300,2,1,02/08/2012,900,6,1,1,1,1,3,1,38,1,53.7951221918,-1.59866068045
10068,120334923,437796,432443,4,5,02/08/2012,1625,1,1,1,1,1,3,2,26,9,53.7867176652,-1.42626813659
10069,120334923,437796,432443,4,5,02/08/2012,1625,1,1,1,1,1,3,1,76,9,53.7867176652,-1.42626813659
10070,120334923,437796,432443,4,5,02/08/2012,1625,1,1,1,1,1,3,2,38,9,53.7867176652,-1.42626813659
10071,120334923,437796,432443,4,5,02/08/2012,1625,1,1,1,1,2,3,1,8,9,53.7867176652,-1.42626813659
10072,120334923,437796,432443,4,5,02/08/2012,1625,1,1,1,1,2,3,2,5,9,53.7867176652,-1.42626813659
10073,120337379,428957,435470,2,1,02/08/2012,1800,3,1,7,1,1,3,2,41,1,53.8144934503,-1.56015182438
10074,120336068,442459,440006,2,3,03/08/2012,1020,3,1,1,1,1,3,1,42,9,53.8543374807,-1.35444582551
10075,120336068,442459,440006,2,3,03/08/2012,1020,3,1,1,1,2,3,2,38,9,53.8543374807,-1.35444582551
10076,120336068,442459,440006,2,3,03/08/2012,1020,3,1,1,1,1,3,2,31,9,53.8543374807,-1.35444582551
10077,120336736,423008,435922,2,2,03/08/2012,1905,3,2,7,1,1,3,2,26,9,53.8188536948,-1.65047946026
10078,120336736,423008,435922,2,2,03/08/2012,1905,3,2,7,1,1,2,1,26,5,53.8188536948,-1.65047946026
10079,120336828,436092,435537,2,1,03/08/2012,2130,3,1,4,1,1,3,1,25,1,53.8146493448,-1.45177037202
10080,120337090,427482,432590,2,1,03/08/2012,1140,6,1,1,1,1,3,1,27,3,53.7886858543,-1.58281300455