Col.Number,Reference.Number,Easting,Northing,Number.of.Vehicles,Number.of.Casualties,Accident.Date,Time..24hr.,X1st.Road.Class,Road.Surface,Lighting.Conditions,Weather.Conditions,Casualty.Class,Casualty.Severity,Sex.of.Casualty,Age.of.Casualty,Type.of.Vehicle,Latitude,Longitude
10081,120337466,426591,435111,2,1,03/08/2012,1645,3,1,1,1,1,3,1,42,1,53.8113928751,-1.59612065353
10082,120337590,430750,434742,2,3,03/08/2012,2050,6,1,4,1,1,3,1,35,9,53.8078467274,-1.5329904009
10083,120337590,430750,434742,2,3,03/08/2012,2050,6,1,4,1,2,3,2,26,9,53.8078467274,-1.5329904009
10084,120337590,430750,434742,2,3,03/08/2012,2050,6,1,4,1,2,3,1,18,9,53.8078467274,-1.5329904009
10085,120337066,430631,438670,3,1,04/08/2012,125,6,1,7,1,2,3,2,18,9,53.8431612654,-1.53440631152
10086,120338736,428471,431350,1,1,04/08/2012,1645,3,1,1,1,3,3,1,19,8,53.7774865999,-1.56791460423
10087,120338764,434360,435345,2,1,04/08/2012,1235,6,1,1,1,2,3,2,50,11,53.8130408794,-1.47809928338
10088,120339574,419225,441800,2,1,04/08/2012,1515,4,1,1,1,1,3,1,16,1,53.871843679,-1.70757912876
10089,120339264,420893,434452,2,2,05/08/2012,2005,3,1,7,1,1,3,1,48,9,53.8057293883,-1.68270821549
10090,120339264,420893,434452,2,2,05/08/2012,2005,3,1,7,1,2,3,2,42,9,53.8057293883,-1.68270821549
10091,120339363,424398,439040,2,1,05/08/2012,2100,6,1,7,1,1,2,1,42,1,53.846817307,-1.62911655758
10092,120339992,427504,425499,2,5,05/08/2012,1120,3,1,1,1,1,3,1,35,9,53.7249448527,-1.58311072361
10093,120339992,427504,425499,2,5,05/08/2012,1120,3,1,1,1,2,3,2,9,9,53.7249448527,-1.58311072361
10094,120339992,427504,425499,2,5,05/08/2012,1120,3,1,1,1,2,3,1,51,19,53.7249448527,-1.58311072361
10095,120339992,427504,425499,2,5,05/08/2012,1120,3,1,1,1,2,3,2,50,19,53.7249448527,-1.58311072361
10096,120339992,427504,425499,2,5,05/08/2012,1120,3,1,1,1,2,3,2,58,19,53.7249448527,-1.58311072361
10097,120340862,431872,435474,1,1,06/08/2012,1925,6,1,7,1,3,3,1,76,9,53.8143588818,-1.51587509265
10098,120341522,431574,434389,1,1,07/08/2012,930,6,1,1,1,3,3,1,36,9,53.8046243458,-1.52051274555
10099,120342068,428557,427773,2,2,07/08/2012,1400,3,1,1,1,1,3,1,25,9,53.7453289132,-1.56694041606
10100,120342068,428557,427773,2,2,07/08/2012,1400,3,1,1,1,1,3,2,46,9,53.7453289132,-1.56694041606
10101,120342537,429573,433803,3,2,07/08/2012,1919,6,1,7,1,1,3,1,63,9,53.7994745755,-1.55095543542
10102,120342537,429573,433803,3,2,07/08/2012,1919,6,1,7,1,2,3,2,33,90,53.7994745755,-1.55095543542
10103,120342544,431021,430775,2,1,07/08/2012,1825,6,1,7,1,1,2,1,18,3,53.7721723758,-1.52927416689
10104,120342633,432244,435471,1,1,07/08/2012,2005,6,1,7,1,3,3,2,3,9,53.8143089786,-1.51022507886
10105,120343429,431439,431604,2,2,07/08/2012,1912,3,1,7,1,1,3,2,18,9,53.7795989671,-1.52284698676
10106,120343429,431439,431604,2,2,07/08/2012,1912,3,1,7,1,2,3,2,15,9,53.7795989671,-1.52284698676
10107,120353525,431455,434339,2,1,07/08/2012,900,6,1,1,1,1,2,1,37,1,53.8041821218,-1.52232493572
10108,120343376,429905,437019,2,1,08/08/2012,1138,3,1,1,1,1,3,1,58,5,53.8283632755,-1.54560185954
10109,120343737,429912,431108,2,1,08/08/2012,1420,6,1,1,1,3,2,1,7,9,53.7752305212,-1.54606971769
10110,120344235,429282,433489,1,1,08/08/2012,1915,6,1,7,1,3,2,2,23,9,53.7966685722,-1.55540376621
10111,120344427,437311,429480,2,1,08/08/2012,2010,3,1,7,1,1,1,1,43,5,53.7601194076,-1.4339883124
10112,120344928,431883,435034,2,2,08/08/2012,1430,6,1,1,1,1,3,1,25,9,53.8104031926,-1.5157536018
10113,120344928,431883,435034,2,2,08/08/2012,1430,6,1,1,1,2,3,1,50,9,53.8104031926,-1.5157536018
10114,120345671,429425,435416,1,1,08/08/2012,1730,6,1,5,1,3,2,1,12,9,53.8139817836,-1.55304844484
10115,120344491,441429,444779,1,2,09/08/2012,5,6,1,6,1,1,3,2,25,9,53.8973220988,-1.36946000356
10116,120344491,441429,444779,1,2,09/08/2012,5,6,1,6,1,2,3,1,22,9,53.8973220988,-1.36946000356
10117,120344729,429390,434940,2,1,09/08/2012,830,3,1,1,1,1,3,1,54,1,53.8097051329,-1.55362552126
10118,120344893,429792,438919,2,2,09/08/2012,730,6,1,7,1,1,3,2,25,9,53.8454482461,-1.5471345809
10119,120344893,429792,438919,2,2,09/08/2012,730,6,1,7,1,1,3,2,53,9,53.8454482461,-1.5471345809
10120,120344923,434736,438052,2,3,09/08/2012,955,3,1,1,1,1,3,1,42,9,53.8373480105,-1.47208260282
10121,120344923,434736,438052,2,3,09/08/2012,955,3,1,1,1,1,3,1,42,9,53.8373480105,-1.47208260282
10122,120344923,434736,438052,2,3,09/08/2012,955,3,1,1,1,2,3,2,41,9,53.8373480105,-1.47208260282
10123,120345211,427128,439281,2,1,09/08/2012,1224,6,1,1,1,1,3,2,39,9,53.8488481485,-1.58759660387
10124,120345775,427307,429605,2,1,09/08/2012,1750,3,1,7,1,1,2,1,48,1,53.7618634629,-1.58573379086
10125,120345836,435913,425856,2,2,09/08/2012,1903,1,1,7,1,1,3,1,41,5,53.7276426533,-1.45561624334
10126,120345836,435913,425856,2,2,09/08/2012,1903,1,1,7,1,2,2,2,50,5,53.7276426533,-1.45561624334
10127,120345992,434401,430477,2,1,09/08/2012,1640,1,1,1,1,1,3,2,39,9,53.7692814221,-1.4780200702
10128,120346843,431478,431561,2,1,09/08/2012,1730,3,1,7,1,1,3,1,34,1,53.7792100951,-1.52225949223
10129,120346944,433320,441769,2,1,09/08/2012,1030,6,1,1,1,1,3,2,23,9,53.870851304,-1.49319851518
10130,120347496,436503,441859,2,1,09/08/2012,1540,3,1,1,1,1,2,1,18,9,53.8714460971,-1.44477635772
10131,120347309,428754,430760,2,3,10/08/2012,1430,6,1,1,1,1,3,1,84,9,53.7721676623,-1.5636748447
10132,120347309,428754,430760,2,3,10/08/2012,1430,6,1,1,1,2,3,2,86,9,53.7721676623,-1.5636748447
10133,120347309,428754,430760,2,3,10/08/2012,1430,6,1,1,1,1,3,1,63,9,53.7721676623,-1.5636748447
10134,120347566,426274,437641,2,3,10/08/2012,1810,6,1,7,1,1,3,2,59,9,53.8341505459,-1.60071914573
10135,120347566,426274,437641,2,3,10/08/2012,1810,6,1,7,1,1,3,2,45,9,53.8341505459,-1.60071914573
10136,120347566,426274,437641,2,3,10/08/2012,1810,6,1,7,1,2,3,2,16,9,53.8341505459,-1.60071914573
10137,120347589,432864,434449,2,1,10/08/2012,1910,6,1,7,1,1,3,1,5,1,53.8050837539,-1.50091701953
10138,120347748,427837,430046,2,1,10/08/2012,2210,3,1,4,1,2,3,1,21,9,53.7657994796,-1.5776537825
10139,120348027,429687,433371,1,1,10/08/2012,1320,6,1,1,1,3,2,1,23,11,53.7955849485,-1.54926612669
10140,120348659,431163,431876,2,6,11/08/2012,1447,3,1,1,1,2,3,1,23,9,53.7820604975,-1.52700821658
10141,120348659,431163,431876,2,6,11/08/2012,1447,3,1,1,1,2,3,1,28,11,53.7820604975,-1.52700821658
10142,120348659,431163,431876,2,6,11/08/2012,1447,3,1,1,1,2,3,2,19,11,53.7820604975,-1.52700821658
10143,120348659,431163,431876,2,6,11/08/2012,1447,3,1,1,1,2,3,1,18,11,53.7820604975,-1.52700821658
10144,120348659,431163,431876,2,6,11/08/2012,1447,3,1,1,1,2,3,1,35,11,53.7820604975,-1.52700821658
10145,120348659,431163,431876,2,6,11/08/2012,1447,3,1,1,1,2,3,1,18,11,53.7820604975,-1.52700821658
10146,120348781,430774,433447,2,2,11/08/2012,1634,3,1,1,1,2,3,2,6,11,53.7962049312,-1.53275534727
10147,120348781,430774,433447,2,2,11/08/2012,1634,3,1,1,1,2,3,1,10,11,53.7962049312,-1.53275534727
10148,120348854,436242,435585,2,1,11/08/2012,1702,6,1,7,1,1,3,1,78,1,53.8150703618,-1.44948636615
10149,120348964,431488,432656,2,1,11/08/2012,1610,3,1,1,1,1,3,1,32,9,53.7890521397,-1.52199587076
10150,120350330,422406,433359,1,6,12/08/2012,1657,6,2,1,1,3,2,1,15,9,53.7958415932,-1.65981098434
10151,120350330,422406,433359,1,6,12/08/2012,1657,6,2,1,1,3,2,1,16,9,53.7958415932,-1.65981098434
10152,120350330,422406,433359,1,6,12/08/2012,1657,6,2,1,1,3,3,1,14,9,53.7958415932,-1.65981098434
10153,120350330,422406,433359,1,6,12/08/2012,1657,6,2,1,1,3,3,2,17,9,53.7958415932,-1.65981098434
10154,120350330,422406,433359,1,6,12/08/2012,1657,6,2,1,1,2,3,1,20,9,53.7958415932,-1.65981098434
10155,120350330,422406,433359,1,6,12/08/2012,1657,6,2,1,1,2,3,1,20,9,53.7958415932,-1.65981098434
10156,120352023,421618,440844,2,1,13/08/2012,1745,6,1,7,1,1,3,2,27,3,53.8631562341,-1.67124853529
10157,120352041,427181,429505,1,2,13/08/2012,1810,3,1,7,1,1,3,1,18,1,53.7609711692,-1.58765404997
10158,120352041,427181,429505,1,2,13/08/2012,1810,3,1,7,1,3,3,2,55,1,53.7609711692,-1.58765404997
10159,120352094,432290,436286,2,1,13/08/2012,1405,6,1,1,1,2,3,1,10,9,53.8216318762,-1.50944083358
10160,120352872,430785,433452,2,1,13/08/2012,1820,3,1,7,1,1,3,1,48,11,53.796249224,-1.53258783959
10161,120353431,422699,428585,2,1,13/08/2012,1620,6,1,1,1,1,3,1,43,3,53.7529159507,-1.65571382161
10162,120352950,435095,434722,2,1,14/08/2012,1040,3,1,1,1,2,3,2,74,9,53.8073918872,-1.4670067953
10163,120353117,428767,435826,2,1,14/08/2012,1110,6,1,1,1,1,3,2,24,9,53.8177039835,-1.56300448669
10164,120353166,427991,435378,2,1,14/08/2012,1040,6,1,1,1,1,3,2,28,3,53.8137193905,-1.57483299249
10165,120353504,425073,439253,1,1,14/08/2012,1455,6,1,1,1,2,3,2,83,11,53.8486997569,-1.6188384756
10166,120353714,431640,428748,2,2,14/08/2012,1805,6,1,7,1,1,3,1,59,9,53.7539149359,-1.52008935659
10167,120353714,431640,428748,2,2,14/08/2012,1805,6,1,7,1,1,3,2,51,9,53.7539149359,-1.52008935659
10168,120353834,421923,432967,1,1,14/08/2012,2025,4,1,7,1,3,2,1,15,9,53.7923385341,-1.66717210479
10169,120358457,432435,434834,2,4,14/08/2012,1750,4,1,7,1,1,3,1,42,9,53.8085713216,-1.50739111347
10170,120358457,432435,434834,2,4,14/08/2012,1750,4,1,7,1,2,3,2,23,9,53.8085713216,-1.50739111347
10171,120358457,432435,434834,2,4,14/08/2012,1750,4,1,7,1,2,3,1,19,9,53.8085713216,-1.50739111347
10172,120358457,432435,434834,2,4,14/08/2012,1750,4,1,7,1,2,3,2,15,9,53.8085713216,-1.50739111347
10173,120354323,422691,437845,2,1,15/08/2012,845,3,1,1,1,1,3,1,31,5,53.8361531022,-1.65515306208
10174,120354489,426786,438300,1,1,15/08/2012,1114,3,1,1,1,2,3,2,78,11,53.8400479725,-1.59288114597
10175,120354797,431305,431560,2,1,15/08/2012,745,6,1,1,1,1,3,2,46,9,53.7792115383,-1.52488510906
10176,120355215,435237,432385,1,1,15/08/2012,1340,6,1,1,1,2,3,2,87,11,53.7863758744,-1.46511768324
10177,120355561,434940,438271,2,1,15/08/2012,2115,3,1,4,1,1,3,1,56,19,53.8393028258,-1.46895745364
10178,120355624,432584,428201,1,1,15/08/2012,2210,3,1,7,1,1,3,2,65,9,53.7489399142,-1.50582919658
10179,120355683,433667,429589,2,3,15/08/2012,2239,3,1,4,1,1,3,1,55,9,53.7613474212,-1.48925372807
10180,120355683,433667,429589,2,3,15/08/2012,2239,3,1,4,1,2,3,1,30,9,53.7613474212,-1.48925372807
10181,120355683,433667,429589,2,3,15/08/2012,2239,3,1,4,1,2,3,1,23,9,53.7613474212,-1.48925372807
10182,120356095,431874,435944,2,1,16/08/2012,820,6,1,1,1,1,3,1,39,9,53.8185834313,-1.51579601906
10183,120356841,429879,432350,2,1,16/08/2012,1531,3,1,1,1,1,3,2,49,9,53.7863964523,-1.54645012569
10184,120357174,423380,428378,2,1,16/08/2012,1700,4,1,7,1,1,3,2,45,1,53.7510251362,-1.64540066624
10185,120357205,444039,448002,1,3,16/08/2012,1855,6,1,7,1,1,3,1,18,9,53.9260759812,-1.32927527308
10186,120357205,444039,448002,1,3,16/08/2012,1855,6,1,7,1,2,2,1,22,9,53.9260759812,-1.32927527308
10187,120357205,444039,448002,1,3,16/08/2012,1855,6,1,7,1,2,3,1,17,9,53.9260759812,-1.32927527308
10188,120357234,431539,434317,1,1,16/08/2012,1525,6,1,1,1,3,2,1,4,9,53.8039792838,-1.52105161597
10189,120358089,419064,441953,2,1,17/08/2012,1140,3,1,1,1,1,3,1,19,1,53.8732249041,-1.71001846291
10190,120358544,436254,427775,1,1,17/08/2012,1610,3,1,1,1,2,3,2,75,9,53.7448683616,-1.4502224365
10191,120358738,432658,435866,2,1,17/08/2012,1445,3,2,1,2,1,3,1,31,9,53.8178336549,-1.50389489323
10192,120359094,425958,435569,2,3,17/08/2012,2225,4,1,4,1,1,3,2,35,9,53.8155417205,-1.6056961286
10193,120359094,425958,435569,2,3,17/08/2012,2225,4,1,4,1,1,3,2,63,9,53.8155417205,-1.6056961286
10194,120359094,425958,435569,2,3,17/08/2012,2225,4,1,4,1,2,3,1,63,9,53.8155417205,-1.6056961286
10195,120370406,442608,427573,2,1,17/08/2012,1730,3,1,7,1,1,3,1,46,1,53.7425720133,-1.35390063564
10196,120359313,434022,433969,1,1,18/08/2012,350,6,1,4,1,1,3,1,52,9,53.8006947456,-1.4833850828
10197,120360252,428188,435070,1,2,18/08/2012,1710,6,1,7,1,3,2,2,10,9,53.8109402155,-1.57186898256
10198,120360252,428188,435070,1,2,18/08/2012,1710,6,1,7,1,3,2,1,2,9,53.8109402155,-1.57186898256
10199,120360261,432755,429619,2,2,18/08/2012,1902,6,1,7,1,1,3,2,19,9,53.7616752267,-1.50308548811
10200,120360261,432755,429619,2,2,18/08/2012,1902,6,1,7,1,1,3,2,26,9,53.7616752267,-1.50308548811
10201,120360606,430921,433134,2,2,18/08/2012,2305,3,1,4,1,1,3,1,19,9,53.7933827472,-1.53055493259
10202,120360606,430921,433134,2,2,18/08/2012,2305,3,1,4,1,1,3,1,36,9,53.7933827472,-1.53055493259
10203,120361814,440457,446556,1,1,18/08/2012,2040,2,1,6,1,1,2,1,56,9,53.9133711398,-1.38401772508
10204,120361940,436196,434364,1,1,18/08/2012,1600,6,1,1,1,2,3,1,0,11,53.8040985083,-1.45032866583
10205,120361048,430784,439194,1,1,19/08/2012,1049,3,1,1,1,3,3,1,64,9,53.8478622676,-1.53202825857
10206,120362421,432099,435502,2,1,19/08/2012,2030,6,1,7,1,1,3,1,61,9,53.8145965994,-1.51242425528
10207,120362057,421376,434028,3,2,20/08/2012,845,3,1,1,1,1,3,1,47,19,53.8018984841,-1.67540269719
10208,120362057,421376,434028,3,2,20/08/2012,845,3,1,1,1,1,3,1,55,11,53.8018984841,-1.67540269719
10209,120363105,431976,435828,2,5,20/08/2012,1745,3,1,7,1,1,3,2,23,9,53.8175344827,-1.51425863702
10210,120363105,431976,435828,2,5,20/08/2012,1745,3,1,7,1,2,3,2,21,9,53.8175344827,-1.51425863702
10211,120363105,431976,435828,2,5,20/08/2012,1745,3,1,7,1,2,3,2,21,9,53.8175344827,-1.51425863702
10212,120363105,431976,435828,2,5,20/08/2012,1745,3,1,7,1,1,3,1,35,9,53.8175344827,-1.51425863702
10213,120363105,431976,435828,2,5,20/08/2012,1745,3,1,7,1,2,3,2,17,9,53.8175344827,-1.51425863702
10214,120364210,433854,433542,2,1,21/08/2012,1340,6,1,1,1,3,3,1,4,9,53.7968675529,-1.48598294259
10215,120364630,429685,433801,2,2,21/08/2012,1515,6,1,1,1,2,3,2,31,11,53.7994502189,-1.54925504725
10216,120364630,429685,433801,2,2,21/08/2012,1515,6,1,1,1,2,3,2,1,11,53.7994502189,-1.54925504725
10217,120365103,426523,428155,2,1,21/08/2012,750,6,1,1,1,1,3,2,44,9,53.7488701311,-1.59775183965
10218,120383459,426641,432460,1,1,21/08/2012,1600,6,1,1,1,3,2,1,13,19,53.7875610425,-1.59559058048
10219,120365140,435292,434830,2,2,22/08/2012,620,3,1,7,1,1,3,2,27,9,53.8083493249,-1.4640026865
10220,120365140,435292,434830,2,2,22/08/2012,620,3,1,7,1,1,3,2,21,9,53.8083493249,-1.4640026865
10221,120365505,443637,437508,2,2,22/08/2012,1110,2,1,1,1,1,3,1,40,9,53.8317869245,-1.33689150025
10222,120365505,443637,437508,2,2,22/08/2012,1110,2,1,1,1,2,3,1,51,9,53.8317869245,-1.33689150025
10223,120365563,427307,430753,2,1,22/08/2012,840,1,1,1,1,1,3,2,50,9,53.7721826333,-1.58563219524
10224,120365940,422460,432881,2,1,22/08/2012,1415,6,1,1,1,1,2,1,26,3,53.7915425897,-1.65902597088
10225,120366048,425959,434780,1,1,22/08/2012,1300,6,1,1,1,3,3,1,4,9,53.808449524,-1.60574749733
10226,120366134,430060,433648,1,1,22/08/2012,1720,6,1,7,1,3,3,1,54,19,53.7980534095,-1.54357607883
10227,120366344,433970,436588,2,1,22/08/2012,1930,3,1,7,1,1,3,1,32,1,53.8242393569,-1.48388553248
10228,120366773,440386,432315,1,1,22/08/2012,1945,3,1,7,1,1,2,1,55,5,53.7853725995,-1.38697188992
10229,120377002,431724,426372,2,1,22/08/2012,1920,1,1,7,1,1,3,1,40,9,53.7325524914,-1.51905923936
10230,120366693,430784,433340,2,8,23/08/2012,45,3,1,4,1,1,3,1,25,9,53.7952425469,-1.53261421534
10231,120366693,430784,433340,2,8,23/08/2012,45,3,1,4,1,2,3,2,24,9,53.7952425469,-1.53261421534
10232,120366693,430784,433340,2,8,23/08/2012,45,3,1,4,1,2,3,2,8,9,53.7952425469,-1.53261421534
10233,120366693,430784,433340,2,8,23/08/2012,45,3,1,4,1,2,3,2,20,9,53.7952425469,-1.53261421534
10234,120366693,430784,433340,2,8,23/08/2012,45,3,1,4,1,2,3,2,14,9,53.7952425469,-1.53261421534
10235,120366693,430784,433340,2,8,23/08/2012,45,3,1,4,1,2,3,2,25,9,53.7952425469,-1.53261421534
10236,120366693,430784,433340,2,8,23/08/2012,45,3,1,4,1,2,3,2,23,9,53.7952425469,-1.53261421534
10237,120366693,430784,433340,2,8,23/08/2012,45,3,1,4,1,1,3,1,21,9,53.7952425469,-1.53261421534
10238,120367527,431974,431223,1,2,23/08/2012,1130,3,1,1,1,2,3,2,54,11,53.7761416797,-1.51476705949
10239,120367527,431974,431223,1,2,23/08/2012,1130,3,1,1,1,2,3,2,29,11,53.7761416797,-1.51476705949
10240,120367631,423846,434294,2,1,23/08/2012,1535,3,1,1,1,1,3,1,62,9,53.8041821416,-1.63787561097
10241,120367776,430387,427019,2,2,23/08/2012,1445,3,1,1,1,1,3,1,76,9,53.7384478788,-1.53926403435
10242,120367776,430387,427019,2,2,23/08/2012,1445,3,1,1,1,2,3,2,71,9,53.7384478788,-1.53926403435
10243,120367938,429708,439012,2,1,23/08/2012,1250,6,1,1,1,1,3,2,25,9,53.8462890036,-1.54840241665
10244,120368721,430703,439035,2,1,23/08/2012,2110,3,1,7,1,1,3,1,24,1,53.8464378692,-1.53327545586
10245,120368470,431451,435819,2,1,24/08/2012,745,6,2,1,2,1,3,2,49,9,53.8174856117,-1.52223442482
10246,120368911,426356,435605,1,1,24/08/2012,1335,4,1,1,1,3,3,1,7,9,53.815845292,-1.59964755753
10247,120369011,428565,433226,2,1,24/08/2012,1456,3,1,1,1,1,3,1,43,9,53.7943443901,-1.56631420528
10248,120369467,433794,436328,2,1,24/08/2012,2040,6,2,4,2,1,3,1,22,3,53.8219137908,-1.48658799663
10249,120369659,430150,432851,3,1,24/08/2012,2215,3,2,4,1,1,3,2,30,9,53.7908841825,-1.54228759325
10250,120370511,429812,438922,1,1,25/08/2012,1435,3,1,1,1,3,3,2,44,9,53.8454740644,-1.54683028201
10251,120370601,424779,434439,1,1,25/08/2012,1730,6,1,7,1,2,3,2,70,11,53.8054419061,-1.62369577019
10252,120370649,437015,436032,1,1,25/08/2012,1748,6,1,7,1,3,3,1,27,9,53.819033785,-1.43769137849
10253,120370683,420830,439696,2,1,25/08/2012,1550,4,1,1,1,1,3,1,46,1,53.8528693333,-1.68330960911
10254,120370926,429781,433659,1,1,25/08/2012,2300,6,2,4,1,3,3,1,57,8,53.798168332,-1.54781113912
10255,120371006,420190,445736,2,3,25/08/2012,2140,4,2,4,1,1,3,1,31,9,53.9071867294,-1.69264181662
10256,120371006,420190,445736,2,3,25/08/2012,2140,4,2,4,1,1,3,1,20,9,53.9071867294,-1.69264181662
10257,120371006,420190,445736,2,3,25/08/2012,2140,4,2,4,1,2,3,1,21,9,53.9071867294,-1.69264181662
10258,120521512,427289,430530,1,1,25/08/2012,1800,6,1,7,1,3,2,2,27,9,53.7701790704,-1.58592505386
10259,120371071,430045,433940,1,1,26/08/2012,151,6,1,4,1,3,2,1,18,9,53.8006789839,-1.54377533938
10260,120371659,427478,435197,2,1,26/08/2012,1410,6,1,1,1,2,3,1,17,9,53.8121197912,-1.58264109737
10261,120372296,424950,434791,1,1,27/08/2012,245,6,1,4,1,1,2,1,16,2,53.8085977894,-1.62107042395
10262,120373062,430463,435595,2,5,27/08/2012,1455,3,2,1,1,1,3,2,46,9,53.8155309788,-1.53726455939
10263,120373062,430463,435595,2,5,27/08/2012,1455,3,2,1,1,1,3,2,54,9,53.8155309788,-1.53726455939
10264,120373062,430463,435595,2,5,27/08/2012,1455,3,2,1,1,2,3,2,60,9,53.8155309788,-1.53726455939
10265,120373062,430463,435595,2,5,27/08/2012,1455,3,2,1,1,2,3,2,18,9,53.8155309788,-1.53726455939
10266,120373062,430463,435595,2,5,27/08/2012,1455,3,2,1,1,2,3,2,6,9,53.8155309788,-1.53726455939
10267,120373080,431410,438085,2,1,27/08/2012,1743,6,1,7,1,2,3,1,2,9,53.8378563858,-1.52262571024
10268,120373141,424233,432728,1,5,27/08/2012,2140,6,2,4,2,1,3,1,32,9,53.7900877486,-1.63212198751
10269,120373141,424233,432728,1,5,27/08/2012,2140,6,2,4,2,2,3,2,28,9,53.7900877486,-1.63212198751
10270,120373141,424233,432728,1,5,27/08/2012,2140,6,2,4,2,2,3,2,8,9,53.7900877486,-1.63212198751
10271,120373141,424233,432728,1,5,27/08/2012,2140,6,2,4,2,2,3,1,34,9,53.7900877486,-1.63212198751
10272,120373141,424233,432728,1,5,27/08/2012,2140,6,2,4,2,2,3,2,31,9,53.7900877486,-1.63212198751
10273,120373162,429144,433850,2,1,27/08/2012,2010,6,2,4,2,1,3,1,39,9,53.7999212578,-1.55746482586
10274,120373169,429276,432805,1,3,27/08/2012,2150,6,2,4,1,1,3,1,33,9,53.7905206056,-1.55555986416
10275,120373169,429276,432805,1,3,27/08/2012,2150,6,2,4,1,2,3,1,38,9,53.7905206056,-1.55555986416
10276,120373169,429276,432805,1,3,27/08/2012,2150,6,2,4,1,2,3,2,33,9,53.7905206056,-1.55555986416
10277,120373561,423920,434306,2,1,27/08/2012,1500,6,1,1,1,1,3,2,28,9,53.8042866095,-1.63675094246
10278,120374543,431348,435058,2,1,27/08/2012,2315,3,1,7,1,1,3,1,37,9,53.8106514487,-1.52387654955
10279,120407649,426881,438071,2,3,27/08/2012,1400,3,1,1,1,1,3,2,23,9,53.8379846473,-1.59145732362
10280,120407649,426881,438071,2,3,27/08/2012,1400,3,1,1,1,2,3,2,25,9,53.8379846473,-1.59145732362
10281,120407649,426881,438071,2,3,27/08/2012,1400,3,1,1,1,2,3,2,32,9,53.8379846473,-1.59145732362
10282,120373866,430885,433363,2,1,28/08/2012,955,3,1,1,1,2,3,1,45,9,53.7954433016,-1.53107850794
10283,120374381,425958,431913,1,1,28/08/2012,1710,6,1,7,1,3,3,2,4,3,53.7826786732,-1.60600428958
10284,120374498,426695,433079,2,1,28/08/2012,1820,4,1,7,1,1,3,2,37,9,53.7931223423,-1.59471725709
10285,120374707,428099,434509,2,1,28/08/2012,2121,6,1,4,1,1,3,1,57,9,53.805902345,-1.5732719251
10286,120374949,430033,432551,1,1,28/08/2012,930,3,1,1,1,3,3,1,29,9,53.788194326,-1.54409296801
10287,120378505,420714,440962,2,1,28/08/2012,840,6,1,1,1,1,3,1,43,3,53.8642537775,-1.68498773489
10288,120375263,427719,436112,1,1,29/08/2012,1015,4,2,1,2,3,3,1,53,9,53.820331699,-1.57889825397
10289,120375380,430139,432172,2,2,29/08/2012,1125,3,1,1,1,1,3,2,32,9,53.7847814642,-1.54252098555
10290,120375380,430139,432172,2,2,29/08/2012,1125,3,1,1,1,1,3,1,47,9,53.7847814642,-1.54252098555
10291,120375977,430758,434761,2,2,29/08/2012,1743,6,1,7,1,1,3,1,26,1,53.8080170396,-1.53286700828
10292,120375977,430758,434761,2,2,29/08/2012,1743,6,1,7,1,2,3,2,81,11,53.8080170396,-1.53286700828
10293,120376080,427703,430342,2,3,29/08/2012,1745,6,2,7,2,1,3,2,22,9,53.7684673141,-1.57966021035
10294,120376080,427703,430342,2,3,29/08/2012,1745,6,2,7,2,1,3,1,43,9,53.7684673141,-1.57966021035
10295,120376080,427703,430342,2,3,29/08/2012,1745,6,2,7,2,2,3,1,20,9,53.7684673141,-1.57966021035
10296,120376910,431903,426278,2,2,29/08/2012,1315,1,1,1,1,2,3,2,21,9,53.7316966246,-1.51635537619
10297,120376910,431903,426278,2,2,29/08/2012,1315,1,1,1,1,2,3,2,43,9,53.7316966246,-1.51635537619
10298,120377640,427663,430965,2,1,29/08/2012,1520,3,1,1,1,1,3,2,28,9,53.7740694701,-1.58021124825
10299,120383986,428558,433002,2,1,29/08/2012,1630,3,2,1,2,2,3,2,25,11,53.7923312916,-1.56644124349
10300,120376725,425473,432866,2,1,30/08/2012,811,3,2,1,2,1,3,1,29,1,53.7912689839,-1.61328676114
10301,120377054,436530,425930,2,1,30/08/2012,1309,1,1,1,1,1,3,1,32,9,53.7282649677,-1.44625524474
10302,120377501,430952,433418,1,1,30/08/2012,1620,3,1,1,1,3,3,2,20,9,53.7959336993,-1.5300557698
10303,120377544,435138,437666,1,1,30/08/2012,1736,3,1,7,1,1,3,1,52,9,53.8338513885,-1.46601743999
10304,120377551,429029,437512,2,1,30/08/2012,1721,4,1,7,1,1,3,1,54,3,53.8328443769,-1.55886543518
10305,120377781,427513,438576,1,1,30/08/2012,2200,6,1,7,1,1,3,1,25,9,53.8424908575,-1.58180711507