Col.Number,Reference.Number,Easting,Northing,Number.of.Vehicles,Number.of.Casualties,Accident.Date,Time..24hr.,X1st.Road.Class,Road.Surface,Lighting.Conditions,Weather.Conditions,Casualty.Class,Casualty.Severity,Sex.of.Casualty,Age.of.Casualty,Type.of.Vehicle,Latitude,Longitude
10306,120378275,434562,435139,3,1,30/08/2012,1034,6,1,1,1,1,3,2,24,9,53.8111758367,-1.47505434446
10307,120378078,436300,434114,2,1,31/08/2012,800,6,1,1,1,1,3,1,40,1,53.801844113,-1.44877887989
10308,120378342,440257,432791,2,2,31/08/2012,1025,4,1,1,1,1,3,2,77,9,53.7896611274,-1.38886770822
10309,120378342,440257,432791,2,2,31/08/2012,1025,4,1,1,1,1,3,2,37,9,53.7896611274,-1.38886770822
10310,120378404,436064,434793,2,1,31/08/2012,1125,6,1,1,1,1,3,1,56,9,53.8079637828,-1.45228285407
10311,120379040,425775,428437,1,1,31/08/2012,1635,4,1,1,1,3,3,1,16,11,53.7514425246,-1.60907219008
10312,120379046,430034,431016,2,1,31/08/2012,1825,3,2,7,2,1,3,1,51,4,53.7743965318,-1.54422732718
10313,120379821,423491,445490,2,1,01/09/2012,1155,3,1,1,1,1,3,1,40,1,53.9048363789,-1.64240963251
10314,120379855,431115,440547,1,1,01/09/2012,1200,3,1,1,1,1,2,1,53,1,53.8600041461,-1.52685950307
10315,120379955,428529,431388,3,2,01/09/2012,1335,3,1,1,1,1,3,2,33,9,53.7778249988,-1.56703088886
10316,120379955,428529,431388,3,2,01/09/2012,1335,3,1,1,1,1,3,2,45,9,53.7778249988,-1.56703088886
10317,120381146,429885,433397,1,1,01/09/2012,1748,6,1,7,1,3,3,1,23,8,53.7958073201,-1.54625749929
10318,120382844,430277,433246,1,1,01/09/2012,230,6,1,7,1,3,2,1,27,9,53.7944273575,-1.54032083368
10319,120381074,428489,431634,3,2,02/09/2012,1225,3,1,1,1,1,3,1,32,9,53.7800384304,-1.5676151989
10320,120381074,428489,431634,3,2,02/09/2012,1225,3,1,1,1,2,3,1,32,9,53.7800384304,-1.5676151989
10321,120381254,427818,430442,1,1,02/09/2012,1355,6,1,1,1,2,3,1,42,11,53.7693600654,-1.57790634193
10322,120381417,424790,435270,1,1,02/09/2012,1530,6,1,1,1,3,3,1,19,9,53.8129110763,-1.62346179035
10323,120382849,434982,434992,2,1,02/09/2012,930,6,1,1,1,2,3,2,50,9,53.8098264253,-1.46869217534
10324,120382206,434829,438022,1,1,03/09/2012,825,3,1,1,1,3,3,2,39,9,53.8370721266,-1.4706726567
10325,120383893,425438,435149,2,1,03/09/2012,1700,6,1,7,1,1,3,2,13,1,53.811792134,-1.61362948858
10326,120383930,425018,433168,3,1,04/09/2012,1110,3,1,1,1,2,3,1,7,9,53.7940056833,-1.62016955976
10327,120384367,429569,431625,1,1,04/09/2012,1324,6,1,1,1,2,3,2,86,11,53.7798973066,-1.55122517079
10328,120384385,426993,439824,2,1,04/09/2012,1405,6,1,1,1,1,3,1,52,9,53.853736049,-1.58960108926
10329,120384510,431372,431636,2,2,04/09/2012,1417,6,1,1,1,1,3,1,28,9,53.7798906485,-1.52386055812
10330,120384510,431372,431636,2,2,04/09/2012,1417,6,1,1,1,1,3,1,33,9,53.7798906485,-1.52386055812
10331,120384663,428538,434267,2,1,04/09/2012,1815,6,1,7,1,2,3,2,36,11,53.8037031649,-1.56662765226
10332,120385909,422488,433001,1,1,05/09/2012,1504,6,1,1,1,3,3,2,11,9,53.7926200438,-1.65859214138
10333,120386097,431071,430359,2,1,05/09/2012,1745,6,1,7,1,1,3,1,18,1,53.7684300746,-1.52855737185
10334,120386126,430154,437557,3,1,05/09/2012,1725,3,1,7,1,1,3,2,20,9,53.8331847942,-1.54176572821
10335,120386569,432703,429754,2,1,06/09/2012,555,3,1,7,1,1,3,1,53,1,53.7628919723,-1.50386002519
10336,120387125,436167,434685,2,1,06/09/2012,1245,3,1,1,1,1,3,1,56,9,53.8069858625,-1.45073132425
10337,120387627,432031,435916,1,1,06/09/2012,1208,6,1,1,1,2,3,2,0,11,53.8183220988,-1.51341401243
10338,120387767,428443,432654,2,3,06/09/2012,1745,6,1,7,1,1,3,2,28,9,53.7892094991,-1.5682192078
10339,120387767,428443,432654,2,3,06/09/2012,1745,6,1,7,1,1,3,2,38,9,53.7892094991,-1.5682192078
10340,120387767,428443,432654,2,3,06/09/2012,1745,6,1,7,1,2,3,2,56,9,53.7892094991,-1.5682192078
10341,120387775,434369,435707,1,1,06/09/2012,1810,6,1,7,1,3,3,1,6,9,53.816294163,-1.47792214963
10342,120387972,427692,433707,1,3,06/09/2012,2210,3,1,7,1,1,3,1,22,9,53.7987151863,-1.57952481315
10343,120387972,427692,433707,1,3,06/09/2012,2210,3,1,7,1,2,3,2,20,9,53.7987151863,-1.57952481315
10344,120387972,427692,433707,1,3,06/09/2012,2210,3,1,7,1,2,2,1,20,9,53.7987151863,-1.57952481315
10345,120388406,430713,434865,2,1,06/09/2012,1730,3,1,7,1,2,3,1,40,19,53.8089545239,-1.53354003708
10346,120389432,425227,427226,3,2,06/09/2012,1740,3,1,7,1,1,3,1,47,19,53.7405837949,-1.61748234801
10347,120389432,425227,427226,3,2,06/09/2012,1740,3,1,7,1,1,3,2,41,9,53.7405837949,-1.61748234801
10348,120388866,431023,434117,1,1,07/09/2012,1355,6,1,1,1,3,3,1,2,19,53.8022125769,-1.52890740283
10349,120389063,428079,426574,1,1,07/09/2012,1505,3,1,1,1,1,2,1,47,5,53.7345772493,-1.57429787224
10350,120389131,430802,429711,2,2,07/09/2012,1550,6,1,1,1,1,2,1,60,9,53.7626213359,-1.5327034595
10351,120389131,430802,429711,2,2,07/09/2012,1550,6,1,1,1,2,3,1,20,9,53.7626213359,-1.5327034595
10352,120389132,428123,426254,2,1,07/09/2012,1415,3,1,1,1,1,3,1,12,1,53.7316984424,-1.57365992023
10353,120394338,428059,435959,2,1,07/09/2012,1844,3,1,7,1,1,3,1,39,1,53.8189381812,-1.57374715281
10354,120390453,428408,428755,2,2,08/09/2012,1542,3,1,1,1,1,3,1,18,9,53.7541640876,-1.56910957763
10355,120390453,428408,428755,2,2,08/09/2012,1542,3,1,1,1,2,3,2,17,9,53.7541640876,-1.56910957763
10356,120390514,429264,431635,2,1,08/09/2012,1615,6,1,1,1,1,3,1,27,9,53.7800044292,-1.5558531158
10357,120391356,433838,433520,1,4,08/09/2012,1322,6,1,1,1,2,3,2,21,8,53.7966708435,-1.48622828233
10358,120391356,433838,433520,1,4,08/09/2012,1322,6,1,1,1,2,3,2,14,8,53.7966708435,-1.48622828233
10359,120391356,433838,433520,1,4,08/09/2012,1322,6,1,1,1,2,3,2,20,8,53.7966708435,-1.48622828233
10360,120391356,433838,433520,1,4,08/09/2012,1322,6,1,1,1,2,3,1,4,8,53.7966708435,-1.48622828233
10361,120391488,426908,435132,1,1,08/09/2012,2015,6,1,7,1,3,3,1,11,9,53.8115653315,-1.59130417377
10362,120391595,429777,430639,1,1,09/09/2012,1000,6,1,1,1,3,2,1,5,9,53.7710225261,-1.54816361961
10363,120394536,430723,439097,2,1,09/09/2012,1910,3,1,7,1,1,3,2,64,9,53.8469939821,-1.5329652386
10364,120392379,431310,428976,2,1,10/09/2012,522,6,1,7,1,1,3,1,49,1,53.7559843089,-1.52507143692
10365,120392436,428844,430202,2,1,10/09/2012,715,6,1,7,1,1,3,1,47,9,53.7671469381,-1.56236136067
10366,120392794,423007,432280,1,1,10/09/2012,1000,6,1,1,1,2,3,2,71,11,53.7861163872,-1.65076678918
10367,120393285,431218,438318,1,2,10/09/2012,1520,6,1,1,1,3,2,2,11,9,53.8399623134,-1.52551997115
10368,120393285,431218,438318,1,2,10/09/2012,1520,6,1,1,1,3,3,2,12,9,53.8399623134,-1.52551997115
10369,120393458,427528,438603,2,2,10/09/2012,1040,3,1,1,1,1,3,2,31,9,53.8427327578,-1.58157670453
10370,120393458,427528,438603,2,2,10/09/2012,1040,3,1,1,1,2,3,1,30,9,53.8427327578,-1.58157670453
10371,120393556,422449,427900,5,2,10/09/2012,1615,3,1,1,1,1,3,1,27,9,53.7467693663,-1.65955539744
10372,120393556,422449,427900,5,2,10/09/2012,1615,3,1,1,1,2,3,1,26,9,53.7467693663,-1.65955539744
10373,120394209,430755,435020,2,1,10/09/2012,2020,3,1,7,1,1,3,2,40,9,53.8103452896,-1.53288668785
10374,120398011,432653,427519,2,1,10/09/2012,1830,6,1,7,1,1,3,2,23,9,53.7428052644,-1.50485486108
10375,120406098,435708,436267,2,1,10/09/2012,1750,6,1,7,1,2,3,2,62,11,53.8212375231,-1.4575182206
10376,120393957,428865,433941,2,2,11/09/2012,320,6,1,7,1,1,3,1,26,8,53.8007547899,-1.56169261614
10377,120393957,428865,433941,2,2,11/09/2012,320,6,1,7,1,2,3,1,19,8,53.8007547899,-1.56169261614
10378,120394126,428985,433476,2,1,11/09/2012,830,3,2,1,2,1,3,1,26,9,53.79656835,-1.55991427068
10379,120395032,440694,446051,1,1,11/09/2012,1350,2,1,1,1,1,3,2,26,9,53.908813477,-1.38047667143
10380,120395060,421949,436500,1,1,11/09/2012,1750,3,1,7,4,3,3,1,13,9,53.8240950289,-1.66652544804
10381,120395135,433753,434934,2,1,11/09/2012,1640,6,1,1,1,1,3,1,29,5,53.8093863098,-1.48736379273
10382,120396437,428010,435996,2,1,11/09/2012,2330,3,2,4,1,1,3,1,25,1,53.8192734069,-1.57448813487
10383,120395719,428359,434067,2,3,12/09/2012,800,3,1,1,1,1,3,1,21,9,53.8019152051,-1.56936424673
10384,120395719,428359,434067,2,3,12/09/2012,800,3,1,1,1,2,3,1,14,9,53.8019152051,-1.56936424673
10385,120395719,428359,434067,2,3,12/09/2012,800,3,1,1,1,2,3,1,14,9,53.8019152051,-1.56936424673
10386,120396090,425922,432249,2,4,12/09/2012,1255,3,2,1,2,1,3,1,28,9,53.7857007114,-1.60652243417
10387,120396090,425922,432249,2,4,12/09/2012,1255,3,2,1,2,1,3,2,18,9,53.7857007114,-1.60652243417
10388,120396090,425922,432249,2,4,12/09/2012,1255,3,2,1,2,2,3,2,23,9,53.7857007114,-1.60652243417
10389,120396090,425922,432249,2,4,12/09/2012,1255,3,2,1,2,2,3,2,24,9,53.7857007114,-1.60652243417
10390,120396208,430490,437160,3,2,12/09/2012,1300,6,2,1,2,1,3,1,69,8,53.8295966836,-1.53669927976
10391,120396208,430490,437160,3,2,12/09/2012,1300,6,2,1,2,1,3,2,35,9,53.8295966836,-1.53669927976
10392,120396547,431056,430946,1,1,12/09/2012,1640,6,2,1,1,3,2,1,18,9,53.7737073651,-1.52872586489
10393,120396556,440590,426167,1,1,12/09/2012,1542,3,2,1,1,1,3,2,18,9,53.7300950995,-1.38468381201
10394,120396739,425395,428497,3,1,12/09/2012,1715,1,2,7,2,1,3,2,25,9,53.7520005143,-1.61483054831
10395,120397175,432411,431107,2,1,13/09/2012,701,6,1,7,1,1,3,1,29,1,53.7750719682,-1.50814766685
10396,120399092,441450,434620,1,1,13/09/2012,1055,1,1,1,1,1,2,2,66,90,53.8060073834,-1.37051208391
10397,120399177,432888,430267,3,2,14/09/2012,1036,4,1,1,1,1,2,1,48,2,53.7674915387,-1.50099881944
10398,120399177,432888,430267,3,2,14/09/2012,1036,4,1,1,1,1,3,1,62,9,53.7674915387,-1.50099881944
10399,120399703,438491,430400,3,2,14/09/2012,1508,3,1,1,1,1,3,1,28,9,53.7683030673,-1.41597385567
10400,120399703,438491,430400,3,2,14/09/2012,1508,3,1,1,1,1,3,1,54,9,53.7683030673,-1.41597385567
10401,120399765,425186,427268,2,1,14/09/2012,1740,3,1,7,1,1,3,1,46,1,53.7409633111,-1.61810059406
10402,120399929,428449,429060,3,1,14/09/2012,1730,3,1,7,1,1,3,1,42,9,53.7569034413,-1.5684596109
10403,120399934,427403,435127,3,2,14/09/2012,2050,6,1,7,1,1,3,1,48,9,53.8114945364,-1.58378646056
10404,120399934,427403,435127,3,2,14/09/2012,2050,6,1,7,1,2,3,1,21,9,53.8114945364,-1.58378646056
10405,120400546,428236,436259,2,1,14/09/2012,800,6,1,1,1,1,3,1,45,1,53.8216252154,-1.57103083348
10406,120400588,430772,436668,2,1,14/09/2012,945,6,1,1,1,1,3,1,38,1,53.8251576351,-1.53246364328
10407,120400598,429747,437052,2,1,14/09/2012,825,6,1,1,1,1,3,1,47,9,53.8286689707,-1.54799934978
10408,120400815,426944,439692,3,1,15/09/2012,1517,3,1,1,1,1,3,1,53,1,53.8525520859,-1.59035764595
10409,120400999,426819,434972,2,1,15/09/2012,1330,3,1,1,1,1,2,1,48,1,53.8101317269,-1.59266986817
10410,120401068,425807,432252,2,1,15/09/2012,1310,6,1,1,1,2,3,1,17,9,53.7857333928,-1.60826775634
10411,120401247,427976,436059,1,1,15/09/2012,2250,3,1,7,1,3,3,1,19,9,53.819841528,-1.57499889762
10412,120401357,428115,433156,1,1,15/09/2012,2335,6,1,4,1,1,3,1,32,9,53.7937396872,-1.57315247186
10413,120402017,433831,436397,2,2,16/09/2012,1354,6,1,1,1,1,3,1,39,9,53.8225315983,-1.48601831223
10414,120402017,433831,436397,2,2,16/09/2012,1354,6,1,1,1,2,3,1,11,9,53.8225315983,-1.48601831223
10415,120402193,441987,445463,2,2,16/09/2012,1530,6,1,1,1,1,3,1,67,9,53.9034251979,-1.36087412226
10416,120402193,441987,445463,2,2,16/09/2012,1530,6,1,1,1,2,3,2,65,9,53.9034251979,-1.36087412226
10417,120403019,424579,429170,1,1,17/09/2012,1000,4,1,1,1,2,3,2,70,11,53.7580891629,-1.62715306868
10418,120403749,429138,436751,2,4,17/09/2012,1505,4,1,1,1,1,3,1,25,9,53.8259978769,-1.55728122223
10419,120403749,429138,436751,2,4,17/09/2012,1505,4,1,1,1,2,3,2,21,9,53.8259978769,-1.55728122223
10420,120403749,429138,436751,2,4,17/09/2012,1505,4,1,1,1,1,3,2,60,9,53.8259978769,-1.55728122223
10421,120403749,429138,436751,2,4,17/09/2012,1505,4,1,1,1,2,3,2,30,9,53.8259978769,-1.55728122223
10422,120403752,426935,433313,1,1,17/09/2012,1555,6,1,1,1,3,3,2,8,9,53.7952133506,-1.59105322567
10423,120403767,429007,434277,1,1,17/09/2012,1605,6,1,1,1,3,3,2,17,9,53.8037671078,-1.55950480005
10424,120403885,436153,425946,3,1,17/09/2012,1820,1,1,7,1,1,3,2,39,9,53.7284350562,-1.45196788878
10425,120405005,429110,433847,1,1,17/09/2012,1253,6,1,1,1,3,3,1,18,19,53.7998961953,-1.55798136331
10426,120404363,431967,431245,2,1,18/09/2012,700,3,1,7,1,1,3,1,42,1,53.7763398615,-1.51487100585
10427,120404364,427675,429937,1,1,18/09/2012,712,6,1,7,1,3,3,2,53,9,53.7648283313,-1.58012136782
10428,120404552,427003,440026,2,1,18/09/2012,920,3,1,1,1,1,3,2,51,9,53.8555512458,-1.58943128322
10429,120404922,430435,435051,2,2,18/09/2012,1315,6,1,1,1,1,3,1,25,9,53.8106427672,-1.53774367329
10430,120404922,430435,435051,2,2,18/09/2012,1315,6,1,1,1,2,3,1,32,9,53.8106427672,-1.53774367329
10431,120405069,433106,433447,2,1,18/09/2012,750,6,1,1,1,1,3,1,18,1,53.7960617658,-1.49734981081
10432,120405525,434180,430033,1,1,18/09/2012,210,1,1,7,1,1,3,1,48,9,53.7653049952,-1.48142242211
10433,120405914,441675,439863,2,1,18/09/2012,1820,3,1,7,1,1,3,1,47,1,53.8531156683,-1.36638450511
10434,120407530,431971,433585,1,2,18/09/2012,1407,3,1,1,1,1,3,1,64,9,53.7973731904,-1.51456755976
10435,120407530,431971,433585,1,2,18/09/2012,1407,3,1,1,1,2,2,2,60,9,53.7973731904,-1.51456755976
10436,120410933,420945,434432,3,1,18/09/2012,1600,3,1,1,1,1,3,1,21,9,53.8055475195,-1.68191989104
10437,120406366,420336,434224,2,1,19/09/2012,1645,3,1,1,1,1,2,2,32,9,53.8037020033,-1.69118202602
10438,120407094,433550,445023,2,1,19/09/2012,1540,3,1,1,1,1,2,1,54,5,53.9000851418,-1.48934399013
10439,120414531,432484,433601,2,1,19/09/2012,15,6,1,4,1,1,3,1,20,9,53.7974852304,-1.50677703987
10440,120428000,438496,430406,2,1,19/09/2012,1703,3,1,7,1,1,3,1,36,1,53.7683566293,-1.41589724611
10441,120407441,430475,433750,2,1,20/09/2012,900,6,1,1,1,1,3,1,49,1,53.7989461136,-1.53726494873
10442,120407492,430143,434240,2,1,20/09/2012,759,3,2,1,2,1,3,1,32,1,53.8033699303,-1.54225792125
10443,120408062,430684,434521,2,3,20/09/2012,1442,3,1,1,1,2,3,2,69,11,53.8058641226,-1.53401475601
10444,120408062,430684,434521,2,3,20/09/2012,1442,3,1,1,1,2,3,2,32,11,53.8058641226,-1.53401475601
10445,120408062,430684,434521,2,3,20/09/2012,1442,3,1,1,1,2,3,2,72,11,53.8058641226,-1.53401475601
10446,120408269,430696,439050,1,1,20/09/2012,1515,3,1,1,1,2,3,2,54,11,53.8465731126,-1.53338036146
10447,120408332,432356,434947,2,1,20/09/2012,1605,4,1,1,1,1,3,2,22,9,53.8095919621,-1.50857900359
10448,120408333,431883,435394,2,2,20/09/2012,1618,6,1,1,1,1,3,2,21,9,53.813639114,-1.51571630264
10449,120408333,431883,435394,2,2,20/09/2012,1618,6,1,1,1,1,3,1,32,9,53.813639114,-1.51571630264
10450,120408362,432177,434623,1,1,20/09/2012,1820,6,1,7,1,2,3,2,30,11,53.8066907398,-1.51133140655
10451,120408424,430800,435340,3,2,20/09/2012,1720,6,1,7,1,1,3,1,40,9,53.8132190078,-1.53217121543
10452,120408424,430800,435340,3,2,20/09/2012,1720,6,1,7,1,2,3,2,40,9,53.8132190078,-1.53217121543
10453,120410877,430685,424468,1,2,20/09/2012,1325,3,2,1,1,1,3,1,22,9,53.7154999365,-1.53499891363
10454,120410877,430685,424468,1,2,20/09/2012,1325,3,2,1,1,2,3,1,21,9,53.7154999365,-1.53499891363
10455,120408773,433255,432973,1,1,21/09/2012,259,6,2,4,2,3,2,1,19,9,53.7917916336,-1.49513880021
10456,120409041,427834,436515,3,1,21/09/2012,835,4,1,1,1,1,3,1,21,9,53.8239480127,-1.57711477421
10457,120409417,443089,440639,2,1,21/09/2012,1240,2,1,1,1,1,3,2,38,9,53.859975192,-1.34477900191
10458,120409763,430243,431066,2,1,21/09/2012,1415,6,1,1,1,2,3,2,61,9,53.7748338722,-1.54105091415
10459,120409964,442244,444965,2,1,21/09/2012,1916,6,1,7,1,1,3,1,45,9,53.8989281433,-1.35703107402
10460,120409994,439839,433194,4,4,21/09/2012,1915,3,1,5,1,1,3,1,77,9,53.7933156699,-1.39516077031
10461,120409994,439839,433194,4,4,21/09/2012,1915,3,1,5,1,1,3,1,69,9,53.7933156699,-1.39516077031
10462,120409994,439839,433194,4,4,21/09/2012,1915,3,1,5,1,2,3,2,66,9,53.7933156699,-1.39516077031
10463,120409994,439839,433194,4,4,21/09/2012,1915,3,1,5,1,2,3,2,54,9,53.7933156699,-1.39516077031
10464,120410181,423563,437887,2,1,21/09/2012,2120,6,1,7,1,1,2,1,16,2,53.836491812,-1.64189788334
10465,120410430,427789,434429,2,1,21/09/2012,1050,3,1,1,1,1,3,1,21,1,53.8051999007,-1.57798684904
10466,120410694,426584,428141,1,1,21/09/2012,1510,6,2,1,1,3,3,2,22,19,53.748741179,-1.59682794289
10467,120410800,422231,433554,2,1,22/09/2012,1010,4,1,1,1,1,2,1,20,3,53.7976019278,-1.66245387388
10468,120410967,443134,431642,2,1,22/09/2012,1333,3,1,1,1,1,3,1,51,5,53.7791028886,-1.34535645208
10469,120411030,424092,428101,2,1,22/09/2012,1320,3,1,1,1,1,3,2,26,9,53.7485027798,-1.63462376179
10470,120411276,426318,427913,1,1,22/09/2012,1759,4,1,7,1,3,3,1,23,9,53.7467052171,-1.60088140586
10471,120411349,431904,437189,2,4,22/09/2012,520,6,1,4,1,2,3,1,21,9,53.8297724625,-1.51521112865
10472,120411349,431904,437189,2,4,22/09/2012,520,6,1,4,1,2,3,1,21,9,53.8297724625,-1.51521112865
10473,120411349,431904,437189,2,4,22/09/2012,520,6,1,4,1,2,3,1,21,9,53.8297724625,-1.51521112865
10474,120411349,431904,437189,2,4,22/09/2012,520,6,1,4,1,2,3,1,21,9,53.8297724625,-1.51521112865
10475,120411360,429906,437020,1,1,22/09/2012,1852,3,1,7,1,2,3,2,17,11,53.8283722066,-1.54558656806
10476,120411380,426326,438441,1,2,22/09/2012,1915,6,1,4,1,1,3,1,26,1,53.8413389008,-1.59986038614
10477,120411380,426326,438441,1,2,22/09/2012,1915,6,1,4,1,3,3,2,50,1,53.8413389008,-1.59986038614
10478,120411813,425255,437100,1,1,22/09/2012,1120,6,1,1,1,3,3,1,7,9,53.8293381593,-1.61624875255
10479,120411826,430702,439229,2,1,22/09/2012,1325,3,1,1,1,1,3,1,31,3,53.8481817246,-1.53327125971
10480,120412606,430091,435420,2,3,22/09/2012,1110,6,1,1,1,1,3,2,21,9,53.81397962,-1.54293218556
10481,120412606,430091,435420,2,3,22/09/2012,1110,6,1,1,1,2,3,2,43,9,53.81397962,-1.54293218556
10482,120412606,430091,435420,2,3,22/09/2012,1110,6,1,1,1,2,3,2,18,9,53.81397962,-1.54293218556
10483,120530380,430387,437953,1,1,22/09/2012,645,6,1,7,1,1,3,1,21,9,53.8367307307,-1.53818591942
10484,120412206,422908,434706,2,1,23/09/2012,1259,4,1,1,1,1,3,1,62,9,53.8079277012,-1.65208908615
10485,120412608,425975,433662,2,1,23/09/2012,1030,6,1,1,1,1,3,1,49,9,53.7983992559,-1.60559882502
10486,120412647,435356,428507,3,1,23/09/2012,1730,3,1,7,1,1,3,2,44,9,53.7515097712,-1.46375580676
10487,120412783,436009,428271,1,2,23/09/2012,2025,3,2,4,2,1,3,1,22,9,53.7493437304,-1.45387976479
10488,120412783,436009,428271,1,2,23/09/2012,2025,3,2,4,2,2,3,1,17,9,53.7493437304,-1.45387976479
10489,120412959,430778,433235,2,2,23/09/2012,2100,3,1,7,1,1,3,1,37,9,53.7942990864,-1.53271579946
10490,120412959,430778,433235,2,2,23/09/2012,2100,3,1,7,1,2,3,1,39,9,53.7942990864,-1.53271579946
10491,120413609,434334,430285,2,3,24/09/2012,1236,1,2,1,2,1,3,1,38,9,53.767560016,-1.47905800713
10492,120413609,434334,430285,2,3,24/09/2012,1236,1,2,1,2,1,3,1,47,19,53.767560016,-1.47905800713
10493,120413609,434334,430285,2,3,24/09/2012,1236,1,2,1,2,2,3,2,36,9,53.767560016,-1.47905800713
10494,120413669,428027,435984,1,1,24/09/2012,1215,3,1,1,1,3,3,2,18,1,53.8191646258,-1.57423098188
10495,120414470,430636,433692,1,1,24/09/2012,2040,3,2,4,5,3,3,1,38,9,53.7984153115,-1.53482616886
10496,120415038,430567,431439,2,1,25/09/2012,915,1,2,1,5,1,3,2,22,9,53.7781677558,-1.53609729519
10497,120416002,429593,434708,2,4,25/09/2012,2345,3,2,4,5,1,3,1,39,8,53.807608237,-1.55056477344
10498,120416002,429593,434708,2,4,25/09/2012,2345,3,2,4,5,1,3,1,32,8,53.807608237,-1.55056477344
10499,120416002,429593,434708,2,4,25/09/2012,2345,3,2,4,5,2,3,2,18,8,53.807608237,-1.55056477344
10500,120416002,429593,434708,2,4,25/09/2012,2345,3,2,4,5,2,3,1,18,8,53.807608237,-1.55056477344
10501,120416038,422519,438002,2,1,25/09/2012,2315,3,1,7,1,1,2,2,63,9,53.8375718271,-1.65775547764
10502,120416068,430239,434769,3,1,25/09/2012,1304,6,2,1,2,2,3,2,35,9,53.8081193868,-1.54074818381
10503,120416075,430944,433119,2,2,25/09/2012,800,3,2,1,2,1,3,1,33,9,53.7932465491,-1.53020726435
10504,120416075,430944,433119,2,2,25/09/2012,800,3,2,1,2,1,3,2,22,9,53.7932465491,-1.53020726435
10505,120416291,430209,432921,1,1,25/09/2012,1700,6,1,7,1,3,3,2,47,9,53.7915099721,-1.54138507234
10506,120421036,430376,437934,2,1,25/09/2012,1430,6,1,1,1,1,3,1,47,9,53.8365605895,-1.53835496702
10507,120416736,425765,435668,2,5,26/09/2012,1144,4,2,1,2,1,3,1,50,9,53.8164412099,-1.60861944572
10508,120416736,425765,435668,2,5,26/09/2012,1144,4,2,1,2,1,3,2,24,9,53.8164412099,-1.60861944572
10509,120416736,425765,435668,2,5,26/09/2012,1144,4,2,1,2,2,3,1,21,9,53.8164412099,-1.60861944572
10510,120416736,425765,435668,2,5,26/09/2012,1144,4,2,1,2,2,3,1,24,9,53.8164412099,-1.60861944572
10511,120416736,425765,435668,2,5,26/09/2012,1144,4,2,1,2,2,3,2,29,9,53.8164412099,-1.60861944572
10512,120417065,433175,439198,1,2,26/09/2012,1844,3,2,4,1,1,3,2,24,9,53.8477509762,-1.49568185463
10513,120417065,433175,439198,1,2,26/09/2012,1844,3,2,4,1,2,3,1,1,9,53.8477509762,-1.49568185463
10514,120417171,430207,433396,1,1,26/09/2012,238,6,2,4,2,3,3,1,32,9,53.7957797356,-1.5413688586
10515,120417232,428401,426106,2,1,26/09/2012,2030,3,1,7,1,1,3,1,18,3,53.7303530249,-1.5694592089
10516,120417440,421307,434090,1,1,26/09/2012,2017,3,1,7,1,2,3,1,20,9,53.8024586247,-1.67644616223
10517,120417518,429600,432559,3,2,26/09/2012,838,6,2,1,2,1,3,1,43,9,53.7882910442,-1.55066500321
10518,120417518,429600,432559,3,2,26/09/2012,838,6,2,1,2,2,3,1,46,19,53.7882910442,-1.55066500321
10519,120417522,430873,434251,2,1,26/09/2012,1230,3,2,1,1,1,2,1,79,3,53.8034259881,-1.53117167267
10520,120418116,443652,436536,2,2,26/09/2012,1332,1,1,1,1,1,3,1,36,9,53.8230489727,-1.33680158617
10521,120418116,443652,436536,2,2,26/09/2012,1332,1,1,1,1,1,3,2,36,9,53.8230489727,-1.33680158617
10522,120418170,420618,434341,2,1,27/09/2012,1220,3,1,1,1,2,3,2,45,9,53.8047425988,-1.68689187115
10523,120418488,434727,425891,2,1,27/09/2012,1511,1,1,1,1,1,3,2,34,9,53.7280375744,-1.4735893312
10524,120418630,425514,432673,2,1,27/09/2012,1615,6,1,1,1,1,3,1,18,90,53.7895321332,-1.61268032466
10525,120418857,424526,436046,1,1,27/09/2012,1950,4,1,7,1,1,2,1,57,1,53.8198989014,-1.62740975874
10526,120418951,431462,433960,2,1,27/09/2012,1810,6,1,7,1,1,3,1,12,1,53.8007749836,-1.52225736482
10527,120419218,427390,437118,1,1,27/09/2012,851,3,1,1,1,3,3,1,11,9,53.8293918068,-1.58380660116
10528,120419243,428304,429569,2,1,27/09/2012,1140,3,1,1,1,1,3,1,26,3,53.7614866474,-1.570612367
10529,120421308,423993,438446,2,1,27/09/2012,2215,6,1,7,1,1,3,1,30,1,53.8414968525,-1.6353193845
10530,120419499,435777,435808,1,1,28/09/2012,830,6,2,1,1,3,2,1,75,9,53.8171070219,-1.45652340083