Col.Number,Reference.Number,Easting,Northing,Number.of.Vehicles,Number.of.Casualties,Accident.Date,Time..24hr.,X1st.Road.Class,Road.Surface,Lighting.Conditions,Weather.Conditions,Casualty.Class,Casualty.Severity,Sex.of.Casualty,Age.of.Casualty,Type.of.Vehicle,Latitude,Longitude
10531,120419718,425941,435564,2,1,28/09/2012,1155,4,1,1,1,1,3,1,22,3,53.8154976252,-1.60595477467
10532,120419726,430094,431393,2,1,28/09/2012,1302,3,1,1,1,1,3,1,21,1,53.77778183,-1.54328005663
10533,120419790,427897,436198,2,1,28/09/2012,1315,3,1,1,1,1,3,1,25,1,53.8210952076,-1.57618639276
10534,120419815,432173,427282,4,2,28/09/2012,1220,1,1,1,1,1,3,2,57,9,53.740704772,-1.51215788951
10535,120419815,432173,427282,4,2,28/09/2012,1220,1,1,1,1,1,3,1,35,9,53.740704772,-1.51215788951
10536,120419885,430681,433702,1,1,28/09/2012,1235,3,1,1,1,3,3,1,33,9,53.7985025467,-1.53414192219
10537,120420082,435109,433518,1,1,28/09/2012,1514,6,1,1,1,3,3,2,12,9,53.7965686467,-1.46693146877
10538,120420149,429840,434398,2,1,28/09/2012,1614,2,1,1,1,1,3,1,41,9,53.8048076199,-1.54684371036
10539,120420386,429170,428452,3,2,28/09/2012,1850,6,1,7,1,1,3,1,36,9,53.7513983762,-1.55758061258
10540,120420386,429170,428452,3,2,28/09/2012,1850,6,1,7,1,1,2,1,28,19,53.7513983762,-1.55758061258
10541,120420440,426175,437422,2,3,28/09/2012,1920,6,2,7,1,1,3,2,30,9,53.8321870083,-1.60224224134
10542,120420440,426175,437422,2,3,28/09/2012,1920,6,2,7,1,2,3,2,30,9,53.8321870083,-1.60224224134
10543,120420440,426175,437422,2,3,28/09/2012,1920,6,2,7,1,2,3,1,27,9,53.8321870083,-1.60224224134
10544,120420494,429390,431356,2,1,28/09/2012,2130,6,1,4,1,1,3,1,60,9,53.7774894642,-1.55396743979
10545,120421135,432815,433910,1,1,28/09/2012,1943,3,1,7,1,3,2,1,14,11,53.8002419569,-1.50171856294
10546,120421150,427897,436196,1,2,28/09/2012,1918,3,1,7,1,3,3,1,22,9,53.8210772301,-1.57618657417
10547,120421150,427897,436196,1,2,28/09/2012,1918,3,1,7,1,3,3,1,22,9,53.8210772301,-1.57618657417
10548,120421219,426092,433123,1,1,28/09/2012,1440,6,1,1,1,3,3,2,11,9,53.7935484371,-1.60386801591
10549,120420673,427704,434716,2,1,29/09/2012,156,6,2,4,1,2,2,1,18,9,53.8077842089,-1.57925181979
10550,120420746,428937,426007,2,1,29/09/2012,552,3,2,4,1,1,3,2,46,9,53.7294336631,-1.56134331873
10551,120420861,430068,437350,1,2,29/09/2012,812,3,1,1,1,2,3,2,65,11,53.8313291224,-1.5430928294
10552,120420861,430068,437350,1,2,29/09/2012,812,3,1,1,1,2,3,2,65,11,53.8313291224,-1.5430928294
10553,120421526,436183,427740,1,1,29/09/2012,1700,3,1,7,1,1,2,1,29,5,53.7445586912,-1.4513031677
10554,120421735,432741,434291,4,3,29/09/2012,2000,6,1,7,1,2,3,2,10,9,53.8036713024,-1.50280166135
10555,120421735,432741,434291,4,3,29/09/2012,2000,6,1,7,1,2,3,2,6,9,53.8036713024,-1.50280166135
10556,120421735,432741,434291,4,3,29/09/2012,2000,6,1,7,1,2,3,1,3,9,53.8036713024,-1.50280166135
10557,120422029,429688,434571,1,1,30/09/2012,151,3,1,4,1,3,3,1,18,9,53.8063713676,-1.54913525041
10558,120422184,428511,431675,2,2,30/09/2012,751,3,1,1,1,1,3,2,27,9,53.7804057661,-1.56727751837
10559,120422184,428511,431675,2,2,30/09/2012,751,3,1,1,1,1,3,2,28,9,53.7804057661,-1.56727751837
10560,120422693,424464,433867,1,2,30/09/2012,1455,3,2,1,2,1,3,1,28,9,53.8003152154,-1.62852482896
10561,120422693,424464,433867,1,2,30/09/2012,1455,3,2,1,2,2,3,1,24,9,53.8003152154,-1.62852482896
10562,120422828,430646,435632,2,1,30/09/2012,1130,6,1,1,1,1,3,1,48,9,53.8158528054,-1.5344811897
10563,120423949,436558,436160,2,1,30/09/2012,1955,6,1,7,1,1,3,1,19,4,53.8202166604,-1.44461826036
10564,120423968,443329,436916,2,1,01/10/2012,1158,6,2,1,2,1,3,1,45,1,53.8264915835,-1.341654973
10565,120424659,428056,435956,1,1,01/10/2012,2225,6,1,7,1,3,2,1,54,9,53.8189113769,-1.57379299897
10566,120428389,429921,437002,2,1,01/10/2012,830,3,1,1,1,1,3,2,26,1,53.8282095468,-1.54536040701
10567,120429281,430438,437647,3,1,01/10/2012,1700,3,1,7,1,1,2,1,51,1,53.833977214,-1.53744117198
10568,120434647,420843,434704,2,1,01/10/2012,1230,3,1,1,1,1,3,2,33,9,53.8079965879,-1.68345046491
10569,120425027,430800,435339,2,1,02/10/2012,840,6,1,1,1,1,3,1,25,1,53.8132100191,-1.53217131553
10570,120425168,427301,437223,2,1,02/10/2012,745,3,1,1,1,1,3,1,30,1,53.8303403069,-1.58514959914
10571,120425899,431336,431889,2,1,02/10/2012,1738,6,2,7,1,1,3,1,42,9,53.7821669651,-1.52438120179
10572,120425956,430115,432182,2,1,02/10/2012,1820,3,1,7,1,1,3,1,25,9,53.7848727409,-1.54288429106
10573,120426006,432328,434984,2,1,02/10/2012,1844,4,1,7,1,3,2,2,37,9,53.8099262842,-1.50900036222
10574,120426080,432253,439376,2,1,02/10/2012,1925,3,2,4,2,1,3,1,26,5,53.8494090323,-1.50967859941
10575,120426095,433664,434314,2,1,02/10/2012,1835,6,2,4,2,1,3,1,36,3,53.8038191209,-1.48878325743
10576,120426318,430034,434425,3,4,02/10/2012,803,2,1,1,1,1,3,2,37,9,53.8050391487,-1.54389505543
10577,120426318,430034,434425,3,4,02/10/2012,803,2,1,1,1,1,3,2,59,9,53.8050391487,-1.54389505543
10578,120426318,430034,434425,3,4,02/10/2012,803,2,1,1,1,2,3,2,6,9,53.8050391487,-1.54389505543
10579,120426318,430034,434425,3,4,02/10/2012,803,2,1,1,1,2,3,1,9,9,53.8050391487,-1.54389505543
10580,120426915,429244,423467,2,1,03/10/2012,824,6,1,1,1,1,3,1,31,9,53.7065848239,-1.55692966994
10581,120427391,435782,425973,2,1,03/10/2012,735,3,1,1,1,1,3,1,29,9,53.7287033366,-1.45758836013
10582,120427392,430117,432182,1,1,03/10/2012,1630,3,1,1,1,2,3,2,0,11,53.7848726251,-1.54285393411
10583,120427545,425262,432973,1,1,03/10/2012,1700,3,1,7,1,3,2,1,30,9,53.7922410741,-1.61648116273
10584,120427615,420126,440735,2,2,03/10/2012,1510,3,2,1,1,1,3,2,90,9,53.8622364589,-1.69394461138
10585,120427615,420126,440735,2,2,03/10/2012,1510,3,2,1,1,1,3,1,50,9,53.8622364589,-1.69394461138
10586,120427722,427364,434650,2,3,03/10/2012,2020,3,2,4,2,2,3,2,34,9,53.8072089521,-1.58442120906
10587,120427722,427364,434650,2,3,03/10/2012,2020,3,2,4,2,2,3,1,25,9,53.8072089521,-1.58442120906
10588,120427722,427364,434650,2,3,03/10/2012,2020,3,2,4,2,2,3,1,20,9,53.8072089521,-1.58442120906
10589,120427740,432248,436235,2,3,03/10/2012,1955,6,2,4,2,2,3,2,7,9,53.8211760626,-1.51008423177
10590,120427740,432248,436235,2,3,03/10/2012,1955,6,2,4,2,2,3,2,79,9,53.8211760626,-1.51008423177
10591,120427740,432248,436235,2,3,03/10/2012,1955,6,2,4,2,1,3,1,36,8,53.8211760626,-1.51008423177
10592,120427793,424791,441597,1,3,03/10/2012,2215,6,1,4,1,2,3,2,78,9,53.8697828712,-1.6229359789
10593,120427793,424791,441597,1,3,03/10/2012,2215,6,1,4,1,2,3,2,75,9,53.8697828712,-1.6229359789
10594,120427793,424791,441597,1,3,03/10/2012,2215,6,1,4,1,2,3,2,79,9,53.8697828712,-1.6229359789
10595,120428164,426163,433054,1,1,03/10/2012,1520,4,1,1,1,3,3,2,14,9,53.7929246444,-1.60279597338
10596,120428531,427420,435983,2,1,03/10/2012,2300,6,1,7,1,1,3,1,55,9,53.8191880096,-1.58345197184
10597,120428996,435271,428927,1,1,03/10/2012,800,6,1,1,1,3,3,2,45,9,53.7552907802,-1.46499696943
10598,120429251,433835,434441,2,2,03/10/2012,2105,6,1,7,1,1,3,1,76,9,53.8049495826,-1.48617263286
10599,120429251,433835,434441,2,2,03/10/2012,2105,6,1,7,1,1,3,1,28,9,53.8049495826,-1.48617263286
10600,120428231,431741,431418,2,1,04/10/2012,825,3,2,1,1,1,3,1,52,9,53.7779087384,-1.51828282542
10601,120428786,420469,441135,2,2,04/10/2012,1220,6,1,1,1,1,2,1,24,3,53.8658185573,-1.6887020156
10602,120428786,420469,441135,2,2,04/10/2012,1220,6,1,1,1,1,3,2,69,9,53.8658185573,-1.6887020156
10603,120428994,423241,433874,1,1,04/10/2012,1425,6,1,1,1,1,3,1,47,1,53.8004342167,-1.64709462412
10604,120429043,428918,434800,2,1,04/10/2012,1430,6,1,1,1,2,3,2,15,11,53.8084731729,-1.56080716387
10605,120429374,427956,434368,2,1,04/10/2012,1900,3,1,7,1,2,3,2,21,9,53.8046426369,-1.57545634635
10606,120429841,426199,431891,1,1,05/10/2012,1,3,2,7,1,3,2,2,45,9,53.7824688449,-1.6023483097
10607,120429943,422599,434027,1,2,05/10/2012,730,3,2,7,1,1,3,2,42,9,53.8018377978,-1.6568317156
10608,120429943,422599,434027,1,2,05/10/2012,730,3,2,7,1,3,3,1,20,9,53.8018377978,-1.6568317156
10609,120430650,428775,433263,2,1,05/10/2012,1330,3,1,1,1,1,3,2,34,9,53.7946654025,-1.56312254284
10610,120430979,426198,435589,2,1,05/10/2012,1610,6,1,1,1,1,3,1,18,1,53.8157094575,-1.60204890483
10611,120431017,423909,433952,1,1,05/10/2012,1520,6,1,1,1,3,2,1,8,9,53.8011050711,-1.63694547375
10612,120431439,424080,428068,2,1,05/10/2012,2302,3,2,4,1,1,3,1,33,19,53.7482067006,-1.63480832062
10613,120431866,430936,435426,2,2,05/10/2012,1700,6,1,7,1,1,3,1,46,19,53.8139839608,-1.53009690777
10614,120431866,430936,435426,2,2,05/10/2012,1700,6,1,7,1,2,3,2,39,19,53.8139839608,-1.53009690777
10615,120431391,421055,439385,2,1,06/10/2012,203,3,1,7,1,1,3,1,22,9,53.8500647431,-1.67991019401
10616,120431424,431880,435185,2,2,06/10/2012,2114,6,1,7,1,1,3,1,33,9,53.811760666,-1.51578352213
10617,120431424,431880,435185,2,2,06/10/2012,2114,6,1,7,1,1,3,1,24,9,53.811760666,-1.51578352213
10618,120431687,418630,444930,2,2,06/10/2012,1010,6,1,1,1,1,3,1,24,3,53.9000002381,-1.71643887885
10619,120431687,418630,444930,2,2,06/10/2012,1010,6,1,1,1,1,3,2,44,9,53.9000002381,-1.71643887885
10620,120432275,420206,445352,1,1,06/10/2012,1505,6,1,1,1,3,3,2,55,9,53.9037344365,-1.69242360521
10621,120432329,427824,436515,1,3,06/10/2012,523,6,1,7,1,1,3,1,40,9,53.8239485482,-1.57726670082
10622,120432329,427824,436515,1,3,06/10/2012,523,6,1,7,1,2,3,1,24,9,53.8239485482,-1.57726670082
10623,120432329,427824,436515,1,3,06/10/2012,523,6,1,7,1,2,3,2,24,9,53.8239485482,-1.57726670082
10624,120433987,442638,444460,1,1,06/10/2012,1743,6,1,7,1,1,2,2,39,9,53.8943567968,-1.35110500432
10625,120432718,429116,432175,2,1,07/10/2012,400,6,1,7,1,1,3,1,39,9,53.7848666632,-1.55804827213
10626,120433505,430803,435341,2,1,07/10/2012,1405,6,1,1,1,1,3,1,43,1,53.8132278187,-1.53212554926
10627,120434564,435341,435197,1,1,07/10/2012,1630,6,1,1,1,3,3,2,10,8,53.8116448135,-1.46321639157
10628,120434920,427857,430900,2,1,08/10/2012,1347,3,1,1,1,1,2,1,34,5,53.7734748548,-1.57727323766
10629,120435232,419920,434112,2,1,08/10/2012,1729,6,1,7,1,1,3,1,51,1,53.8027113475,-1.69750645782
10630,120435427,430456,433954,2,4,08/10/2012,2130,2,1,4,1,1,3,2,20,9,53.8007809246,-1.53753326064
10631,120435427,430456,433954,2,4,08/10/2012,2130,2,1,4,1,1,3,1,19,9,53.8007809246,-1.53753326064
10632,120435427,430456,433954,2,4,08/10/2012,2130,2,1,4,1,2,3,1,20,9,53.8007809246,-1.53753326064
10633,120435427,430456,433954,2,4,08/10/2012,2130,2,1,4,1,2,3,1,20,9,53.8007809246,-1.53753326064
10634,120435471,420663,445083,3,1,08/10/2012,2222,6,1,4,1,1,3,1,17,9,53.9012984505,-1.68548541234
10635,120435475,424082,437717,2,2,08/10/2012,2310,3,1,7,1,1,2,1,24,9,53.834939921,-1.63402380379
10636,120435475,424082,437717,2,2,08/10/2012,2310,3,1,7,1,2,2,1,23,9,53.834939921,-1.63402380379
10637,120435716,432376,435129,2,1,09/10/2012,920,6,1,1,1,1,3,2,41,9,53.811226654,-1.5082561106
10638,120435726,422455,427898,2,1,09/10/2012,800,3,1,1,1,1,3,2,52,9,53.74675113,-1.65946455311
10639,120435991,426871,437595,2,1,09/10/2012,800,3,1,1,1,1,3,1,52,1,53.8337065303,-1.5916509263
10640,120436441,432965,439243,2,1,09/10/2012,1358,6,1,1,1,2,3,1,41,1,53.8481688364,-1.49886925663
10641,120436454,430311,435033,2,1,09/10/2012,1340,6,1,1,1,2,3,1,25,9,53.8104882135,-1.53962872993
10642,120436725,430346,434192,2,2,09/10/2012,1435,3,1,1,1,1,3,1,49,9,53.8029266679,-1.53918006775
10643,120436725,430346,434192,2,2,09/10/2012,1435,3,1,1,1,2,3,2,21,9,53.8029266679,-1.53918006775
10644,120436776,422867,435284,2,1,09/10/2012,1610,6,1,1,1,1,2,1,21,3,53.8131250488,-1.65266880587
10645,120436994,430890,436411,2,1,09/10/2012,1000,6,1,1,1,1,3,1,26,1,53.8228405462,-1.53069668565
10646,120437761,430171,433393,1,1,09/10/2012,1400,6,1,1,1,2,3,1,54,11,53.7957548584,-1.54191571912
10647,120438408,428057,432854,2,1,09/10/2012,1145,6,1,1,1,3,3,2,37,9,53.7910282086,-1.57406051505
10648,120437298,443390,438767,2,1,10/10/2012,710,2,1,7,1,1,3,1,52,9,53.8431239521,-1.34046684736
10649,120437422,430887,436397,2,1,10/10/2012,805,6,2,1,1,1,3,1,29,1,53.8227148831,-1.53074366827
10650,120438312,426306,428092,1,1,10/10/2012,1430,4,1,1,1,2,3,2,88,11,53.7483148308,-1.6010481413
10651,120438773,428061,435956,2,1,10/10/2012,2258,3,1,4,1,1,3,1,17,1,53.818911107,-1.57371704481
10652,120441181,431990,435868,1,1,10/10/2012,1040,3,1,1,1,2,2,2,68,11,53.8178931678,-1.51404181441
10653,120446033,437157,427622,1,1,10/10/2012,130,3,1,7,1,2,3,2,19,9,53.7434295078,-1.43654791765
10654,120440142,430350,435929,2,2,11/10/2012,1629,3,1,1,1,1,3,2,25,9,53.8185398112,-1.53894802579
10655,120440142,430350,435929,2,2,11/10/2012,1629,3,1,1,1,2,3,2,28,9,53.8185398112,-1.53894802579
10656,120440225,425228,434342,3,1,11/10/2012,1845,3,2,4,2,1,3,1,38,9,53.8045484064,-1.61688518424
10657,120440248,431730,434572,1,1,11/10/2012,1650,6,1,1,1,3,3,1,27,9,53.8062597812,-1.51812493748
10658,120440301,421868,434798,2,1,11/10/2012,1952,6,2,4,2,1,3,1,16,1,53.8087994476,-1.66787705365
10659,120440506,430015,434128,2,1,11/10/2012,200,3,1,7,1,1,3,1,28,9,53.8023705957,-1.54421253922
10660,120440509,428952,435469,2,1,11/10/2012,1958,3,2,4,2,1,3,2,28,9,53.81448474,-1.56022786452
10661,120441275,421011,441079,1,1,11/10/2012,1040,6,1,1,1,2,3,2,65,11,53.8652935247,-1.6804631112
10662,120441528,434092,428870,1,1,12/10/2012,1450,6,1,1,1,3,3,1,11,9,53.7548569004,-1.48288593688
10663,120441583,424476,437774,3,1,12/10/2012,1540,3,1,1,1,2,3,1,4,9,53.8354338681,-1.62803175021
10664,120441642,427817,436891,2,4,12/10/2012,1510,6,1,1,1,1,3,2,41,9,53.8273286841,-1.57733903266
10665,120441642,427817,436891,2,4,12/10/2012,1510,6,1,1,1,2,3,2,5,9,53.8273286841,-1.57733903266
10666,120441642,427817,436891,2,4,12/10/2012,1510,6,1,1,1,2,3,1,26,9,53.8273286841,-1.57733903266
10667,120441642,427817,436891,2,4,12/10/2012,1510,6,1,1,1,1,3,1,23,9,53.8273286841,-1.57733903266
10668,120441661,431359,435062,2,2,12/10/2012,1640,3,1,1,1,1,3,2,21,9,53.8106867402,-1.5237090768
10669,120441661,431359,435062,2,2,12/10/2012,1640,3,1,1,1,2,3,2,55,9,53.8106867402,-1.5237090768
10670,120441799,427350,435786,2,2,12/10/2012,1530,4,1,1,1,3,3,2,52,9,53.8174209143,-1.58453285426
10671,120441799,427350,435786,2,2,12/10/2012,1530,4,1,1,1,1,3,2,28,9,53.8174209143,-1.58453285426
10672,120442630,424179,444034,3,2,12/10/2012,1730,3,1,7,1,1,3,2,67,9,53.8917172208,-1.63205182884
10673,120442630,424179,444034,3,2,12/10/2012,1730,3,1,7,1,1,3,1,25,9,53.8917172208,-1.63205182884
10674,120445643,427847,436173,2,1,12/10/2012,1340,4,1,1,1,2,3,2,30,9,53.8208731703,-1.57694823776
10675,120442795,423560,437882,2,1,13/10/2012,1430,6,1,1,1,2,3,2,7,9,53.8364470041,-1.64194385867
10676,120443129,424126,444006,2,2,13/10/2012,1912,3,1,7,1,1,3,1,57,9,53.8914680066,-1.63286055318
10677,120443129,424126,444006,2,2,13/10/2012,1912,3,1,7,1,1,3,2,65,9,53.8914680066,-1.63286055318
10678,120443584,432061,436086,3,3,13/10/2012,1330,6,1,1,1,1,3,1,32,9,53.819848321,-1.5129405783
10679,120443584,432061,436086,3,3,13/10/2012,1330,6,1,1,1,1,3,2,61,9,53.819848321,-1.5129405783
10680,120443584,432061,436086,3,3,13/10/2012,1330,6,1,1,1,2,3,2,64,9,53.819848321,-1.5129405783
10681,120445457,434426,427952,2,6,13/10/2012,1025,3,1,1,1,2,3,2,77,9,53.7465833036,-1.47792231041
10682,120445457,434426,427952,2,6,13/10/2012,1025,3,1,1,1,2,3,2,79,9,53.7465833036,-1.47792231041
10683,120445457,434426,427952,2,6,13/10/2012,1025,3,1,1,1,2,3,1,23,9,53.7465833036,-1.47792231041
10684,120445457,434426,427952,2,6,13/10/2012,1025,3,1,1,1,2,3,1,31,9,53.7465833036,-1.47792231041
10685,120445457,434426,427952,2,6,13/10/2012,1025,3,1,1,1,1,3,1,22,9,53.7465833036,-1.47792231041
10686,120445457,434426,427952,2,6,13/10/2012,1025,3,1,1,1,1,3,1,82,9,53.7465833036,-1.47792231041
10687,120450179,431250,445732,2,1,13/10/2012,1259,3,1,1,1,1,3,1,47,1,53.9066017981,-1.52427792687
10688,120477567,429945,433296,1,1,13/10/2012,2053,6,1,7,1,3,3,1,17,9,53.794896008,-1.5453563723
10689,120443351,432092,428739,1,2,14/10/2012,2335,1,1,4,1,1,3,1,27,9,53.7538063949,-1.513234696
10690,120443351,432092,428739,1,2,14/10/2012,2335,1,1,4,1,2,3,2,21,9,53.7538063949,-1.513234696
10691,120443489,429178,433844,3,2,14/10/2012,56,6,1,7,1,1,2,1,28,9,53.7998654193,-1.55694914056
10692,120443489,429178,433844,3,2,14/10/2012,56,6,1,7,1,2,3,1,33,9,53.7998654193,-1.55694914056
10693,120444260,421936,441465,2,4,14/10/2012,1418,3,1,1,1,1,3,2,27,9,53.8687249099,-1.66636829054
10694,120444260,421936,441465,2,4,14/10/2012,1418,3,1,1,1,1,3,2,39,9,53.8687249099,-1.66636829054
10695,120444260,421936,441465,2,4,14/10/2012,1418,3,1,1,1,2,3,2,14,9,53.8687249099,-1.66636829054
10696,120444260,421936,441465,2,4,14/10/2012,1418,3,1,1,1,2,3,1,12,9,53.8687249099,-1.66636829054
10697,120447188,435010,435973,2,1,14/10/2012,1210,6,1,1,1,2,3,2,49,9,53.8186423587,-1.468155307
10698,120449717,426443,427839,2,1,14/10/2012,1500,6,1,1,1,1,3,2,25,9,53.7460337138,-1.59899213651
10699,120452407,428798,434880,1,1,14/10/2012,1400,6,1,1,1,3,3,1,23,11,53.8091989308,-1.56262212295
10700,120445041,427975,433612,2,1,15/10/2012,640,3,1,7,1,1,3,1,45,1,53.797846112,-1.5752365012
10701,120445296,430070,431138,2,1,15/10/2012,1145,3,2,1,1,2,3,2,20,9,53.775491083,-1.54366914333
10702,120445506,437838,432799,2,1,15/10/2012,842,1,1,1,1,1,3,1,49,9,53.7899145463,-1.42558691333
10703,120445707,419964,446191,1,1,15/10/2012,1515,6,1,1,1,3,3,1,13,9,53.9112853534,-1.6960525333
10704,120445827,425097,435563,1,1,15/10/2012,1615,6,1,1,1,3,3,2,13,9,53.8155300639,-1.61877494509
10705,120445850,431424,434093,2,2,15/10/2012,1340,6,1,1,1,2,3,2,36,11,53.8019727771,-1.52282079044
10706,120445850,431424,434093,2,2,15/10/2012,1340,6,1,1,1,2,3,2,41,11,53.8019727771,-1.52282079044
10707,120447028,435401,435721,1,1,16/10/2012,1239,6,2,1,1,1,2,1,18,3,53.8163507547,-1.46224482555
10708,120447117,430130,424000,2,1,16/10/2012,835,1,2,1,1,2,3,1,8,9,53.7113254951,-1.54345464911
10709,120447336,428700,436764,2,1,16/10/2012,1330,6,1,1,1,1,3,1,28,1,53.8261391029,-1.56393470677
10710,120447373,430436,436615,2,1,16/10/2012,1515,4,1,1,1,1,2,1,27,1,53.8247010208,-1.5375737428
10711,120449830,422873,443028,2,1,16/10/2012,605,3,1,7,1,1,3,1,27,4,53.8827338381,-1.6520008133
10712,120480121,423913,430224,2,1,16/10/2012,1410,4,1,1,1,1,3,1,21,16,53.7675944431,-1.63717395264
10713,120448177,431219,438321,2,1,17/10/2012,715,6,1,7,1,1,3,1,38,9,53.8399892193,-1.52550446793
10714,120448232,424492,428566,2,2,17/10/2012,730,3,2,4,2,1,3,1,29,4,53.7526639718,-1.62852067854
10715,120448232,424492,428566,2,2,17/10/2012,730,3,2,4,2,1,3,2,24,1,53.7526639718,-1.62852067854
10716,120448512,431355,428229,2,1,17/10/2012,1201,6,2,1,1,1,2,1,57,1,53.7492669906,-1.52446471802
10717,120449270,431139,433614,2,1,17/10/2012,1725,3,1,7,1,1,3,2,44,9,53.7976843275,-1.5271968396
10718,120449891,432255,445549,4,2,17/10/2012,1800,3,1,7,1,1,3,1,38,9,53.9048953151,-1.5089986053
10719,120449891,432255,445549,4,2,17/10/2012,1800,3,1,7,1,1,3,2,31,9,53.9048953151,-1.5089986053
10720,120449862,424901,427695,3,2,18/10/2012,728,3,1,7,1,1,2,1,35,9,53.7448152629,-1.62238758242
10721,120449862,424901,427695,3,2,18/10/2012,728,3,1,7,1,1,3,1,31,9,53.7448152629,-1.62238758242
10722,120450198,432282,426910,2,1,18/10/2012,1240,1,1,1,1,1,3,1,40,19,53.73735421,-1.51054403225
10723,120450234,432361,438804,1,1,18/10/2012,1130,6,1,1,1,2,3,2,74,11,53.8442608289,-1.50809709148
10724,120450290,441558,430253,1,2,18/10/2012,1155,4,2,1,1,1,3,1,19,9,53.7667460496,-1.36946087623
10725,120450290,441558,430253,1,2,18/10/2012,1155,4,2,1,1,2,3,2,27,9,53.7667460496,-1.36946087623
10726,120450802,431139,434294,2,1,18/10/2012,1720,6,1,7,1,1,3,1,45,3,53.8037966452,-1.52712807651
10727,120451024,430099,431474,2,2,18/10/2012,1630,6,1,1,1,1,3,1,18,9,53.7785096303,-1.5431962705
10728,120451024,430099,431474,2,2,18/10/2012,1630,6,1,1,1,2,3,1,20,9,53.7785096303,-1.5431962705
10729,120452639,436097,434790,2,1,18/10/2012,1530,3,1,1,1,1,3,2,36,9,53.8079345275,-1.45178204809
10730,120452226,430378,433503,1,1,19/10/2012,1334,6,1,1,1,3,3,1,80,11,53.7967315728,-1.53876211504
10731,120452241,431920,426327,3,2,19/10/2012,1414,1,1,1,1,1,3,1,48,9,53.7321360351,-1.51609261067
10732,120452241,431920,426327,3,2,19/10/2012,1414,1,1,1,1,2,3,1,18,9,53.7321360351,-1.51609261067
10733,120452620,435068,433473,1,2,19/10/2012,1900,3,1,4,1,3,3,2,26,9,53.7961669237,-1.46755907547
10734,120452620,435068,433473,1,2,19/10/2012,1900,3,1,4,1,3,3,2,2,9,53.7961669237,-1.46755907547
10735,120452686,430948,433310,2,1,19/10/2012,1845,6,1,4,1,2,3,2,46,9,53.7949631561,-1.53012735029
10736,120453498,427779,431697,2,2,20/10/2012,830,3,1,1,1,1,2,1,44,9,53.7806430963,-1.57838504789
10737,120453498,427779,431697,2,2,20/10/2012,830,3,1,1,1,1,3,1,24,9,53.7806430963,-1.57838504789
10738,120453639,422219,433331,1,1,20/10/2012,1210,4,1,1,1,2,3,2,80,11,53.7955979249,-1.66265215994
10739,120454267,429799,428081,2,1,20/10/2012,2200,6,1,4,1,1,3,1,55,9,53.7480279405,-1.54807672758
10740,120454353,436171,434572,1,1,20/10/2012,2152,3,1,7,1,1,2,1,39,5,53.805969874,-1.4506838572
10741,120455014,429943,427023,1,1,20/10/2012,1821,6,1,4,1,2,3,1,79,11,53.7385095233,-1.54599546138
10742,120455083,420487,445130,2,1,21/10/2012,1415,6,1,1,1,1,3,2,50,1,53.9017279075,-1.68816114448
10743,120455180,420362,434251,2,1,21/10/2012,1130,3,1,1,1,1,3,1,25,4,53.8039436857,-1.69078541643
10744,120455341,430073,433935,2,1,21/10/2012,405,6,1,4,1,1,3,1,50,9,53.8006324223,-1.54335067062
10745,120456432,429913,434258,1,1,22/10/2012,855,3,1,1,1,3,2,1,18,9,53.8035450056,-1.54574875843
10746,120458123,432362,433181,2,1,22/10/2012,1135,6,1,1,1,1,3,2,47,9,53.7937175858,-1.50867348546
10747,120457721,431349,435059,2,2,23/10/2012,915,3,2,1,1,1,3,1,25,9,53.8106603771,-1.52386125994
10748,120457721,431349,435059,2,2,23/10/2012,915,3,2,1,1,1,3,2,37,9,53.8106603771,-1.52386125994
10749,120458208,424555,427291,1,2,23/10/2012,1238,3,2,1,1,1,3,1,18,9,53.7412001596,-1.6276664968
10750,120458208,424555,427291,1,2,23/10/2012,1238,3,2,1,1,2,2,1,18,9,53.7412001596,-1.6276664968
10751,120458551,430279,434823,2,1,23/10/2012,1445,6,1,1,1,1,3,2,41,9,53.8086024496,-1.54013539708
10752,120459245,425021,434261,2,2,24/10/2012,800,3,2,1,2,1,3,2,24,9,53.8038303126,-1.62003521254
10753,120459245,425021,434261,2,2,24/10/2012,800,3,2,1,2,1,3,1,38,9,53.8038303126,-1.62003521254
10754,120459288,425907,436257,2,1,24/10/2012,620,3,2,4,2,1,2,1,34,1,53.821728538,-1.60641285686
10755,120463638,433902,436527,2,2,24/10/2012,955,3,2,1,2,1,3,1,49,9,53.8236954917,-1.48492535218
10756,120463638,433902,436527,2,2,24/10/2012,955,3,2,1,2,1,3,1,21,9,53.8236954917,-1.48492535218