Col.Number,Reference.Number,Easting,Northing,Number.of.Vehicles,Number.of.Casualties,Accident.Date,Time..24hr.,X1st.Road.Class,Road.Surface,Lighting.Conditions,Weather.Conditions,Casualty.Class,Casualty.Severity,Sex.of.Casualty,Age.of.Casualty,Type.of.Vehicle,Latitude,Longitude
10757,120463646,428906,435510,2,1,24/10/2012,845,3,2,1,1,1,3,1,29,1,53.8148558372,-1.56092271607
10758,120463737,429391,431353,1,1,24/10/2012,1115,6,2,1,1,3,2,2,78,9,53.7774624414,-1.5539525499
10759,120464468,440896,448716,2,1,24/10/2012,1635,4,1,1,1,1,3,2,17,9,53.9327513849,-1.37704512682
10760,120465978,424121,444006,2,6,25/10/2012,1315,3,1,1,1,1,3,2,61,10,53.8914682392,-1.63293663938
10761,120465978,424121,444006,2,6,25/10/2012,1315,3,1,1,1,1,3,1,41,19,53.8914682392,-1.63293663938
10762,120465978,424121,444006,2,6,25/10/2012,1315,3,1,1,1,2,3,1,45,10,53.8914682392,-1.63293663938
10763,120465978,424121,444006,2,6,25/10/2012,1315,3,1,1,1,2,3,1,50,10,53.8914682392,-1.63293663938
10764,120465978,424121,444006,2,6,25/10/2012,1315,3,1,1,1,2,3,1,46,10,53.8914682392,-1.63293663938
10765,120465978,424121,444006,2,6,25/10/2012,1315,3,1,1,1,2,3,1,40,10,53.8914682392,-1.63293663938
10766,120466278,430216,434368,2,1,25/10/2012,1610,6,1,1,1,1,3,1,25,9,53.8045162502,-1.541136843
10767,120466626,428811,440224,2,2,25/10/2012,2053,6,1,7,1,1,3,1,24,9,53.85723381,-1.56192370982
10768,120466626,428811,440224,2,2,25/10/2012,2053,6,1,7,1,2,3,2,31,9,53.85723381,-1.56192370982
10769,120467187,437309,429486,2,1,26/10/2012,1100,6,1,1,1,2,3,2,26,9,53.7601734826,-1.4340179258
10770,120467209,430102,433369,1,1,26/10/2012,917,6,1,1,1,2,3,2,32,11,53.7955431256,-1.54296565017
10771,120467266,430939,432284,2,1,26/10/2012,815,3,1,1,1,1,2,1,21,3,53.7857412623,-1.53036700948
10772,120467865,428834,425400,2,1,26/10/2012,1415,6,1,1,1,1,2,1,22,2,53.7239831308,-1.56296123255
10773,120468045,430438,433449,1,1,26/10/2012,1914,6,1,7,1,3,3,1,27,9,53.7962426748,-1.53785648674
10774,120468279,438456,433722,2,1,26/10/2012,2225,1,1,7,1,1,2,1,84,9,53.7981656771,-1.41609045817
10775,120468454,427250,432555,2,3,26/10/2012,1247,6,1,1,1,1,3,1,75,9,53.7883834464,-1.58633784443
10776,120468454,427250,432555,2,3,26/10/2012,1247,6,1,1,1,1,3,1,66,9,53.7883834464,-1.58633784443
10777,120468454,427250,432555,2,3,26/10/2012,1247,6,1,1,1,2,3,2,65,9,53.7883834464,-1.58633784443
10778,120468307,429118,433598,2,1,27/10/2012,16,2,1,7,1,2,3,1,15,9,53.7976575503,-1.55788343433
10779,120468625,434970,437832,2,1,27/10/2012,920,3,1,1,1,1,3,1,63,9,53.8353548261,-1.46855147866
10780,120468689,419926,445204,2,1,27/10/2012,1025,6,1,1,1,1,3,2,63,9,53.9024149462,-1.69669534441
10781,120468729,434975,436383,1,1,27/10/2012,915,6,1,1,1,1,3,1,25,9,53.8223300376,-1.46864035158
10782,120469512,428090,430040,1,1,27/10/2012,2310,3,1,7,1,3,2,1,29,9,53.7657319633,-1.57381589949
10783,120470233,432570,429627,2,2,28/10/2012,1425,3,1,1,1,1,3,1,66,5,53.7617587364,-1.50589109825
10784,120470233,432570,429627,2,2,28/10/2012,1425,3,1,1,1,1,3,1,55,5,53.7617587364,-1.50589109825
10785,120470714,436695,433112,3,5,28/10/2012,2103,6,1,4,1,1,2,1,50,9,53.7928098315,-1.44290043273
10786,120470714,436695,433112,3,5,28/10/2012,2103,6,1,4,1,2,2,2,49,9,53.7928098315,-1.44290043273
10787,120470714,436695,433112,3,5,28/10/2012,2103,6,1,4,1,2,2,1,24,9,53.7928098315,-1.44290043273
10788,120470714,436695,433112,3,5,28/10/2012,2103,6,1,4,1,2,1,2,23,9,53.7928098315,-1.44290043273
10789,120470714,436695,433112,3,5,28/10/2012,2103,6,1,4,1,2,2,1,17,9,53.7928098315,-1.44290043273
10790,120471770,430333,433389,2,1,28/10/2012,2330,6,1,4,1,1,3,1,20,1,53.7957094837,-1.5394565651
10791,120470847,436037,431154,1,1,29/10/2012,619,6,2,6,1,1,3,1,24,9,53.7752560935,-1.45311852224
10792,120471615,425241,439475,1,1,29/10/2012,1410,6,2,1,1,2,3,1,70,11,53.8506871166,-1.61626633959
10793,120471973,426284,435584,2,1,29/10/2012,1744,4,1,7,1,1,3,2,42,9,53.815660173,-1.60074301547
10794,120471999,430079,433935,2,2,29/10/2012,1635,6,2,4,1,1,3,1,36,1,53.8006320754,-1.54325956564
10795,120471999,430079,433935,2,2,29/10/2012,1635,6,2,4,1,3,3,2,55,1,53.8006320754,-1.54325956564
10796,120473934,429912,433930,1,1,30/10/2012,845,6,2,1,1,1,3,2,36,5,53.8005967616,-1.54579580736
10797,120474388,427153,432532,2,1,30/10/2012,1323,6,1,1,1,1,3,2,19,2,53.7881817743,-1.58781231443
10798,120475923,428601,432801,2,1,30/10/2012,615,3,2,4,1,1,3,2,55,9,53.7905221881,-1.56580710981
10799,120478050,426200,426845,2,1,30/10/2012,1110,6,2,1,1,1,3,1,37,3,53.7371110371,-1.60276140289
10800,120474402,427659,436649,2,2,31/10/2012,1130,3,1,1,1,2,3,1,46,11,53.8251618452,-1.57976143734
10801,120474402,427659,436649,2,2,31/10/2012,1130,3,1,1,1,2,3,2,23,11,53.8251618452,-1.57976143734
10802,120474921,428520,431678,2,1,31/10/2012,1700,3,1,7,1,1,3,1,32,9,53.7804322394,-1.56714064867
10803,120475052,421904,432535,1,1,31/10/2012,1705,6,2,4,2,3,3,2,20,9,53.7884561411,-1.66749126128
10804,120475061,426805,438034,2,3,31/10/2012,1830,3,2,4,2,1,3,2,66,9,53.8376559917,-1.59261558221
10805,120475061,426805,438034,2,3,31/10/2012,1830,3,2,4,2,2,3,2,31,9,53.8376559917,-1.59261558221
10806,120475061,426805,438034,2,3,31/10/2012,1830,3,2,4,2,2,3,1,40,9,53.8376559917,-1.59261558221
10807,120475071,430076,434412,2,1,31/10/2012,2000,2,1,7,1,1,3,1,26,9,53.8049198683,-1.54325852372
10808,120475170,427071,429433,2,2,31/10/2012,1905,3,2,4,1,1,3,2,20,9,53.7603297008,-1.58932905824
10809,120475170,427071,429433,2,2,31/10/2012,1905,3,2,4,1,1,3,1,53,9,53.7603297008,-1.58932905824
10810,120475509,427034,424752,2,1,31/10/2012,1540,3,1,1,1,1,2,1,26,1,53.7182547168,-1.59029977
10811,120482411,429446,437309,2,2,31/10/2012,1720,6,2,4,2,2,3,2,26,9,53.8309962076,-1.55254822095
10812,120482411,429446,437309,2,2,31/10/2012,1720,6,2,4,2,2,3,2,65,9,53.8309962076,-1.55254822095
10813,120475399,430064,433780,1,1,01/11/2012,235,6,2,4,1,3,3,1,21,8,53.7992396902,-1.54350246021
10814,120475842,428033,435100,1,1,01/11/2012,940,6,1,1,1,3,2,2,26,9,53.8112182572,-1.57422038218
10815,120475896,422623,428798,3,1,01/11/2012,917,6,1,1,1,1,3,2,41,9,53.7548338954,-1.65685092145
10816,120476584,434927,434645,1,1,01/11/2012,1715,3,1,4,1,3,3,2,22,9,53.806711074,-1.46956685354
10817,120476665,431310,435038,1,3,01/11/2012,1710,3,1,7,1,3,3,1,42,3,53.8104739645,-1.52445571855
10818,120476665,431310,435038,1,3,01/11/2012,1710,3,1,7,1,3,3,2,28,3,53.8104739645,-1.52445571855
10819,120476665,431310,435038,1,3,01/11/2012,1710,3,1,7,1,1,3,1,18,3,53.8104739645,-1.52445571855
10820,120477986,429419,430372,2,3,01/11/2012,1245,6,1,1,1,2,3,1,62,19,53.7686428693,-1.55362119194
10821,120477986,429419,430372,2,3,01/11/2012,1245,6,1,1,1,1,3,1,55,19,53.7686428693,-1.55362119194
10822,120477986,429419,430372,2,3,01/11/2012,1245,6,1,1,1,2,3,1,8,9,53.7686428693,-1.55362119194
10823,120479443,420507,440570,2,1,01/11/2012,1300,6,1,1,1,1,3,1,12,1,53.8607383954,-1.68816187987
10824,120493532,431908,435741,1,1,01/11/2012,2246,3,1,7,1,3,3,2,23,9,53.8167566472,-1.51530059521
10825,120477172,428540,426055,2,2,02/11/2012,750,3,2,1,1,1,3,2,27,9,53.7298870048,-1.56735683146
10826,120477172,428540,426055,2,2,02/11/2012,750,3,2,1,1,1,3,1,76,9,53.7298870048,-1.56735683146
10827,120477196,428432,424073,1,1,02/11/2012,750,6,2,1,1,1,3,2,18,9,53.7120769548,-1.5691760954
10828,120478122,423191,434661,2,1,02/11/2012,1610,4,1,1,1,1,3,1,32,1,53.8075106607,-1.64779455657
10829,120478124,430408,437054,1,1,02/11/2012,1725,6,2,4,5,3,2,1,53,9,53.8286486891,-1.53795572424
10830,120478600,431811,434298,1,1,03/11/2012,100,6,1,7,1,3,3,1,24,8,53.803791934,-1.51692317288
10831,120479094,423285,439334,2,1,03/11/2012,1305,6,2,1,1,1,3,1,80,9,53.8495111025,-1.64601304197
10832,120479215,430701,433628,2,2,03/11/2012,1310,3,2,1,1,1,3,1,29,9,53.7978362018,-1.53384563135
10833,120479215,430701,433628,2,2,03/11/2012,1310,3,2,1,1,2,3,1,58,9,53.7978362018,-1.53384563135
10834,120479518,433262,432968,2,2,03/11/2012,1810,6,1,4,1,1,3,1,20,9,53.7917462428,-1.49503307396
10835,120479518,433262,432968,2,2,03/11/2012,1810,6,1,4,1,2,2,1,18,9,53.7917462428,-1.49503307396
10836,120480417,424693,433946,1,1,03/11/2012,1700,6,1,7,1,3,2,1,11,9,53.8010145118,-1.62504131052
10837,120481424,433581,429813,2,1,03/11/2012,1930,1,1,7,1,1,3,2,40,9,53.7633664435,-1.49053396569
10838,120499707,430099,431531,2,1,03/11/2012,1900,3,1,4,1,1,3,1,28,3,53.7790219894,-1.54319070643
10839,120508808,431793,435822,2,1,03/11/2012,2100,6,1,4,1,2,3,2,24,8,53.8174917746,-1.51703906638
10840,120480244,421395,440494,2,2,04/11/2012,1155,6,2,1,1,1,3,2,44,9,53.8600194046,-1.67466411049
10841,120480244,421395,440494,2,2,04/11/2012,1155,6,2,1,1,2,3,2,52,9,53.8600194046,-1.67466411049
10842,120480273,430628,434657,2,1,04/11/2012,1158,3,1,1,1,1,3,2,49,9,53.8070898873,-1.53485164238
10843,120480893,436333,441472,2,3,04/11/2012,1750,3,1,6,1,1,3,1,23,9,53.8679794851,-1.44740783786
10844,120480893,436333,441472,2,3,04/11/2012,1750,3,1,6,1,1,2,1,83,9,53.8679794851,-1.44740783786
10845,120480893,436333,441472,2,3,04/11/2012,1750,3,1,6,1,2,3,2,77,9,53.8679794851,-1.44740783786
10846,120480897,432525,427553,2,1,04/11/2012,1940,3,2,7,1,1,3,1,24,3,53.7431188846,-1.50679217566
10847,120481700,422930,435656,2,1,04/11/2012,1725,6,2,4,1,1,3,2,24,9,53.8164661159,-1.65168418219
10848,120481154,429741,432940,2,3,05/11/2012,18,6,2,4,1,1,2,1,36,9,53.7917077175,-1.54848788887
10849,120481154,429741,432940,2,3,05/11/2012,18,6,2,4,1,1,3,1,24,8,53.7917077175,-1.54848788887
10850,120481154,429741,432940,2,3,05/11/2012,18,6,2,4,1,2,2,2,23,9,53.7917077175,-1.54848788887
10851,120481231,422444,441706,2,1,05/11/2012,630,6,2,4,1,1,3,1,48,10,53.8708694733,-1.65862446494
10852,120481308,422230,433560,1,1,05/11/2012,800,4,1,1,1,3,3,1,11,9,53.7976559037,-1.66246862411
10853,120481391,426705,431761,2,1,05/11/2012,912,3,1,1,1,1,3,2,30,1,53.7812745853,-1.59467964937
10854,120482010,430656,433665,2,1,05/11/2012,1248,3,1,1,1,1,3,2,48,9,53.798171438,-1.53452518953
10855,120482436,428223,435782,2,1,05/11/2012,1600,3,2,1,1,1,2,2,21,1,53.8173382977,-1.57127209487
10856,120485434,426924,433112,2,1,05/11/2012,845,4,1,1,1,1,3,2,36,9,53.7934071732,-1.59123779849
10857,120483109,430885,438626,1,1,06/11/2012,935,6,2,1,2,3,3,1,71,9,53.8427507229,-1.53055005743
10858,120483805,428260,433469,3,2,06/11/2012,1710,3,1,7,1,1,3,1,40,9,53.7965453154,-1.57092240557
10859,120483805,428260,433469,3,2,06/11/2012,1710,3,1,7,1,1,3,1,23,9,53.7965453154,-1.57092240557
10860,120483819,424613,435109,2,1,06/11/2012,1700,3,2,4,1,1,3,1,40,3,53.8114722884,-1.62616307835
10861,120483976,425915,436689,2,1,06/11/2012,1900,6,2,4,2,1,3,2,18,9,53.8256112845,-1.60625491505
10862,120484328,423414,434172,2,2,06/11/2012,1010,6,2,1,2,1,3,2,31,9,53.8031051311,-1.64444508305
10863,120484328,423414,434172,2,2,06/11/2012,1010,6,2,1,2,1,3,1,26,9,53.8031051311,-1.64444508305
10864,120485289,427055,427869,1,1,06/11/2012,1830,6,1,7,1,3,3,1,21,9,53.7462719714,-1.5897087937
10865,120488058,429557,431531,1,1,06/11/2012,1320,6,1,1,1,3,3,2,50,9,53.7790530441,-1.55141630213
10866,120484163,430902,432580,2,1,07/11/2012,2050,6,1,4,1,1,3,1,28,9,53.7884041239,-1.53089894373
10867,120485362,432510,435091,2,1,07/11/2012,1500,6,1,1,1,1,3,2,35,9,53.8108767243,-1.5062249448
10868,120485538,423322,437472,1,1,07/11/2012,1545,3,1,1,1,2,3,1,3,11,53.832772341,-1.64559193358
10869,120486498,431341,428591,2,1,08/11/2012,832,6,1,1,1,1,3,1,34,1,53.7525217689,-1.52464030329
10870,120486659,430959,435865,1,1,08/11/2012,725,6,1,7,1,3,3,2,63,9,53.8179286236,-1.5297033851
10871,120486733,428969,429869,1,1,08/11/2012,1049,3,1,1,1,2,3,2,86,11,53.7641467309,-1.56049610708
10872,120486988,429927,434278,2,1,08/11/2012,1504,3,1,1,1,2,3,2,22,9,53.8037239747,-1.54553422127
10873,120487003,429711,430883,1,1,08/11/2012,1605,6,1,1,1,3,3,1,5,19,53.7732195566,-1.54914156814
10874,120487010,427006,440070,2,1,08/11/2012,1625,3,1,1,1,1,3,1,49,1,53.8559465923,-1.58938179917
10875,120487048,436326,434202,2,1,08/11/2012,1650,3,1,1,1,1,3,2,51,4,53.8026332938,-1.44837370403
10876,120487079,427967,435975,1,2,08/11/2012,1515,6,1,1,1,3,2,2,89,9,53.8190869587,-1.5751432558
10877,120487079,427967,435975,1,2,08/11/2012,1515,6,1,1,1,3,3,1,85,9,53.8190869587,-1.5751432558
10878,120487143,424025,428093,3,1,08/11/2012,1710,1,1,4,1,1,3,1,40,9,53.7484339615,-1.6356404749
10879,120487214,430017,434417,3,3,08/11/2012,1954,3,1,7,1,1,3,2,33,9,53.8049682204,-1.54415399334
10880,120487214,430017,434417,3,3,08/11/2012,1954,3,1,7,1,1,3,1,25,9,53.8049682204,-1.54415399334
10881,120487214,430017,434417,3,3,08/11/2012,1954,3,1,7,1,1,3,1,26,9,53.8049682204,-1.54415399334
10882,120487255,428212,431202,2,1,08/11/2012,1908,3,1,4,1,1,3,2,24,9,53.776170358,-1.57185869303
10883,120487957,434730,433530,2,1,08/11/2012,1505,3,1,1,4,1,3,2,55,9,53.7967019486,-1.47268429551
10884,120491341,431156,434917,1,3,08/11/2012,1810,6,1,7,1,3,3,2,22,9,53.8093955831,-1.52680687109
10885,120491341,431156,434917,1,3,08/11/2012,1810,6,1,7,1,3,3,2,20,9,53.8093955831,-1.52680687109
10886,120491341,431156,434917,1,3,08/11/2012,1810,6,1,7,1,3,3,2,27,9,53.8093955831,-1.52680687109
10887,120488289,434737,436847,2,1,09/11/2012,1330,6,1,1,1,1,3,1,38,1,53.8265167045,-1.47220359335
10888,120488867,430478,433455,2,1,09/11/2012,1646,6,2,4,2,3,3,1,51,9,53.7962942654,-1.53724859043
10889,120488934,427612,434517,2,1,09/11/2012,1750,6,1,4,1,2,3,2,24,9,53.8060003388,-1.5806668582
10890,120489106,421333,434048,1,1,09/11/2012,2100,3,2,4,1,1,3,1,39,9,53.8020800267,-1.67605426053
10891,120489810,427154,432528,2,1,09/11/2012,1730,6,2,4,2,2,3,2,15,9,53.7881457669,-1.58779748713
10892,120493132,430630,435270,2,1,09/11/2012,2350,6,1,5,1,2,3,2,26,9,53.8125998418,-1.53476026124
10893,120489310,427481,432591,2,1,10/11/2012,243,6,1,7,1,1,3,1,38,9,53.7886948959,-1.5828280953
10894,120489721,444723,427850,2,1,10/11/2012,1225,6,1,1,1,1,2,1,54,5,53.7448846551,-1.32179151274
10895,120489806,427548,434797,3,2,10/11/2012,1325,6,1,1,1,1,3,1,25,9,53.8085205854,-1.58161371487
10896,120489806,427548,434797,3,2,10/11/2012,1325,6,1,1,1,2,3,1,50,9,53.8085205854,-1.58161371487
10897,120490517,430035,434056,1,2,10/11/2012,2200,6,1,4,1,3,3,1,27,9,53.8017222533,-1.54391586659
10898,120490517,430035,434056,1,2,10/11/2012,2200,6,1,4,1,3,3,1,27,9,53.8017222533,-1.54391586659
10899,120491578,436195,435918,1,1,10/11/2012,1220,6,1,1,1,1,3,2,84,90,53.8180668301,-1.45016107832
10900,120491723,427581,433912,2,1,10/11/2012,115,6,1,4,1,3,3,1,39,8,53.8005637811,-1.58119182669
10901,120492660,429432,436004,2,2,10/11/2012,1610,6,1,1,1,1,3,1,46,9,53.8192667496,-1.55288586748
10902,120492660,429432,436004,2,2,10/11/2012,1610,6,1,1,1,1,3,1,33,9,53.8192667496,-1.55288586748
10903,120494850,430142,438260,3,2,10/11/2012,1330,6,1,1,1,1,3,1,52,9,53.839504524,-1.54187911847
10904,120494850,430142,438260,3,2,10/11/2012,1330,6,1,1,1,2,3,2,53,9,53.839504524,-1.54187911847
10905,120490984,430451,433944,1,1,11/11/2012,750,3,1,1,1,1,3,1,21,9,53.8006913302,-1.53761017054
10906,120491227,432947,439243,2,2,11/11/2012,1257,3,1,1,1,1,3,1,84,9,53.8481699788,-1.49914287936
10907,120491227,432947,439243,2,2,11/11/2012,1257,3,1,1,1,2,2,2,82,9,53.8481699788,-1.49914287936
10908,120491242,430728,439082,2,1,11/11/2012,405,3,2,7,1,1,2,1,40,1,53.8468588567,-1.53289073503
10909,120491525,421948,432943,1,1,11/11/2012,1700,6,1,7,1,3,3,2,19,9,53.7921217473,-1.66679427966
10910,120492348,428623,436922,1,1,12/11/2012,930,4,2,1,1,3,2,2,39,9,53.8275635657,-1.56508989132
10911,120492608,430188,433964,1,1,12/11/2012,1127,6,2,1,2,3,2,1,29,9,53.800886434,-1.54160164916
10912,120492638,425946,434687,1,1,12/11/2012,1122,6,2,1,2,1,3,1,70,9,53.8076142157,-1.60595276926
10913,120494617,429187,431924,2,2,13/11/2012,1340,6,1,1,1,1,3,1,37,9,53.7826065064,-1.55699436486
10914,120494617,429187,431924,2,2,13/11/2012,1340,6,1,1,1,1,3,2,20,9,53.7826065064,-1.55699436486
10915,120495054,426955,435905,2,3,13/11/2012,1755,6,1,4,1,1,3,2,18,9,53.8185112069,-1.5905226049
10916,120495054,426955,435905,2,3,13/11/2012,1755,6,1,4,1,1,3,2,22,9,53.8185112069,-1.5905226049
10917,120495054,426955,435905,2,3,13/11/2012,1755,6,1,4,1,2,3,1,57,9,53.8185112069,-1.5905226049
10918,120495157,430352,433723,1,1,13/11/2012,1616,6,1,7,1,2,3,1,71,11,53.7987106092,-1.53913518575
10919,120495792,429342,431407,2,1,13/11/2012,1310,6,2,1,1,1,3,2,42,9,53.7779505991,-1.55469102688
10920,120496095,427913,433288,1,1,13/11/2012,1600,6,1,1,1,2,3,2,26,11,53.7949370811,-1.5762072227
10921,120495588,433973,434148,2,1,14/11/2012,730,3,1,7,1,1,3,1,25,1,53.8023069152,-1.48410935225
10922,120495760,422120,428834,2,1,14/11/2012,750,3,1,1,1,1,3,1,17,3,53.7551790933,-1.66447777683
10923,120496770,421698,433534,2,1,14/11/2012,1554,6,1,1,1,1,3,2,54,9,53.797444654,-1.67054798089
10924,120496827,430529,435167,1,1,14/11/2012,1728,3,1,4,1,3,2,2,30,9,53.811679946,-1.5363045156
10925,120497543,427583,437320,3,1,15/11/2012,800,6,1,1,1,1,3,1,40,9,53.8311973201,-1.58085590941
10926,120498446,431911,435739,1,1,15/11/2012,1454,3,1,1,1,3,3,1,35,9,53.8167384858,-1.51525523288
10927,120498499,432292,436989,1,1,15/11/2012,1535,6,1,1,1,3,2,1,15,9,53.827950768,-1.50933662199
10928,120498795,425465,437511,2,1,15/11/2012,2030,6,1,7,1,1,3,2,45,9,53.8330222901,-1.61302381899
10929,120500407,423591,434591,3,1,15/11/2012,1925,6,1,4,1,1,3,1,37,9,53.8068634516,-1.64172518684
10930,120501049,427904,435626,2,1,15/11/2012,1800,6,1,7,1,1,3,1,35,1,53.8159532749,-1.57613193988
10931,120499256,430446,431703,3,1,16/11/2012,723,1,1,4,1,1,3,1,44,9,53.7805478758,-1.53790752772
10932,120500020,431912,434798,1,1,16/11/2012,1550,6,1,1,1,2,3,2,55,9,53.8082800865,-1.51533763037
10933,120500230,436980,437530,3,2,16/11/2012,1700,3,1,7,1,1,3,1,32,9,53.832501107,-1.43804288128
10934,120500230,436980,437530,3,2,16/11/2012,1700,3,1,7,1,1,3,1,32,9,53.832501107,-1.43804288128
10935,120501612,428110,426279,3,2,17/11/2012,1515,3,1,1,1,1,3,1,19,9,53.7319238649,-1.57385471943
10936,120501612,428110,426279,3,2,17/11/2012,1515,3,1,1,1,2,3,2,18,9,53.7319238649,-1.57385471943
10937,120501841,423049,437654,2,1,17/11/2012,115,3,2,4,2,2,2,2,63,9,53.8344204835,-1.64972678721
10938,120506349,420366,440446,2,1,17/11/2012,1335,3,1,1,1,1,3,1,26,1,53.8596293374,-1.69031418148
10939,120502714,426649,441796,1,2,18/11/2012,1149,3,1,1,1,1,3,1,22,2,53.8714795189,-1.5946597878
10940,120502714,426649,441796,1,2,18/11/2012,1149,3,1,1,1,3,2,2,73,2,53.8714795189,-1.5946597878
10941,120502756,431773,435546,2,1,18/11/2012,1500,3,1,1,1,2,3,1,7,9,53.8150121254,-1.51737137504
10942,120503060,430253,433402,1,1,18/11/2012,450,6,2,4,1,3,3,1,19,20,53.7958309952,-1.54066987865
10943,120503158,431970,435836,2,1,18/11/2012,2050,6,1,4,1,1,3,1,45,8,53.817606761,-1.51434894687
10944,120509211,420003,445285,2,1,18/11/2012,1430,6,1,1,1,1,3,1,30,9,53.903140067,-1.69551800886
10945,120503829,428422,432502,1,1,19/11/2012,955,3,1,1,1,1,3,1,37,2,53.7878443531,-1.56855200881
10946,120505346,435817,435757,2,2,20/11/2012,815,6,2,1,2,1,3,2,18,9,53.81664585,-1.45592174195
10947,120505346,435817,435757,2,2,20/11/2012,815,6,2,1,2,1,3,2,58,9,53.81664585,-1.45592174195
10948,120505476,424591,433585,1,1,20/11/2012,900,3,2,1,2,1,3,1,23,9,53.7977743798,-1.62661895202
10949,120505717,431136,434657,4,1,20/11/2012,933,6,2,1,2,1,2,1,43,9,53.8070597213,-1.52713691812
10950,120506117,433524,434617,2,1,20/11/2012,1525,6,2,1,2,1,3,1,28,3,53.8065517234,-1.49087618938
10951,120506301,425754,427036,1,1,20/11/2012,1623,6,1,4,1,3,3,1,7,9,53.7388501371,-1.60950746785
10952,120506306,429402,435415,1,2,20/11/2012,1854,6,1,7,1,1,3,2,24,9,53.8139740961,-1.55339788761
10953,120506306,429402,435415,1,2,20/11/2012,1854,6,1,7,1,3,2,2,40,9,53.8139740961,-1.55339788761
10954,120507811,427198,431559,2,1,20/11/2012,1615,3,1,1,1,1,3,1,32,9,53.7794333212,-1.58721507707
10955,120506896,429659,434609,2,1,21/11/2012,905,3,2,1,2,1,3,1,25,1,53.8067145937,-1.54957199038
10956,120507808,424237,428164,2,2,21/11/2012,615,3,2,4,2,1,3,1,66,9,53.7490623576,-1.63241981659
10957,120507808,424237,428164,2,2,21/11/2012,615,3,2,4,2,2,3,1,33,9,53.7490623576,-1.63241981659
10958,120507954,428434,434998,2,1,21/11/2012,1859,6,1,7,1,1,2,1,21,1,53.8102796326,-1.56813940138
10959,120508042,438576,433814,2,1,21/11/2012,1357,1,1,1,1,1,3,2,40,9,53.7989837386,-1.41425697912
10960,120508334,424771,425460,1,1,21/11/2012,2200,4,2,4,1,1,2,1,41,9,53.7247312326,-1.62453800249
10961,120508810,431330,435050,2,1,21/11/2012,1345,3,2,1,2,1,3,2,21,9,53.8105806241,-1.52415074334
10962,120509239,428962,435463,1,1,21/11/2012,1740,3,1,4,1,3,3,1,78,9,53.8144302507,-1.56007653725
10963,120508525,445196,446984,2,1,22/11/2012,755,6,1,1,1,1,3,1,50,9,53.9168263224,-1.31180577044
10964,120508716,436981,433603,2,2,22/11/2012,815,3,2,1,4,1,3,1,25,9,53.797202979,-1.43849969457
10965,120508716,436981,433603,2,2,22/11/2012,815,3,2,1,4,1,3,1,51,8,53.797202979,-1.43849969457
10966,120508755,424071,434503,2,1,22/11/2012,800,6,1,1,1,1,3,1,32,1,53.8060504404,-1.63444250458
10967,120508806,430910,432289,2,4,22/11/2012,1255,3,1,1,1,1,3,1,27,9,53.785787929,-1.53080669207
10968,120508806,430910,432289,2,4,22/11/2012,1255,3,1,1,1,1,3,1,41,8,53.785787929,-1.53080669207
10969,120508806,430910,432289,2,4,22/11/2012,1255,3,1,1,1,2,3,1,46,8,53.785787929,-1.53080669207
10970,120508806,430910,432289,2,4,22/11/2012,1255,3,1,1,1,2,3,2,45,8,53.785787929,-1.53080669207
10971,120509416,421614,436042,3,2,22/11/2012,1800,3,2,4,2,1,3,2,44,9,53.8199921846,-1.67164725072
10972,120509416,421614,436042,3,2,22/11/2012,1800,3,2,4,2,1,3,2,52,9,53.8199921846,-1.67164725072
10973,120509422,428561,434247,2,1,22/11/2012,1530,6,2,1,1,1,3,1,23,4,53.8035221275,-1.56628024521
10974,120509425,428109,426281,2,2,22/11/2012,1644,3,1,1,1,1,3,2,60,9,53.7319418965,-1.57386969707
10975,120509425,428109,426281,2,2,22/11/2012,1644,3,1,1,1,1,3,2,48,9,53.7319418965,-1.57386969707
10976,120515925,430789,433253,3,1,22/11/2012,1630,3,1,4,1,1,3,2,34,9,53.7944602325,-1.53254700003
10977,120511229,428653,434883,2,1,23/11/2012,1935,6,2,4,1,1,3,1,20,1,53.8092339067,-1.56482400257
10978,120512226,429690,425693,2,1,23/11/2012,1910,3,1,4,1,1,3,2,34,1,53.7265688434,-1.54995909851
10979,120514265,429133,435251,2,1,23/11/2012,945,3,1,1,1,1,3,1,20,3,53.8125150881,-1.55749925964
10980,120511612,424923,434423,1,1,24/11/2012,210,3,1,4,1,1,3,1,25,4,53.8052912045,-1.62151027387
10981,120511905,443331,435489,2,1,24/11/2012,830,4,4,1,1,1,3,2,47,9,53.8136649898,-1.34182562046
10982,120512442,427069,433703,2,1,24/11/2012,1528,3,1,1,1,1,3,1,29,3,53.7987120215,-1.58898452241