Col.Number,Reference.Number,Easting,Northing,Number.of.Vehicles,Number.of.Casualties,Accident.Date,Time..24hr.,X1st.Road.Class,Road.Surface,Lighting.Conditions,Weather.Conditions,Casualty.Class,Casualty.Severity,Sex.of.Casualty,Age.of.Casualty,Type.of.Vehicle,Latitude,Longitude
10983,120512744,429320,433685,2,2,24/11/2012,1745,2,2,4,2,1,3,1,24,9,53.7984282255,-1.5548081629
10984,120512744,429320,433685,2,2,24/11/2012,1745,2,2,4,2,2,3,2,25,9,53.7984282255,-1.5548081629
10985,120515012,432509,427306,2,2,24/11/2012,950,3,2,1,1,1,3,1,44,9,53.7408996579,-1.507060773
10986,120515012,432509,427306,2,2,24/11/2012,950,3,2,1,1,2,3,2,65,9,53.7408996579,-1.507060773
10987,120513100,426982,440718,1,1,25/11/2012,455,3,5,4,5,1,3,1,33,9,53.861772512,-1.58968972253
10988,120513362,430487,435324,2,1,25/11/2012,540,3,1,7,1,1,3,1,26,1,53.8130936357,-1.53692686287
10989,120514263,422223,433797,2,1,25/11/2012,1300,6,1,1,1,1,3,1,54,1,53.7997865617,-1.66255780547
10990,120515360,433296,425346,2,2,26/11/2012,1555,3,2,4,2,1,3,1,27,19,53.723232011,-1.49533892082
10991,120515360,433296,425346,2,2,26/11/2012,1555,3,2,4,2,1,3,2,51,9,53.723232011,-1.49533892082
10992,120515364,431176,434985,2,1,26/11/2012,1510,3,2,1,2,1,3,1,22,9,53.8100056153,-1.526496237
10993,120515447,423999,438451,2,1,26/11/2012,1630,6,2,4,2,1,3,1,42,9,53.8415415191,-1.63522779915
10994,120515473,428823,431611,2,2,26/11/2012,1640,1,2,4,2,1,3,1,20,9,53.7798133027,-1.5625483078
10995,120515473,428823,431611,2,2,26/11/2012,1640,1,2,4,2,1,3,1,67,9,53.7798133027,-1.5625483078
10996,120520538,424123,428153,2,2,26/11/2012,2120,3,2,4,2,1,3,2,50,9,53.7489687689,-1.6341495694
10997,120520538,424123,428153,2,2,26/11/2012,2120,3,2,4,2,2,3,2,45,9,53.7489687689,-1.6341495694
10998,120516001,431533,445776,2,1,27/11/2012,550,3,2,6,2,1,3,1,62,9,53.9069801493,-1.51996541909
10999,120516136,433609,433177,1,1,27/11/2012,845,6,1,1,1,3,3,2,2,11,53.7936025769,-1.4897425238
11000,120516264,422481,432191,1,1,27/11/2012,901,6,1,1,1,1,3,1,79,9,53.785339364,-1.65875750473
11001,120516317,427934,426303,1,1,27/11/2012,1035,3,2,1,1,1,3,1,75,9,53.7321490551,-1.5765206163
11002,120517017,430657,434692,3,3,27/11/2012,1340,3,2,1,1,1,3,2,63,9,53.8074027831,-1.53440774865
11003,120517017,430657,434692,3,3,27/11/2012,1340,3,2,1,1,1,3,1,56,9,53.8074027831,-1.53440774865
11004,120517017,430657,434692,3,3,27/11/2012,1340,3,2,1,1,2,3,2,50,9,53.8074027831,-1.53440774865
11005,120518141,424737,438876,1,1,27/11/2012,1720,6,1,7,1,3,3,2,16,9,53.8453271149,-1.62397661941
11006,120518891,429953,430374,3,4,27/11/2012,2200,6,1,4,1,1,3,1,37,9,53.7686304076,-1.54551881548
11007,120518891,429953,430374,3,4,27/11/2012,2200,6,1,4,1,2,3,2,35,9,53.7686304076,-1.54551881548
11008,120518891,429953,430374,3,4,27/11/2012,2200,6,1,4,1,2,3,2,35,9,53.7686304076,-1.54551881548
11009,120518891,429953,430374,3,4,27/11/2012,2200,6,1,4,1,1,3,1,49,9,53.7686304076,-1.54551881548
11010,120518814,427522,431362,1,1,28/11/2012,1721,3,1,7,1,3,3,2,21,9,53.7776454986,-1.58231544522
11011,120518820,432158,429526,3,2,28/11/2012,1635,1,1,4,1,1,3,1,28,9,53.7608764706,-1.51215168804
11012,120518820,432158,429526,3,2,28/11/2012,1635,1,1,4,1,1,3,1,40,9,53.7608764706,-1.51215168804
11013,120519132,426189,438511,2,3,28/11/2012,2215,6,1,4,1,1,3,2,26,9,53.8419750377,-1.60193668146
11014,120519132,426189,438511,2,3,28/11/2012,2215,6,1,4,1,1,3,1,30,9,53.8419750377,-1.60193668146
11015,120519132,426189,438511,2,3,28/11/2012,2215,6,1,4,1,2,3,1,21,9,53.8419750377,-1.60193668146
11016,120519870,423416,434147,1,1,29/11/2012,1135,6,1,1,1,3,2,1,53,9,53.8028803203,-1.64441661388
11017,120520472,420915,434413,2,1,29/11/2012,1340,3,1,1,1,1,3,2,24,9,53.8053779384,-1.68237676756
11018,120520477,429283,433688,2,1,29/11/2012,1650,2,1,4,1,1,3,1,28,9,53.7984572757,-1.55536966317
11019,120520542,420317,445375,1,1,29/11/2012,1337,6,1,1,1,2,2,2,82,11,53.9039368372,-1.69073245964
11020,120520957,428325,434426,1,1,29/11/2012,2045,6,1,7,1,1,3,1,33,9,53.8051440194,-1.56984749808
11021,120521548,426777,438346,1,1,29/11/2012,930,3,4,1,1,1,2,1,24,4,53.8404619177,-1.59301392306
11022,120541690,428398,434382,2,1,29/11/2012,130,6,1,7,1,1,2,1,42,1,53.8047445337,-1.56874299005
11023,120521097,422615,440122,1,1,30/11/2012,655,6,4,6,1,1,3,2,23,9,53.8566238646,-1.65614036336
11024,120521284,433212,437610,2,1,30/11/2012,840,6,1,1,1,1,3,2,23,9,53.8334747146,-1.49529109887
11025,120521990,423012,437676,2,1,30/11/2012,1448,3,2,1,1,1,3,2,17,9,53.834619877,-1.65028741331
11026,120522007,419724,442089,1,1,30/11/2012,1550,6,1,4,1,3,3,1,10,9,53.8744227054,-1.69997063581
11027,120522045,430664,434709,2,1,30/11/2012,1610,3,1,4,1,1,2,1,20,1,53.8075551783,-1.53429974897
11028,120522567,441053,432047,2,2,30/11/2012,2233,3,1,4,1,1,3,2,47,9,53.7829114978,-1.37688369506
11029,120522567,441053,432047,2,2,30/11/2012,2233,3,1,4,1,1,3,1,57,9,53.7829114978,-1.37688369506
11030,120522820,435927,437367,2,1,30/11/2012,1520,6,1,1,1,1,3,2,19,4,53.8311098511,-1.45406276767
11031,120523377,431971,435824,2,1,30/11/2012,1935,3,1,7,1,2,3,2,28,8,53.8174988356,-1.51433500378
11032,120527726,436883,436410,2,3,30/11/2012,900,6,4,1,1,1,3,2,21,9,53.8224408387,-1.43965120404
11033,120527726,436883,436410,2,3,30/11/2012,900,6,4,1,1,2,3,1,5,9,53.8224408387,-1.43965120404
11034,120527726,436883,436410,2,3,30/11/2012,900,6,4,1,1,2,3,2,2,9,53.8224408387,-1.43965120404
11035,120522513,429800,433923,1,1,01/12/2012,5,6,1,7,1,3,3,1,20,8,53.8005402688,-1.54749711057
11036,120522517,430798,433278,1,1,01/12/2012,5,3,1,4,1,3,2,1,60,9,53.7946844178,-1.53240786339
11037,120523498,429146,431992,2,2,01/12/2012,1600,6,1,1,1,2,3,1,32,9,53.78322004,-1.55761022064
11038,120523498,429146,431992,2,2,01/12/2012,1600,6,1,1,1,2,3,2,7,9,53.78322004,-1.55761022064
11039,120523517,426320,437708,2,1,01/12/2012,1825,6,1,4,1,1,3,2,34,9,53.8347504631,-1.60001437309
11040,120523598,435933,437366,2,2,01/12/2012,1520,6,1,1,1,2,3,2,17,8,53.8311004476,-1.45397171471
11041,120523598,435933,437366,2,2,01/12/2012,1520,6,1,1,1,2,3,2,41,8,53.8311004476,-1.45397171471
11042,120523771,422915,433579,2,5,01/12/2012,2325,6,1,7,1,1,3,1,53,9,53.7977969703,-1.65206665412
11043,120523771,422915,433579,2,5,01/12/2012,2325,6,1,7,1,2,3,1,31,9,53.7977969703,-1.65206665412
11044,120523771,422915,433579,2,5,01/12/2012,2325,6,1,7,1,2,3,1,32,9,53.7977969703,-1.65206665412
11045,120523771,422915,433579,2,5,01/12/2012,2325,6,1,7,1,2,3,2,27,9,53.7977969703,-1.65206665412
11046,120523771,422915,433579,2,5,01/12/2012,2325,6,1,7,1,2,3,1,31,9,53.7977969703,-1.65206665412
11047,120524024,436717,434097,1,1,01/12/2012,915,6,1,1,1,3,2,2,50,9,53.8016620391,-1.44244902579
11048,120525630,423347,434355,2,1,01/12/2012,1800,6,1,4,1,2,3,2,30,8,53.8047530991,-1.64544861727
11049,120535966,427156,432529,2,1,01/12/2012,945,6,1,1,1,1,3,2,37,9,53.7881546514,-1.58776703952
11050,120539519,433803,434638,2,2,01/12/2012,1600,6,1,1,1,1,3,1,65,9,53.8067224255,-1.48663693996
11051,120539519,433803,434638,2,2,01/12/2012,1600,6,1,1,1,2,3,1,30,9,53.8067224255,-1.48663693996
11052,120524338,428547,434274,1,1,02/12/2012,1726,6,1,7,1,3,3,2,39,9,53.8037655922,-1.56649033532
11053,120525161,440598,426158,1,1,02/12/2012,1930,3,4,4,1,1,3,1,52,9,53.7300135794,-1.38456372678
11054,120525114,440980,437445,1,1,03/12/2012,535,6,4,6,2,1,3,1,47,9,53.8314370032,-1.37727299895
11055,120525130,425911,426233,2,1,03/12/2012,620,1,2,7,2,1,3,1,40,19,53.7316242745,-1.60719433375
11056,120525369,420324,434223,2,1,03/12/2012,900,3,2,1,2,1,3,1,35,9,53.8036934835,-1.69136431845
11057,120525424,436342,430693,2,3,03/12/2012,655,6,4,5,1,1,3,1,44,9,53.7710911339,-1.44854452903
11058,120525424,436342,430693,2,3,03/12/2012,655,6,4,5,1,1,3,1,34,9,53.7710911339,-1.44854452903
11059,120525424,436342,430693,2,3,03/12/2012,655,6,4,5,1,2,3,1,36,9,53.7710911339,-1.44854452903
11060,120526656,423011,437654,2,1,03/12/2012,2318,3,1,7,1,1,3,2,24,9,53.8344221679,-1.65030425732
11061,120527173,422161,433030,2,3,03/12/2012,800,6,1,1,1,1,3,2,27,9,53.7928947507,-1.6635544023
11062,120527173,422161,433030,2,3,03/12/2012,800,6,1,1,1,2,3,1,25,9,53.7928947507,-1.6635544023
11063,120527173,422161,433030,2,3,03/12/2012,800,6,1,1,1,2,3,2,27,9,53.7928947507,-1.6635544023
11064,120527238,420884,434444,2,2,03/12/2012,1320,3,2,1,1,1,3,2,43,9,53.8056578389,-1.68284543451
11065,120527238,420884,434444,2,2,03/12/2012,1320,3,2,1,1,2,3,2,53,21,53.8056578389,-1.68284543451
11066,130024327,431668,437595,2,1,03/12/2012,830,6,1,1,1,1,3,2,35,9,53.8334362887,-1.51875523399
11067,120526720,428372,432881,2,1,04/12/2012,728,4,2,7,1,1,3,1,36,1,53.7912538258,-1.56927609253
11068,120526773,426973,433433,1,1,04/12/2012,820,6,2,1,1,3,3,1,23,9,53.7962900363,-1.59046579017
11069,120527271,432466,438881,2,1,04/12/2012,1425,6,1,1,1,1,3,2,25,3,53.8449463987,-1.50649296588
11070,120529092,428201,434947,2,1,04/12/2012,1915,6,1,4,1,1,3,1,24,9,53.8098338952,-1.57168281032
11071,120528454,428871,432903,2,1,05/12/2012,845,6,1,1,1,1,3,1,29,1,53.7914241317,-1.56169880321
11072,120528682,429835,432151,4,1,05/12/2012,830,1,2,1,1,1,3,1,43,9,53.7846102151,-1.54713726595
11073,120528699,432120,434682,2,1,05/12/2012,910,6,2,1,1,1,3,2,35,9,53.807224595,-1.51219086828
11074,120528923,426476,433936,3,1,05/12/2012,1148,3,1,1,1,1,3,1,93,9,53.8008369277,-1.59796835071
11075,120529256,431356,433946,2,2,05/12/2012,1505,6,1,1,1,2,3,2,58,11,53.8006555422,-1.52386831269
11076,120529256,431356,433946,2,2,05/12/2012,1505,6,1,1,1,2,3,2,36,11,53.8006555422,-1.52386831269
11077,120529310,424577,435154,2,1,05/12/2012,1614,3,1,1,1,1,3,1,62,9,53.8118784873,-1.62670626109
11078,120529408,430046,430181,2,2,05/12/2012,1830,6,2,4,1,1,3,1,35,3,53.7668902171,-1.5441265563
11079,120529408,430046,430181,2,2,05/12/2012,1830,6,2,4,1,1,3,1,59,9,53.7668902171,-1.5441265563
11080,120529487,431224,434777,2,1,05/12/2012,1920,6,2,4,1,1,3,1,30,1,53.8081330881,-1.5257883378
11081,120529977,424584,435161,1,1,05/12/2012,850,6,1,1,1,2,3,1,4,11,53.811941078,-1.62659938315
11082,120530293,424124,428184,2,1,05/12/2012,2320,3,1,4,1,1,3,1,27,9,53.7492473786,-1.63413198266
11083,120530866,428882,431608,2,1,06/12/2012,1620,6,1,4,1,1,3,1,39,9,53.7797830663,-1.56165316437
11084,120532470,432391,437593,1,1,06/12/2012,845,6,2,1,1,1,2,1,21,9,53.8333737404,-1.50776877124
11085,120533803,420017,434145,2,1,06/12/2012,1040,3,1,1,1,1,3,2,38,9,53.8030042566,-1.69603134956
11086,120531375,424089,430779,2,1,07/12/2012,620,6,2,4,2,1,3,1,26,9,53.7725751562,-1.6344602714
11087,120531417,428824,432498,2,1,07/12/2012,756,3,1,1,1,1,3,1,28,1,53.7877862882,-1.56245018879
11088,120531611,423200,434666,2,1,07/12/2012,835,4,1,1,1,1,3,1,85,9,53.8075552034,-1.64765749811
11089,120531651,424127,444005,2,1,07/12/2012,730,3,1,7,1,1,3,2,23,9,53.8914589714,-1.63284541472
11090,120531738,428232,440378,2,3,07/12/2012,950,6,2,1,1,1,3,1,33,9,53.8586498774,-1.57071306302
11091,120531738,428232,440378,2,3,07/12/2012,950,6,2,1,1,1,3,2,33,9,53.8586498774,-1.57071306302
11092,120531738,428232,440378,2,3,07/12/2012,950,6,2,1,1,2,3,2,31,9,53.8586498774,-1.57071306302
11093,120531887,428092,432879,2,1,07/12/2012,1130,6,1,1,1,1,3,2,72,9,53.7912510396,-1.57352690919
11094,120532553,420509,440227,2,1,07/12/2012,1849,3,2,4,1,1,2,1,45,1,53.8576551622,-1.68815439285
11095,120532578,427733,429977,1,1,07/12/2012,1555,3,1,1,1,3,3,1,19,9,53.7651847991,-1.57923783677
11096,120532588,427497,425517,2,6,07/12/2012,1747,3,1,4,1,1,3,1,26,9,53.7251070217,-1.58321522237
11097,120532588,427497,425517,2,6,07/12/2012,1747,3,1,4,1,2,3,2,13,9,53.7251070217,-1.58321522237
11098,120532588,427497,425517,2,6,07/12/2012,1747,3,1,4,1,2,3,2,31,9,53.7251070217,-1.58321522237
11099,120532588,427497,425517,2,6,07/12/2012,1747,3,1,4,1,2,2,2,34,9,53.7251070217,-1.58321522237
11100,120532588,427497,425517,2,6,07/12/2012,1747,3,1,4,1,2,3,2,14,9,53.7251070217,-1.58321522237
11101,120532588,427497,425517,2,6,07/12/2012,1747,3,1,4,1,1,3,1,48,9,53.7251070217,-1.58321522237
11102,120532843,429983,434064,1,1,07/12/2012,2315,6,1,4,1,3,3,1,22,9,53.8017971631,-1.54470468471
11103,120532911,436919,429091,1,1,07/12/2012,2310,3,2,4,1,1,3,1,44,10,53.7566507536,-1.4399811971
11104,120533240,432525,427554,3,2,07/12/2012,1009,3,1,1,1,1,3,2,33,9,53.7431278733,-1.50679207041
11105,120533240,432525,427554,3,2,07/12/2012,1009,3,1,1,1,2,3,1,35,9,53.7431278733,-1.50679207041
11106,120533467,432179,435624,2,1,07/12/2012,1500,6,1,1,1,1,3,1,32,9,53.8156882706,-1.511196364
11107,120533746,425973,435573,2,1,07/12/2012,1818,4,1,7,1,2,3,2,27,9,53.8155769265,-1.60546794579
11108,120533571,428717,435613,2,1,08/12/2012,1340,3,1,1,1,1,3,2,24,1,53.8157921497,-1.56378388844
11109,120535924,430142,433764,1,1,08/12/2012,1340,6,1,1,1,3,3,2,49,9,53.799091357,-1.54231970082
11110,120534836,429795,433796,2,1,09/12/2012,1040,6,1,1,1,2,3,2,24,9,53.7993989865,-1.54758531892
11111,120535837,429985,433396,1,1,09/12/2012,30,6,1,7,1,3,2,1,23,9,53.7957925776,-1.5447393542
11112,120536174,424093,427944,2,1,10/12/2012,1025,1,1,1,1,1,3,1,52,9,53.7470914754,-1.63462084091
11113,120536698,428484,434447,2,1,10/12/2012,1530,6,1,1,1,1,3,1,24,9,53.8053240994,-1.56743100581
11114,120538464,426515,435655,2,1,10/12/2012,2250,4,1,4,1,1,3,2,26,9,53.8162866453,-1.5972280748
11115,120537759,430736,424544,2,4,11/12/2012,1309,3,2,1,1,1,3,2,47,9,53.7161800866,-1.53421853963
11116,120537759,430736,424544,2,4,11/12/2012,1309,3,2,1,1,1,3,1,56,19,53.7161800866,-1.53421853963
11117,120537759,430736,424544,2,4,11/12/2012,1309,3,2,1,1,2,3,2,23,9,53.7161800866,-1.53421853963
11118,120537759,430736,424544,2,4,11/12/2012,1309,3,2,1,1,2,3,2,43,9,53.7161800866,-1.53421853963
11119,120537762,427713,436422,1,1,11/12/2012,907,6,1,1,1,2,3,2,30,9,53.8231185266,-1.5789614678
11120,120537774,423036,435903,1,1,11/12/2012,810,3,1,1,1,3,3,1,11,9,53.8186816673,-1.65005553658
11121,120538313,420766,441173,1,1,11/12/2012,1335,6,1,1,1,3,3,1,95,9,53.866148331,-1.68418266314
11122,120538355,430268,434452,2,1,11/12/2012,1735,3,1,7,1,1,3,1,41,1,53.8052682785,-1.54033893509
11123,120538491,428961,429870,2,1,11/12/2012,1730,3,2,4,8,1,3,1,23,9,53.7641561646,-1.5606173815
11124,120538501,425095,434944,2,1,11/12/2012,1935,6,1,7,1,1,3,1,20,2,53.8099660983,-1.61885580638
11125,120538720,432486,434003,1,1,11/12/2012,2320,6,4,4,8,1,3,1,51,1,53.801098554,-1.50670426812
11126,120539479,431359,433946,2,3,12/12/2012,1210,6,2,1,1,1,3,1,42,19,53.8006553613,-1.5238227603
11127,120539479,431359,433946,2,3,12/12/2012,1210,6,2,1,1,1,3,2,38,11,53.8006553613,-1.5238227603
11128,120539479,431359,433946,2,3,12/12/2012,1210,6,2,1,1,2,3,2,54,11,53.8006553613,-1.5238227603
11129,120539521,431887,435687,1,1,12/12/2012,1120,6,1,1,1,3,3,2,36,9,53.8162725478,-1.51562518086
11130,120539728,424928,427640,5,3,12/12/2012,1436,3,2,1,1,1,3,1,47,9,53.744319583,-1.62198258675
11131,120539728,424928,427640,5,3,12/12/2012,1436,3,2,1,1,1,3,2,21,9,53.744319583,-1.62198258675
11132,120539728,424928,427640,5,3,12/12/2012,1436,3,2,1,1,1,3,1,34,90,53.744319583,-1.62198258675
11133,120539989,427195,433519,2,2,12/12/2012,1730,6,2,4,1,1,3,1,46,9,53.7970515145,-1.58708764107
11134,120539989,427195,433519,2,2,12/12/2012,1730,6,2,4,1,1,3,1,35,9,53.7970515145,-1.58708764107
11135,120540529,423045,437647,2,1,13/12/2012,735,3,1,7,1,1,3,1,39,1,53.8343577394,-1.64978809846
11136,120540548,421247,435538,2,2,13/12/2012,655,3,2,4,7,1,3,1,52,9,53.8154769394,-1.67725730629
11137,120540548,421247,435538,2,2,13/12/2012,655,3,2,4,7,1,3,2,41,9,53.8154769394,-1.67725730629
11138,120541633,427605,434628,2,1,13/12/2012,1800,6,1,7,1,1,3,1,52,9,53.8069984627,-1.5807632073
11139,120541698,429305,433678,3,2,13/12/2012,2040,2,1,7,1,1,3,1,40,9,53.7983661495,-1.55503657985
11140,120541698,429305,433678,3,2,13/12/2012,2040,2,1,7,1,1,3,1,31,9,53.7983661495,-1.55503657985
11141,120542951,434695,436727,2,2,13/12/2012,1515,6,2,1,7,1,3,2,29,9,53.8254408793,-1.47285525552
11142,120542951,434695,436727,2,2,13/12/2012,1515,6,2,1,7,2,3,2,8,9,53.8254408793,-1.47285525552
11143,120543009,431888,430494,2,1,13/12/2012,1625,1,1,1,1,1,3,2,41,9,53.7695941699,-1.51614749649
11144,120541911,431245,433689,4,1,14/12/2012,35,2,1,7,1,1,3,1,32,9,53.7983521248,-1.52557982639
11145,120542020,432998,435278,2,1,14/12/2012,745,6,2,1,1,1,3,1,41,9,53.8125268624,-1.49879326106
11146,120542052,441067,445546,1,1,14/12/2012,645,2,2,7,1,1,3,1,36,9,53.9042449489,-1.37486628962
11147,120542062,441067,445546,2,1,14/12/2012,645,2,4,7,1,1,3,1,35,9,53.9042449489,-1.37486628962
11148,120542068,420807,441110,1,1,14/12/2012,915,6,1,1,1,3,3,1,25,9,53.865580396,-1.68356340348
11149,120542287,440907,447785,9,3,14/12/2012,500,2,4,6,8,1,3,1,30,19,53.9243824224,-1.37700221402
11150,120542287,440907,447785,9,3,14/12/2012,500,2,4,6,8,2,3,1,41,19,53.9243824224,-1.37700221402
11151,120542287,440907,447785,9,3,14/12/2012,500,2,4,6,8,1,3,1,46,9,53.9243824224,-1.37700221402
11152,120542604,432354,426920,1,1,14/12/2012,435,1,4,4,2,1,3,1,34,9,53.7374396348,-1.50945137386
11153,120542826,427502,433806,3,1,14/12/2012,1723,6,1,7,1,1,3,1,42,9,53.7996151541,-1.58240084651
11154,120542901,430253,433229,2,1,14/12/2012,1605,6,1,1,1,2,3,2,62,8,53.7942759452,-1.5406868692
11155,120542995,429479,432038,3,1,14/12/2012,1915,1,2,4,2,1,3,2,48,9,53.7836147701,-1.55255158163
11156,120543196,432680,439360,1,1,14/12/2012,2245,3,2,4,1,2,2,1,21,9,53.8492385166,-1.50318916602
11157,120545548,429157,431835,3,2,14/12/2012,1940,1,2,4,1,1,3,2,40,9,53.7818081873,-1.55745811301
11158,120545548,429157,431835,3,2,14/12/2012,1940,1,2,4,1,2,3,2,9,9,53.7818081873,-1.55745811301
11159,120543700,425458,432855,2,1,15/12/2012,935,3,1,1,1,1,3,1,38,9,53.791170841,-1.61351538381
11160,120544422,436099,435596,1,1,15/12/2012,1615,3,2,4,1,1,3,1,74,9,53.8151791847,-1.45165712646
11161,120544708,425643,432996,2,1,15/12/2012,2348,6,1,7,1,2,3,1,21,9,53.79242918,-1.61069518577
11162,120553805,428748,434071,2,1,15/12/2012,1555,6,1,1,1,1,3,1,27,9,53.8019298063,-1.56345703632
11163,120545180,431530,433067,1,1,16/12/2012,1225,6,2,1,1,1,3,2,45,9,53.7927439564,-1.52131625543
11164,120545685,430241,433398,1,1,16/12/2012,350,6,1,7,1,3,3,2,25,9,53.7957957379,-1.54085246045
11165,120545712,421454,433282,1,1,16/12/2012,1640,6,1,4,1,3,3,1,14,9,53.7951895782,-1.67427024588
11166,120545766,430477,432850,2,1,16/12/2012,1545,3,2,4,1,1,3,1,57,9,53.7908561446,-1.53732362544
11167,120545842,430325,433290,1,1,16/12/2012,308,6,1,7,1,3,2,1,18,9,53.7948200661,-1.5395877703
11168,120546120,429728,427358,2,1,16/12/2012,1255,6,1,1,1,1,3,1,45,3,53.7415330823,-1.54922302022
11169,120546761,427517,440657,2,2,16/12/2012,1445,6,2,1,1,2,3,1,7,9,53.8611961144,-1.58155978438
11170,120546761,427517,440657,2,2,16/12/2012,1445,6,2,1,1,2,3,1,12,9,53.8611961144,-1.58155978438
11171,120545912,427950,426477,2,1,17/12/2012,30,3,2,4,1,2,3,1,49,9,53.7337122603,-1.57626233477
11172,120547883,426918,439557,2,1,18/12/2012,730,3,1,7,1,2,3,2,20,9,53.8513399597,-1.59076476267
11173,120548703,432065,436086,3,1,18/12/2012,1530,6,2,1,1,1,3,2,48,9,53.8198480742,-1.51287981413
11174,120549240,429815,433404,2,1,18/12/2012,1312,6,2,1,1,3,3,1,18,9,53.7958742574,-1.54731959175
11175,120549337,426339,439200,1,1,18/12/2012,750,6,2,4,1,1,3,1,28,9,53.8481606826,-1.59959770559
11176,120549830,429970,435046,1,2,18/12/2012,1550,6,1,1,1,2,3,1,3,11,53.8106248322,-1.54480647867
11177,120549830,429970,435046,1,2,18/12/2012,1550,6,1,1,1,2,3,2,11,11,53.8106248322,-1.54480647867
11178,120550322,419578,445131,2,1,18/12/2012,1640,3,2,4,1,1,3,2,45,9,53.9017720318,-1.70199703476
11179,120551110,434356,428201,1,1,18/12/2012,1740,6,1,7,1,3,3,1,9,9,53.7488261129,-1.47895613514
11180,120549758,430859,434153,1,1,19/12/2012,835,3,1,1,1,3,3,1,17,9,53.8025459258,-1.53139408693
11181,120550395,436310,435750,2,2,19/12/2012,1615,6,2,4,1,1,3,2,17,9,53.8165487311,-1.44843402964
11182,120550395,436310,435750,2,2,19/12/2012,1615,6,2,4,1,2,3,1,19,9,53.8165487311,-1.44843402964
11183,120550413,427916,436605,1,1,19/12/2012,1120,4,2,1,5,2,3,1,64,11,53.8247526003,-1.57586080548
11184,120550470,426801,438034,2,1,19/12/2012,1736,3,2,4,2,1,2,1,55,4,53.8376561981,-1.59267637282
11185,120550571,434853,428432,1,1,19/12/2012,1800,6,2,4,2,1,2,1,78,9,53.7508695031,-1.47139290748
11186,120550620,442170,434550,1,1,19/12/2012,2040,1,2,6,5,1,3,2,58,9,53.805320311,-1.35958800857
11187,120550787,428043,427808,1,4,20/12/2012,15,4,2,4,2,1,3,1,27,9,53.7456714304,-1.57473167901
11188,120550787,428043,427808,1,4,20/12/2012,15,4,2,4,2,2,3,1,23,9,53.7456714304,-1.57473167901
11189,120550787,428043,427808,1,4,20/12/2012,15,4,2,4,2,2,3,1,24,9,53.7456714304,-1.57473167901
11190,120550787,428043,427808,1,4,20/12/2012,15,4,2,4,2,2,3,1,20,9,53.7456714304,-1.57473167901
11191,120550961,426976,432309,2,1,20/12/2012,645,6,2,4,2,1,3,1,28,1,53.786186477,-1.59051865171
11192,120551079,429053,435489,1,1,20/12/2012,825,6,2,4,2,3,3,2,13,9,53.8146588804,-1.55869186652
11193,120551667,419088,441936,1,1,20/12/2012,1015,3,2,1,2,3,3,2,68,9,53.8730712123,-1.7096544637
11194,120551682,442550,447858,2,1,20/12/2012,1410,6,2,1,2,1,2,1,55,9,53.9249061699,-1.35197152749
11195,120551822,430104,431745,1,1,20/12/2012,1512,6,2,1,1,3,3,2,13,9,53.7809452936,-1.54309392993
11196,120552030,431299,434128,1,1,20/12/2012,1820,6,1,7,1,3,2,1,19,9,53.8022949181,-1.52471530856
11197,120552143,428280,429619,2,1,20/12/2012,1800,3,2,4,2,1,3,1,30,9,53.7619373917,-1.57097186819
11198,120552363,428961,433692,4,3,20/12/2012,2318,3,1,7,1,1,3,1,43,9,53.7985112563,-1.56025834548
11199,120552363,428961,433692,4,3,20/12/2012,2318,3,1,7,1,2,3,2,56,9,53.7985112563,-1.56025834548
11200,120552363,428961,433692,4,3,20/12/2012,2318,3,1,7,1,2,3,1,23,9,53.7985112563,-1.56025834548
11201,120552874,439300,432418,2,1,20/12/2012,1800,3,1,7,1,1,3,2,41,9,53.7863815547,-1.40344239537
11202,120552963,430099,431466,2,1,20/12/2012,1345,3,1,1,1,1,3,2,22,1,53.7784377202,-1.54319705141
11203,120552536,431419,434085,2,1,21/12/2012,800,6,1,1,1,1,3,1,35,3,53.8019011696,-1.52289752977
11204,120552752,430313,435991,1,1,21/12/2012,745,3,1,1,1,3,2,2,11,9,53.8190992689,-1.53950396909
11205,120552876,428707,433140,3,2,21/12/2012,1300,3,1,1,1,1,3,2,49,9,53.7935635415,-1.56416638435
11206,120552876,428707,433140,3,2,21/12/2012,1300,3,1,1,1,1,3,2,33,9,53.7935635415,-1.56416638435
11207,120553018,425651,433234,2,2,21/12/2012,1112,6,1,1,1,2,3,2,61,8,53.794568123,-1.61055391827
11208,120553018,425651,433234,2,2,21/12/2012,1112,6,1,1,1,2,3,1,24,8,53.794568123,-1.61055391827