Col.Number,Reference.Number,Easting,Northing,Number.of.Vehicles,Number.of.Casualties,Accident.Date,Time..24hr.,X1st.Road.Class,Road.Surface,Lighting.Conditions,Weather.Conditions,Casualty.Class,Casualty.Severity,Sex.of.Casualty,Age.of.Casualty,Type.of.Vehicle,Latitude,Longitude
11661,130089176,436104,435588,2,1,28/02/2013,1150,3,1,1,1,1,3,1,38,1,53.8151069289,-1.4515821192
11662,130089273,427221,430682,2,1,21/04/2013,1540,1,1,1,1,1,3,1,25,9,53.77154893,-1.58694342309
11663,130089485,420352,434253,1,1,28/02/2013,1553,6,1,1,1,3,3,2,11,9,53.8039620548,-1.69093714043
11664,130089616,428908,435509,1,1,28/02/2013,1725,3,1,4,1,3,2,1,19,9,53.8148467373,-1.56089243135
11665,130089729,431878,435391,2,1,28/02/2013,1835,6,1,4,1,1,3,1,43,9,53.8136124546,-1.51579255746
11666,130089804,432283,435048,2,1,28/02/2013,1843,4,1,4,1,1,2,1,20,2,53.8105043544,-1.50967708396
11667,130089835,429587,430994,2,1,28/02/2013,1712,6,1,7,1,1,3,2,40,9,53.7742243711,-1.55101253163
11668,130089893,430089,431278,1,1,28/02/2013,2109,6,1,4,1,3,3,2,57,9,53.7767484118,-1.54336715722
11669,130090039,430443,433718,1,1,28/02/2013,2200,6,1,7,1,2,3,2,17,11,53.7986603483,-1.53775398531
11670,130090045,430660,433926,2,4,28/02/2013,2245,6,1,4,1,1,3,1,36,8,53.8005172567,-1.53443847179
11671,130090045,430660,433926,2,4,28/02/2013,2245,6,1,4,1,2,3,1,27,8,53.8005172567,-1.53443847179
11672,130090045,430660,433926,2,4,28/02/2013,2245,6,1,4,1,2,3,2,23,8,53.8005172567,-1.53443847179
11673,130090045,430660,433926,2,4,28/02/2013,2245,6,1,4,1,2,3,1,35,8,53.8005172567,-1.53443847179
11674,130090640,433915,428883,2,1,01/03/2013,1000,6,1,1,1,1,3,1,50,19,53.7549853047,-1.48556915992
11675,130090846,430327,433897,1,1,28/02/2013,1705,6,1,7,1,3,3,1,31,9,53.8002761045,-1.53949763712
11676,130091158,436598,434722,1,1,01/03/2013,1545,6,1,1,1,3,2,2,3,9,53.8072882879,-1.44418166002
11677,130091378,429104,433566,2,1,01/03/2013,1430,3,1,1,1,1,3,1,22,9,53.7973706938,-1.55809902186
11678,130091406,430619,433724,2,1,28/02/2013,1215,6,1,1,1,1,3,2,29,9,53.7987039513,-1.53508110427
11679,130091781,431599,434009,3,3,01/03/2013,1955,6,1,7,1,1,3,2,30,9,53.8012071253,-1.52017210585
11680,130091781,431599,434009,3,3,01/03/2013,1955,6,1,7,1,2,3,1,31,9,53.8012071253,-1.52017210585
11681,130091781,431599,434009,3,3,01/03/2013,1955,6,1,7,1,2,3,1,45,9,53.8012071253,-1.52017210585
11682,130092046,431918,428283,2,2,02/03/2013,810,1,1,1,1,1,3,1,75,9,53.7497182071,-1.51592091649
11683,130092046,431918,428283,2,2,02/03/2013,810,1,1,1,1,2,3,1,71,9,53.7497182071,-1.51592091649
11684,130092983,420672,440782,2,2,02/03/2013,1805,6,1,4,1,1,3,1,22,9,53.8626374719,-1.68563857714
11685,130092983,420672,440782,2,2,02/03/2013,1805,6,1,4,1,2,3,2,50,9,53.8626374719,-1.68563857714
11686,130093162,429935,433739,1,1,02/03/2013,2223,6,1,4,1,3,2,1,20,8,53.7988785916,-1.54546513821
11687,130093361,427620,436156,1,1,02/03/2013,2155,6,1,7,1,3,2,2,22,9,53.8207324733,-1.58039824725
11688,130093478,444812,432308,2,1,02/03/2013,557,2,1,6,1,1,3,1,21,9,53.7849474295,-1.31979462144
11689,130093488,430304,427708,3,2,22/02/2013,2130,6,1,4,1,1,3,1,28,9,53.7446459989,-1.54045489509
11690,130093488,430304,427708,3,2,22/02/2013,2130,6,1,4,1,2,3,1,22,9,53.7446459989,-1.54045489509
11691,130093736,430949,433298,2,1,02/03/2013,1720,6,1,7,1,2,3,2,27,9,53.794855232,-1.53011337384
11692,130093805,428789,429724,3,5,03/03/2013,1110,3,1,1,1,1,3,1,47,9,53.7628533343,-1.5632404196
11693,130093805,428789,429724,3,5,03/03/2013,1110,3,1,1,1,1,3,1,37,9,53.7628533343,-1.5632404196
11694,130093805,428789,429724,3,5,03/03/2013,1110,3,1,1,1,2,3,1,17,9,53.7628533343,-1.5632404196
11695,130093805,428789,429724,3,5,03/03/2013,1110,3,1,1,1,2,3,1,13,9,53.7628533343,-1.5632404196
11696,130093805,428789,429724,3,5,03/03/2013,1110,3,1,1,1,2,3,2,56,9,53.7628533343,-1.5632404196
11697,130093954,428523,426060,2,1,03/03/2013,1240,3,1,1,1,1,3,1,41,1,53.7299328791,-1.56761406838
11698,130094059,423717,433428,1,1,03/03/2013,1445,4,1,1,1,1,2,1,49,5,53.7964037116,-1.63990125445
11699,130094287,427374,438198,2,3,03/03/2013,245,6,1,4,1,1,2,1,30,9,53.8391004691,-1.58395351367
11700,130094287,427374,438198,2,3,03/03/2013,245,6,1,4,1,1,3,1,32,9,53.8391004691,-1.58395351367
11701,130094287,427374,438198,2,3,03/03/2013,245,6,1,4,1,2,2,1,46,9,53.8391004691,-1.58395351367
11702,130094305,427625,435964,1,1,03/03/2013,1450,6,1,1,1,2,3,2,71,11,53.8190063697,-1.58033953411
11703,130094653,429054,435490,2,1,03/03/2013,1300,6,1,1,1,1,3,1,57,8,53.8146678132,-1.55867658283
11704,130095803,428558,431429,2,1,04/03/2013,1633,3,1,1,1,1,3,1,31,9,53.778191949,-1.56658698834
11705,130095818,440394,428712,2,1,04/03/2013,1510,6,1,1,1,1,3,2,49,9,53.7529862632,-1.38732219397
11706,130095875,429720,431856,1,2,04/03/2013,1725,6,1,7,1,1,3,2,40,9,53.7819651113,-1.54891122244
11707,130095875,429720,431856,1,2,04/03/2013,1725,6,1,7,1,2,3,1,48,9,53.7819651113,-1.54891122244
11708,130095996,428908,433397,5,1,04/03/2013,1845,3,1,7,1,1,3,2,29,9,53.7958625228,-1.56109075533
11709,130096040,441175,431252,2,2,04/03/2013,1905,4,1,7,1,1,3,1,34,9,53.7757559992,-1.37513822335
11710,130096040,441175,431252,2,2,04/03/2013,1905,4,1,7,1,1,3,2,61,9,53.7757559992,-1.37513822335
11711,130096565,424793,438954,2,2,05/03/2013,805,6,1,1,1,1,3,1,26,9,53.8460255667,-1.62311909501
11712,130096565,424793,438954,2,2,05/03/2013,805,6,1,1,1,1,3,1,44,9,53.8460255667,-1.62311909501
11713,130097393,421016,434481,2,1,05/03/2013,1325,4,1,1,1,1,3,1,75,9,53.8059851096,-1.68083832658
11714,130097439,430701,439040,2,1,25/02/2013,1718,3,1,7,1,1,3,2,22,9,53.8464829307,-1.53330535741
11715,130097611,430922,426526,2,1,05/03/2013,1609,1,1,1,1,1,3,1,36,9,53.7339849415,-1.53120182855
11716,130097661,436013,429013,3,1,05/03/2013,1748,6,1,7,1,1,3,1,19,3,53.7560130489,-1.45373257735
11717,130098364,428588,435664,1,1,04/03/2013,1800,6,1,7,1,3,3,1,65,9,53.8162576843,-1.56573861912
11718,130098441,421066,434250,2,3,05/03/2013,1930,3,1,7,7,1,3,1,25,9,53.8039066595,-1.68009481634
11719,130098441,421066,434250,2,3,05/03/2013,1930,3,1,7,7,2,3,2,56,9,53.8039066595,-1.68009481634
11720,130098441,421066,434250,2,3,05/03/2013,1930,3,1,7,7,2,3,2,20,9,53.8039066595,-1.68009481634
11721,130099158,431093,433464,2,2,06/03/2013,1500,6,1,1,1,1,3,1,37,9,53.7963387724,-1.52791040312
11722,130099158,431093,433464,2,2,06/03/2013,1500,6,1,1,1,2,3,2,50,9,53.7963387724,-1.52791040312
11723,130099261,422483,428694,1,1,06/03/2013,1515,6,1,1,1,3,3,1,2,19,53.7539051075,-1.65898199314
11724,130099277,431311,428960,2,5,06/03/2013,1624,6,2,1,1,1,3,2,37,9,53.7558404285,-1.5250578914
11725,130099277,431311,428960,2,5,06/03/2013,1624,6,2,1,1,2,3,1,71,9,53.7558404285,-1.5250578914
11726,130099277,431311,428960,2,5,06/03/2013,1624,6,2,1,1,2,3,1,5,9,53.7558404285,-1.5250578914
11727,130099277,431311,428960,2,5,06/03/2013,1624,6,2,1,1,2,3,1,3,9,53.7558404285,-1.5250578914
11728,130099277,431311,428960,2,5,06/03/2013,1624,6,2,1,1,2,3,2,1,9,53.7558404285,-1.5250578914
11729,130099346,430737,435032,2,1,06/03/2013,1745,6,1,7,1,1,3,1,34,3,53.8104542183,-1.53315886708
11730,130100761,431971,425549,2,2,07/03/2013,1442,1,1,1,1,1,3,1,46,19,53.725139628,-1.51539990537
11731,130100761,431971,425549,2,2,07/03/2013,1442,1,1,1,1,2,3,1,22,19,53.725139628,-1.51539990537
11732,130100919,430437,436612,2,1,07/03/2013,1915,4,2,4,2,1,3,1,28,1,53.8246739961,-1.53755884691
11733,130100931,423604,434588,2,1,07/03/2013,1945,4,2,4,2,1,3,1,32,1,53.8068358953,-1.64152799108
11734,130101556,432510,427410,1,1,08/03/2013,855,3,2,1,4,1,3,2,18,9,53.7418344271,-1.50703466997
11735,130101727,428935,440181,3,1,08/03/2013,1040,6,2,1,2,1,3,2,82,9,53.8568404007,-1.56004238352
11736,130101808,428405,434382,2,1,08/03/2013,645,6,2,7,2,1,3,1,31,1,53.8047441514,-1.56863669014
11737,130103433,420195,445412,1,1,09/03/2013,910,6,1,1,1,3,3,2,76,9,53.9042741887,-1.69258708534
11738,130103476,427295,436692,1,1,09/03/2013,1920,6,2,4,2,3,3,2,23,9,53.8255676053,-1.58528791388
11739,130103649,431520,435143,3,1,09/03/2013,1440,3,2,1,1,1,3,1,30,1,53.8114050889,-1.52125555275
11740,130103898,438322,430246,2,1,09/03/2013,1910,3,1,7,1,1,3,2,31,9,53.7669312867,-1.41855708338
11741,130104012,430683,432924,2,1,09/03/2013,2040,6,1,7,1,1,3,2,30,9,53.7915092044,-1.53418904961
11742,130104174,422298,433422,2,2,09/03/2013,2056,4,2,4,2,1,3,1,32,9,53.7964125313,-1.66144614988
11743,130104174,422298,433422,2,2,09/03/2013,2056,4,2,4,2,2,3,2,63,9,53.7964125313,-1.66144614988
11744,130104305,430343,433408,1,1,10/03/2013,430,6,1,7,1,3,3,1,34,9,53.7958796864,-1.53930286968
11745,130104306,429561,434801,1,1,10/03/2013,18,3,2,4,1,3,3,2,23,9,53.808446008,-1.55104181613
11746,130104328,427910,438509,3,1,09/03/2013,1020,3,1,1,1,2,3,2,12,9,53.841867433,-1.57577905189
11747,130104330,429704,431074,2,1,09/03/2013,1245,6,1,1,1,1,3,1,24,9,53.7749368112,-1.54922939345
11748,130104728,432154,436139,2,1,10/03/2013,1025,6,1,1,1,1,3,2,21,9,53.8203189753,-1.51152227089
11749,130104868,432619,433819,2,3,10/03/2013,1350,3,1,1,1,1,3,1,50,11,53.7994363149,-1.50470425342
11750,130104868,432619,433819,2,3,10/03/2013,1350,3,1,1,1,1,2,2,44,9,53.7994363149,-1.50470425342
11751,130104868,432619,433819,2,3,10/03/2013,1350,3,1,1,1,2,3,1,13,9,53.7994363149,-1.50470425342
11752,130104878,428571,431522,2,1,10/03/2013,1100,3,1,1,1,1,2,1,54,4,53.7790271927,-1.56638108162
11753,130105735,436816,442441,1,1,11/03/2013,730,3,4,7,3,1,3,2,57,9,53.8766552707,-1.43994587441
11754,130106485,426956,427620,2,2,09/03/2013,850,4,2,1,2,1,3,2,34,9,53.7440388739,-1.59123181844
11755,130106485,426956,427620,2,2,09/03/2013,850,4,2,1,2,2,3,1,36,9,53.7440388739,-1.59123181844
11756,130107172,431272,428910,2,1,12/03/2013,745,6,2,1,1,2,3,2,59,8,53.7553933323,-1.52565450597
11757,130107674,430418,433774,1,1,12/03/2013,1125,6,1,1,1,2,3,1,76,11,53.7991651789,-1.53812804019
11758,130107691,431849,435655,1,1,12/03/2013,930,3,1,1,1,3,3,2,27,9,53.8159872399,-1.5162057044
11759,130107964,433533,429821,1,1,12/03/2013,1320,3,1,1,1,1,3,1,33,21,53.7634414455,-1.49126128526
11760,130108403,421615,434392,2,1,12/03/2013,1805,6,2,4,1,1,2,1,29,1,53.8051605514,-1.6717479619
11761,130108534,428433,434998,2,1,12/03/2013,2127,6,1,4,1,1,3,2,24,1,53.8102796873,-1.56815458908
11762,130108975,428099,434508,2,1,13/03/2013,900,6,1,1,1,1,3,1,29,1,53.8058933562,-1.57327201638
11763,130109291,431107,433568,2,1,12/03/2013,1555,3,1,1,1,1,3,1,49,9,53.7972727613,-1.5276873436
11764,130109315,425185,441146,2,2,12/03/2013,2320,6,1,6,1,1,3,1,31,9,53.8657099898,-1.61698053357
11765,130109315,425185,441146,2,2,12/03/2013,2320,6,1,6,1,1,3,1,43,9,53.8657099898,-1.61698053357
11766,130110399,429051,433853,2,1,14/03/2013,700,6,2,7,1,1,3,1,45,10,53.799953426,-1.55887664914
11767,130110485,426137,439013,1,1,13/03/2013,1725,6,2,7,2,2,3,1,4,11,53.8464899981,-1.60268432054
11768,130111343,425614,436979,1,1,14/03/2013,1020,6,1,1,1,3,3,1,71,9,53.8282329476,-1.61080394546
11769,130111586,429396,430167,2,1,13/03/2013,2105,3,1,4,1,1,3,1,15,90,53.7668014669,-1.55398969343
11770,130111778,431021,430778,2,2,14/03/2013,1905,6,2,4,1,1,3,1,19,9,53.772199342,-1.52927386519
11771,130111778,431021,430778,2,2,14/03/2013,1905,6,2,4,1,2,3,2,19,9,53.772199342,-1.52927386519
11772,130111892,436819,433733,1,1,14/03/2013,2140,3,1,7,1,3,3,1,19,9,53.7983829854,-1.44094374825
11773,130112789,428493,431575,2,1,15/03/2013,1230,3,2,1,2,1,3,1,43,9,53.7795078732,-1.56755994413
11774,130113041,424032,437714,2,2,15/03/2013,1515,3,2,1,2,1,3,1,25,9,53.83491527,-1.63478387561
11775,130113041,424032,437714,2,2,15/03/2013,1515,3,2,1,2,1,3,2,47,9,53.83491527,-1.63478387561
11776,130113131,430120,432112,3,1,12/03/2013,1000,3,1,1,1,1,3,1,41,9,53.7842432393,-1.54281523893
11777,130113344,430230,432037,1,1,15/03/2013,1220,3,1,1,1,2,3,2,88,11,53.7835627062,-1.54115298761
11778,130113354,422006,433110,3,1,15/03/2013,1925,6,2,4,1,1,2,1,17,9,53.7936204386,-1.66590183467
11779,130113708,434397,429264,1,2,15/03/2013,2340,3,1,7,1,3,2,1,44,9,53.7583784038,-1.47821595435
11780,130113708,434397,429264,1,2,15/03/2013,2340,3,1,7,1,1,3,1,41,9,53.7583784038,-1.47821595435
11781,130113783,430758,432131,1,1,16/03/2013,246,6,2,4,2,1,3,1,24,9,53.7843767141,-1.53312963366
11782,130114373,429030,426420,3,1,15/03/2013,1706,1,2,7,1,1,3,2,47,9,53.7331408889,-1.55989480301
11783,130114698,424894,434427,1,1,16/03/2013,1605,3,2,1,1,3,3,1,22,4,53.8053285486,-1.62195034438
11784,130114717,427611,441659,2,1,16/03/2013,1614,6,1,1,1,1,3,1,38,1,53.8701977695,-1.58004020765
11785,130114919,430399,430964,2,4,16/03/2013,1650,1,1,1,1,1,3,1,60,9,53.7739079344,-1.53869369213
11786,130114919,430399,430964,2,4,16/03/2013,1650,1,1,1,1,1,3,2,35,9,53.7739079344,-1.53869369213
11787,130114919,430399,430964,2,4,16/03/2013,1650,1,1,1,1,2,3,1,20,9,53.7739079344,-1.53869369213
11788,130114919,430399,430964,2,4,16/03/2013,1650,1,1,1,1,2,3,2,63,9,53.7739079344,-1.53869369213
11789,130115312,430876,433470,1,1,17/03/2013,520,6,1,4,1,3,3,1,19,9,53.7964056283,-1.53120442274
11790,130115828,430419,432800,2,1,17/03/2013,720,3,1,7,1,1,3,1,43,9,53.7904101017,-1.53820903769
11791,130115852,430413,433399,2,1,16/03/2013,410,6,1,7,1,1,3,1,50,9,53.7957947007,-1.53824098774
11792,130115949,434452,433722,2,1,17/03/2013,1550,4,2,1,2,1,3,2,53,9,53.798446251,-1.47688357894
11793,130117012,422567,434006,1,1,18/03/2013,1005,3,2,1,2,1,3,1,30,9,53.8016504213,-1.6573191686
11794,130117376,432513,427343,1,1,18/03/2013,1420,3,2,1,1,1,3,1,81,9,53.7412319928,-1.50699623025
11795,130117394,429053,435489,2,3,18/03/2013,1343,6,2,1,3,1,3,2,25,9,53.8146588804,-1.55869186652
11796,130117394,429053,435489,2,3,18/03/2013,1343,6,2,1,3,1,3,2,66,9,53.8146588804,-1.55869186652
11797,130117394,429053,435489,2,3,18/03/2013,1343,6,2,1,3,2,3,2,67,9,53.8146588804,-1.55869186652
11798,130117602,435811,428220,2,1,18/03/2013,1613,3,2,1,2,2,3,1,63,9,53.7488989507,-1.45688843899
11799,130117604,428792,435158,2,1,18/03/2013,1640,6,1,1,1,1,3,1,22,9,53.8116981306,-1.56268723836
11800,130118337,431108,432098,2,1,19/03/2013,714,6,2,7,1,1,3,1,28,5,53.7840592853,-1.52782057207
11801,130118533,431996,435866,3,2,19/03/2013,1210,3,1,1,1,1,3,1,26,19,53.8178748212,-1.5139508804
11802,130118533,431996,435866,3,2,19/03/2013,1210,3,1,1,1,1,3,2,24,9,53.8178748212,-1.5139508804
11803,130119149,431310,428971,2,1,19/03/2013,1720,6,1,7,1,1,3,1,17,1,53.755939365,-1.52507194394
11804,130119656,428431,432937,2,2,19/03/2013,1030,4,1,1,1,1,3,2,45,9,53.7917539765,-1.56837525616
11805,130119656,428431,432937,2,2,19/03/2013,1030,4,1,1,1,1,3,1,23,19,53.7917539765,-1.56837525616
11806,130120823,420944,439955,1,1,20/03/2013,810,6,1,1,1,3,3,2,12,9,53.8551928437,-1.68155875878
11807,130120895,428174,433507,2,1,20/03/2013,1830,3,1,7,1,1,3,1,38,9,53.7968915528,-1.57222464582
11808,130121259,432029,435866,2,2,19/03/2013,1145,3,1,1,1,1,3,2,32,9,53.8178727891,-1.51344959948
11809,130121259,432029,435866,2,2,19/03/2013,1145,3,1,1,1,1,3,2,56,9,53.8178727891,-1.51344959948
11810,130121300,435241,434791,2,1,21/03/2013,720,3,1,7,1,1,3,1,11,1,53.8080022279,-1.46478167712
11811,130121785,419226,441801,1,1,21/03/2013,1105,3,1,1,1,2,3,2,60,11,53.8718526308,-1.70756385583
11812,130122078,424703,434439,1,1,21/03/2013,1445,6,1,1,1,1,3,1,24,9,53.8054455214,-1.6248499106
11813,130122269,422872,439313,2,1,21/03/2013,1620,6,1,1,1,1,2,1,54,4,53.8493406943,-1.65229305259
11814,130122295,426301,436948,1,1,21/03/2013,1344,6,1,1,1,2,3,2,52,11,53.8279199798,-1.60036814134
11815,130122503,428687,434941,2,1,21/03/2013,1705,6,2,7,1,1,3,1,23,9,53.8097533789,-1.56430222773
11816,130122506,426226,431883,3,4,21/03/2013,2004,3,1,4,1,1,3,1,19,9,53.7823955746,-1.6019391918
11817,130122506,426226,431883,3,4,21/03/2013,2004,3,1,4,1,1,3,2,22,9,53.7823955746,-1.6019391918
11818,130122506,426226,431883,3,4,21/03/2013,2004,3,1,4,1,2,3,2,20,9,53.7823955746,-1.6019391918
11819,130122506,426226,431883,3,4,21/03/2013,2004,3,1,4,1,2,3,2,53,9,53.7823955746,-1.6019391918
11820,130122958,421920,441439,1,1,22/03/2013,620,3,3,7,3,1,3,1,41,21,53.8684918784,-1.66661349356
11821,130122966,435387,439092,1,1,22/03/2013,842,6,3,1,6,1,3,1,48,9,53.8466521655,-1.46206937508
11822,130124072,434037,429880,1,1,22/03/2013,2135,1,2,4,3,1,3,1,22,9,53.763939089,-1.48360878987
11823,130124336,425390,435035,2,1,23/03/2013,1052,6,3,1,1,1,3,1,33,19,53.8107697581,-1.61436793426
11824,130124856,428663,434609,2,2,23/03/2013,1820,6,1,7,1,2,3,2,31,9,53.8067704413,-1.56469764496
11825,130124856,428663,434609,2,2,23/03/2013,1820,6,1,7,1,2,3,1,29,9,53.8067704413,-1.56469764496
11826,130125785,423724,434194,1,2,23/03/2013,1800,6,2,7,1,3,3,2,25,9,53.8032888381,-1.63973596324
11827,130125785,423724,434194,1,2,23/03/2013,1800,6,2,7,1,3,3,1,24,9,53.8032888381,-1.63973596324
11828,130126263,426989,439939,2,2,25/03/2013,810,3,2,1,1,1,3,2,23,9,53.8547699572,-1.5896517913
11829,130126263,426989,439939,2,2,25/03/2013,810,3,2,1,1,1,3,2,28,9,53.8547699572,-1.5896517913
11830,130126271,430697,439058,2,1,25/03/2013,810,3,1,1,1,1,3,1,37,3,53.8466449627,-1.53336436099
11831,130126669,432858,435378,2,1,25/03/2013,1050,6,2,1,1,1,3,2,27,9,53.8134345933,-1.50090895418
11832,130127297,435320,425910,2,1,20/03/2013,1754,1,1,7,1,1,3,2,39,9,53.7281685391,-1.46459857465
11833,130127387,435810,436647,1,1,25/03/2013,1622,3,1,1,1,3,2,1,14,9,53.8246461626,-1.45592444701
11834,130127630,434406,425881,2,1,26/03/2013,103,1,1,4,4,1,3,1,27,9,53.7279689614,-1.47845611254
11835,130127852,429095,438842,1,1,18/03/2013,1100,6,1,1,1,2,3,2,25,8,53.8447956346,-1.55773655591
11836,130127990,423756,428064,2,1,26/03/2013,525,1,2,7,9,1,3,1,29,9,53.7481856142,-1.63972222922
11837,130128164,428433,428719,1,1,23/03/2013,30,3,3,4,6,1,3,1,45,9,53.7538391263,-1.56873370601
11838,130128616,430002,434155,1,1,14/03/2013,1630,3,1,1,1,3,3,1,17,9,53.8026140412,-1.54440731066
11839,130128796,428112,429935,3,1,26/03/2013,1810,3,2,7,1,2,3,1,7,9,53.764786951,-1.57349168881
11840,130128843,418226,442131,2,1,26/03/2013,810,6,4,1,1,1,3,2,57,9,53.8748550257,-1.72275448791
11841,130128846,428790,435158,2,2,26/03/2013,1630,6,1,1,1,1,3,1,22,9,53.8116982414,-1.56271761476
11842,130128846,428790,435158,2,2,26/03/2013,1630,6,1,1,1,1,3,1,67,9,53.8116982414,-1.56271761476
11843,130130398,429118,432177,2,2,27/03/2013,1548,6,1,1,1,1,3,1,21,9,53.7848845289,-1.55801772619
11844,130130398,429118,432177,2,2,27/03/2013,1548,6,1,1,1,1,3,2,19,9,53.7848845289,-1.55801772619
11845,130130417,431170,440734,2,1,27/03/2013,1340,3,1,1,1,1,3,1,25,9,53.8616817164,-1.52600419681
11846,130130910,431868,435949,2,1,27/03/2013,750,4,1,1,1,1,3,2,23,9,53.8186287425,-1.51588664461
11847,130131049,425478,426455,2,1,28/03/2013,808,4,1,1,1,1,3,2,42,3,53.7336411464,-1.61374007039
11848,130131685,431498,433406,1,1,28/03/2013,1335,6,1,1,1,3,3,2,22,9,53.7957930656,-1.5217673939
11849,130132470,427098,424972,1,1,29/03/2013,27,3,1,4,1,3,2,1,18,9,53.7202289548,-1.58931061252
11850,130132697,428573,431680,4,2,29/03/2013,930,3,1,1,1,1,3,1,55,9,53.7804473106,-1.56633608665
11851,130132697,428573,431680,4,2,29/03/2013,930,3,1,1,1,2,3,1,7,9,53.7804473106,-1.56633608665
11852,130133100,430260,432586,2,2,29/03/2013,1605,6,1,1,1,2,3,1,33,9,53.7884957823,-1.54064374666
11853,130133100,430260,432586,2,2,29/03/2013,1605,6,1,1,1,2,3,2,63,9,53.7884957823,-1.54064374666
11854,130133504,429190,431918,2,1,30/03/2013,640,1,2,7,1,1,3,1,46,9,53.7825524056,-1.55694939994
11855,130133515,439465,430680,1,2,30/03/2013,745,6,2,1,1,1,3,1,23,9,53.7707469681,-1.40116035845
11856,130133515,439465,430680,1,2,30/03/2013,745,6,2,1,1,2,3,2,23,9,53.7707469681,-1.40116035845
11857,130133671,435333,434802,1,2,30/03/2013,1126,6,1,1,1,1,3,2,57,9,53.80809486,-1.46338324321
11858,130133671,435333,434802,1,2,30/03/2013,1126,6,1,1,1,3,3,1,2,9,53.80809486,-1.46338324321
11859,130133853,433636,433434,2,1,28/03/2013,1145,6,1,1,1,2,3,2,38,9,53.7959109179,-1.48930456099
11860,130133915,429965,430992,1,1,28/03/2013,1500,6,1,1,1,3,3,2,27,3,53.774184777,-1.54527671298
11861,130134200,430120,433229,1,1,29/03/2013,2333,6,1,4,1,3,3,2,39,9,53.7942836615,-1.54270605735
11862,130134368,432002,435246,4,1,30/03/2013,2017,6,1,4,1,1,3,1,51,9,53.8123014805,-1.51392422755
11863,130135223,429595,431773,5,1,31/03/2013,1505,6,1,1,1,1,3,1,31,9,53.781226166,-1.55081637006
11864,130136719,436189,427756,1,3,02/04/2013,310,3,1,4,1,1,3,1,24,9,53.7447020936,-1.45121031135
11865,130136719,436189,427756,1,3,02/04/2013,310,3,1,4,1,2,3,2,29,9,53.7447020936,-1.45121031135
11866,130136719,436189,427756,1,3,02/04/2013,310,3,1,4,1,2,3,2,24,9,53.7447020936,-1.45121031135
11867,130136832,430839,431388,2,1,02/04/2013,800,6,1,1,1,1,3,2,32,9,53.7776932886,-1.53197451529
11868,130137329,423242,434943,2,1,02/04/2013,640,6,1,7,1,1,2,1,17,3,53.8100432328,-1.6469987326
11869,130137642,424286,435356,1,1,02/04/2013,1645,6,1,1,1,3,3,1,12,11,53.8137078989,-1.63111014095
11870,130138150,427892,436203,1,1,02/04/2013,1320,3,1,1,1,3,3,1,28,9,53.8211404196,-1.57626189745
11871,130138393,438625,430533,1,1,03/04/2013,855,6,1,1,1,1,3,1,18,9,53.7694886283,-1.41392413247
11872,130139138,428370,434666,2,1,03/04/2013,1527,6,1,1,1,1,3,1,10,1,53.8072988658,-1.56914201641
11873,130140122,431261,432276,1,1,04/04/2013,1244,6,1,1,1,1,3,1,17,2,53.7856501115,-1.5254802634
11874,130140692,428458,432960,2,1,04/04/2013,1700,4,1,7,1,1,3,1,41,1,53.7919592422,-1.56796324452
11875,130140718,441115,428384,1,1,03/04/2013,5,6,1,4,1,3,3,1,40,9,53.7499816289,-1.3764307648
11876,130141987,425941,435561,1,1,05/04/2013,1600,4,1,1,1,3,3,1,15,9,53.8154706589,-1.60595502762
11877,130142028,424231,428501,1,2,05/04/2013,1430,6,1,1,1,2,3,2,40,11,53.7520918956,-1.63248437289
11878,130142028,424231,428501,1,2,05/04/2013,1430,6,1,1,1,2,3,1,6,11,53.7520918956,-1.63248437289
11879,130142089,427441,438594,1,2,05/04/2013,1608,3,1,1,1,1,2,2,25,9,53.8426564633,-1.58289986264
11880,130142089,427441,438594,1,2,05/04/2013,1608,3,1,1,1,2,2,2,19,9,53.8426564633,-1.58289986264
11881,130142120,433026,432304,2,3,04/04/2013,1200,3,1,1,1,1,3,1,36,9,53.7857927899,-1.49868691806
11882,130142120,433026,432304,2,3,04/04/2013,1200,3,1,1,1,2,3,2,27,9,53.7857927899,-1.49868691806
11883,130142120,433026,432304,2,3,04/04/2013,1200,3,1,1,1,2,3,1,5,9,53.7857927899,-1.49868691806
11884,130142201,422370,433381,1,1,03/04/2013,1145,6,1,1,1,3,3,2,73,9,53.7960408972,-1.66035596195
11885,130142206,427993,435198,2,1,04/04/2013,1940,6,1,7,1,1,3,1,40,9,53.8121013091,-1.57481898966
11886,130143266,422514,433992,3,1,06/04/2013,1415,3,1,1,1,1,2,2,21,9,53.8015268741,-1.65812498364