Col.Number,Reference.Number,Easting,Northing,Number.of.Vehicles,Number.of.Casualties,Accident.Date,Time..24hr.,X1st.Road.Class,Road.Surface,Lighting.Conditions,Weather.Conditions,Casualty.Class,Casualty.Severity,Sex.of.Casualty,Age.of.Casualty,Type.of.Vehicle,Latitude,Longitude
11887,130143393,429622,435559,1,1,06/04/2013,1715,6,1,7,1,3,3,1,4,9,53.8152559828,-1.55004244363
11888,130143399,430434,435048,2,1,06/04/2013,1500,6,1,1,1,1,3,1,43,9,53.8106158597,-1.53775915773
11889,130143529,426612,436227,2,1,06/04/2013,2000,6,1,7,1,1,3,1,48,9,53.8214232586,-1.59570516492
11890,130144023,431535,439783,1,1,05/04/2013,1620,6,1,1,1,3,2,1,62,9,53.8531115011,-1.5205516535
11891,130144491,421872,441276,2,1,07/04/2013,1518,3,1,1,1,1,3,1,17,3,53.8670287366,-1.66735514802
11892,130144619,431335,441264,4,6,07/04/2013,1600,3,1,1,1,1,3,1,31,9,53.8664357405,-1.52344103225
11893,130144619,431335,441264,4,6,07/04/2013,1600,3,1,1,1,1,3,2,24,9,53.8664357405,-1.52344103225
11894,130144619,431335,441264,4,6,07/04/2013,1600,3,1,1,1,2,3,2,25,9,53.8664357405,-1.52344103225
11895,130144619,431335,441264,4,6,07/04/2013,1600,3,1,1,1,2,3,1,23,9,53.8664357405,-1.52344103225
11896,130144619,431335,441264,4,6,07/04/2013,1600,3,1,1,1,2,3,1,20,9,53.8664357405,-1.52344103225
11897,130144619,431335,441264,4,6,07/04/2013,1600,3,1,1,1,2,2,1,32,9,53.8664357405,-1.52344103225
11898,130144728,432097,435604,1,1,07/04/2013,1555,6,1,1,1,1,3,1,25,90,53.8155135663,-1.51244399259
11899,130144760,427818,430641,2,1,19/03/2013,1525,3,1,1,1,1,3,1,42,1,53.7711488387,-1.57788839779
11900,130146085,427636,427956,1,1,08/04/2013,1633,6,1,1,1,2,3,2,57,11,53.7470235189,-1.58089035716
11901,130146251,436144,435325,2,1,08/04/2013,1610,3,1,1,1,1,3,2,58,9,53.8127401542,-1.45100544628
11902,130147076,424275,433671,1,1,09/04/2013,1245,6,1,1,1,3,3,2,73,9,53.79856226,-1.63141009573
11903,130147386,431661,434968,2,1,09/04/2013,1445,6,1,1,1,1,3,1,46,9,53.8098235041,-1.51913204781
11904,130147655,442460,434988,2,2,09/04/2013,1634,4,1,1,1,1,3,1,77,9,53.8092336486,-1.35512383068
11905,130147655,442460,434988,2,2,09/04/2013,1634,4,1,1,1,1,2,1,47,3,53.8092336486,-1.35512383068
11906,130148327,430712,433585,2,1,10/04/2013,655,6,1,7,1,1,3,2,43,9,53.7974490378,-1.53368290471
11907,130148363,430504,432286,2,1,10/04/2013,1010,6,1,1,1,2,3,1,6,9,53.7857849167,-1.53696957674
11908,130148486,429547,434831,2,1,10/04/2013,1200,3,1,1,1,1,3,2,23,1,53.8087164653,-1.55125155425
11909,130148529,425600,435620,1,1,09/04/2013,1750,6,1,7,1,1,3,1,10,2,53.8160178997,-1.61112979148
11910,130148545,430845,433466,1,1,10/04/2013,1110,6,1,1,1,2,3,1,58,11,53.7963715123,-1.53167548427
11911,130148877,429556,434238,2,1,09/04/2013,2120,3,1,7,1,1,3,2,29,9,53.80338564,-1.55117180565
11912,130150029,430740,434751,2,1,10/04/2013,1500,6,1,1,1,1,3,2,46,9,53.8079282169,-1.53314136956
11913,130150031,424225,443972,2,1,10/04/2013,1725,3,1,7,1,1,3,1,37,1,53.891157775,-1.63135673604
11914,130150137,428195,435071,2,1,11/04/2013,1300,6,1,1,1,1,3,1,34,9,53.8109488247,-1.57176257531
11915,130150436,430151,434124,1,1,11/04/2013,1505,6,1,1,1,3,3,1,35,9,53.8023267752,-1.54214779949
11916,130152327,435023,434968,2,2,12/04/2013,2141,6,1,7,1,2,3,1,26,9,53.809607939,-1.46807222658
11917,130152327,435023,434968,2,2,12/04/2013,2141,6,1,7,1,2,3,1,26,9,53.809607939,-1.46807222658
11918,130152567,425007,436678,2,4,13/04/2013,51,3,2,4,8,1,3,1,45,9,53.8255568919,-1.62005136131
11919,130152567,425007,436678,2,4,13/04/2013,51,3,2,4,8,1,3,1,40,9,53.8255568919,-1.62005136131
11920,130152567,425007,436678,2,4,13/04/2013,51,3,2,4,8,2,3,1,50,9,53.8255568919,-1.62005136131
11921,130152567,425007,436678,2,4,13/04/2013,51,3,2,4,8,2,3,2,45,9,53.8255568919,-1.62005136131
11922,130152628,431313,438766,2,2,13/04/2013,250,6,2,4,1,1,3,1,21,9,53.8439835045,-1.52403045867
11923,130152628,431313,438766,2,2,13/04/2013,250,6,2,4,1,2,2,1,19,9,53.8439835045,-1.52403045867
11924,130152640,441676,427949,2,1,12/04/2013,1330,6,1,1,1,1,3,1,47,1,53.7460270522,-1.36798162934
11925,130152755,433554,435956,2,2,13/04/2013,840,6,1,1,1,1,3,1,57,9,53.8185855713,-1.49027459599
11926,130152755,433554,435956,2,2,13/04/2013,840,6,1,1,1,2,3,2,49,9,53.8185855713,-1.49027459599
11927,130152806,428723,433203,2,2,12/04/2013,1230,3,1,1,1,1,3,1,37,9,53.7941289503,-1.56391760392
11928,130152806,428723,433203,2,2,12/04/2013,1230,3,1,1,1,2,3,1,44,9,53.7941289503,-1.56391760392
11929,130153448,418718,444729,2,5,13/04/2013,1755,3,2,7,2,1,3,1,48,9,53.8981903287,-1.71511176873
11930,130153448,418718,444729,2,5,13/04/2013,1755,3,2,7,2,1,3,1,20,9,53.8981903287,-1.71511176873
11931,130153448,418718,444729,2,5,13/04/2013,1755,3,2,7,2,2,3,2,45,9,53.8981903287,-1.71511176873
11932,130153448,418718,444729,2,5,13/04/2013,1755,3,2,7,2,2,3,2,19,9,53.8981903287,-1.71511176873
11933,130153448,418718,444729,2,5,13/04/2013,1755,3,2,7,2,2,3,2,20,9,53.8981903287,-1.71511176873
11934,130153486,426834,433797,1,1,13/04/2013,1735,3,1,7,1,1,3,1,21,9,53.7995691422,-1.59254447014
11935,130153636,425908,436256,1,1,13/04/2013,2035,6,1,7,1,3,3,1,61,19,53.8217194994,-1.60639774919
11936,130153881,429697,434561,1,1,14/04/2013,240,3,1,7,1,3,2,1,19,9,53.8062809665,-1.54899953889
11937,130153910,438939,426895,1,1,13/04/2013,1245,6,1,1,1,3,3,1,5,9,53.7367647086,-1.40961864747
11938,130154314,425097,434943,1,1,13/04/2013,2350,6,1,7,1,3,3,1,43,8,53.809957013,-1.61882551256
11939,130154326,425208,440806,1,1,14/04/2013,1242,6,1,1,1,2,3,1,8,11,53.8626527109,-1.61665869259
11940,130154335,440338,448107,2,1,13/04/2013,1938,6,2,7,2,3,2,1,23,11,53.9273212918,-1.38562481025
11941,130155713,429455,434903,2,1,15/04/2013,1135,3,1,1,1,1,3,2,32,9,53.8093688725,-1.55264187729
11942,130156074,428427,428828,2,1,15/04/2013,1505,3,1,1,1,1,3,2,31,9,53.7548192355,-1.56881467579
11943,130156225,427394,427462,2,1,15/04/2013,1715,6,1,7,1,1,3,1,6,1,53.7425957995,-1.58460406403
11944,130156332,430794,433460,1,1,15/04/2013,1608,3,1,1,4,2,3,2,27,10,53.7963206011,-1.53245039677
11945,130156364,421918,432965,2,2,15/04/2013,1638,4,1,1,1,1,3,2,32,9,53.792320767,-1.66724815404
11946,130156364,421918,432965,2,2,15/04/2013,1638,4,1,1,1,1,3,1,50,9,53.792320767,-1.66724815404
11947,130156398,433844,434056,2,2,15/04/2013,1536,3,1,1,1,1,3,2,19,9,53.8014883694,-1.4860782828
11948,130156398,433844,434056,2,2,15/04/2013,1536,3,1,1,1,2,3,1,32,9,53.8014883694,-1.4860782828
11949,130157270,430798,433447,1,1,14/04/2013,430,3,1,4,1,3,2,1,19,9,53.796203511,-1.53239096628
11950,130157394,428199,435024,2,1,15/04/2013,1030,6,1,1,1,1,3,1,29,9,53.8105261369,-1.57170613013
11951,130157401,426020,427776,2,1,13/04/2013,1140,6,1,1,1,1,3,1,43,9,53.7454887031,-1.60541206479
11952,130157729,430431,433862,2,1,16/04/2013,1625,6,1,1,1,2,3,2,9,9,53.7999554258,-1.5379219573
11953,130157810,429519,434863,2,1,16/04/2013,1610,3,1,1,4,2,3,2,42,11,53.8090056946,-1.55167372404
11954,130158892,427474,426329,2,1,16/04/2013,1415,1,1,1,4,1,3,2,21,9,53.7324072038,-1.58349170071
11955,130159263,432071,433350,2,1,16/04/2013,2030,6,1,7,1,1,3,1,15,1,53.7952546931,-1.51307373609
11956,130159405,428906,435510,2,1,17/04/2013,1750,3,1,7,1,1,3,1,42,1,53.8148558372,-1.56092271607
11957,130159701,430287,425101,2,1,17/04/2013,2125,3,1,7,4,1,3,1,19,9,53.7212131281,-1.54096804855
11958,130159741,424153,434668,3,1,17/04/2013,2110,6,1,4,4,1,2,1,37,3,53.8075297933,-1.63318428193
11959,130159924,428376,434054,2,1,18/04/2013,633,3,2,7,5,1,3,1,35,1,53.8017974242,-1.56910730519
11960,130160003,436858,433637,2,1,18/04/2013,750,3,1,1,1,1,3,1,25,9,53.7975173196,-1.44036309568
11961,130160028,428432,428629,3,2,18/04/2013,725,3,2,7,1,1,3,1,27,9,53.7530301866,-1.56875715949
11962,130160028,428432,428629,3,2,18/04/2013,725,3,2,7,1,1,3,2,24,9,53.7530301866,-1.56875715949
11963,130160077,431415,441326,2,1,18/04/2013,858,3,1,1,1,1,3,2,30,9,53.8669881967,-1.52221804683
11964,130161006,439176,432448,2,1,18/04/2013,1800,3,1,7,1,1,3,2,37,4,53.7866605597,-1.40532073846
11965,130161021,430937,433968,2,3,18/04/2013,1720,6,1,7,1,1,3,2,34,9,53.800878382,-1.53022825773
11966,130161021,430937,433968,2,3,18/04/2013,1720,6,1,7,1,2,3,1,27,9,53.800878382,-1.53022825773
11967,130161021,430937,433968,2,3,18/04/2013,1720,6,1,7,1,2,3,2,23,9,53.800878382,-1.53022825773
11968,130161062,429149,433851,2,1,18/04/2013,1709,6,1,7,1,1,3,1,26,3,53.7999299664,-1.55738881153
11969,130161597,431085,440491,2,1,19/04/2013,800,3,1,1,1,1,3,1,61,9,53.8595025812,-1.52732134476
11970,130161818,428993,429895,1,1,19/04/2013,1010,3,1,1,1,3,3,1,47,9,53.7643791043,-1.5601295597
11971,130161953,431132,431913,2,1,19/04/2013,830,3,2,1,1,1,3,2,22,9,53.7823949355,-1.52747498022
11972,130162402,436487,437136,3,1,19/04/2013,1340,3,1,1,1,1,3,2,79,9,53.8289944757,-1.44558101014
11973,130162568,432147,436121,2,1,19/04/2013,1345,6,1,1,1,1,3,1,64,9,53.8201576125,-1.5116304907
11974,130162663,422445,428348,3,2,19/04/2013,1842,6,1,7,1,1,3,2,26,9,53.7507965785,-1.65958350508
11975,130162663,422445,428348,3,2,19/04/2013,1842,6,1,7,1,1,3,2,46,9,53.7507965785,-1.65958350508
11976,130162702,423524,437385,2,1,19/04/2013,1916,6,1,7,1,1,3,1,29,1,53.8319812101,-1.64252900579
11977,130163137,435498,425921,2,1,19/04/2013,1335,1,1,1,1,1,3,1,45,9,53.7282553304,-1.46189921361
11978,130164069,427936,436131,2,1,20/04/2013,1911,3,1,7,1,1,3,1,21,1,53.820490868,-1.57560000497
11979,130164328,427891,434380,1,1,20/04/2013,2125,3,1,4,1,3,3,1,21,9,53.8047539917,-1.57644232837
11980,130164453,429500,435408,1,1,21/04/2013,350,6,1,4,1,1,3,2,23,9,53.8139056239,-1.55191003635
11981,130164488,423474,434030,2,1,20/04/2013,1104,6,1,1,1,1,3,2,18,3,53.8018260125,-1.64354479419
11982,130165089,417961,444522,3,3,21/04/2013,1508,3,1,1,1,1,3,2,62,9,53.8963564391,-1.72664531655
11983,130165089,417961,444522,3,3,21/04/2013,1508,3,1,1,1,1,3,2,51,9,53.8963564391,-1.72664531655
11984,130165089,417961,444522,3,3,21/04/2013,1508,3,1,1,1,2,3,2,24,9,53.8963564391,-1.72664531655
11985,130165216,440977,431352,2,1,21/04/2013,1740,4,1,7,1,1,3,1,32,1,53.7766704716,-1.37812954051
11986,130165302,423259,437521,2,3,21/04/2013,1820,3,1,7,1,1,1,2,70,9,53.8332156157,-1.64654557196
11987,130165302,423259,437521,2,3,21/04/2013,1820,3,1,7,1,2,3,1,79,9,53.8332156157,-1.64654557196
11988,130165302,423259,437521,2,3,21/04/2013,1820,3,1,7,1,2,3,2,37,9,53.8332156157,-1.64654557196
11989,130165425,433303,425958,2,1,21/04/2013,1741,3,1,7,1,3,3,1,17,9,53.7287326927,-1.49516693792
11990,130165702,429720,423490,1,1,21/04/2013,1329,1,1,1,1,1,3,1,43,9,53.706764682,-1.5497159195
11991,130166158,434828,438008,2,1,22/04/2013,750,3,1,1,1,1,3,1,35,1,53.8369463536,-1.47068944077
11992,130166603,431019,433800,2,1,22/04/2013,1540,6,1,1,1,2,3,2,55,9,53.799363396,-1.52900007394
11993,130166800,443101,440637,2,1,22/04/2013,1813,2,1,7,1,1,3,2,24,9,53.8599562191,-1.34459682131
11994,130166866,424247,433950,2,1,22/04/2013,1900,3,1,7,1,1,3,2,27,9,53.8010714479,-1.63181326857
11995,130167265,428544,434269,2,4,22/04/2013,2045,6,1,7,1,1,3,1,22,9,53.8037208131,-1.56653635491
11996,130167265,428544,434269,2,4,22/04/2013,2045,6,1,7,1,1,3,1,27,9,53.8037208131,-1.56653635491
11997,130167265,428544,434269,2,4,22/04/2013,2045,6,1,7,1,2,3,1,22,9,53.8037208131,-1.56653635491
11998,130167265,428544,434269,2,4,22/04/2013,2045,6,1,7,1,2,3,2,25,9,53.8037208131,-1.56653635491
11999,130167641,435942,433594,2,2,23/04/2013,824,3,1,1,1,1,3,2,45,9,53.7971949,-1.45427558197
12000,130167641,435942,433594,2,2,23/04/2013,824,3,1,1,1,1,3,1,20,9,53.7971949,-1.45427558197
12001,130167747,428796,435573,2,1,22/04/2013,1400,3,1,1,1,1,3,1,19,1,53.815428231,-1.56258764738
12002,130167846,432189,445000,2,2,22/04/2013,714,3,1,7,1,1,3,1,41,3,53.8999647175,-1.51006099079
12003,130167846,432189,445000,2,2,22/04/2013,714,3,1,7,1,1,3,1,51,4,53.8999647175,-1.51006099079
12004,130168044,431786,435001,1,1,23/04/2013,1311,6,1,1,1,3,2,1,27,9,53.8101125047,-1.51723021093
12005,130168327,431975,433594,2,2,23/04/2013,1555,3,1,1,1,2,3,2,71,11,53.7974538428,-1.51450589372
12006,130168327,431975,433594,2,2,23/04/2013,1555,3,1,1,1,2,3,1,72,11,53.7974538428,-1.51450589372
12007,130168368,427154,432527,2,1,23/04/2013,1522,6,1,1,1,1,3,2,45,9,53.7881367781,-1.58779757525
12008,130168485,427793,434428,2,1,23/04/2013,1800,3,1,7,1,1,3,1,29,4,53.8051906982,-1.57792619578
12009,130168519,435082,432669,1,2,22/04/2013,2145,6,1,6,1,1,3,2,18,9,53.7889391193,-1.46743807395
12010,130168519,435082,432669,1,2,22/04/2013,2145,6,1,6,1,2,3,2,18,9,53.7889391193,-1.46743807395
12011,130169220,426321,428140,1,1,23/04/2013,1126,6,1,1,1,2,3,2,65,11,53.7487455391,-1.60081657023
12012,130169996,429169,431938,2,1,24/04/2013,1615,6,1,1,1,2,3,2,88,9,53.7827333582,-1.55726623847
12013,130170048,426229,431779,2,1,24/04/2013,1810,6,1,7,1,1,3,1,27,9,53.7814605862,-1.60190250712
12014,130170211,429600,434675,1,2,24/04/2013,2038,3,1,7,1,1,3,1,28,11,53.8073112108,-1.55046163994
12015,130170211,429600,434675,1,2,24/04/2013,2038,3,1,7,1,3,3,1,25,11,53.8073112108,-1.55046163994
12016,130170247,434811,425880,2,1,24/04/2013,1445,1,1,1,1,1,3,2,45,9,53.7279330985,-1.47231731115
12017,130170534,430892,436563,2,1,23/04/2013,1055,3,1,1,1,1,3,1,39,1,53.8242067056,-1.53065103168
12018,130171301,430766,435229,1,1,25/04/2013,1300,6,1,1,1,2,3,1,67,11,53.812223276,-1.53269872901
12019,130171525,421116,434852,2,1,19/04/2013,1600,6,1,1,1,2,3,2,15,9,53.8093159252,-1.67929424098
12020,130171674,420769,440206,2,1,24/04/2013,1735,6,1,7,1,1,3,1,37,1,53.8574560602,-1.68420250047
12021,130171848,428584,427864,1,1,24/04/2013,2048,3,1,7,1,1,3,1,22,9,53.7461454172,-1.56652256178
12022,130171991,420187,443054,1,1,24/04/2013,2125,6,1,7,1,1,3,1,19,9,53.8830790515,-1.69286431383
12023,130172169,430148,432839,2,1,25/04/2013,2115,3,1,4,1,1,3,1,39,9,53.7907764335,-1.54231912868
12024,130172520,431087,430291,3,1,26/04/2013,845,6,1,1,1,2,3,1,23,9,53.7678178846,-1.52832146303
12025,130172737,442188,445533,1,1,25/04/2013,1530,6,1,1,1,3,3,1,47,9,53.9040380545,-1.35780506273
12026,130172882,433671,429617,2,1,26/04/2013,1310,3,1,1,1,1,3,1,57,5,53.7615988466,-1.4891899942
12027,130172906,430831,435501,2,1,26/04/2013,1200,6,1,1,1,1,3,2,45,9,53.8146643494,-1.53168423362
12028,130173096,430422,433331,2,1,27/04/2013,322,6,1,7,1,2,3,1,20,9,53.7951829412,-1.53811106194
12029,130173269,431410,426460,3,2,26/04/2013,1623,1,1,1,1,1,3,2,20,9,53.7333625136,-1.52381040665
12030,130173269,431410,426460,3,2,26/04/2013,1623,1,1,1,1,1,3,1,37,9,53.7333625136,-1.52381040665
12031,130173508,428189,434479,2,1,26/04/2013,1513,6,1,1,1,1,3,1,61,9,53.8056278121,-1.57190792079
12032,130174210,440880,432083,2,1,27/04/2013,1000,3,2,1,1,1,3,1,41,1,53.7832486998,-1.37950460352
12033,130174228,420326,445614,2,3,27/04/2013,1020,6,2,1,2,1,3,1,67,9,53.9060847887,-1.69057958729
12034,130174228,420326,445614,2,3,27/04/2013,1020,6,2,1,2,1,3,2,46,5,53.9060847887,-1.69057958729
12035,130174228,420326,445614,2,3,27/04/2013,1020,6,2,1,2,2,3,2,69,9,53.9060847887,-1.69057958729
12036,130174271,429416,433838,2,2,24/04/2013,1740,3,1,7,1,1,3,1,30,9,53.7997980829,-1.55333594338
12037,130174271,429416,433838,2,2,24/04/2013,1740,3,1,7,1,2,3,2,30,9,53.7997980829,-1.55333594338
12038,130174360,430628,433450,1,1,27/04/2013,1300,6,1,1,1,3,3,1,87,19,53.7962405129,-1.53497170065
12039,130174492,425944,438104,2,2,26/04/2013,2245,3,1,7,1,1,3,1,38,5,53.8383289174,-1.60569486737
12040,130174492,425944,438104,2,2,26/04/2013,2245,3,1,7,1,2,3,2,27,5,53.8383289174,-1.60569486737
12041,130174728,433250,435590,2,2,27/04/2013,1720,6,1,7,1,1,3,1,28,5,53.8153152642,-1.49493207957
12042,130174728,433250,435590,2,2,27/04/2013,1720,6,1,7,1,2,2,2,30,5,53.8153152642,-1.49493207957
12043,130174829,429355,433754,2,6,27/04/2013,1927,6,1,7,1,1,3,1,25,19,53.7990464747,-1.55427016734
12044,130174829,429355,433754,2,6,27/04/2013,1927,6,1,7,1,1,3,1,27,9,53.7990464747,-1.55427016734
12045,130174829,429355,433754,2,6,27/04/2013,1927,6,1,7,1,2,3,1,21,19,53.7990464747,-1.55427016734
12046,130174829,429355,433754,2,6,27/04/2013,1927,6,1,7,1,2,3,1,42,19,53.7990464747,-1.55427016734
12047,130174829,429355,433754,2,6,27/04/2013,1927,6,1,7,1,2,3,2,23,9,53.7990464747,-1.55427016734
12048,130174829,429355,433754,2,6,27/04/2013,1927,6,1,7,1,2,3,1,25,9,53.7990464747,-1.55427016734
12049,130174931,430739,435553,2,1,27/04/2013,1805,6,1,7,1,1,3,1,7,1,53.8151372087,-1.53307644593
12050,130175683,425927,435126,2,1,26/04/2013,1800,6,1,7,1,1,3,2,34,9,53.8115612391,-1.60620433655
12051,130175805,427986,435214,1,1,28/04/2013,1423,6,1,1,1,3,3,1,23,9,53.8122455058,-1.57492385313
12052,130176045,436154,434717,2,1,27/04/2013,2051,3,1,4,1,1,3,2,54,9,53.8072744012,-1.45092498693
12053,130176630,428717,435610,2,1,28/04/2013,2103,3,1,4,1,1,3,1,24,1,53.8157651835,-1.56378416846
12054,130176926,430654,434684,3,1,28/04/2013,1745,3,1,7,1,1,3,2,24,9,53.8073310503,-1.53445410512
12055,130179173,434174,433457,1,1,29/04/2013,740,3,1,1,1,3,3,2,1,9,53.7960825964,-1.48113392038
12056,130179198,432664,438146,3,1,30/04/2013,1435,6,1,1,1,1,3,1,48,9,53.8383273551,-1.50356150213
12057,130179325,436082,434484,2,1,29/04/2013,750,6,1,1,1,3,3,2,47,9,53.8051850603,-1.45204571478
12058,130179361,428134,435422,2,1,30/04/2013,1730,6,1,7,1,1,2,1,27,4,53.8141071768,-1.57265694885
12059,130180474,426069,435587,1,1,30/04/2013,1620,4,1,1,1,2,3,2,91,11,53.8156979644,-1.60400854973
12060,130180990,428502,426067,2,2,01/05/2013,1820,3,1,7,1,1,3,1,66,3,53.7299969492,-1.56793175652
12061,130180990,428502,426067,2,2,01/05/2013,1820,3,1,7,1,2,3,2,17,3,53.7299969492,-1.56793175652
12062,130181266,426562,426718,2,1,01/05/2013,2210,3,1,7,1,1,3,1,18,1,53.7359511324,-1.5972838998
12063,130181667,429282,433489,2,1,02/05/2013,735,6,1,1,1,1,3,2,45,9,53.7966685722,-1.55540376621
12064,130181674,422008,444745,2,1,02/05/2013,755,3,1,1,1,1,2,1,48,1,53.8982048989,-1.66503764361
12065,130182471,432052,430290,1,1,02/05/2013,1600,1,1,1,1,1,3,2,22,9,53.7677504004,-1.51368033398
12066,130182487,420676,445078,5,3,02/05/2013,1435,3,1,1,1,1,3,1,44,9,53.9012529884,-1.68528787847
12067,130182487,420676,445078,5,3,02/05/2013,1435,3,1,1,1,1,3,1,51,9,53.9012529884,-1.68528787847
12068,130182487,420676,445078,5,3,02/05/2013,1435,3,1,1,1,2,3,1,23,9,53.9012529884,-1.68528787847
12069,130182797,429832,438889,2,1,02/05/2013,2039,3,1,7,1,1,2,1,49,3,53.8451762901,-1.54652947976
12070,130182899,427984,435224,2,1,02/05/2013,2235,6,1,7,1,1,3,1,27,1,53.8123355009,-1.57495332058
12071,130183115,419870,438909,2,1,03/05/2013,610,3,1,7,1,1,3,1,25,3,53.8458327671,-1.69795574077
12072,130183330,425061,433369,2,1,29/04/2013,1715,4,1,7,1,1,2,1,56,1,53.7958103666,-1.61950038476
12073,130183442,427568,435909,1,1,02/05/2013,1100,4,1,1,1,3,3,1,60,9,53.8185150149,-1.58121034363
12074,130183458,428224,435783,2,1,02/05/2013,1515,3,1,1,1,1,3,1,17,1,53.8173472322,-1.57125681286
12075,130184365,431519,435143,2,1,02/05/2013,1710,3,1,7,1,1,2,1,44,1,53.8114051495,-1.52127074076
12076,130184381,432112,436040,2,1,03/05/2013,1815,3,1,7,1,1,3,1,26,1,53.8194316948,-1.51217063762
12077,130184420,435095,434725,2,3,03/05/2013,1845,3,1,7,1,1,3,2,19,9,53.807418853,-1.46700645326
12078,130184420,435095,434725,2,3,03/05/2013,1845,3,1,7,1,1,3,1,46,9,53.807418853,-1.46700645326
12079,130184420,435095,434725,2,3,03/05/2013,1845,3,1,7,1,2,3,2,24,9,53.807418853,-1.46700645326
12080,130185233,440554,431998,2,1,03/05/2013,2020,4,1,7,1,2,3,2,25,9,53.7825101772,-1.38446364751
12081,130185681,429242,433845,2,1,02/05/2013,1010,6,1,1,1,1,3,1,22,1,53.7998708143,-1.55597727515
12082,130185686,424207,428258,2,2,04/05/2013,1741,6,1,7,1,1,3,1,67,9,53.7499087086,-1.63286742195
12083,130185686,424207,428258,2,2,04/05/2013,1741,6,1,7,1,2,2,1,78,9,53.7499087086,-1.63286742195
12084,130186179,429915,434257,3,1,01/05/2013,1740,3,1,7,1,1,3,1,23,1,53.8035359019,-1.54571848515
12085,130186405,420227,445716,1,1,03/05/2013,1350,6,1,1,1,3,3,1,76,9,53.907005512,-1.69207988613
12086,130187966,436861,433688,2,1,06/05/2013,1420,3,1,1,1,1,3,1,28,1,53.7979755249,-1.4403114435
12087,130188026,436154,427986,1,1,06/05/2013,1755,3,1,7,1,1,3,1,19,5,53.7467719187,-1.45171412929
12088,130188063,420316,439710,3,4,06/05/2013,1515,3,1,1,1,1,3,2,27,9,53.8530155439,-1.69112319149
12089,130188063,420316,439710,3,4,06/05/2013,1515,3,1,1,1,1,3,1,38,9,53.8530155439,-1.69112319149
12090,130188063,420316,439710,3,4,06/05/2013,1515,3,1,1,1,1,3,2,60,9,53.8530155439,-1.69112319149
12091,130188063,420316,439710,3,4,06/05/2013,1515,3,1,1,1,2,3,2,21,9,53.8530155439,-1.69112319149
12092,130189362,431139,434949,1,1,07/05/2013,1707,6,1,7,1,3,2,2,29,9,53.8096842394,-1.52706181748
12093,130189562,430023,434826,2,4,07/05/2013,1810,6,1,7,1,2,3,1,35,9,53.8086442585,-1.54402298762
12094,130189562,430023,434826,2,4,07/05/2013,1810,6,1,7,1,2,3,1,16,9,53.8086442585,-1.54402298762
12095,130189562,430023,434826,2,4,07/05/2013,1810,6,1,7,1,2,3,1,26,9,53.8086442585,-1.54402298762
12096,130189562,430023,434826,2,4,07/05/2013,1810,6,1,7,1,2,3,1,15,9,53.8086442585,-1.54402298762
12097,130189928,430807,435371,2,1,01/05/2013,1215,6,1,1,1,1,3,1,56,9,53.8134972425,-1.53206179089
12098,130190263,420932,439494,2,1,07/05/2013,810,3,1,1,1,1,3,1,48,1,53.8510494948,-1.68177264478
12099,130190828,431919,435758,1,1,08/05/2013,1317,3,1,1,1,2,3,1,87,11,53.8169087792,-1.51513174213
12100,130191012,430416,428107,1,1,08/05/2013,1430,6,1,1,1,3,3,2,65,9,53.7482260062,-1.53871724914
12101,130191105,422464,434654,3,1,08/05/2013,1815,4,1,7,1,1,3,2,25,9,53.8074796504,-1.65883591418
12102,130191474,435330,439398,2,4,09/05/2013,153,6,1,5,1,1,3,2,18,9,53.8494065405,-1.46290060239
12103,130191474,435330,439398,2,4,09/05/2013,153,6,1,5,1,1,3,1,49,8,53.8494065405,-1.46290060239
12104,130191474,435330,439398,2,4,09/05/2013,153,6,1,5,1,2,3,2,19,9,53.8494065405,-1.46290060239
12105,130191474,435330,439398,2,4,09/05/2013,153,6,1,5,1,2,3,1,23,9,53.8494065405,-1.46290060239
12106,130191784,442909,441824,3,1,09/05/2013,755,2,1,1,1,1,3,1,51,9,53.8706412724,-1.3473501588
12107,130191808,426513,435654,2,1,09/05/2013,715,4,1,7,1,1,3,1,50,1,53.8162777586,-1.59725854084
12108,130192228,431069,430383,1,2,09/05/2013,930,6,1,1,1,1,3,1,36,1,53.768645924,-1.5285853001
12109,130192228,431069,430383,1,2,09/05/2013,930,6,1,1,1,3,3,1,90,1,53.768645924,-1.5285853001
12110,130192625,430387,437884,2,1,09/05/2013,1425,3,2,1,1,1,3,1,27,9,53.836110513,-1.53819274304
12111,130192809,430795,433221,2,1,09/05/2013,1842,3,2,7,1,1,3,1,19,3,53.7941722384,-1.53245910748
12112,130193329,431327,435045,2,1,10/05/2013,735,3,2,1,1,1,3,1,34,1,53.8105358614,-1.52419681546