Col.Number,Reference.Number,Easting,Northing,Number.of.Vehicles,Number.of.Casualties,Accident.Date,Time..24hr.,X1st.Road.Class,Road.Surface,Lighting.Conditions,Weather.Conditions,Casualty.Class,Casualty.Severity,Sex.of.Casualty,Age.of.Casualty,Type.of.Vehicle,Latitude,Longitude
12113,130193705,426801,438024,2,1,10/05/2013,1150,3,1,1,1,1,3,1,25,3,53.8375663108,-1.59267724511
12114,130193765,431884,435291,1,1,10/05/2013,1110,6,1,1,2,3,3,2,45,9,53.8127132198,-1.51571178661
12115,130193874,430916,428613,1,1,10/05/2013,1310,6,1,1,1,1,2,1,43,3,53.7527449104,-1.53108398243
12116,130193941,432962,439237,2,1,09/05/2013,1130,3,1,1,1,1,3,1,39,9,53.8481150953,-1.49891550451
12117,130194383,430089,431274,2,2,10/05/2013,1915,3,1,7,1,1,3,2,37,9,53.7767124567,-1.5433675475
12118,130194383,430089,431274,2,2,10/05/2013,1915,3,1,7,1,2,3,1,34,9,53.7767124567,-1.5433675475
12119,130194463,418601,442209,3,1,10/05/2013,1740,3,1,7,1,1,3,1,38,9,53.8755428408,-1.71704550372
12120,130195631,427674,434006,2,1,11/05/2013,950,6,1,1,1,1,2,1,40,1,53.8014037858,-1.57977124695
12121,130195788,420306,434226,2,1,11/05/2013,1720,3,1,7,1,1,2,1,49,5,53.8037211532,-1.69163746016
12122,130195818,432664,437990,2,2,11/05/2013,1920,6,1,7,1,2,3,1,9,9,53.836925131,-1.50357808665
12123,130195818,432664,437990,2,2,11/05/2013,1920,6,1,7,1,2,3,1,6,9,53.836925131,-1.50357808665
12124,130197133,420670,440985,1,1,11/05/2013,2248,6,1,4,1,2,3,1,19,9,53.8644622737,-1.6856553127
12125,130197580,431324,435044,2,1,13/05/2013,755,3,1,1,1,1,3,1,46,1,53.8105270535,-1.52424248035
12126,130197781,426821,434971,2,1,13/05/2013,750,3,1,1,1,1,3,2,24,1,53.810122635,-1.59263957993
12127,130198406,431492,435899,2,1,05/05/2013,1330,6,1,1,1,1,3,1,93,9,53.8182022232,-1.52160343635
12128,130198622,428863,433942,2,1,13/05/2013,1800,6,1,7,1,2,3,2,19,8,53.8007638897,-1.5617228909
12129,130199230,429829,438904,2,1,14/05/2013,955,3,1,1,1,1,3,1,30,1,53.8453112923,-1.54657362368
12130,130199559,431458,432727,3,2,14/05/2013,1225,6,1,1,1,1,3,2,25,9,53.7896921527,-1.5224440206
12131,130199559,431458,432727,3,2,14/05/2013,1225,6,1,1,1,1,3,1,55,9,53.7896921527,-1.5224440206
12132,130200198,420505,440235,2,1,13/05/2013,1910,3,1,7,1,1,3,2,35,1,53.8577272305,-1.68821467853
12133,130200318,440940,428434,3,5,14/05/2013,2020,6,1,7,1,1,3,1,24,9,53.7504448338,-1.37907809711
12134,130200318,440940,428434,3,5,14/05/2013,2020,6,1,7,1,2,3,2,32,9,53.7504448338,-1.37907809711
12135,130200318,440940,428434,3,5,14/05/2013,2020,6,1,7,1,2,3,1,35,9,53.7504448338,-1.37907809711
12136,130200318,440940,428434,3,5,14/05/2013,2020,6,1,7,1,2,3,1,12,9,53.7504448338,-1.37907809711
12137,130200318,440940,428434,3,5,14/05/2013,2020,6,1,7,1,2,3,1,12,9,53.7504448338,-1.37907809711
12138,130201445,431380,430205,2,1,13/05/2013,650,6,1,7,1,1,3,1,20,1,53.7670272805,-1.52388473099
12139,130201486,428149,435477,2,1,24/06/2013,1005,6,1,1,1,1,3,1,20,1,53.8146007455,-1.57242408063
12140,130201537,430233,435113,2,1,15/05/2013,1545,6,1,1,1,1,3,1,28,4,53.8112118507,-1.54080551285
12141,130201720,432513,427316,2,7,15/05/2013,1740,3,1,7,1,1,3,2,18,9,53.7409892961,-1.50699907078
12142,130201720,432513,427316,2,7,15/05/2013,1740,3,1,7,1,1,3,2,56,9,53.7409892961,-1.50699907078
12143,130201720,432513,427316,2,7,15/05/2013,1740,3,1,7,1,2,3,2,9,9,53.7409892961,-1.50699907078
12144,130201720,432513,427316,2,7,15/05/2013,1740,3,1,7,1,2,3,2,12,9,53.7409892961,-1.50699907078
12145,130201720,432513,427316,2,7,15/05/2013,1740,3,1,7,1,2,3,2,35,9,53.7409892961,-1.50699907078
12146,130201720,432513,427316,2,7,15/05/2013,1740,3,1,7,1,2,2,2,35,9,53.7409892961,-1.50699907078
12147,130201720,432513,427316,2,7,15/05/2013,1740,3,1,7,1,2,3,2,23,9,53.7409892961,-1.50699907078
12148,130201727,437068,437604,4,1,15/05/2013,1750,3,1,7,1,1,3,2,51,9,53.8331599873,-1.43669675779
12149,130202497,429096,435481,2,1,16/05/2013,810,6,1,1,1,3,3,2,50,8,53.814584566,-1.55803948471
12150,130203193,435826,435224,3,4,16/05/2013,1300,3,1,1,1,1,3,2,38,9,53.8118543152,-1.45584709545
12151,130203193,435826,435224,3,4,16/05/2013,1300,3,1,1,1,2,3,2,12,9,53.8118543152,-1.45584709545
12152,130203193,435826,435224,3,4,16/05/2013,1300,3,1,1,1,2,3,1,30,9,53.8118543152,-1.45584709545
12153,130203193,435826,435224,3,4,16/05/2013,1300,3,1,1,1,2,3,1,3,9,53.8118543152,-1.45584709545
12154,130203249,416576,441777,2,1,16/05/2013,1711,6,1,7,1,1,3,1,69,9,53.8717283313,-1.74787238578
12155,130204552,432471,437286,2,1,17/05/2013,850,6,1,1,1,3,3,1,5,9,53.8306092379,-1.50658553098
12156,130204848,430869,436357,2,1,17/05/2013,1549,6,1,1,1,2,3,2,47,11,53.8223564054,-1.53102114153
12157,130204984,432682,430465,2,2,17/05/2013,1742,4,1,7,1,1,3,1,43,3,53.7692842732,-1.50410330193
12158,130204984,432682,430465,2,2,17/05/2013,1742,4,1,7,1,3,3,1,36,3,53.7692842732,-1.50410330193
12159,130204999,430686,434459,2,1,17/05/2013,1725,6,1,7,1,1,2,1,47,3,53.805306705,-1.53399056412
12160,130205057,432468,434802,2,1,17/05/2013,1820,4,1,7,1,1,3,1,22,1,53.8082816251,-1.50689331962
12161,130205084,426212,431883,2,3,17/05/2013,1720,3,1,7,1,1,3,1,30,9,53.7823962798,-1.60215167954
12162,130205084,426212,431883,2,3,17/05/2013,1720,3,1,7,1,2,3,2,22,9,53.7823962798,-1.60215167954
12163,130205084,426212,431883,2,3,17/05/2013,1720,3,1,7,1,2,3,1,8,9,53.7823962798,-1.60215167954
12164,130205098,428064,435957,2,1,17/05/2013,1930,3,1,7,1,1,3,1,21,1,53.8189199338,-1.57367138107
12165,130205134,429034,437517,1,1,17/05/2013,1844,4,1,7,1,3,3,1,20,9,53.8328890409,-1.55878898361
12166,130205339,429141,435249,2,2,17/05/2013,1750,3,1,7,1,1,3,1,30,9,53.8124966624,-1.55737794114
12167,130205339,429141,435249,2,2,17/05/2013,1750,3,1,7,1,2,3,1,43,9,53.8124966624,-1.55737794114
12168,130205659,429025,429921,2,1,18/05/2013,810,3,1,1,1,1,3,1,79,9,53.7646110309,-1.55964163867
12169,130206407,419846,432207,2,1,18/05/2013,1845,6,2,7,1,1,1,1,42,4,53.7855903324,-1.69875288839
12170,130206758,440463,446696,2,1,19/05/2013,555,2,2,7,1,1,3,1,56,9,53.9146290359,-1.38390785485
12171,130206969,428413,436830,2,1,19/05/2013,920,4,1,1,1,1,3,1,47,9,53.8267481283,-1.56828912339
12172,130209467,430524,435120,2,1,18/05/2013,1130,6,1,1,1,1,3,1,36,19,53.8112577707,-1.5363851182
12173,130210796,428303,430706,1,1,21/05/2013,1815,6,2,7,1,3,3,1,10,9,53.771706976,-1.57052324757
12174,130211683,427607,434510,2,1,22/05/2013,1140,3,1,1,1,1,3,2,24,1,53.8059376829,-1.58074341686
12175,130212165,434125,433890,1,1,22/05/2013,1510,4,1,1,1,3,3,2,13,11,53.7999778961,-1.48182988033
12176,130212435,419593,432731,2,4,22/05/2013,1850,6,1,7,1,1,3,1,20,9,53.7903101054,-1.70255986259
12177,130212435,419593,432731,2,4,22/05/2013,1850,6,1,7,1,1,3,2,46,9,53.7903101054,-1.70255986259
12178,130212435,419593,432731,2,4,22/05/2013,1850,6,1,7,1,2,3,1,23,9,53.7903101054,-1.70255986259
12179,130212435,419593,432731,2,4,22/05/2013,1850,6,1,7,1,2,3,1,23,9,53.7903101054,-1.70255986259
12180,130213037,429206,434162,2,1,23/05/2013,840,6,2,1,1,1,3,2,25,1,53.8027222669,-1.55649382925
12181,130213148,429961,432507,2,1,23/05/2013,904,3,1,1,1,1,3,1,21,1,53.7878029714,-1.54519018241
12182,130213374,425333,434327,2,1,23/05/2013,1242,3,2,1,2,1,3,1,29,9,53.8044084707,-1.61529191802
12183,130213463,432334,426949,2,2,23/05/2013,1104,1,2,1,1,1,3,1,46,9,53.7377015499,-1.50975156645
12184,130213463,432334,426949,2,2,23/05/2013,1104,1,2,1,1,2,3,2,59,9,53.7377015499,-1.50975156645
12185,130213734,432009,435657,1,1,23/05/2013,1554,6,1,1,1,3,3,2,1,9,53.8159953908,-1.51377515235
12186,130214629,432172,439384,2,1,24/05/2013,805,6,2,1,2,1,3,2,40,9,53.849485966,-1.510909102
12187,130214899,427534,436929,1,1,24/05/2013,945,3,1,1,1,2,3,2,45,11,53.8276853271,-1.58163550079
12188,130215384,427068,431800,2,1,24/05/2013,1510,3,2,1,2,1,3,1,43,5,53.7816063996,-1.58916687673
12189,130215388,423482,434037,1,1,24/05/2013,1515,6,1,1,1,3,3,2,10,9,53.8018885733,-1.64342278209
12190,130215401,427151,432329,1,1,24/05/2013,1555,6,2,1,5,3,3,2,27,9,53.786357153,-1.58786055823
12191,130215465,429986,433393,2,2,24/05/2013,1630,6,2,1,4,1,3,2,42,9,53.7957655538,-1.54472446383
12192,130215465,429986,433393,2,2,24/05/2013,1630,6,2,1,4,1,3,1,55,1,53.7957655538,-1.54472446383
12193,130215489,438554,430036,2,1,24/05/2013,1740,6,2,7,1,1,3,1,21,9,53.76502656,-1.4150634876
12194,130216346,436017,435498,2,1,24/05/2013,1800,3,1,7,1,3,3,1,35,9,53.8143039912,-1.45291411378
12195,130216523,427570,434537,2,1,25/05/2013,1330,3,1,1,1,1,3,2,35,1,53.8061823422,-1.58130288653
12196,130216754,436134,435286,2,2,25/05/2013,1805,3,1,7,1,1,3,1,20,9,53.8123902947,-1.45116190917
12197,130216754,436134,435286,2,2,25/05/2013,1805,3,1,7,1,1,3,2,68,9,53.8123902947,-1.45116190917
12198,130216788,430379,433555,1,2,25/05/2013,1615,6,1,1,1,2,3,2,66,11,53.797198928,-1.53874180345
12199,130216788,430379,433555,1,2,25/05/2013,1615,6,1,1,1,2,3,2,27,11,53.797198928,-1.53874180345
12200,130216831,430786,429754,1,1,25/05/2013,1840,6,1,7,1,3,3,1,6,9,53.7630087988,-1.53294189717
12201,130216967,436164,434486,1,1,25/05/2013,1950,3,1,7,1,3,3,1,32,9,53.8051973422,-1.45080026115
12202,130216979,429766,427688,2,1,25/05/2013,2015,6,1,7,1,1,3,1,10,1,53.7444972234,-1.54861504334
12203,130217182,431596,434014,3,3,26/05/2013,110,6,1,4,1,1,3,2,21,9,53.801252251,-1.52021714576
12204,130217182,431596,434014,3,3,26/05/2013,110,6,1,4,1,2,3,2,20,9,53.801252251,-1.52021714576
12205,130217182,431596,434014,3,3,26/05/2013,110,6,1,4,1,2,3,1,23,9,53.801252251,-1.52021714576
12206,130217657,426420,435664,1,1,26/05/2013,330,6,1,7,1,2,3,1,22,8,53.8163723807,-1.59867034535
12207,130217883,430803,433252,2,2,26/05/2013,1629,6,1,1,1,1,3,2,22,9,53.7944504152,-1.53233455327
12208,130217883,430803,433252,2,2,26/05/2013,1629,6,1,1,1,1,3,1,24,9,53.7944504152,-1.53233455327
12209,130217920,429918,427994,2,1,25/05/2013,1230,6,1,1,1,1,3,2,40,9,53.7472390968,-1.54628049477
12210,130218562,429571,437522,2,2,26/05/2013,2000,6,1,7,1,1,3,2,38,9,53.8329036988,-1.55062833305
12211,130218562,429571,437522,2,2,26/05/2013,2000,6,1,7,1,2,3,2,18,9,53.8329036988,-1.55062833305
12212,130218739,428010,426212,2,1,27/05/2013,1230,3,1,1,1,1,3,1,28,1,53.7313269917,-1.57537673431
12213,130218757,420593,445096,1,1,27/05/2013,1208,3,1,1,1,3,2,1,78,9,53.90141809,-1.68655000044
12214,130219660,425232,435259,2,1,26/05/2013,1930,6,1,7,1,1,3,1,35,9,53.8127909381,-1.61674926663
12215,130219925,439017,439185,2,1,28/05/2013,610,3,1,7,1,1,3,1,28,9,53.8472280502,-1.40687971786
12216,130219962,430998,430598,2,1,27/05/2013,1330,6,1,1,1,1,3,2,38,1,53.7705827367,-1.52964095175
12217,130220009,428688,434943,2,1,01/05/2013,1345,6,1,1,1,1,3,1,38,9,53.8097713012,-1.5642868538
12218,130220341,430409,433685,1,1,28/05/2013,1350,6,1,1,1,2,3,1,5,11,53.798365709,-1.53827348064
12219,130220677,430096,432243,2,1,28/05/2013,2315,3,1,4,1,1,3,1,45,9,53.7854221534,-1.5431667258
12220,130220828,435644,435057,1,1,28/05/2013,844,3,2,1,2,1,3,1,40,9,53.8103657284,-1.45863065811
12221,130221138,428465,431348,2,1,29/05/2013,901,3,1,1,1,1,3,2,55,9,53.7774689504,-1.568005844
12222,130221233,430489,435971,2,2,28/05/2013,1930,6,1,7,1,1,3,2,31,9,53.8189092022,-1.53683236615
12223,130221233,430489,435971,2,2,28/05/2013,1930,6,1,7,1,1,3,1,58,9,53.8189092022,-1.53683236615
12224,130221905,435101,435221,2,1,29/05/2013,205,6,1,4,1,1,3,1,19,1,53.8118767967,-1.466858766
12225,130222212,429432,433909,1,4,30/05/2013,135,3,2,4,2,1,3,1,20,9,53.8004353782,-1.55308621541
12226,130222212,429432,433909,1,4,30/05/2013,135,3,2,4,2,2,3,1,22,9,53.8004353782,-1.55308621541
12227,130222212,429432,433909,1,4,30/05/2013,135,3,2,4,2,2,3,1,21,9,53.8004353782,-1.55308621541
12228,130222212,429432,433909,1,4,30/05/2013,135,3,2,4,2,2,3,2,21,9,53.8004353782,-1.55308621541
12229,130222258,431883,435473,2,1,29/05/2013,1400,6,1,1,1,1,3,1,28,9,53.8143492187,-1.51570811657
12230,130222836,436134,437731,2,2,30/05/2013,1125,6,1,1,1,1,3,2,35,9,53.8343673286,-1.45087461346
12231,130222836,436134,437731,2,2,30/05/2013,1125,6,1,1,1,1,3,2,27,9,53.8343673286,-1.45087461346
12232,130222872,423772,444127,2,1,01/05/2013,702,3,1,7,1,1,3,2,39,9,53.8925719905,-1.63823806621
12233,130223321,428257,436607,2,1,30/05/2013,1632,6,1,1,1,2,3,2,21,9,53.8247521496,-1.57067982861
12234,130223696,430796,433453,2,1,30/05/2013,2220,3,1,4,1,1,3,1,36,9,53.7962575617,-1.53242073148
12235,130224055,430658,438173,1,1,31/05/2013,550,6,1,7,1,1,3,1,20,9,53.8386923127,-1.5340455259
12236,130224225,427482,432591,2,2,31/05/2013,1010,6,1,1,1,1,3,1,29,8,53.788694843,-1.58281291537
12237,130224225,427482,432591,2,2,31/05/2013,1010,6,1,1,1,2,3,2,19,8,53.788694843,-1.58281291537
12238,130224228,428275,429577,2,1,31/05/2013,1010,3,1,1,1,1,3,2,45,9,53.7615601329,-1.57105156693
12239,130224796,420389,445557,3,1,31/05/2013,1725,3,1,7,1,3,2,1,38,9,53.9055699567,-1.68962435902
12240,130224907,431783,435025,3,1,31/05/2013,1450,6,1,1,1,1,3,1,36,9,53.8103284163,-1.51727329498
12241,130224932,432513,438024,2,2,31/05/2013,1910,6,1,7,1,1,3,2,17,9,53.8372402165,-1.50586926696
12242,130224932,432513,438024,2,2,31/05/2013,1910,6,1,7,1,2,3,1,17,9,53.8372402165,-1.50586926696
12243,130225055,430532,431115,2,4,31/05/2013,2215,6,1,4,1,1,3,2,56,9,53.7752574544,-1.53666053495
12244,130225055,430532,431115,2,4,31/05/2013,2215,6,1,4,1,2,3,1,32,9,53.7752574544,-1.53666053495
12245,130225055,430532,431115,2,4,31/05/2013,2215,6,1,4,1,2,3,2,21,9,53.7752574544,-1.53666053495
12246,130225055,430532,431115,2,4,31/05/2013,2215,6,1,4,1,2,3,1,21,9,53.7752574544,-1.53666053495
12247,130225057,423133,433799,2,1,31/05/2013,2110,6,1,7,1,3,3,1,34,8,53.7997648677,-1.64874016134
12248,130225373,431882,435430,1,1,30/05/2013,1500,6,1,1,1,3,2,1,10,9,53.8139627673,-1.51572776124
12249,130225938,429498,431064,2,2,01/06/2013,1355,6,1,1,1,1,3,2,40,9,53.774858635,-1.55235638051
12250,130225938,429498,431064,2,2,01/06/2013,1355,6,1,1,1,1,2,1,35,1,53.774858635,-1.55235638051
12251,130226088,428990,428375,1,1,01/06/2013,1701,6,1,7,1,3,3,1,5,9,53.7507162818,-1.56031779882
12252,130226176,443319,438968,2,1,01/06/2013,1705,2,1,7,1,1,3,2,28,10,53.844936537,-1.34151762751
12253,130226232,431681,433441,1,1,01/06/2013,1813,6,1,7,1,1,2,1,23,4,53.7960965588,-1.51898542146
12254,130226239,431049,424680,2,1,31/05/2013,1430,1,1,1,1,1,3,2,34,9,53.7173840363,-1.52946178648
12255,130226300,427750,436151,2,1,01/06/2013,1415,4,1,1,1,1,3,1,20,9,53.8206806057,-1.57842380319
12256,130226371,429916,428025,2,1,01/06/2013,2010,6,1,1,1,1,3,1,35,9,53.7475178646,-1.5463078226
12257,130226783,428419,433351,1,1,02/06/2013,1005,3,1,1,1,1,3,2,19,9,53.7954759805,-1.56851923694
12258,130226973,436220,436854,2,1,02/06/2013,948,3,1,1,1,1,3,1,50,5,53.8264783825,-1.44967108462
12259,130226994,426647,433493,2,1,02/06/2013,1205,6,1,1,1,1,2,1,50,9,53.7968461631,-1.59541015874
12260,130227072,432291,438740,1,1,01/06/2013,1325,6,1,1,1,3,2,2,69,9,53.8436899146,-1.50916781118
12261,130227445,443294,427585,4,4,02/06/2013,1725,6,1,7,1,1,3,1,25,9,53.7426233527,-1.34349733047
12262,130227445,443294,427585,4,4,02/06/2013,1725,6,1,7,1,2,3,1,27,9,53.7426233527,-1.34349733047
12263,130227445,443294,427585,4,4,02/06/2013,1725,6,1,7,1,2,2,1,27,9,53.7426233527,-1.34349733047
12264,130227445,443294,427585,4,4,02/06/2013,1725,6,1,7,1,1,3,1,46,9,53.7426233527,-1.34349733047
12265,130227479,435156,434873,2,1,02/06/2013,2047,6,1,7,1,1,3,2,21,9,53.8087450468,-1.46606317628
12266,130228016,426663,433880,4,3,03/06/2013,940,3,1,1,1,1,3,1,27,9,53.8003240042,-1.59513372761
12267,130228016,426663,433880,4,3,03/06/2013,940,3,1,1,1,2,3,2,42,9,53.8003240042,-1.59513372761
12268,130228016,426663,433880,4,3,03/06/2013,940,3,1,1,1,2,3,2,28,9,53.8003240042,-1.59513372761
12269,130228730,432651,435882,3,2,03/06/2013,1620,3,1,1,1,1,3,2,33,9,53.817977913,-1.50399952701
12270,130228730,432651,435882,3,2,03/06/2013,1620,3,1,1,1,2,3,1,13,9,53.817977913,-1.50399952701
12271,130228868,421296,444894,2,1,03/06/2013,1645,3,1,1,1,1,3,1,59,1,53.8995739598,-1.67586374273
12272,130229536,436282,425920,2,1,23/05/2013,1514,1,2,1,1,1,2,1,47,9,53.7281923919,-1.45001556683
12273,130229735,432291,435053,1,1,28/05/2013,1200,4,1,1,1,3,3,1,31,9,53.810548801,-1.50955505808
12274,130229823,429564,440823,1,1,03/06/2013,1012,6,1,1,1,3,3,2,63,9,53.862575669,-1.55041688229
12275,130229874,432066,438172,2,1,03/06/2013,1108,6,1,1,1,1,3,2,40,1,53.8385983173,-1.51264702876
12276,130230197,442667,428745,1,1,04/06/2013,1420,3,1,1,1,1,2,1,55,3,53.7531017267,-1.35284416165
12277,130230337,429788,431091,1,1,04/06/2013,1530,6,1,1,1,3,3,2,8,9,53.7750848212,-1.54795306004
12278,130230387,427794,425846,2,1,04/06/2013,1527,3,1,1,1,1,2,1,65,1,53.7280486213,-1.57868402599
12279,130230461,430232,435117,2,1,04/06/2013,1740,6,1,7,1,1,3,1,40,1,53.8112478637,-1.54082030788
12280,130230513,423874,434541,2,2,04/06/2013,1650,4,1,1,1,1,2,1,34,5,53.8064010962,-1.63743125836
12281,130230513,423874,434541,2,2,04/06/2013,1650,4,1,1,1,2,2,1,34,5,53.8064010962,-1.63743125836
12282,130230583,423844,437533,2,1,04/06/2013,1934,6,1,7,1,1,3,1,20,3,53.8332969633,-1.63765490618
12283,130232250,428892,429811,2,1,03/06/2013,1930,6,1,7,1,1,3,1,43,1,53.7636296572,-1.56166970656
12284,130232261,435855,426140,2,2,05/06/2013,1800,3,1,7,1,1,3,1,23,9,53.730199438,-1.45646246205
12285,130232261,435855,426140,2,2,05/06/2013,1800,3,1,7,1,1,1,1,47,5,53.730199438,-1.45646246205
12286,130232300,431888,435633,2,1,05/06/2013,1950,6,1,7,1,2,3,2,44,9,53.8157870986,-1.51561558821
12287,130233701,428793,426351,2,1,06/06/2013,1814,6,1,7,1,1,2,1,23,1,53.7325337984,-1.56349411805
12288,130233738,432451,436460,2,1,06/06/2013,1650,3,1,1,1,1,3,1,21,1,53.8231858736,-1.50697661318
12289,130233844,428729,435037,2,1,06/06/2013,1600,6,1,1,1,2,3,2,23,9,53.8106139786,-1.56365539114
12290,130233846,415274,441394,4,2,06/06/2013,1625,6,1,1,1,1,2,1,45,4,53.8683255726,-1.76769521855
12291,130233846,415274,441394,4,2,06/06/2013,1625,6,1,1,1,1,3,2,56,9,53.8683255726,-1.76769521855
12292,130234684,423228,438971,2,1,06/06/2013,1330,6,1,1,1,3,3,1,36,9,53.8462507329,-1.6469070182
12293,130234870,428386,432524,2,1,07/06/2013,721,3,1,7,1,1,3,1,35,1,53.7880440709,-1.56909644791
12294,130234881,433054,426426,2,3,07/06/2013,1047,3,1,1,1,1,3,1,73,9,53.7329552774,-1.49889129202
12295,130234881,433054,426426,2,3,07/06/2013,1047,3,1,1,1,1,3,1,22,9,53.7329552774,-1.49889129202
12296,130234881,433054,426426,2,3,07/06/2013,1047,3,1,1,1,3,3,1,17,9,53.7329552774,-1.49889129202
12297,130235303,428442,427375,2,1,07/06/2013,1425,3,1,1,1,1,2,1,27,1,53.7417576428,-1.56872094133
12298,130235407,430376,437860,2,1,07/06/2013,1420,6,1,1,1,1,3,1,32,1,53.8358954284,-1.53836228237
12299,130235645,430459,437506,1,1,07/06/2013,2105,3,1,7,1,3,3,1,23,9,53.8327085813,-1.53713602594
12300,130235767,427560,433713,2,2,08/06/2013,445,3,1,1,1,1,3,1,29,9,53.7987761288,-1.58152850452
12301,130235767,427560,433713,2,2,08/06/2013,445,3,1,1,1,2,3,1,26,9,53.7987761288,-1.58152850452
12302,130235888,420767,439800,2,1,07/06/2013,1530,3,1,1,1,1,3,1,59,9,53.8538066916,-1.68426038198
12303,130235998,429883,433507,2,1,08/06/2013,1550,6,1,1,1,2,3,2,45,11,53.7967961956,-1.54627719223
12304,130236109,432786,436847,2,1,08/06/2013,1225,6,1,1,1,1,3,2,26,9,53.8266434506,-1.50184595275
12305,130236182,428471,425671,1,2,07/06/2013,1945,6,1,7,1,1,3,1,26,9,53.7264390529,-1.56843813145
12306,130236182,428471,425671,1,2,07/06/2013,1945,6,1,7,1,2,3,2,30,9,53.7264390529,-1.56843813145
12307,130236317,429329,439590,2,1,07/06/2013,1459,6,1,1,1,1,3,2,71,9,53.8515059942,-1.55410827065
12308,130236896,430529,435406,1,1,09/06/2013,30,6,1,4,1,3,3,2,56,8,53.8138282444,-1.53628080364
12309,130237125,440714,448632,2,1,08/06/2013,950,4,1,1,1,1,3,2,13,1,53.9320107146,-1.37982848633
12310,130237327,431687,433434,1,2,08/06/2013,1945,3,1,7,1,2,3,1,35,9,53.7960332725,-1.51889504674
12311,130237327,431687,433434,1,2,08/06/2013,1945,3,1,7,1,2,3,1,9,9,53.7960332725,-1.51889504674
12312,130237372,425282,432978,1,1,08/06/2013,2050,3,1,7,1,3,3,1,15,9,53.7922850468,-1.61617712694
12313,130237391,437984,432920,2,3,09/06/2013,1142,3,1,1,1,2,3,2,59,9,53.7909915267,-1.42335571614
12314,130237391,437984,432920,2,3,09/06/2013,1142,3,1,1,1,2,3,2,23,11,53.7909915267,-1.42335571614
12315,130237391,437984,432920,2,3,09/06/2013,1142,3,1,1,1,2,3,2,3,11,53.7909915267,-1.42335571614
12316,130237414,429306,433211,2,1,09/06/2013,1055,3,1,1,1,1,3,1,45,1,53.7941683495,-1.55506582874
12317,130237693,429942,427018,2,1,09/06/2013,1735,3,1,7,1,1,2,1,41,5,53.7384646366,-1.5460111075
12318,130237850,430453,437063,2,2,09/06/2013,1852,6,1,7,1,1,3,1,47,9,53.828726952,-1.53727109006
12319,130237850,430453,437063,2,2,09/06/2013,1852,6,1,7,1,2,3,2,43,9,53.828726952,-1.53727109006
12320,130238591,432216,444907,2,1,01/06/2013,2235,3,1,7,1,2,3,1,40,11,53.8991271066,-1.50965983645
12321,130238795,427013,431638,2,1,09/06/2013,1915,3,1,7,1,1,3,2,74,9,53.7801530697,-1.59001582722
12322,130238799,420501,446322,2,1,09/06/2013,1525,4,1,1,1,1,3,1,48,1,53.9124419031,-1.68786817931
12323,130238840,429919,427947,1,1,10/06/2013,1258,6,1,1,1,3,3,1,23,9,53.7468165654,-1.54626988162
12324,130239556,422927,437550,2,1,10/06/2013,1740,3,1,7,1,1,3,2,52,9,53.8334910472,-1.65158852923
12325,130240449,429912,436941,1,1,11/06/2013,1200,3,1,1,1,2,3,1,4,11,53.8276617552,-1.5455030894
12326,130240876,428621,433204,2,1,11/06/2013,640,3,1,7,1,1,3,2,30,1,53.7941435599,-1.56546606072
12327,130240920,430025,432582,2,1,11/06/2013,1635,3,1,1,1,1,3,2,21,9,53.7884734387,-1.54421138502
12328,130240946,431329,435458,2,1,10/06/2013,1655,6,1,1,1,1,3,1,10,1,53.8142480663,-1.52412439221
12329,130241294,425912,432240,3,1,11/06/2013,2050,3,1,7,1,1,3,1,35,9,53.7856203099,-1.60667497977
12330,130241636,426870,437522,2,1,01/06/2013,655,6,1,7,1,1,3,1,20,1,53.8330504047,-1.59167250499
12331,130242188,434807,438016,1,1,12/06/2013,1315,3,1,1,1,3,2,2,46,9,53.8370196697,-1.47100767428
12332,130242648,426634,433491,2,3,12/06/2013,1523,6,1,1,1,1,3,2,33,9,53.7968288512,-1.59560770938
12333,130242648,426634,433491,2,3,12/06/2013,1523,6,1,1,1,2,3,2,14,9,53.7968288512,-1.59560770938
12334,130242648,426634,433491,2,3,12/06/2013,1523,6,1,1,1,2,3,2,5,9,53.7968288512,-1.59560770938
12335,130242662,427419,434617,2,1,10/06/2013,1750,3,1,7,1,1,3,1,31,1,53.806909426,-1.58358888438
12336,130242696,442422,440005,2,2,12/06/2013,1345,3,1,1,1,1,3,2,61,9,53.854331517,-1.35500847899
12337,130242696,442422,440005,2,2,12/06/2013,1345,3,1,1,1,1,2,2,56,9,53.854331517,-1.35500847899