Col.Number,Reference.Number,Easting,Northing,Number.of.Vehicles,Number.of.Casualties,Accident.Date,Time..24hr.,X1st.Road.Class,Road.Surface,Lighting.Conditions,Weather.Conditions,Casualty.Class,Casualty.Severity,Sex.of.Casualty,Age.of.Casualty,Type.of.Vehicle,Latitude,Longitude
12338,130242775,431925,439701,2,1,11/06/2013,1956,6,2,7,1,1,2,1,56,4,53.8523506005,-1.51463097568
12339,130243926,427006,429382,3,1,13/06/2013,1350,3,1,1,1,1,3,1,56,19,53.7598746437,-1.59031955153
12340,130244326,438666,445826,2,1,13/06/2013,1630,3,2,1,1,1,3,1,75,9,53.9069464018,-1.4113774296
12341,130244351,429700,433789,1,2,13/06/2013,1741,6,1,7,1,1,3,1,25,8,53.7993414979,-1.54902844832
12342,130244351,429700,433789,1,2,13/06/2013,1741,6,1,7,1,3,3,1,45,8,53.7993414979,-1.54902844832
12343,130245127,429147,431735,2,1,15/06/2013,830,6,1,1,1,1,3,1,36,1,53.7809098704,-1.55761934125
12344,130245503,436812,433740,4,3,14/06/2013,1209,3,1,1,1,1,3,2,52,9,53.7984464009,-1.44104919333
12345,130245503,436812,433740,4,3,14/06/2013,1209,3,1,1,1,2,3,2,50,9,53.7984464009,-1.44104919333
12346,130245503,436812,433740,4,3,14/06/2013,1209,3,1,1,1,2,3,2,84,9,53.7984464009,-1.44104919333
12347,130245724,426708,426689,2,1,14/06/2013,1350,3,1,1,1,1,3,2,16,1,53.7356829967,-1.59507290703
12348,130245971,418258,442430,2,1,14/06/2013,1540,3,2,1,1,1,3,1,43,9,53.8775415486,-1.7222499156
12349,130246173,424144,430432,2,3,13/06/2013,1755,3,1,7,1,2,3,2,15,9,53.7694534711,-1.63365284825
12350,130246173,424144,430432,2,3,13/06/2013,1755,3,1,7,1,2,3,1,19,9,53.7694534711,-1.63365284825
12351,130246173,424144,430432,2,3,13/06/2013,1755,3,1,7,1,2,3,2,16,9,53.7694534711,-1.63365284825
12352,130246578,436072,435561,2,1,14/06/2013,1030,3,1,1,1,1,3,2,27,9,53.8148664586,-1.45207133858
12353,130246713,428897,431639,1,1,13/06/2013,1520,6,1,1,1,2,3,1,5,11,53.780060886,-1.56142260882
12354,130246833,426987,433432,2,2,14/06/2013,1745,6,2,7,1,1,3,1,19,9,53.7962803215,-1.59025332014
12355,130246833,426987,433432,2,2,14/06/2013,1745,6,2,7,1,2,3,2,18,9,53.7962803215,-1.59025332014
12356,130246929,443333,438878,2,1,15/06/2013,1505,2,1,1,1,2,3,2,18,4,53.8441264177,-1.34131753053
12357,130247370,426472,427393,1,1,15/06/2013,1917,6,1,7,1,3,3,2,14,9,53.7420232042,-1.59859057378
12358,130247558,422029,440630,2,1,15/06/2013,2200,6,1,7,1,1,3,1,18,3,53.8612153565,-1.66501381671
12359,130248548,432064,436086,3,2,16/06/2013,1350,6,1,1,1,1,3,2,89,9,53.8198481359,-1.51289500517
12360,130248548,432064,436086,3,2,16/06/2013,1350,6,1,1,1,1,3,1,63,9,53.8198481359,-1.51289500517
12361,130248558,430559,435131,2,1,16/06/2013,940,3,1,1,1,1,3,1,38,9,53.8113545906,-1.53585244631
12362,130248823,430616,434203,2,2,16/06/2013,1830,6,1,7,1,1,3,1,29,9,53.8030097212,-1.53507903028
12363,130248823,430616,434203,2,2,16/06/2013,1830,6,1,7,1,2,3,1,36,9,53.8030097212,-1.53507903028
12364,130250001,426379,437871,2,1,17/06/2013,1540,6,1,1,1,1,3,1,29,1,53.8362126349,-1.59910378029
12365,130250131,426752,436308,3,1,17/06/2013,1620,6,1,1,1,1,3,2,57,9,53.8221441608,-1.59357126978
12366,130250256,433368,435632,1,1,17/06/2013,1915,6,1,7,1,3,2,1,7,9,53.8156852269,-1.49313518
12367,130250660,424242,434779,2,1,01/06/2013,131,6,1,4,1,3,3,1,31,9,53.8085234103,-1.63182391218
12368,130250701,424077,434710,1,1,18/06/2013,805,6,1,1,1,3,3,2,15,9,53.8079108477,-1.6343351956
12369,130250956,420813,434417,3,2,18/06/2013,1030,3,1,1,1,1,3,2,84,9,53.8054179857,-1.68392548233
12370,130250956,420813,434417,3,2,18/06/2013,1030,3,1,1,1,1,3,2,57,9,53.8054179857,-1.68392548233
12371,130251395,433952,437106,2,1,18/06/2013,1455,6,1,1,1,1,3,2,48,1,53.8288966307,-1.48410179634
12372,130251439,423946,434180,1,1,16/06/2013,1330,3,1,1,1,1,3,1,27,9,53.8031528214,-1.63636591525
12373,130251500,430851,434073,1,1,18/06/2013,1720,3,1,7,1,2,3,2,50,11,53.8018273039,-1.53152358122
12374,130251684,422049,436475,1,1,18/06/2013,920,3,1,1,1,3,3,1,24,9,53.8238660756,-1.66500795371
12375,130251749,436054,436621,2,1,18/06/2013,2043,3,1,7,1,1,3,1,44,1,53.8243955908,-1.45222049264
12376,130251762,426229,435496,2,1,18/06/2013,2005,6,1,7,1,1,3,1,41,1,53.8148719389,-1.60158595171
12377,130251975,430763,439209,2,2,18/06/2013,2329,3,1,4,1,2,3,1,22,9,53.8479983417,-1.53234598154
12378,130251975,430763,439209,2,2,18/06/2013,2329,3,1,4,1,2,3,1,42,9,53.8479983417,-1.53234598154
12379,130252657,428168,438564,1,1,19/06/2013,848,3,1,1,1,1,2,2,24,9,53.8423478835,-1.57185263047
12380,130252739,431712,435563,2,1,19/06/2013,1314,6,1,1,1,1,3,1,82,9,53.8151686571,-1.51829617048
12381,130252839,430194,431950,2,2,18/06/2013,1615,3,1,1,1,2,3,2,73,11,53.7827827747,-1.5417079171
12382,130252839,430194,431950,2,2,18/06/2013,1615,3,1,1,1,2,3,1,19,11,53.7827827747,-1.5417079171
12383,130253224,439136,432460,2,1,19/06/2013,1851,3,1,7,1,1,3,2,20,9,53.7867714317,-1.40592636601
12384,130253395,437945,429924,4,3,19/06/2013,2030,3,1,7,1,1,3,1,28,5,53.7640645582,-1.42431641354
12385,130253395,437945,429924,4,3,19/06/2013,2030,3,1,7,1,2,2,1,26,5,53.7640645582,-1.42431641354
12386,130253395,437945,429924,4,3,19/06/2013,2030,3,1,7,1,1,3,2,39,9,53.7640645582,-1.42431641354
12387,130253798,424680,427580,2,1,20/06/2013,645,1,1,7,1,1,3,1,32,9,53.7437920502,-1.62574805415
12388,130253827,431307,429060,2,1,18/06/2013,1830,6,1,7,1,1,3,2,29,1,53.7567395455,-1.52510842371
12389,130254021,429324,435006,2,1,20/06/2013,1021,6,1,1,1,1,3,2,28,1,53.8103021147,-1.5546216054
12390,130254237,427407,433045,2,1,19/06/2013,1959,4,1,7,1,1,3,2,33,9,53.7927797075,-1.58391102752
12391,130254337,428202,434187,2,1,20/06/2013,1220,3,1,1,1,2,3,2,65,11,53.8030023917,-1.57173725091
12392,130254534,435738,437026,2,1,17/06/2013,950,6,1,1,1,1,3,1,43,1,53.8280577852,-1.4569742638
12393,130256044,433517,435580,2,2,21/06/2013,1500,6,1,1,1,1,3,1,50,17,53.8152082336,-1.49087761126
12394,130256044,433517,435580,2,2,21/06/2013,1500,6,1,1,1,2,3,2,34,9,53.8152082336,-1.49087761126
12395,130256206,420178,441793,2,2,21/06/2013,1715,6,1,7,1,1,3,1,24,9,53.8717445695,-1.69308425586
12396,130256206,420178,441793,2,2,21/06/2013,1715,6,1,7,1,2,3,2,19,9,53.8717445695,-1.69308425586
12397,130256284,428514,433240,2,1,21/06/2013,1820,3,1,7,1,1,2,1,48,3,53.7944730303,-1.56708718841
12398,130256319,430436,435716,2,1,21/06/2013,1838,3,1,7,1,1,3,1,37,1,53.816620192,-1.53766270623
12399,130256461,425189,435067,2,1,21/06/2013,1950,6,1,7,1,1,2,1,38,1,53.8110671751,-1.61741809702
12400,130256721,420963,434371,1,2,01/06/2013,120,3,1,7,1,2,3,1,26,19,53.8049984736,-1.68165069346
12401,130256721,420963,434371,1,2,01/06/2013,120,3,1,7,1,2,3,1,38,19,53.8049984736,-1.68165069346
12402,130257109,437237,429417,4,4,22/06/2013,1003,3,1,1,1,1,3,2,55,9,53.7595584184,-1.43511843933
12403,130257109,437237,429417,4,4,22/06/2013,1003,3,1,1,1,1,3,1,43,9,53.7595584184,-1.43511843933
12404,130257109,437237,429417,4,4,22/06/2013,1003,3,1,1,1,1,3,1,32,9,53.7595584184,-1.43511843933
12405,130257109,437237,429417,4,4,22/06/2013,1003,3,1,1,1,2,3,1,34,9,53.7595584184,-1.43511843933
12406,130257324,430795,432823,1,1,22/06/2013,1435,6,1,1,1,3,3,2,32,9,53.7905947271,-1.53249888944
12407,130258325,436135,435268,2,1,22/06/2013,1840,3,1,7,1,1,3,2,24,9,53.8122284307,-1.45114883467
12408,130258796,427736,434456,2,2,23/06/2013,1748,3,1,7,1,1,3,1,33,9,53.8054454264,-1.57878926839
12409,130258796,427736,434456,2,2,23/06/2013,1748,3,1,7,1,1,3,2,21,9,53.8054454264,-1.57878926839
12410,130260334,430648,438179,2,1,22/06/2013,945,3,2,1,1,1,3,1,49,1,53.8387468348,-1.53419690646
12411,130260606,428448,432655,2,2,24/06/2013,1955,6,1,7,1,1,3,1,26,8,53.7892182146,-1.56814321503
12412,130260606,428448,432655,2,2,24/06/2013,1955,6,1,7,1,1,3,2,23,9,53.7892182146,-1.56814321503
12413,130260653,429582,434807,2,1,24/06/2013,2015,3,1,7,1,1,3,1,27,9,53.8084987462,-1.55072231241
12414,130261195,426671,439880,2,1,25/06/2013,847,6,1,1,1,1,3,1,11,1,53.8542560581,-1.59449174365
12415,130261685,427998,426243,2,1,24/06/2013,915,3,1,1,1,1,3,1,35,9,53.7316062909,-1.57555583841
12416,130262116,431452,430726,2,1,25/06/2013,1620,6,1,1,1,1,3,2,29,9,53.771706073,-1.52273923399
12417,130262117,427821,436513,2,1,24/06/2013,1850,6,1,7,1,1,3,2,26,1,53.8239307313,-1.57731245976
12418,130262119,426961,437472,1,1,25/06/2013,1435,3,1,1,1,3,2,1,25,9,53.832596254,-1.59029405692
12419,130262995,431794,426347,2,1,26/06/2013,720,1,1,7,1,1,3,1,20,9,53.7323235083,-1.51800064041
12420,130263069,440712,429058,2,1,25/06/2013,1600,6,1,1,1,1,3,1,8,1,53.7560715555,-1.38245360485
12421,130263138,431571,434384,1,1,25/06/2013,1525,6,1,1,1,3,3,1,79,9,53.8045795845,-1.52055881496
12422,130263221,422464,432895,1,1,24/06/2013,1330,6,1,1,1,3,3,2,15,9,53.7916682611,-1.65896422576
12423,130263485,418965,441734,1,2,25/06/2013,1505,4,1,1,1,2,3,2,52,11,53.871259988,-1.71153787198
12424,130263485,418965,441734,1,2,25/06/2013,1505,4,1,1,1,2,3,2,62,11,53.871259988,-1.71153787198
12425,130263794,432378,435603,2,1,26/06/2013,1715,6,1,7,1,1,3,1,22,1,53.8154871536,-1.50817585773
12426,130263976,424716,427934,2,1,26/06/2013,1815,3,1,7,1,1,3,2,27,1,53.7469724149,-1.62517383778
12427,130264320,440187,429558,2,2,27/06/2013,625,6,1,7,1,1,3,1,26,9,53.7606065952,-1.39035156521
12428,130264320,440187,429558,2,2,27/06/2013,625,6,1,7,1,2,3,1,29,9,53.7606065952,-1.39035156521
12429,130264387,430429,434305,2,2,27/06/2013,755,6,1,1,1,1,3,2,33,9,53.8039375434,-1.5379085462
12430,130264387,430429,434305,2,2,27/06/2013,755,6,1,1,1,2,3,2,29,9,53.8039375434,-1.5379085462
12431,130264880,431904,434835,1,1,27/06/2013,1320,6,1,1,1,3,3,1,52,9,53.8086131584,-1.51545529008
12432,130264953,431968,435825,2,1,20/06/2013,835,3,1,1,1,1,2,1,37,4,53.8175080087,-1.51438047046
12433,130265002,431483,435008,2,1,20/06/2013,1630,6,1,1,1,1,3,1,39,9,53.8101938586,-1.52183131981
12434,130265503,427892,436204,1,1,27/06/2013,1725,3,1,7,1,3,3,2,81,1,53.8211494083,-1.57626180676
12435,130265541,428944,440016,2,1,27/06/2013,1810,6,1,7,1,1,3,1,40,1,53.85535677,-1.55992110365
12436,130265554,431602,435341,1,1,27/06/2013,1710,6,1,7,1,3,2,2,4,9,53.8131798696,-1.51998980214
12437,130265687,427412,434694,2,1,27/06/2013,110,6,1,7,1,1,3,1,20,1,53.8076019297,-1.5836883328
12438,130266065,426232,433073,2,1,28/06/2013,820,4,2,1,2,1,3,1,36,1,53.7930919576,-1.60174683237
12439,130266171,430456,431165,1,1,28/06/2013,935,6,1,1,1,1,2,1,22,3,53.7757113432,-1.53780889664
12440,130266277,431002,430599,2,1,28/06/2013,1135,1,1,1,1,1,3,1,70,90,53.7705914873,-1.5295801581
12441,130266443,426807,438043,2,1,28/06/2013,630,3,2,7,2,1,3,1,37,3,53.837736787,-1.59258440167
12442,130266506,430758,436693,1,1,28/06/2013,1028,3,1,1,1,3,3,1,83,19,53.8253831806,-1.53267384456
12443,130266967,428620,426410,1,1,28/06/2013,1605,1,1,1,1,1,3,1,26,4,53.7330736642,-1.56611127793
12444,130268048,421629,433000,2,1,29/06/2013,1235,4,1,1,1,1,3,1,34,5,53.7926474708,-1.67163311968
12445,130268117,422984,432938,2,1,29/06/2013,1305,6,1,1,1,1,3,1,10,1,53.7920320731,-1.65106683074
12446,130268839,423521,434603,3,1,30/06/2013,225,4,1,4,1,1,3,2,31,9,53.8069744881,-1.64278733205
12447,130268891,423542,435416,2,2,29/06/2013,950,4,1,1,1,1,3,1,35,9,53.8142814477,-1.6424062203
12448,130268891,423542,435416,2,2,29/06/2013,950,4,1,1,1,2,3,1,28,9,53.8142814477,-1.6424062203
12449,130269706,425644,428683,1,1,30/06/2013,1710,6,1,7,1,3,2,1,8,9,53.7536602507,-1.6110385815
12450,130269826,431950,428160,2,1,30/06/2013,1840,1,1,1,1,2,3,2,35,9,53.7486106282,-1.51544833518
12451,130270083,422849,439548,2,2,30/06/2013,2320,6,2,5,1,1,3,1,26,9,53.8514540676,-1.65262520871
12452,130270083,422849,439548,2,2,30/06/2013,2320,6,2,5,1,1,3,1,33,9,53.8514540676,-1.65262520871
12453,130270603,429031,431988,2,1,01/07/2013,1105,6,1,1,1,1,3,2,55,9,53.7831905116,-1.55935605692
12454,130270864,433392,436163,1,1,01/07/2013,1439,6,1,1,1,3,2,2,81,9,53.8204566486,-1.49271299106
12455,130271035,430635,433451,1,1,29/06/2013,1915,6,1,7,1,2,3,2,9,8,53.7962490895,-1.53486532328
12456,130271319,431776,435546,2,1,01/07/2013,1653,3,1,1,1,1,3,1,39,1,53.8150119421,-1.51732580713
12457,130271340,428472,435200,2,1,01/07/2013,1714,6,1,1,1,2,3,1,21,9,53.8120932782,-1.5675435798
12458,130271470,424088,427946,4,1,01/07/2013,1755,1,1,1,1,1,3,1,46,9,53.7471096844,-1.6346965101
12459,130272254,430757,436693,2,2,02/07/2013,759,6,1,1,1,1,3,1,25,9,53.8253832398,-1.53268903765
12460,130272254,430757,436693,2,2,02/07/2013,759,6,1,1,1,1,3,1,42,9,53.8253832398,-1.53268903765
12461,130272439,426429,428503,2,1,02/07/2013,1255,3,1,1,1,1,3,1,22,3,53.7520030313,-1.59914762913
12462,130273591,443582,437989,2,2,03/07/2013,732,2,2,1,1,1,3,1,32,9,53.8361149408,-1.33765900738
12463,130273591,443582,437989,2,2,03/07/2013,732,2,2,1,1,2,3,1,39,9,53.8361149408,-1.33765900738
12464,130274017,431715,439290,2,2,03/07/2013,1402,6,1,1,1,1,3,1,25,9,53.8486691496,-1.51786602527
12465,130274017,431715,439290,2,2,03/07/2013,1402,6,1,1,1,2,3,1,26,9,53.8486691496,-1.51786602527
12466,130274362,435854,445346,3,1,03/07/2013,1625,3,1,1,1,3,3,1,39,19,53.9028341508,-1.45423925246
12467,130274384,430108,438107,2,1,03/07/2013,1740,3,1,1,1,1,3,1,36,1,53.8381312301,-1.54241085186
12468,130274417,438592,427214,3,6,03/07/2013,1745,3,1,1,1,1,3,1,32,9,53.7396578822,-1.41483962515
12469,130274417,438592,427214,3,6,03/07/2013,1745,3,1,1,1,1,3,1,29,9,53.7396578822,-1.41483962515
12470,130274417,438592,427214,3,6,03/07/2013,1745,3,1,1,1,1,3,1,31,9,53.7396578822,-1.41483962515
12471,130274417,438592,427214,3,6,03/07/2013,1745,3,1,1,1,2,3,1,1,9,53.7396578822,-1.41483962515
12472,130274417,438592,427214,3,6,03/07/2013,1745,3,1,1,1,2,3,1,6,9,53.7396578822,-1.41483962515
12473,130274417,438592,427214,3,6,03/07/2013,1745,3,1,1,1,2,3,2,5,9,53.7396578822,-1.41483962515
12474,130274528,434955,431187,1,1,03/07/2013,1820,1,1,1,1,1,3,2,54,9,53.7756264845,-1.46953394572
12475,130276159,423575,437573,2,1,04/07/2013,1930,3,1,1,1,2,3,1,38,9,53.8336687902,-1.64173960488
12476,130276897,427094,437387,3,3,05/07/2013,850,3,1,1,1,1,3,1,41,9,53.8318252935,-1.58828050685
12477,130276897,427094,437387,3,3,05/07/2013,850,3,1,1,1,1,3,2,24,9,53.8318252935,-1.58828050685
12478,130276897,427094,437387,3,3,05/07/2013,850,3,1,1,1,1,3,2,39,9,53.8318252935,-1.58828050685
12479,130276914,431637,434455,1,1,05/07/2013,957,6,1,1,1,3,3,1,65,9,53.8052137708,-1.51954927309
12480,130277056,426088,427233,2,2,05/07/2013,1240,6,1,1,1,1,3,2,24,9,53.7406043416,-1.60442672873
12481,130277056,426088,427233,2,2,05/07/2013,1240,6,1,1,1,1,3,1,42,8,53.7406043416,-1.60442672873
12482,130277580,427600,431168,1,1,05/07/2013,1700,3,1,1,1,2,3,2,47,11,53.7758975413,-1.58114908474
12483,130277672,432187,425987,2,1,05/07/2013,1300,1,1,1,1,1,3,2,38,9,53.7290634356,-1.51208043858
12484,130278035,429440,437311,2,2,06/07/2013,314,6,1,4,1,2,3,1,18,19,53.831014525,-1.55263920036
12485,130278035,429440,437311,2,2,06/07/2013,314,6,1,4,1,2,3,1,22,19,53.831014525,-1.55263920036
12486,130278077,432335,426500,2,1,05/07/2013,1055,1,1,1,1,1,3,1,61,21,53.7336655269,-1.50978336814
12487,130278477,429693,435248,1,1,05/07/2013,1745,6,1,1,1,3,2,2,18,9,53.8124564437,-1.54899400427
12488,130278996,426317,428161,1,1,06/07/2013,1815,4,1,1,1,1,2,1,24,1,53.7489345074,-1.60087544337
12489,130279511,421916,429274,2,2,07/07/2013,850,4,1,1,1,1,3,2,18,9,53.75914284,-1.66754081399
12490,130279511,421916,429274,2,2,07/07/2013,850,4,1,1,1,2,3,1,18,9,53.75914284,-1.66754081399
12491,130279622,429972,436559,1,1,07/07/2013,641,3,1,1,1,1,3,1,30,9,53.8242246197,-1.54462869066
12492,130279970,436794,433820,1,1,07/07/2013,1450,6,1,1,1,3,2,1,12,8,53.799166761,-1.44131293197
12493,130280710,430078,431177,1,1,06/07/2013,1330,3,1,1,1,3,3,1,21,9,53.7758411826,-1.54354393899
12494,130281019,429564,434817,1,1,08/07/2013,1040,3,1,1,1,2,3,1,80,11,53.808589657,-1.55099471828
12495,130281143,431295,434130,2,1,01/07/2013,1505,6,1,1,1,1,3,1,11,2,53.8023131361,-1.52477584418
12496,130281356,435287,428876,2,1,08/07/2013,1150,3,1,1,1,2,3,1,56,9,53.7548312739,-1.46476011554
12497,130281495,425987,439407,2,1,01/07/2013,1442,6,1,1,1,1,3,1,18,2,53.8500390831,-1.6049311058
12498,130281654,427814,432652,2,1,07/07/2013,2005,6,1,1,1,3,2,1,22,9,53.7892255203,-1.57776767456
12499,130281720,426039,427753,2,1,05/07/2013,1540,4,1,1,1,1,3,1,40,9,53.7452810101,-1.60512587964
12500,130281807,443063,433537,2,3,08/07/2013,1710,3,1,1,1,1,3,2,27,9,53.7961418662,-1.34616914569
12501,130281807,443063,433537,2,3,08/07/2013,1710,3,1,1,1,1,3,2,23,9,53.7961418662,-1.34616914569
12502,130281807,443063,433537,2,3,08/07/2013,1710,3,1,1,1,2,3,1,23,9,53.7961418662,-1.34616914569
12503,130281815,426513,435654,2,1,01/07/2013,1830,6,1,1,1,1,3,1,38,1,53.8162777586,-1.59725854084
12504,130282069,435714,436949,1,1,08/07/2013,2130,3,1,1,1,3,1,1,26,9,53.8273673157,-1.45734786187
12505,130282229,430034,431017,2,1,09/07/2013,554,3,1,1,1,1,3,1,21,9,53.7744055206,-1.5442272298
12506,130283363,430311,433394,1,1,09/07/2013,1034,6,1,1,1,2,3,2,80,11,53.7957557095,-1.53979008539
12507,130283744,428617,436982,1,1,09/07/2013,2100,6,1,1,1,3,3,1,51,9,53.8281032187,-1.56517546993
12508,130284312,430234,433274,2,1,10/07/2013,1202,6,1,1,1,1,3,1,33,1,53.7946815424,-1.54097090802
12509,130284555,437172,433464,1,1,10/07/2013,1320,3,1,1,1,2,2,2,86,11,53.7959399545,-1.43561657925
12510,130284706,423724,438177,2,2,10/07/2013,1010,6,1,1,1,1,3,1,87,9,53.8390912293,-1.63942872324
12511,130284706,423724,438177,2,2,10/07/2013,1010,6,1,1,1,1,3,2,78,9,53.8390912293,-1.63942872324
12512,130284824,428877,429800,2,1,04/07/2013,1630,3,1,1,1,1,3,1,26,3,53.7635316122,-1.56189829853
12513,130284880,430185,431955,3,1,10/07/2013,1625,3,1,1,1,1,3,2,32,9,53.7828282404,-1.54184402695
12514,130285823,432028,438844,2,1,11/07/2013,935,6,1,1,1,1,3,1,78,9,53.8446410162,-1.51315447938
12515,130285941,421553,435967,2,1,11/07/2013,920,3,1,1,1,1,3,1,33,9,53.8193205549,-1.67257918131
12516,130286517,430786,437618,2,1,11/07/2013,1538,6,1,1,1,1,3,1,24,3,53.8336960386,-1.53215579948
12517,130286697,430489,432374,1,1,11/07/2013,1340,6,1,1,1,1,3,2,19,9,53.7865768045,-1.53718855323
12518,130286918,421465,442068,1,1,11/07/2013,2050,6,1,1,1,1,3,1,16,2,53.8741648279,-1.67348953905
12519,130287450,428673,437007,2,1,12/07/2013,1050,4,1,1,1,1,3,1,21,1,53.8283248496,-1.56432226639
12520,130287694,420931,434397,2,1,12/07/2013,950,3,1,1,1,1,3,1,30,9,53.8052334729,-1.68213487739
12521,130287969,430351,427757,1,1,12/07/2013,1417,6,1,1,1,2,3,2,86,11,53.7450837156,-1.53973737538
12522,130287994,425905,436257,2,1,11/07/2013,2015,3,1,1,1,1,3,2,26,1,53.8217286377,-1.60644324069
12523,130288081,426375,431708,2,1,12/07/2013,1620,3,1,1,1,1,3,1,26,1,53.780815003,-1.59969268748
12524,130288173,429692,433788,2,1,12/07/2013,1615,6,1,1,1,1,3,1,28,5,53.7993329659,-1.54915001441
12525,130288288,420882,439874,2,1,12/07/2013,1835,4,1,1,1,1,3,1,4,1,53.8544672493,-1.68250692732
12526,130288413,420268,446142,1,1,12/07/2013,1551,4,1,1,1,3,3,1,23,9,53.9108331029,-1.69142752099
12527,130288896,440027,432378,1,1,08/07/2013,2205,4,1,1,1,2,2,2,21,9,53.7859666094,-1.39241271056
12528,130289238,439058,431838,2,1,14/07/2013,1050,3,1,1,1,1,2,1,52,5,53.7811864116,-1.4071891281
12529,130289310,429448,437312,2,1,01/07/2013,1430,6,1,1,1,1,3,2,47,9,53.8310230604,-1.5525175432
12530,130289312,444753,432818,1,1,13/07/2013,1612,2,1,1,1,1,3,1,69,9,53.7895365883,-1.32061605957
12531,130289935,429896,431838,1,1,14/07/2013,627,6,1,1,1,1,3,1,27,9,53.7817932352,-1.54624174015
12532,130290146,436159,434689,3,1,14/07/2013,1018,3,1,1,1,1,3,1,33,1,53.8070223731,-1.45085234433
12533,130290257,424613,435104,2,1,14/07/2013,1320,3,1,1,1,1,3,1,39,9,53.8114273444,-1.62616347826
12534,130290798,436274,434261,2,2,14/07/2013,1835,3,1,1,1,1,3,1,62,5,53.8031672496,-1.44915635574
12535,130290798,436274,434261,2,2,14/07/2013,1835,3,1,1,1,2,2,2,60,5,53.8031672496,-1.44915635574
12536,130291048,430033,431018,2,3,15/07/2013,105,3,1,1,1,1,3,1,35,9,53.774414567,-1.54424230712
12537,130291048,430033,431018,2,3,15/07/2013,105,3,1,1,1,1,3,2,33,9,53.774414567,-1.54424230712
12538,130291048,430033,431018,2,3,15/07/2013,105,3,1,1,1,2,3,1,35,9,53.774414567,-1.54424230712
12539,130291124,430452,437509,2,2,15/07/2013,710,6,1,1,1,1,3,2,30,9,53.8327359576,-1.53724209894
12540,130291124,430452,437509,2,2,15/07/2013,710,6,1,1,1,1,3,1,50,9,53.8327359576,-1.53724209894
12541,130291639,429943,433099,2,1,16/07/2013,710,6,1,1,1,1,3,1,46,1,53.7931253422,-1.54540588466
12542,130291661,430675,434580,2,1,26/06/2013,1235,6,1,1,1,2,3,2,44,11,53.806394987,-1.53414555109
12543,130292406,439365,432427,2,1,01/07/2013,1910,3,1,1,1,1,2,1,37,3,53.7864575393,-1.40245463201
12544,130292784,430826,433935,2,1,16/07/2013,840,3,1,1,1,1,3,2,42,1,53.8005883444,-1.53191701047
12545,130292871,428816,433305,2,4,14/07/2013,400,3,1,7,1,2,3,1,21,8,53.7950406611,-1.56249614996
12546,130292871,428816,433305,2,4,14/07/2013,400,3,1,7,1,2,3,1,26,8,53.7950406611,-1.56249614996
12547,130292871,428816,433305,2,4,14/07/2013,400,3,1,7,1,2,3,1,28,8,53.7950406611,-1.56249614996
12548,130292871,428816,433305,2,4,14/07/2013,400,3,1,7,1,2,3,1,32,8,53.7950406611,-1.56249614996
12549,130292910,432684,427454,2,1,01/07/2013,855,6,1,1,1,1,3,1,22,2,53.7422190522,-1.504391676
12550,130293248,423574,437574,2,1,16/07/2013,1230,3,1,1,1,1,3,1,52,1,53.8336778243,-1.64175472447
12551,130293533,433177,434014,2,2,16/07/2013,1350,3,1,1,1,1,3,1,62,11,53.8011538157,-1.49621077888
12552,130293533,433177,434014,2,2,16/07/2013,1350,3,1,1,1,2,3,2,17,11,53.8011538157,-1.49621077888
12553,130293706,430547,435816,1,1,16/07/2013,1912,6,1,1,1,3,2,1,5,9,53.8175125506,-1.53596669457
12554,130293723,432103,436044,2,1,16/07/2013,1825,6,1,1,1,1,2,1,70,1,53.8194682053,-1.51230693815
12555,130293733,424841,434721,1,1,16/07/2013,1830,3,1,1,1,3,3,2,25,11,53.8079737914,-1.62273147764
12556,130293974,429340,430723,1,1,16/07/2013,2059,6,1,1,1,3,3,2,4,9,53.7718023889,-1.55478644885
12557,130294184,431265,429498,1,1,17/07/2013,700,6,1,1,1,1,3,1,47,1,53.7606791462,-1.52570113378
12558,130294649,425586,443069,2,2,17/07/2013,955,3,1,1,1,1,3,2,65,9,53.8829756264,-1.61072169135
12559,130294649,425586,443069,2,2,17/07/2013,955,3,1,1,1,1,3,2,54,9,53.8829756264,-1.61072169135
12560,130294895,430704,434985,2,1,17/07/2013,1800,3,1,1,1,1,3,1,40,9,53.8100336991,-1.53366474996
12561,130295032,440462,446401,1,1,17/07/2013,655,2,1,1,1,1,2,1,57,21,53.9119775596,-1.38396210674
12562,130295403,428285,433514,3,1,17/07/2013,1706,3,1,1,1,1,3,1,37,9,53.7969484511,-1.57053870455
12563,130295889,433510,425848,2,1,17/07/2013,1300,1,1,1,1,2,3,2,71,9,53.7277306696,-1.4920411226