Col.Number,Reference.Number,Easting,Northing,Number.of.Vehicles,Number.of.Casualties,Accident.Date,Time..24hr.,X1st.Road.Class,Road.Surface,Lighting.Conditions,Weather.Conditions,Casualty.Class,Casualty.Severity,Sex.of.Casualty,Age.of.Casualty,Type.of.Vehicle,Latitude,Longitude
12564,130296407,430909,436544,3,4,18/07/2013,1115,3,1,1,1,1,3,1,33,9,53.8240349101,-1.53039466631
12565,130296407,430909,436544,3,4,18/07/2013,1115,3,1,1,1,2,2,1,66,9,53.8240349101,-1.53039466631
12566,130296407,430909,436544,3,4,18/07/2013,1115,3,1,1,1,2,2,2,63,9,53.8240349101,-1.53039466631
12567,130296407,430909,436544,3,4,18/07/2013,1115,3,1,1,1,1,3,2,33,9,53.8240349101,-1.53039466631
12568,130296776,445500,448130,1,1,18/07/2013,1335,6,1,1,1,1,1,1,63,19,53.92710015,-1.30700659478
12569,130296871,441201,448729,3,1,18/07/2013,1330,2,1,1,1,1,3,1,33,21,53.9328440483,-1.37239771838
12570,130296882,427516,433703,2,1,18/07/2013,1500,3,1,1,1,1,3,1,25,19,53.7986885702,-1.58219747513
12571,130296992,421038,444615,2,1,18/07/2013,1713,6,1,1,1,1,3,1,40,1,53.8970766428,-1.67980974365
12572,130297003,423661,434806,2,1,18/07/2013,1850,6,1,1,1,1,3,1,51,8,53.8087928681,-1.64064559764
12573,130297016,430693,427062,2,2,18/07/2013,1658,6,1,1,1,1,3,1,42,9,53.7388164727,-1.53462027672
12574,130297016,430693,427062,2,2,18/07/2013,1658,6,1,1,1,2,2,2,68,9,53.7388164727,-1.53462027672
12575,130297733,426597,435546,2,1,19/07/2013,815,6,1,1,1,1,2,1,40,1,53.8153026816,-1.59599192396
12576,130297875,422024,434369,2,1,19/07/2013,715,4,1,1,1,1,3,1,21,3,53.804936649,-1.66553852301
12577,130298214,430959,435782,2,1,15/07/2013,1710,6,1,1,1,1,3,1,48,1,53.8171825631,-1.5297117382
12578,130298698,429952,433131,1,1,19/07/2013,2103,6,1,1,1,3,3,1,30,9,53.7934124637,-1.54526614039
12579,130298704,427824,425976,1,1,19/07/2013,1345,6,1,1,1,1,3,1,44,9,53.7292155752,-1.57821758843
12580,130299455,434636,437482,2,1,19/07/2013,1320,3,1,1,1,1,3,1,20,3,53.832231198,-1.47366657568
12581,130299474,432520,440249,2,2,18/07/2013,1005,6,1,1,1,1,3,2,32,9,53.8572394227,-1.50552724976
12582,130299474,432520,440249,2,2,18/07/2013,1005,6,1,1,1,2,3,2,5,9,53.8572394227,-1.50552724976
12583,130299628,427800,430686,2,1,19/07/2013,1850,3,1,1,1,1,3,1,31,1,53.7715542963,-1.5781574671
12584,130299853,430401,433440,1,1,20/07/2013,1751,6,1,1,1,3,3,1,33,11,53.7961639397,-1.53841913002
12585,130299975,427824,430036,2,1,20/07/2013,1655,3,1,1,1,1,3,1,18,9,53.7657102861,-1.57785191579
12586,130299991,430803,433252,2,1,20/07/2013,510,3,1,1,1,1,3,2,20,9,53.7944504152,-1.53233455327
12587,130301319,420351,434205,2,5,21/07/2013,2000,4,1,1,1,1,3,1,66,9,53.803530628,-1.69095549891
12588,130301319,420351,434205,2,5,21/07/2013,2000,4,1,1,1,2,3,1,19,9,53.803530628,-1.69095549891
12589,130301319,420351,434205,2,5,21/07/2013,2000,4,1,1,1,2,2,1,19,9,53.803530628,-1.69095549891
12590,130301319,420351,434205,2,5,21/07/2013,2000,4,1,1,1,2,3,1,49,9,53.803530628,-1.69095549891
12591,130301319,420351,434205,2,5,21/07/2013,2000,4,1,1,1,2,3,1,66,9,53.803530628,-1.69095549891
12592,130301645,430066,433783,2,3,21/07/2013,1340,6,1,1,1,2,3,1,9,11,53.7992665408,-1.5434718
12593,130301645,430066,433783,2,3,21/07/2013,1340,6,1,1,1,2,3,2,37,11,53.7992665408,-1.5434718
12594,130301645,430066,433783,2,3,21/07/2013,1340,6,1,1,1,2,3,2,57,11,53.7992665408,-1.5434718
12595,130302614,434680,436855,2,3,22/07/2013,1325,6,1,1,1,1,3,1,28,9,53.82659242,-1.47306871258
12596,130302614,434680,436855,2,3,22/07/2013,1325,6,1,1,1,2,3,2,25,9,53.82659242,-1.47306871258
12597,130302614,434680,436855,2,3,22/07/2013,1325,6,1,1,1,2,3,2,27,9,53.82659242,-1.47306871258
12598,130302809,439107,448885,2,1,22/07/2013,1345,3,1,1,1,1,2,1,53,9,53.9344086476,-1.40427305889
12599,130303660,431226,430222,2,1,22/07/2013,1900,6,1,1,1,1,3,1,44,9,53.7671893452,-1.52621949833
12600,130303687,429965,430993,1,1,23/07/2013,855,6,2,1,2,3,3,1,44,9,53.7741937658,-1.54527661583
12601,130304178,436095,434822,2,1,23/07/2013,1415,3,1,1,1,1,3,1,55,9,53.8082223011,-1.45180866869
12602,130304192,428377,434054,2,1,23/07/2013,845,3,2,1,2,1,3,1,28,1,53.8017973697,-1.56909212056
12603,130304229,426455,428516,1,1,23/07/2013,1420,3,1,1,1,2,2,2,87,11,53.7521185672,-1.59875218053
12604,130304460,435330,439396,2,1,23/07/2013,1800,3,1,1,1,1,2,1,26,9,53.8493885634,-1.46290083253
12605,130304619,435043,437765,3,1,23/07/2013,2124,3,1,1,1,1,3,2,19,9,53.8347476732,-1.46744977112
12606,130304853,421500,428511,2,1,23/07/2013,713,3,2,1,2,1,3,1,29,1,53.75230162,-1.6739044248
12607,130305039,430378,433500,1,1,24/07/2013,848,6,1,1,1,3,3,1,37,1,53.7967046066,-1.53876241092
12608,130305081,436330,425921,2,1,24/07/2013,805,1,1,1,1,1,3,2,20,9,53.7281980392,-1.44928787338
12609,130305349,430444,433457,3,1,24/07/2013,1154,6,1,1,1,1,3,2,41,1,53.7963142335,-1.53776460063
12610,130305402,430852,434104,2,1,24/07/2013,1154,3,1,1,1,1,3,2,48,9,53.8021058945,-1.53150529052
12611,130305529,426588,432010,2,1,24/07/2013,1235,6,1,1,1,1,3,2,26,9,53.783518789,-1.59643391541
12612,130305535,426574,440114,2,2,21/07/2013,1215,6,1,1,1,1,3,1,42,9,53.8563643887,-1.59594623945
12613,130305535,426574,440114,2,2,21/07/2013,1215,6,1,1,1,1,3,2,66,9,53.8563643887,-1.59594623945
12614,130306015,427071,431800,1,1,24/07/2013,1630,6,1,1,1,1,3,2,74,9,53.7816062436,-1.58912134457
12615,130306950,435484,437178,1,1,25/07/2013,1300,6,1,1,1,3,3,1,13,9,53.8294414536,-1.46081596632
12616,130307090,431949,428140,2,1,25/07/2013,1105,1,1,1,1,1,3,2,63,9,53.7484309142,-1.51546556905
12617,130307135,430174,432168,2,2,25/07/2013,1321,3,1,1,1,1,3,1,25,9,53.7847434813,-1.54199013181
12618,130307135,430174,432168,2,2,25/07/2013,1321,3,1,1,1,2,3,1,34,9,53.7847434813,-1.54199013181
12619,130307477,443409,435534,2,2,25/07/2013,1540,4,1,1,1,1,3,2,42,9,53.8140629612,-1.34063458056
12620,130307477,443409,435534,2,2,25/07/2013,1540,4,1,1,1,1,3,1,70,9,53.8140629612,-1.34063458056
12621,130307549,422872,439314,3,2,25/07/2013,1700,6,1,1,1,2,3,2,27,9,53.8493496831,-1.6522929781
12622,130307549,422872,439314,3,2,25/07/2013,1700,6,1,1,1,2,3,2,23,9,53.8493496831,-1.6522929781
12623,130307712,424776,427407,3,2,25/07/2013,2123,1,1,4,1,2,3,2,32,9,53.7422324159,-1.62430619833
12624,130307712,424776,427407,3,2,25/07/2013,2123,1,1,4,1,2,3,2,32,9,53.7422324159,-1.62430619833
12625,130307716,428731,435036,3,2,25/07/2013,1646,6,1,1,1,1,3,1,33,9,53.8106048794,-1.56362510887
12626,130307716,428731,435036,3,2,25/07/2013,1646,6,1,1,1,2,3,2,22,9,53.8106048794,-1.56362510887
12627,130307985,430352,438558,2,1,26/07/2013,445,3,1,1,1,1,3,1,65,9,53.8421709156,-1.53865804945
12628,130308246,431995,436024,2,1,26/07/2013,920,6,1,1,1,1,3,1,48,1,53.8192950908,-1.51394963653
12629,130308452,427282,426396,2,1,25/07/2013,740,3,1,1,1,1,3,1,29,1,53.7330195388,-1.58639644245
12630,130308795,428932,432428,1,1,26/07/2013,1430,6,1,1,1,3,2,2,61,20,53.7871510818,-1.56081736773
12631,130309044,428324,429566,2,1,26/07/2013,1715,3,1,1,1,1,3,1,48,1,53.7614585939,-1.57030924041
12632,130309226,424829,433048,1,2,27/07/2013,1600,6,1,1,1,1,3,1,87,9,53.7929360777,-1.62304861471
12633,130309226,424829,433048,1,2,27/07/2013,1600,6,1,1,1,2,3,2,87,9,53.7929360777,-1.62304861471
12634,130309316,431789,435565,2,1,26/07/2013,2156,3,1,1,1,1,2,1,26,4,53.8151819321,-1.51712638305
12635,130309437,425940,437263,1,1,01/07/2013,2340,6,1,4,1,3,3,1,33,90,53.8307695825,-1.60582664876
12636,130309690,422046,435607,2,4,26/07/2013,2135,6,1,1,1,1,3,1,36,9,53.8160639016,-1.66511574735
12637,130309690,422046,435607,2,4,26/07/2013,2135,6,1,1,1,2,3,1,3,9,53.8160639016,-1.66511574735
12638,130309690,422046,435607,2,4,26/07/2013,2135,6,1,1,1,2,3,2,33,9,53.8160639016,-1.66511574735
12639,130309690,422046,435607,2,4,26/07/2013,2135,6,1,1,1,2,3,1,13,9,53.8160639016,-1.66511574735
12640,130309777,430692,424509,2,1,26/07/2013,1615,3,1,1,1,1,3,2,57,9,53.7158680672,-1.53488877375
12641,130310025,422945,443099,2,2,26/07/2013,1945,3,1,1,1,1,3,1,18,9,53.8833688566,-1.65090008141
12642,130310025,422945,443099,2,2,26/07/2013,1945,3,1,1,1,2,3,2,19,9,53.8833688566,-1.65090008141
12643,130311105,432541,443039,2,2,28/07/2013,755,3,1,1,1,1,2,1,37,9,53.8823162158,-1.50491188852
12644,130311105,432541,443039,2,2,28/07/2013,755,3,1,1,1,1,3,1,61,8,53.8823162158,-1.50491188852
12645,130311123,431953,435853,1,1,28/07/2013,1045,4,1,1,1,3,3,2,58,9,53.8177606134,-1.51460541506
12646,130311320,435458,438077,2,1,28/07/2013,1325,6,1,1,1,1,3,1,8,1,53.8375239455,-1.4611072979
12647,130311384,429642,438785,2,3,28/07/2013,1255,6,1,1,1,1,3,1,30,9,53.8442523483,-1.54942757242
12648,130311384,429642,438785,2,3,28/07/2013,1255,6,1,1,1,1,3,1,86,9,53.8442523483,-1.54942757242
12649,130311384,429642,438785,2,3,28/07/2013,1255,6,1,1,1,2,3,2,83,9,53.8442523483,-1.54942757242
12650,130311439,437700,438134,3,2,28/07/2013,1410,3,1,1,1,1,3,1,76,9,53.8378784221,-1.4270280816
12651,130311439,437700,438134,3,2,28/07/2013,1410,3,1,1,1,1,3,1,32,9,53.8378784221,-1.4270280816
12652,130311517,429902,433930,1,1,28/07/2013,1600,6,2,1,1,3,3,1,67,9,53.8005973365,-1.54594764892
12653,130312013,441320,430339,2,1,28/07/2013,1910,6,1,1,1,1,2,1,12,1,53.7675379987,-1.37306017823
12654,130312739,443140,434671,2,1,29/07/2013,1225,1,1,1,1,1,3,2,39,9,53.8063283557,-1.34484125818
12655,130313092,429948,433100,2,1,29/07/2013,1705,6,2,1,1,1,3,1,58,9,53.7931340431,-1.54532988016
12656,130313095,429120,433507,3,1,28/07/2013,1745,6,2,1,1,1,3,1,32,19,53.7968394624,-1.55786167176
12657,130313158,430957,435049,4,1,29/07/2013,1730,3,1,1,1,1,3,2,26,9,53.8105939752,-1.52981586629
12658,130313738,428957,435471,2,1,29/07/2013,1900,3,2,1,1,1,3,1,39,1,53.814502439,-1.56015173026
12659,130313956,421522,439194,3,1,30/07/2013,650,3,1,1,1,1,3,2,33,9,53.8483287377,-1.67282411521
12660,130314023,423106,433787,2,1,30/07/2013,1045,6,1,1,1,1,3,1,22,1,53.7996582016,-1.64915103101
12661,130314045,432645,438135,2,1,30/07/2013,1000,6,1,1,1,2,3,2,28,11,53.8382296747,-1.5038514274
12662,130314685,430367,427277,1,1,30/07/2013,1840,6,1,1,1,1,3,1,18,2,53.7407681572,-1.53954191994
12663,130314720,429152,431711,1,1,30/07/2013,1930,6,1,1,1,3,3,2,15,9,53.7806938599,-1.55754572523
12664,130314757,434501,436876,2,1,30/07/2013,1745,6,1,1,1,1,2,1,29,5,53.8267930947,-1.47578597371
12665,130315191,431430,431600,2,2,31/07/2013,730,6,1,1,1,1,3,2,34,9,53.7795635557,-1.52298398324
12666,130315191,431430,431600,2,2,31/07/2013,730,6,1,1,1,1,3,1,34,9,53.7795635557,-1.52298398324
12667,130315598,439316,432380,2,1,31/07/2013,1159,3,1,1,1,1,3,1,76,9,53.7860387817,-1.40320438399
12668,130315654,440093,436811,2,1,28/07/2013,1200,6,1,1,1,1,3,1,47,1,53.8258075198,-1.39083357774
12669,130316308,430645,438181,2,2,31/07/2013,1730,3,2,1,1,1,3,1,65,9,53.8387649891,-1.53424230075
12670,130316308,430645,438181,2,2,31/07/2013,1730,3,2,1,1,1,3,1,49,9,53.8387649891,-1.53424230075
12671,130316422,429732,430547,2,1,31/07/2013,1953,3,2,1,2,1,3,2,29,9,53.77019813,-1.54885529331
12672,130317029,432339,433681,1,1,28/07/2013,1340,6,1,1,1,2,3,2,5,11,53.7982133587,-1.50897016765
12673,130317183,430514,437051,3,1,01/08/2013,1207,3,1,1,1,1,3,2,54,9,53.8286155096,-1.53634542844
12674,130317367,436168,427602,4,2,01/08/2013,750,3,1,1,1,1,3,1,39,9,53.7433192941,-1.45154677673
12675,130317367,436168,427602,4,2,01/08/2013,750,3,1,1,1,2,3,1,25,20,53.7433192941,-1.45154677673
12676,130317410,429050,430466,2,1,31/07/2013,1529,6,1,1,1,1,3,1,43,9,53.7695085295,-1.55921104868
12677,130317674,435032,433450,2,3,01/08/2013,1300,4,1,1,1,1,3,2,30,9,53.7959626105,-1.46810825693
12678,130317674,435032,433450,2,3,01/08/2013,1300,4,1,1,1,2,3,1,30,9,53.7959626105,-1.46810825693
12679,130317674,435032,433450,2,3,01/08/2013,1300,4,1,1,1,2,3,1,12,9,53.7959626105,-1.46810825693
12680,130317785,427654,436667,2,1,31/07/2013,1930,6,1,1,1,1,3,1,24,1,53.8253239084,-1.57983578398
12681,130317805,431035,433540,2,1,01/08/2013,1805,6,1,1,1,1,2,1,22,1,53.7970253775,-1.52878333509
12682,130317852,421056,439384,2,1,01/08/2013,1635,3,1,1,1,1,2,1,34,1,53.8500557138,-1.6798950603
12683,130317872,430761,434645,1,1,01/08/2013,1652,3,1,1,1,3,3,1,22,9,53.806974173,-1.53283304036
12684,130317922,430747,438908,2,2,01/08/2013,1855,3,1,1,1,1,3,2,30,9,53.8452937085,-1.53261934001
12685,130317922,430747,438908,2,2,01/08/2013,1855,3,1,1,1,2,3,2,55,9,53.8452937085,-1.53261934001
12686,130317941,423373,434256,2,1,01/08/2013,1815,6,1,1,1,1,3,1,31,3,53.803862037,-1.64506130133
12687,130317988,428377,435124,2,1,30/07/2013,1545,6,1,1,1,1,3,1,16,1,53.8114153275,-1.56899348206
12688,130317997,424712,434064,1,1,01/08/2013,2054,3,1,1,1,1,3,1,17,4,53.8020742896,-1.62474333572
12689,130318038,432384,439366,1,2,01/08/2013,2201,3,1,1,1,1,3,1,28,8,53.8493109928,-1.50768822712
12690,130318038,432384,439366,1,2,01/08/2013,2201,3,1,1,1,2,3,2,20,8,53.8493109928,-1.50768822712
12691,130318064,432094,436252,2,1,01/08/2013,2325,6,1,4,1,1,3,1,18,1,53.821338401,-1.51242195207
12692,130318592,430422,433978,2,3,02/08/2013,1,3,1,1,1,1,3,2,41,9,53.8009986434,-1.53804715257
12693,130318592,430422,433978,2,3,02/08/2013,1,3,1,1,1,2,3,2,19,9,53.8009986434,-1.53804715257
12694,130318592,430422,433978,2,3,02/08/2013,1,3,1,1,1,2,3,2,41,9,53.8009986434,-1.53804715257
12695,130318613,432076,426230,2,3,02/08/2013,940,3,1,1,1,1,3,2,49,9,53.7312545505,-1.51373780527
12696,130318613,432076,426230,2,3,02/08/2013,940,3,1,1,1,2,3,2,4,9,53.7312545505,-1.51373780527
12697,130318613,432076,426230,2,3,02/08/2013,940,3,1,1,1,2,3,2,2,9,53.7312545505,-1.51373780527
12698,130318709,432074,426226,2,1,02/08/2013,1104,1,1,1,1,1,3,1,51,5,53.7312187183,-1.51376853833
12699,130319165,430413,431160,2,1,02/08/2013,1625,6,1,1,1,1,3,1,16,2,53.775668913,-1.53846192146
12700,130319248,430727,433586,2,1,02/08/2013,1735,3,1,1,1,2,3,2,17,9,53.7974571408,-1.53345506006
12701,130319446,427390,431452,2,2,02/08/2013,1435,3,1,1,1,1,3,2,36,9,53.7784614525,-1.58431067592
12702,130319446,427390,431452,2,2,02/08/2013,1435,3,1,1,1,2,3,1,11,9,53.7784614525,-1.58431067592
12703,130319477,429709,439013,2,1,02/08/2013,1940,6,1,1,1,1,3,2,18,9,53.846297935,-1.54838711921
12704,130319549,429962,428108,2,2,02/08/2013,2025,6,1,1,1,1,2,1,20,9,53.748261293,-1.54560218188
12705,130319549,429962,428108,2,2,02/08/2013,2025,6,1,1,1,1,3,1,27,9,53.748261293,-1.54560218188
12706,130319840,424682,444837,2,1,03/08/2013,455,3,1,1,1,1,3,1,19,3,53.8989114235,-1.62433278544
12707,130319885,426512,435654,2,1,03/08/2013,700,6,2,1,1,1,2,1,25,1,53.8162778096,-1.59727373077
12708,130320520,429817,434404,3,2,03/08/2013,1754,3,1,1,1,2,3,2,20,9,53.8048628714,-1.54719239989
12709,130320520,429817,434404,3,2,03/08/2013,1754,3,1,1,1,2,3,2,21,9,53.8048628714,-1.54719239989
12710,130320665,432674,434386,1,1,03/08/2013,1950,6,1,1,1,3,3,2,5,9,53.804529439,-1.50380898581
12711,130320666,435279,433536,2,1,03/08/2013,1935,4,1,1,1,1,3,1,44,1,53.7967189418,-1.46434837944
12712,130320889,428730,433836,2,3,03/08/2013,2215,3,1,4,1,1,3,2,31,9,53.799818445,-1.56375228595
12713,130320889,428730,433836,2,3,03/08/2013,2215,3,1,4,1,2,2,1,23,9,53.799818445,-1.56375228595
12714,130320889,428730,433836,2,3,03/08/2013,2215,3,1,4,1,2,2,1,20,9,53.799818445,-1.56375228595
12715,130320960,419824,432193,2,1,04/08/2013,150,6,1,6,1,1,3,2,32,9,53.7854653261,-1.69908772696
12716,130321028,439798,448530,2,3,03/08/2013,1315,3,1,1,1,1,3,1,43,9,53.9311651348,-1.3937937714
12717,130321028,439798,448530,2,3,03/08/2013,1315,3,1,1,1,2,3,1,9,9,53.9311651348,-1.3937937714
12718,130321028,439798,448530,2,3,03/08/2013,1315,3,1,1,1,2,3,2,42,9,53.9311651348,-1.3937937714
12719,130321261,443009,432068,2,1,03/08/2013,1030,6,1,1,1,1,3,1,47,5,53.7829423123,-1.34719400994
12720,130321287,435931,426629,2,3,01/08/2013,1700,3,1,1,1,1,3,2,45,9,53.7345896841,-1.45525358714
12721,130321287,435931,426629,2,3,01/08/2013,1700,3,1,1,1,2,3,2,13,9,53.7345896841,-1.45525358714
12722,130321287,435931,426629,2,3,01/08/2013,1700,3,1,1,1,2,3,1,14,9,53.7345896841,-1.45525358714
12723,130321312,425577,443075,2,1,04/08/2013,1135,3,1,1,1,1,3,1,56,1,53.8830300024,-1.61085811757
12724,130321843,432527,433782,3,1,03/08/2013,507,3,1,1,1,1,3,1,38,9,53.7991094945,-1.50610505709
12725,130322139,425843,429830,1,2,04/08/2013,2100,3,1,1,1,1,2,1,20,9,53.763960643,-1.607924262
12726,130322139,425843,429830,1,2,04/08/2013,2100,3,1,1,1,2,2,2,19,9,53.763960643,-1.607924262
12727,130322215,423363,434260,2,1,04/08/2013,1230,6,1,1,1,1,3,1,76,9,53.8038984416,-1.64521285301
12728,130322559,430862,434174,2,2,05/08/2013,1015,3,2,1,2,1,3,1,79,9,53.8027345106,-1.53134642752
12729,130322559,430862,434174,2,2,05/08/2013,1015,3,2,1,2,2,3,2,26,8,53.8027345106,-1.53134642752
12730,130323017,419829,441195,2,1,01/08/2013,1745,6,1,1,1,1,3,1,36,1,53.8663827337,-1.69843127556
12731,130323367,432484,433704,1,1,05/08/2013,2008,6,1,1,1,3,2,2,6,9,53.7984110645,-1.50676617623
12732,130324237,437608,433189,2,1,03/08/2013,1840,3,1,1,1,1,3,1,39,1,53.7934367637,-1.42903071341
12733,130324260,442382,445860,2,2,06/08/2013,1050,3,1,1,1,1,3,2,46,9,53.906961393,-1.35480686681
12734,130324260,442382,445860,2,2,06/08/2013,1050,3,1,1,1,2,3,1,34,9,53.906961393,-1.35480686681
12735,130325498,426260,434034,2,1,07/08/2013,815,3,1,1,1,1,2,1,41,1,53.8017287783,-1.60123981304
12736,130326336,426255,435579,2,1,07/08/2013,1913,3,1,1,1,1,2,1,33,1,53.8156166944,-1.60118394374
12737,130326700,422940,443095,2,1,06/08/2013,753,3,1,1,1,1,3,1,27,9,53.8833331229,-1.65097645254
12738,130327710,422466,427899,2,1,08/08/2013,1755,3,1,1,1,1,3,2,37,3,53.7467596449,-1.659297666
12739,130327740,430787,430286,1,1,08/08/2013,1545,6,1,1,1,2,3,2,8,19,53.7677907616,-1.53287365101
12740,130327773,426857,438033,2,1,07/08/2013,1910,3,1,1,1,1,3,1,23,1,53.8376443172,-1.59182539176
12741,130327889,424374,435296,2,2,07/08/2013,2130,3,1,4,1,1,3,1,41,5,53.8131644528,-1.62977825695
12742,130327889,424374,435296,2,2,07/08/2013,2130,3,1,4,1,2,3,2,42,5,53.8131644528,-1.62977825695
12743,130328673,429693,432311,2,1,09/08/2013,936,6,1,1,1,1,3,1,24,9,53.786056536,-1.54927718345
12744,130328859,428955,429852,1,1,09/08/2013,1010,3,1,1,1,3,2,2,75,11,53.7639946998,-1.56071009652
12745,130329438,423920,434306,2,1,09/08/2013,1648,6,1,1,1,1,2,1,49,1,53.8042866095,-1.63675094246
12746,130329750,426424,433956,2,1,10/08/2013,205,3,1,4,1,1,3,1,32,9,53.8010193475,-1.59875622054
12747,130329958,434611,436604,1,1,10/08/2013,755,6,1,1,1,2,3,2,29,9,53.8243408832,-1.47414531041
12748,130330237,428402,434381,2,1,09/08/2013,1945,6,1,1,1,1,3,1,18,3,53.8047353265,-1.5686823395
12749,130331064,424425,427223,1,1,11/08/2013,240,3,1,1,1,1,3,1,24,9,53.7405950209,-1.62964304758
12750,130331073,431178,433687,1,1,11/08/2013,355,3,1,1,1,3,3,1,48,11,53.7983381672,-1.5265973102
12751,130331310,421113,441170,2,1,10/08/2013,1252,6,1,1,1,1,2,1,17,2,53.8661073631,-1.67890565039
12752,130331314,420394,439564,2,1,11/08/2013,810,4,1,1,1,1,3,2,55,9,53.8517001211,-1.68994702756
12753,130331393,429567,439291,2,2,10/08/2013,1444,6,1,1,1,1,3,1,21,2,53.8488048871,-1.55051884994
12754,130331393,429567,439291,2,2,10/08/2013,1444,6,1,1,1,2,3,1,20,2,53.8488048871,-1.55051884994
12755,130331397,433829,427710,2,1,11/08/2013,1100,3,1,1,1,2,3,2,58,9,53.744447121,-1.48700203788
12756,130331609,428112,426278,2,6,11/08/2013,1339,3,1,1,1,1,3,1,26,9,53.7319147682,-1.57382449143
12757,130331609,428112,426278,2,6,11/08/2013,1339,3,1,1,1,1,3,1,70,9,53.7319147682,-1.57382449143
12758,130331609,428112,426278,2,6,11/08/2013,1339,3,1,1,1,2,3,2,70,9,53.7319147682,-1.57382449143
12759,130331609,428112,426278,2,6,11/08/2013,1339,3,1,1,1,2,3,1,26,9,53.7319147682,-1.57382449143
12760,130331609,428112,426278,2,6,11/08/2013,1339,3,1,1,1,2,3,1,31,9,53.7319147682,-1.57382449143
12761,130331609,428112,426278,2,6,11/08/2013,1339,3,1,1,1,2,3,1,44,9,53.7319147682,-1.57382449143
12762,130331693,431660,435852,2,4,11/08/2013,1455,6,1,1,1,1,3,1,27,9,53.8177695514,-1.51905627593
12763,130331693,431660,435852,2,4,11/08/2013,1455,6,1,1,1,1,3,1,36,9,53.8177695514,-1.51905627593
12764,130331693,431660,435852,2,4,11/08/2013,1455,6,1,1,1,2,3,2,11,9,53.8177695514,-1.51905627593
12765,130331693,431660,435852,2,4,11/08/2013,1455,6,1,1,1,2,3,1,10,9,53.8177695514,-1.51905627593
12766,130331769,429749,425620,2,1,11/08/2013,750,3,1,1,1,1,3,1,22,3,53.7259092961,-1.54907182799
12767,130331933,431099,426463,3,2,10/08/2013,2155,6,1,4,1,1,2,1,21,4,53.7334081205,-1.52852482688
12768,130331933,431099,426463,3,2,10/08/2013,2155,6,1,4,1,2,3,2,20,4,53.7334081205,-1.52852482688
12769,130331946,430529,428671,2,1,11/08/2013,1925,6,1,1,1,1,2,1,11,1,53.7532890769,-1.53694782871
12770,130331998,428676,436793,2,1,09/08/2013,1820,6,1,1,1,1,2,1,50,1,53.8264011003,-1.5642966443
12771,130333255,428626,430060,2,2,12/08/2013,1345,6,1,1,1,1,3,1,9,1,53.765882556,-1.56568205699
12772,130333255,428626,430060,2,2,12/08/2013,1345,6,1,1,1,2,3,1,10,1,53.765882556,-1.56568205699
12773,130333328,431768,435548,1,1,12/08/2013,1555,6,1,1,1,3,3,2,25,9,53.8150304083,-1.51744711506
12774,130334124,422872,439313,3,2,12/08/2013,850,6,1,1,1,1,3,1,30,9,53.8493406943,-1.65229305259
12775,130334124,422872,439313,3,2,12/08/2013,850,6,1,1,1,1,3,2,23,9,53.8493406943,-1.65229305259
12776,130334379,424140,428241,2,1,13/08/2013,630,3,1,1,1,1,3,1,53,4,53.7497590051,-1.63388487519
12777,130335841,423590,437380,2,1,13/08/2013,1830,3,1,1,1,1,3,1,29,1,53.8319332739,-1.64152647433
12778,130336183,428746,432731,1,1,14/08/2013,1408,6,1,1,1,3,3,1,21,9,53.7898849849,-1.56361245975
12779,130336281,423498,437390,2,1,14/08/2013,1645,3,1,1,1,1,3,1,41,5,53.8320273305,-1.64292371139
12780,130337310,420347,434262,2,1,15/08/2013,1205,3,2,1,1,1,3,2,18,9,53.8040431503,-1.69101247377
12781,130337389,434205,436971,2,2,14/08/2013,1925,3,1,1,1,1,3,2,32,9,53.8276665782,-1.48027267367
12782,130337389,434205,436971,2,2,14/08/2013,1925,3,1,1,1,1,3,2,28,9,53.8276665782,-1.48027267367
12783,130337557,420535,440261,2,1,13/08/2013,840,3,1,1,1,1,3,1,26,1,53.8579597531,-1.68775678621
12784,130337796,429675,432925,2,1,15/08/2013,1511,6,1,1,1,2,3,2,58,9,53.7915766544,-1.54949127649
12785,130337991,435316,434855,2,1,15/08/2013,1838,3,1,1,1,1,3,2,27,9,53.8085724107,-1.46363533554
12786,130338229,432730,434473,1,1,15/08/2013,2110,6,2,4,2,3,3,1,10,9,53.8053079317,-1.50294934931
12787,130338398,424680,444841,2,1,28/06/2013,810,3,1,1,1,1,3,1,50,1,53.8989474734,-1.6243629028
12788,130338443,437395,430396,2,1,16/08/2013,903,6,1,1,1,1,3,1,17,1,53.7683469631,-1.43260310024
12789,130338541,435155,434876,2,1,14/08/2013,1740,6,1,1,1,1,3,1,16,1,53.8087720802,-1.46607802054