Col.Number,Reference.Number,Easting,Northing,Number.of.Vehicles,Number.of.Casualties,Accident.Date,Time..24hr.,X1st.Road.Class,Road.Surface,Lighting.Conditions,Weather.Conditions,Casualty.Class,Casualty.Severity,Sex.of.Casualty,Age.of.Casualty,Type.of.Vehicle,Latitude,Longitude
12790,130338854,429774,435764,2,2,15/08/2013,840,6,1,1,1,1,3,1,44,9,53.8170899849,-1.54771380604
12791,130338854,429774,435764,2,2,15/08/2013,840,6,1,1,1,2,3,2,43,9,53.8170899849,-1.54771380604
12792,130338951,431489,435121,3,5,16/08/2013,1340,3,1,1,1,1,3,2,41,9,53.8112092162,-1.52172863218
12793,130338951,431489,435121,3,5,16/08/2013,1340,3,1,1,1,1,3,2,79,9,53.8112092162,-1.52172863218
12794,130338951,431489,435121,3,5,16/08/2013,1340,3,1,1,1,2,3,2,27,9,53.8112092162,-1.52172863218
12795,130338951,431489,435121,3,5,16/08/2013,1340,3,1,1,1,2,3,2,25,9,53.8112092162,-1.52172863218
12796,130338951,431489,435121,3,5,16/08/2013,1340,3,1,1,1,2,3,2,67,9,53.8112092162,-1.52172863218
12797,130339327,443053,431633,2,2,16/08/2013,1850,3,1,1,1,1,3,2,44,9,53.7790286975,-1.34658695543
12798,130339327,443053,431633,2,2,16/08/2013,1850,3,1,1,1,1,3,1,64,9,53.7790286975,-1.34658695543
12799,130339353,432435,426260,1,1,16/08/2013,2003,4,1,1,1,1,3,2,35,9,53.7315020091,-1.50829254941
12800,130339366,433110,425919,2,1,16/08/2013,1532,1,1,1,1,1,2,2,24,9,53.7283944189,-1.49809663497
12801,130339914,421014,435176,4,1,16/08/2013,1330,3,1,1,1,1,3,1,55,19,53.8122324458,-1.68082124704
12802,130339961,430375,433502,1,1,16/08/2013,1520,6,1,1,1,2,3,2,65,11,53.7967227592,-1.53880776189
12803,130340043,428755,439783,1,1,17/08/2013,1000,6,1,1,1,1,2,2,46,9,53.8532729137,-1.56281648881
12804,130340225,430914,428619,2,1,16/08/2013,1950,6,1,1,1,1,2,1,47,5,53.7527989617,-1.53111371554
12805,130340259,419602,441572,1,1,17/08/2013,1130,3,1,1,1,3,3,2,75,9,53.8697801303,-1.70185944974
12806,130340588,429313,437843,2,1,17/08/2013,1540,6,1,1,1,1,3,1,59,9,53.8358036871,-1.55451824487
12807,130341856,426594,437981,1,1,18/08/2013,1945,3,1,1,1,1,3,1,92,9,53.8371904337,-1.5958268753
12808,130342554,436385,433645,2,1,17/08/2013,1955,4,2,1,1,2,3,2,71,9,53.7976225245,-1.44754362045
12809,130342765,443590,436310,1,1,19/08/2013,1230,2,1,1,1,1,1,1,58,9,53.8210228031,-1.33777550629
12810,130342791,431615,431619,2,1,19/08/2013,700,6,1,1,1,1,3,2,23,9,53.7797231392,-1.52017438102
12811,130343156,430793,424530,2,1,19/08/2013,1700,3,1,1,1,1,3,2,33,9,53.7160508821,-1.53335617093
12812,130343284,427325,437198,2,1,19/08/2013,1630,3,1,1,1,1,3,1,60,1,53.8301143272,-1.58478714176
12813,130343331,423109,437621,2,1,19/08/2013,1730,3,1,1,1,1,3,1,28,2,53.8341211881,-1.64881747392
12814,130343626,432854,435367,2,1,20/08/2013,207,6,1,1,1,3,3,1,15,9,53.813335971,-1.50097088347
12815,130344038,428908,435508,2,1,19/08/2013,1800,3,1,1,1,1,3,1,24,1,53.8148377486,-1.5608925253
12816,130344714,429936,431076,1,1,20/08/2013,1815,6,1,1,1,3,2,2,7,9,53.7749415014,-1.5457086238
12817,130344763,430785,433826,3,3,20/08/2013,1810,3,1,1,1,1,3,1,55,9,53.799611003,-1.53255045617
12818,130344763,430785,433826,3,3,20/08/2013,1810,3,1,1,1,1,3,2,57,9,53.799611003,-1.53255045617
12819,130344763,430785,433826,3,3,20/08/2013,1810,3,1,1,1,2,3,1,90,9,53.799611003,-1.53255045617
12820,130345505,429545,430359,1,1,21/08/2013,1140,6,1,1,1,3,3,1,3,19,53.7685188822,-1.5517106846
12821,130346226,417892,443304,2,1,21/08/2013,1857,3,1,1,1,1,3,1,34,1,53.885410501,-1.72776659501
12822,130346289,423849,434831,2,1,21/08/2013,1855,6,1,1,1,1,3,1,8,1,53.8090090006,-1.63778844951
12823,130346314,425021,433156,2,1,21/08/2013,1700,6,1,1,1,1,3,1,70,9,53.7938976732,-1.62012498865
12824,130346347,427810,435956,1,1,21/08/2013,1240,6,1,1,1,2,3,2,93,11,53.8189245956,-1.57752994539
12825,130346847,421299,441085,3,2,22/08/2013,545,6,1,1,1,1,3,1,30,9,53.8653357171,-1.67608284525
12826,130346847,421299,441085,3,2,22/08/2013,545,6,1,1,1,1,3,1,20,9,53.8653357171,-1.67608284525
12827,130347078,420582,444896,2,1,22/08/2013,905,6,1,1,1,1,3,2,48,9,53.899620782,-1.68673087947
12828,130347151,431066,430373,3,3,22/08/2013,1155,6,1,1,1,1,3,2,30,9,53.7685562155,-1.52863182476
12829,130347151,431066,430373,3,3,22/08/2013,1155,6,1,1,1,2,3,2,74,9,53.7685562155,-1.52863182476
12830,130347151,431066,430373,3,3,22/08/2013,1155,6,1,1,1,2,3,2,63,9,53.7685562155,-1.52863182476
12831,130347293,427516,425513,1,1,22/08/2013,1130,3,1,1,1,2,3,2,40,11,53.7250700642,-1.58292759475
12832,130347742,430641,434708,2,1,22/08/2013,1710,6,1,1,1,1,3,1,45,1,53.8075475453,-1.53464914139
12833,130347759,431873,435673,2,2,22/08/2013,1900,6,1,1,1,1,3,2,25,9,53.816147565,-1.51583928788
12834,130347759,431873,435673,2,2,22/08/2013,1900,6,1,1,1,2,3,2,25,9,53.816147565,-1.51583928788
12835,130347764,431268,434600,2,1,22/08/2013,1745,6,1,1,1,1,3,2,33,9,53.8065394463,-1.525138097
12836,130347774,426233,433073,2,1,22/08/2013,2030,4,1,1,1,2,3,2,42,9,53.7930919072,-1.60173165082
12837,130348102,433339,427339,1,1,22/08/2013,2236,6,2,4,1,1,2,2,51,9,53.7411438672,-1.49447232124
12838,130348171,425491,432840,2,1,11/07/2013,1945,3,1,1,1,1,3,1,18,1,53.7910343932,-1.61301565567
12839,130348609,420668,437153,2,1,23/08/2013,720,3,1,1,1,1,3,1,25,9,53.8300172572,-1.68594364908
12840,130348864,437272,433401,4,1,23/08/2013,1234,3,1,1,1,2,3,2,41,19,53.7953665198,-1.43410598123
12841,130349213,433050,434100,2,1,23/08/2013,1620,4,1,1,1,1,3,2,24,9,53.8019349254,-1.49812994811
12842,130349301,430713,434849,2,1,23/08/2013,1705,3,1,1,1,1,3,1,32,1,53.8088107048,-1.53354163369
12843,130349457,440841,439812,3,2,23/08/2013,2210,3,2,6,2,1,3,2,25,9,53.8527235346,-1.37907037339
12844,130349457,440841,439812,3,2,23/08/2013,2210,3,2,6,2,2,3,2,26,9,53.8527235346,-1.37907037339
12845,130349678,425772,435668,1,1,24/08/2013,210,4,2,1,1,1,3,2,31,9,53.8164408629,-1.60851311568
12846,130349718,431502,433397,2,1,23/08/2013,1000,6,1,1,1,1,2,1,30,1,53.795711925,-1.52170758486
12847,130349720,428908,425984,3,1,23/08/2013,1130,3,1,1,1,1,3,1,24,9,53.7292285277,-1.56178506617
12848,130349918,429227,431904,1,1,24/08/2013,844,1,2,1,1,1,3,2,36,9,53.7824244866,-1.55638915373
12849,130350015,425663,433210,1,1,21/08/2013,930,6,1,1,1,3,3,2,61,8,53.7943517998,-1.6103737324
12850,130350174,431596,440541,2,1,24/08/2013,1247,6,2,1,1,1,3,1,28,9,53.8599211579,-1.51954622637
12851,130350474,430709,433051,1,1,24/08/2013,1502,6,1,1,1,2,3,2,67,11,53.7926492386,-1.53378168899
12852,130350484,429269,431475,1,1,24/08/2013,1750,6,2,1,1,3,3,1,10,9,53.7785659448,-1.55579242034
12853,130350567,431860,429564,2,4,24/08/2013,1725,6,2,1,2,1,3,1,20,9,53.7612363538,-1.51666835403
12854,130350567,431860,429564,2,4,24/08/2013,1725,6,2,1,2,1,3,1,59,9,53.7612363538,-1.51666835403
12855,130350567,431860,429564,2,4,24/08/2013,1725,6,2,1,2,2,3,1,20,9,53.7612363538,-1.51666835403
12856,130350567,431860,429564,2,4,24/08/2013,1725,6,2,1,2,2,3,2,63,9,53.7612363538,-1.51666835403
12857,130351121,430030,434089,1,3,24/08/2013,1620,3,1,1,1,3,3,2,25,11,53.8020191698,-1.54398857097
12858,130351121,430030,434089,1,3,24/08/2013,1620,3,1,1,1,2,3,1,25,11,53.8020191698,-1.54398857097
12859,130351121,430030,434089,1,3,24/08/2013,1620,3,1,1,1,2,3,1,25,11,53.8020191698,-1.54398857097
12860,130351231,427373,425400,1,1,25/08/2013,1152,3,1,1,1,2,3,2,12,1,53.7240618439,-1.58510504627
12861,130351671,433904,436528,2,1,25/08/2013,1738,3,1,1,1,1,3,1,38,1,53.8237043498,-1.48489485718
12862,130351677,439204,432224,2,1,25/08/2013,1550,3,1,1,1,2,3,1,69,8,53.7846450169,-1.40492422456
12863,130352290,434683,434554,2,1,26/08/2013,940,3,1,1,1,1,3,1,46,9,53.8059094391,-1.47328253897
12864,130352912,439846,432411,2,1,26/08/2013,1855,3,1,1,1,1,3,1,67,1,53.7862771196,-1.3951557532
12865,130353101,430873,436243,1,1,26/08/2013,2115,6,1,1,1,3,3,2,18,9,53.8213314588,-1.53097181759
12866,130353642,427873,434391,2,3,26/08/2013,1107,3,1,1,1,1,3,2,22,9,53.804853833,-1.57671467542
12867,130353642,427873,434391,2,3,26/08/2013,1107,3,1,1,1,1,3,2,23,9,53.804853833,-1.57671467542
12868,130353642,427873,434391,2,3,26/08/2013,1107,3,1,1,1,2,3,1,23,9,53.804853833,-1.57671467542
12869,130353931,419075,441940,1,1,27/08/2013,1300,3,1,1,1,2,3,2,56,11,53.8731076455,-1.70985195366
12870,130354156,430417,433712,2,1,24/08/2013,1500,6,1,1,1,2,3,2,8,9,53.7986079368,-1.53814934734
12871,130354382,434743,437536,2,1,27/08/2013,1724,6,1,1,1,1,2,1,17,2,53.8327094375,-1.47203456061
12872,130354873,430969,440085,3,2,21/08/2013,1845,3,1,1,1,1,3,2,40,9,53.8558601355,-1.52912614767
12873,130354873,430969,440085,3,2,21/08/2013,1845,3,1,1,1,2,3,2,42,9,53.8558601355,-1.52912614767
12874,130354920,434198,436973,3,2,28/08/2013,720,3,1,1,1,1,3,1,25,9,53.8276850161,-1.48037880776
12875,130354920,434198,436973,3,2,28/08/2013,720,3,1,1,1,1,3,2,28,9,53.8276850161,-1.48037880776
12876,130355132,427962,435209,3,1,28/08/2013,946,6,1,1,1,1,3,2,71,9,53.8122018533,-1.57528882969
12877,130355176,422799,433542,1,1,12/08/2013,1125,4,1,1,1,2,2,2,81,11,53.7974694795,-1.65383066097
12878,130355306,425526,432882,2,1,25/08/2013,1300,6,1,1,1,1,3,1,29,3,53.7914102078,-1.61248084696
12879,130355618,425896,438805,2,2,28/08/2013,1410,6,1,1,1,2,3,2,6,9,53.8446324161,-1.60636527107
12880,130355618,425896,438805,2,2,28/08/2013,1410,6,1,1,1,2,3,2,51,9,53.8446324161,-1.60636527107
12881,130356071,442554,435096,1,1,28/08/2013,1857,4,1,1,1,1,3,1,39,4,53.8101967147,-1.35368133989
12882,130357063,428895,435371,8,4,29/08/2013,1240,6,1,1,1,1,2,2,50,9,53.8136070159,-1.56110285252
12883,130357063,428895,435371,8,4,29/08/2013,1240,6,1,1,1,1,3,1,21,9,53.8136070159,-1.56110285252
12884,130357063,428895,435371,8,4,29/08/2013,1240,6,1,1,1,1,3,1,30,9,53.8136070159,-1.56110285252
12885,130357063,428895,435371,8,4,29/08/2013,1240,6,1,1,1,2,3,1,7,9,53.8136070159,-1.56110285252
12886,130357575,441568,430506,2,1,29/08/2013,1710,4,1,1,1,1,3,2,46,9,53.7690193455,-1.36927507669
12887,130357587,427828,436514,2,1,29/08/2013,1940,4,1,1,1,1,3,2,28,1,53.8239393453,-1.57720602067
12888,130357610,420187,445469,1,1,29/08/2013,1505,6,1,1,1,3,3,2,83,2,53.9047868576,-1.69270510101
12889,130357655,430466,435436,1,1,29/08/2013,1950,3,1,1,1,3,2,1,6,9,53.8141016006,-1.53723473509
12890,130357681,422872,439314,3,1,29/08/2013,1819,6,1,1,1,1,3,1,41,9,53.8493496831,-1.6522929781
12891,130358661,427836,436296,2,1,30/08/2013,1001,3,1,1,1,1,3,1,22,1,53.8219793736,-1.57710421219
12892,130359001,429911,436612,1,1,26/08/2013,1535,6,1,1,1,3,2,2,73,9,53.8247045345,-1.54555028968
12893,130359139,429399,437293,2,1,30/08/2013,925,6,1,1,1,1,3,1,22,1,53.8308550499,-1.55326392396
12894,130359180,426451,426739,1,1,30/08/2013,1700,3,1,1,1,3,3,1,11,9,53.7361455419,-1.59896496868
12895,130359504,434126,428754,1,1,30/08/2013,2044,6,1,1,1,3,3,1,19,9,53.7538119842,-1.48238306088
12896,130359624,427522,436948,2,1,30/08/2013,925,3,1,1,1,1,3,1,13,1,53.8278567486,-1.58181612814
12897,130360005,424637,444930,2,1,31/08/2013,1205,3,1,1,1,1,3,1,51,1,53.8997495106,-1.62501019718
12898,130360317,430142,433773,1,1,31/08/2013,1450,6,1,1,1,3,2,2,81,90,53.7991722555,-1.54231881994
12899,130360360,426968,439829,2,1,31/08/2013,1625,3,1,1,1,1,3,1,24,1,53.8537822917,-1.58998073678
12900,130360429,432945,438856,2,1,31/08/2013,1525,6,1,1,1,1,3,1,48,5,53.8446915188,-1.49921480025
12901,130360682,424520,444226,2,4,31/08/2013,1930,3,1,1,1,1,1,1,37,5,53.8934270322,-1.62684734847
12902,130360682,424520,444226,2,4,31/08/2013,1930,3,1,1,1,1,3,2,43,9,53.8934270322,-1.62684734847
12903,130360682,424520,444226,2,4,31/08/2013,1930,3,1,1,1,2,3,1,49,9,53.8934270322,-1.62684734847
12904,130360682,424520,444226,2,4,31/08/2013,1930,3,1,1,1,2,3,2,15,9,53.8934270322,-1.62684734847
12905,130360927,428834,434000,3,5,01/09/2013,39,6,1,4,1,1,2,1,41,8,53.8012868452,-1.56215780311
12906,130360927,428834,434000,3,5,01/09/2013,39,6,1,4,1,1,2,1,24,9,53.8012868452,-1.56215780311
12907,130360927,428834,434000,3,5,01/09/2013,39,6,1,4,1,2,1,1,22,9,53.8012868452,-1.56215780311
12908,130360927,428834,434000,3,5,01/09/2013,39,6,1,4,1,2,2,1,26,9,53.8012868452,-1.56215780311
12909,130360927,428834,434000,3,5,01/09/2013,39,6,1,4,1,2,2,1,27,9,53.8012868452,-1.56215780311
12910,130361239,441365,433578,1,1,01/09/2013,1234,6,1,1,1,3,2,2,75,9,53.7966481678,-1.37194284283
12911,130362032,437327,435795,2,4,02/09/2013,207,6,1,4,4,2,3,1,14,9,53.8168811907,-1.43298068343
12912,130362032,437327,435795,2,4,02/09/2013,207,6,1,4,4,2,3,1,16,9,53.8168811907,-1.43298068343
12913,130362032,437327,435795,2,4,02/09/2013,207,6,1,4,4,2,3,1,15,9,53.8168811907,-1.43298068343
12914,130362032,437327,435795,2,4,02/09/2013,207,6,1,4,4,2,2,1,18,9,53.8168811907,-1.43298068343
12915,130362099,432526,433753,2,1,01/09/2013,1330,6,1,1,1,1,3,1,22,1,53.7988488854,-1.50612330346
12916,130363051,432056,435965,2,1,02/09/2013,1520,6,1,1,1,2,3,2,11,8,53.818761002,-1.51302914375
12917,130363194,430412,437057,2,1,02/09/2013,1750,6,1,1,1,1,3,1,29,1,53.8286754211,-1.53789465033
12918,130363311,426278,435585,2,4,27/08/2013,1900,3,1,1,1,1,3,2,20,9,53.815669465,-1.60083406831
12919,130363311,426278,435585,2,4,27/08/2013,1900,3,1,1,1,1,3,2,25,9,53.815669465,-1.60083406831
12920,130363311,426278,435585,2,4,27/08/2013,1900,3,1,1,1,2,3,1,19,9,53.815669465,-1.60083406831
12921,130363311,426278,435585,2,4,27/08/2013,1900,3,1,1,1,2,3,1,19,9,53.815669465,-1.60083406831
12922,130364206,431290,437561,2,2,30/08/2013,1830,6,1,1,1,1,3,2,25,9,53.8331535768,-1.52450277729
12923,130364206,431290,437561,2,2,30/08/2013,1830,6,1,1,1,2,3,2,8,9,53.8331535768,-1.52450277729
12924,130364560,424498,439134,2,1,03/09/2013,1355,6,1,1,1,1,3,1,80,1,53.8476575415,-1.62758895487
12925,130364618,434454,433702,2,1,03/09/2013,1530,3,1,1,1,2,3,2,37,9,53.7982663458,-1.47685544992
12926,130364703,422424,433508,1,1,03/09/2013,1110,6,1,1,1,3,3,2,47,19,53.7971801573,-1.65952684912
12927,130364740,439805,441446,1,1,03/09/2013,1400,6,1,1,1,1,2,1,59,9,53.8674910692,-1.39460833057
12928,130365308,422383,432909,2,1,04/09/2013,728,6,1,1,1,1,3,2,43,9,53.7917975957,-1.66019288112
12929,130365492,429313,433672,2,1,03/09/2013,830,3,1,1,1,1,3,1,70,9,53.7983117663,-1.55491568397
12930,130365601,430070,431136,2,1,04/09/2013,955,3,1,1,1,1,3,1,26,1,53.7754731055,-1.54366933833
12931,130365604,439315,432381,2,1,04/09/2013,1050,3,1,1,1,1,3,2,53,1,53.7860478458,-1.40321943498
12932,130365884,429744,430554,2,2,04/09/2013,1255,3,1,1,1,1,3,1,24,9,53.7702603661,-1.54867254012
12933,130365884,429744,430554,2,2,04/09/2013,1255,3,1,1,1,2,3,1,22,9,53.7702603661,-1.54867254012
12934,130366108,431401,435025,2,1,02/09/2013,1000,6,1,1,1,1,3,1,34,1,53.8103516244,-1.52307496638
12935,130366143,432187,425986,3,3,04/09/2013,1425,1,1,1,1,1,3,2,30,9,53.7290544468,-1.51208054265
12936,130366143,432187,425986,3,3,04/09/2013,1425,1,1,1,1,1,3,2,32,9,53.7290544468,-1.51208054265
12937,130366143,432187,425986,3,3,04/09/2013,1425,1,1,1,1,1,3,1,46,19,53.7290544468,-1.51208054265
12938,130366577,436234,434277,2,1,04/09/2013,2006,3,1,1,1,1,2,1,44,1,53.8033138551,-1.44976186722
12939,130366586,428706,433138,2,1,04/09/2013,1240,3,1,1,1,1,2,1,18,1,53.7935456192,-1.56418175236
12940,130366863,435223,425888,3,1,04/09/2013,820,1,1,1,1,1,3,2,31,9,53.727977347,-1.46607139305
12941,130366924,424694,434439,2,1,05/09/2013,715,4,1,1,1,1,3,1,54,9,53.8054459488,-1.62498658514
12942,130367067,428514,433062,2,2,05/09/2013,755,4,1,1,1,1,3,2,57,9,53.7928730305,-1.56710366378
12943,130367067,428514,433062,2,2,05/09/2013,755,4,1,1,1,2,3,2,61,9,53.7928730305,-1.56710366378
12944,130367623,427719,427919,3,1,05/09/2013,940,6,1,1,1,1,3,2,58,9,53.7466865239,-1.57963499004
12945,130368095,422209,433910,2,1,04/09/2013,1545,4,1,1,1,1,3,2,24,1,53.8008029,-1.6627622329
12946,130368125,430233,435114,2,1,05/09/2013,1728,6,1,1,1,1,3,1,41,1,53.8112208394,-1.54080541461
12947,130368179,435845,435740,1,1,05/09/2013,1945,6,1,1,1,3,3,2,17,9,53.8164911144,-1.45549840977
12948,130368629,440362,448159,2,1,06/09/2013,812,3,2,1,1,3,3,2,12,9,53.9277868131,-1.38525242889
12949,130368682,425591,437571,3,2,06/09/2013,805,6,1,1,1,1,3,1,21,1,53.8335554245,-1.61110412564
12950,130368682,425591,437571,3,2,06/09/2013,805,6,1,1,1,1,2,1,21,1,53.8335554245,-1.61110412564
12951,130368902,421076,434310,2,1,06/09/2013,1111,6,2,1,1,1,3,2,44,9,53.8044455862,-1.67993885296
12952,130369173,431885,435063,1,1,06/09/2013,1348,6,1,1,1,3,3,1,60,9,53.8106637414,-1.51572022195
12953,130369499,430564,433695,1,1,06/09/2013,1640,6,2,1,2,3,3,2,19,9,53.7984465128,-1.53591907209
12954,130369527,420974,434355,2,1,06/09/2013,1810,3,2,1,2,1,3,1,35,5,53.8048542083,-1.68148473765
12955,130369554,442571,435108,2,2,06/09/2013,1725,4,2,1,2,1,3,2,39,9,53.8103031843,-1.35342149869
12956,130369554,442571,435108,2,2,06/09/2013,1725,4,2,1,2,1,3,1,36,9,53.8103031843,-1.35342149869
12957,130369639,436920,435090,2,2,06/09/2013,1950,6,2,1,1,1,3,1,23,8,53.8105733203,-1.43924751984
12958,130369639,436920,435090,2,2,06/09/2013,1950,6,2,1,1,1,3,1,29,9,53.8105733203,-1.43924751984
12959,130369662,422256,433483,2,1,06/09/2013,1345,6,1,1,1,1,3,1,46,9,53.79696265,-1.66207942218
12960,130369752,424256,428201,2,1,06/09/2013,2130,3,1,4,1,1,3,1,25,9,53.7493940629,-1.63212876222
12961,130370651,429977,428088,1,1,07/09/2013,1825,6,1,1,1,3,3,1,11,11,53.7480806544,-1.54537664351
12962,130370720,429907,436991,1,1,07/09/2013,1957,3,1,4,1,3,3,1,5,9,53.8281114772,-1.54557419507
12963,130370932,425238,433570,2,3,07/09/2013,2245,6,1,4,1,2,3,1,26,9,53.7976085621,-1.61679660086
12964,130370932,425238,433570,2,3,07/09/2013,2245,6,1,4,1,2,3,2,25,9,53.7976085621,-1.61679660086
12965,130370932,425238,433570,2,3,07/09/2013,2245,6,1,4,1,2,3,2,20,9,53.7976085621,-1.61679660086
12966,130371261,427141,426212,1,1,08/09/2013,1020,3,1,1,1,1,3,1,19,3,53.7313729427,-1.58855013592
12967,130372184,425650,434220,2,2,09/09/2013,101,3,1,4,1,1,3,1,35,9,53.8034311327,-1.61048697798
12968,130372184,425650,434220,2,2,09/09/2013,101,3,1,4,1,2,3,1,36,9,53.8034311327,-1.61048697798
12969,130372217,442618,427972,2,1,08/09/2013,1225,3,1,1,1,1,3,1,68,3,53.7461576158,-1.35369397461
12970,130372462,436029,435927,2,1,09/09/2013,810,3,1,1,1,1,3,2,53,9,53.8181592586,-1.45268160628
12971,130372907,430059,433985,1,1,09/09/2013,1335,3,1,1,1,2,3,1,58,11,53.8010826676,-1.54355836814
12972,130374198,430718,433096,1,2,31/08/2013,1700,3,1,1,1,3,2,2,28,9,53.7930531999,-1.53364057081
12973,130374198,430718,433096,1,2,31/08/2013,1700,3,1,1,1,3,3,2,9,9,53.7930531999,-1.53364057081
12974,130374426,424612,435106,1,1,10/09/2013,1010,3,1,1,1,2,3,2,81,11,53.8114453693,-1.62617850653
12975,130375654,430253,433217,2,1,11/09/2013,750,6,1,1,1,1,3,1,37,1,53.7941680804,-1.54068804768
12976,130376547,432060,435965,2,1,11/09/2013,1435,6,1,1,1,2,3,2,26,9,53.8187607553,-1.51296838115
12977,130377236,424482,435630,2,1,12/09/2013,738,6,1,1,1,1,3,2,49,9,53.8161616375,-1.6281112838
12978,130377372,426511,433225,2,1,10/09/2013,1940,6,1,1,1,1,3,1,21,3,53.7944441143,-1.59749809944
12979,130378326,426160,433543,2,2,12/09/2013,1648,6,1,1,1,1,3,1,23,9,53.797320319,-1.60279998976
12980,130378326,426160,433543,2,2,12/09/2013,1648,6,1,1,1,1,3,1,23,9,53.797320319,-1.60279998976
12981,130378932,428546,431408,2,1,12/09/2013,1705,3,1,1,1,1,3,2,41,9,53.7780038426,-1.56677104574
12982,130379337,423747,434564,2,1,13/09/2013,1215,3,1,1,1,2,3,2,51,11,53.8066136536,-1.63935816055
12983,130379611,419392,442069,1,1,13/09/2013,1615,6,2,1,5,3,2,1,70,9,53.8742554462,-1.70502200645
12984,130379815,427030,430720,3,2,13/09/2013,925,3,1,1,1,1,2,1,28,1,53.7719004547,-1.58983828123
12985,130379815,427030,430720,3,2,13/09/2013,925,3,1,1,1,2,3,1,44,9,53.7719004547,-1.58983828123
12986,130380672,436991,433584,3,6,14/09/2013,1445,3,1,1,1,1,3,1,33,9,53.797031485,-1.43835014969
12987,130380672,436991,433584,3,6,14/09/2013,1445,3,1,1,1,2,3,1,13,9,53.797031485,-1.43835014969
12988,130380672,436991,433584,3,6,14/09/2013,1445,3,1,1,1,2,3,2,33,9,53.797031485,-1.43835014969
12989,130380672,436991,433584,3,6,14/09/2013,1445,3,1,1,1,2,3,1,13,9,53.797031485,-1.43835014969
12990,130380672,436991,433584,3,6,14/09/2013,1445,3,1,1,1,2,3,1,13,9,53.797031485,-1.43835014969
12991,130380672,436991,433584,3,6,14/09/2013,1445,3,1,1,1,2,3,2,21,9,53.797031485,-1.43835014969
12992,130381798,424619,445030,1,2,15/09/2013,1330,3,2,1,1,1,3,1,50,5,53.9006492326,-1.62527611833
12993,130381798,424619,445030,1,2,15/09/2013,1330,3,2,1,1,2,3,2,52,5,53.9006492326,-1.62527611833
12994,130381846,431628,435556,2,1,15/09/2013,1340,6,1,1,2,1,3,1,17,1,53.8151108533,-1.51957279676
12995,130382148,445376,431777,2,2,15/09/2013,445,2,1,6,1,1,3,1,20,9,53.780125732,-1.31131245098
12996,130382148,445376,431777,2,2,15/09/2013,445,2,1,6,1,2,3,1,14,9,53.780125732,-1.31131245098
12997,130382183,434925,429296,1,1,15/09/2013,1645,6,1,1,1,3,3,2,7,3,53.7586309139,-1.47020323147
12998,130382711,423709,437537,2,1,16/09/2013,815,6,2,1,1,1,3,1,35,1,53.8333390964,-1.63970607885
12999,130382715,437068,437604,1,1,16/09/2013,812,6,2,1,1,1,2,2,22,3,53.8331599873,-1.43669675779
13000,130382740,431778,435390,1,1,16/09/2013,955,6,1,1,4,3,3,1,78,19,53.8136095874,-1.51731154049
13001,130383299,426062,434107,2,1,15/09/2013,1830,3,1,1,1,1,3,1,39,9,53.8023949184,-1.60424020063
13002,130383396,430056,439625,2,1,15/09/2013,1830,6,2,1,5,2,3,2,24,9,53.8517790219,-1.54305257265
13003,130383414,440881,429804,2,1,16/09/2013,805,6,1,1,1,1,3,2,31,9,53.7627637767,-1.37979147575
13004,130383464,420341,445357,1,1,14/09/2013,1900,6,1,1,1,3,3,1,10,9,53.9037740988,-1.69036833141
13005,130383578,423413,434173,2,1,16/09/2013,1844,6,2,1,2,1,3,1,27,1,53.8031141649,-1.64446019225
13006,130383883,422040,443088,1,4,17/09/2013,100,6,1,6,1,1,3,1,22,9,53.8833092309,-1.66466985675
13007,130383883,422040,443088,1,4,17/09/2013,100,6,1,6,1,2,3,1,60,9,53.8833092309,-1.66466985675
13008,130383883,422040,443088,1,4,17/09/2013,100,6,1,6,1,2,3,1,21,9,53.8833092309,-1.66466985675
13009,130383883,422040,443088,1,4,17/09/2013,100,6,1,6,1,2,3,1,22,9,53.8833092309,-1.66466985675
13010,130383997,423018,437654,2,1,17/09/2013,740,3,1,1,1,1,3,1,43,5,53.8344218579,-1.65019788125
13011,130384778,426367,438006,6,4,17/09/2013,1600,6,1,1,1,1,2,1,83,9,53.8374267232,-1.59927456133
13012,130384778,426367,438006,6,4,17/09/2013,1600,6,1,1,1,2,3,1,66,9,53.8374267232,-1.59927456133
13013,130384778,426367,438006,6,4,17/09/2013,1600,6,1,1,1,1,3,1,74,9,53.8374267232,-1.59927456133
13014,130384778,426367,438006,6,4,17/09/2013,1600,6,1,1,1,2,3,2,71,9,53.8374267232,-1.59927456133
13015,130384861,425796,428122,2,1,17/09/2013,1730,3,1,1,1,1,3,1,63,4,53.7486099898,-1.60877999992