Col.Number,Reference.Number,Easting,Northing,Number.of.Vehicles,Number.of.Casualties,Accident.Date,Time..24hr.,X1st.Road.Class,Road.Surface,Lighting.Conditions,Weather.Conditions,Casualty.Class,Casualty.Severity,Sex.of.Casualty,Age.of.Casualty,Type.of.Vehicle,Latitude,Longitude
13016,130384886,428278,435111,2,1,17/09/2013,1730,6,1,1,1,1,3,1,23,9,53.8113038672,-1.57049830008
13017,130384950,432038,430981,2,1,17/09/2013,1720,3,1,1,1,1,2,1,26,4,53.7739624743,-1.513820982
13018,130384951,431451,435820,2,1,17/09/2013,1915,6,1,1,1,1,3,1,20,1,53.8174946004,-1.52223432259
13019,130385588,430192,434346,2,1,18/09/2013,936,3,1,1,1,1,3,2,31,9,53.8043198922,-1.54150345402
13020,130385817,432063,435962,2,1,18/09/2013,910,6,1,1,1,1,3,1,43,1,53.8187336043,-1.51292312191
13021,130386256,427009,428395,2,1,18/09/2013,1740,6,2,1,9,1,3,1,13,1,53.7510024961,-1.59036037679
13022,130387233,430891,436395,2,1,19/09/2013,918,6,1,1,1,2,3,2,36,11,53.822696668,-1.53068310069
13023,130387306,436289,434703,2,1,19/09/2013,1140,6,2,1,1,1,3,1,87,22,53.8071391584,-1.44887648095
13024,130387704,419834,434065,4,1,19/09/2013,1604,3,1,1,1,1,3,1,28,9,53.8022921565,-1.69881541152
13025,130387713,426899,439317,2,1,01/09/2013,1915,3,1,1,1,1,3,2,29,9,53.8491836551,-1.59107463975
13026,130388031,431408,438792,2,2,19/09/2013,2045,6,1,1,1,1,3,2,50,9,53.8442114725,-1.52258381875
13027,130388031,431408,438792,2,2,19/09/2013,2045,6,1,1,1,2,3,2,43,9,53.8442114725,-1.52258381875
13028,130388133,432904,440097,2,2,20/09/2013,703,6,1,1,1,1,3,1,62,9,53.8558489602,-1.4997049976
13029,130388133,432904,440097,2,2,20/09/2013,703,6,1,1,1,2,3,2,54,9,53.8558489602,-1.4997049976
13030,130388531,431911,434798,1,1,16/09/2013,1515,6,1,1,1,3,3,1,32,9,53.8082801479,-1.51535281724
13031,130388754,426860,437737,2,1,20/09/2013,1045,3,1,1,1,1,3,2,43,1,53.8349834988,-1.5918056734
13032,130389315,427592,434517,2,1,20/09/2013,1900,3,1,1,1,1,3,1,51,1,53.8060014003,-1.58097058179
13033,130389333,426355,433601,1,1,20/09/2013,1625,6,1,1,1,3,3,1,4,9,53.7978318271,-1.59983432603
13034,130390101,430302,433386,1,1,20/09/2013,2015,6,1,4,1,3,3,1,50,11,53.795684324,-1.53992751394
13035,130390130,420264,445366,2,1,20/09/2013,1935,6,1,1,1,1,3,1,26,4,53.9038580139,-1.69153981435
13036,130390149,436735,435586,2,1,21/09/2013,1155,6,1,1,1,1,3,1,67,1,53.8150447504,-1.44199799723
13037,130390389,421933,432971,1,1,16/09/2013,1715,4,1,1,1,3,3,2,57,9,53.7923740682,-1.66702000608
13038,130390473,434892,433425,2,2,20/09/2013,1315,3,1,1,1,1,3,1,42,19,53.7957473027,-1.47023661212
13039,130390473,434892,433425,2,2,20/09/2013,1315,3,1,1,1,2,3,1,46,19,53.7957473027,-1.47023661212
13040,130391088,430097,431443,1,1,21/09/2013,1020,3,1,1,1,3,3,1,49,19,53.7782310944,-1.54322964866
13041,130391300,437794,432100,1,1,22/09/2013,945,1,1,1,1,1,3,1,83,9,53.7836347271,-1.42634055237
13042,130391499,430314,432674,1,1,21/09/2013,1730,6,1,1,1,3,3,1,7,9,53.7892836484,-1.53981538208
13043,130391550,432525,433753,2,1,22/09/2013,1330,6,1,1,1,1,3,1,18,1,53.7988489479,-1.50613848689
13044,130391687,430026,435538,2,3,22/09/2013,1610,6,1,1,1,1,3,1,28,9,53.8150440448,-1.54390795431
13045,130391687,430026,435538,2,3,22/09/2013,1610,6,1,1,1,2,3,1,5,9,53.8150440448,-1.54390795431
13046,130391687,430026,435538,2,3,22/09/2013,1610,6,1,1,1,2,3,2,25,9,53.8150440448,-1.54390795431
13047,130391783,427940,436124,1,2,21/09/2013,230,3,1,1,1,3,3,2,20,9,53.8204277319,-1.57553987523
13048,130391783,427940,436124,1,2,21/09/2013,230,3,1,1,1,3,2,2,20,9,53.8204277319,-1.57553987523
13049,130392158,433286,434046,2,1,16/09/2013,1650,3,1,1,1,1,3,1,20,1,53.8014344892,-1.49455223714
13050,130392219,434393,428879,3,2,23/09/2013,715,6,1,1,1,1,3,2,22,9,53.7549180175,-1.47831951554
13051,130392219,434393,428879,3,2,23/09/2013,715,6,1,1,1,1,3,1,37,9,53.7549180175,-1.47831951554
13052,130392273,431369,426412,3,3,23/09/2013,740,6,1,1,1,1,3,2,38,9,53.7329335192,-1.52443683115
13053,130392273,431369,426412,3,3,23/09/2013,740,6,1,1,1,1,3,1,35,9,53.7329335192,-1.52443683115
13054,130392273,431369,426412,3,3,23/09/2013,740,6,1,1,1,2,3,2,40,9,53.7329335192,-1.52443683115
13055,130392583,430430,435766,1,1,20/09/2013,1930,3,1,1,1,3,3,2,17,1,53.8170699778,-1.53774890002
13056,130392665,420301,433611,2,1,23/09/2013,920,6,1,1,1,1,3,2,34,9,53.7981931881,-1.69175393332
13057,130392752,428509,432644,2,1,23/09/2013,1205,3,1,1,1,1,3,2,50,9,53.7891159999,-1.56721824716
13058,130393133,432620,429450,2,1,23/09/2013,1331,1,1,1,1,1,3,1,45,19,53.760164602,-1.50515130054
13059,130393218,430055,433648,1,1,23/09/2013,1600,6,1,1,1,3,2,2,86,9,53.7980536983,-1.543651995
13060,130393378,429954,433141,2,1,12/09/2013,1745,6,1,1,1,1,3,1,31,1,53.793502236,-1.54523480496
13061,130393408,422529,433997,1,2,23/09/2013,1705,3,1,1,1,1,3,1,38,9,53.8015711689,-1.65789684733
13062,130393408,422529,433997,1,2,23/09/2013,1705,3,1,1,1,3,2,1,43,9,53.8015711689,-1.65789684733
13063,130393726,427739,436466,2,1,23/09/2013,1630,3,1,1,1,1,3,1,34,1,53.8235126438,-1.57856249736
13064,130394703,438949,431553,2,2,24/09/2013,1520,3,1,1,1,1,3,2,51,9,53.7786328387,-1.40887940375
13065,130394703,438949,431553,2,2,24/09/2013,1520,3,1,1,1,2,3,2,83,9,53.7786328387,-1.40887940375
13066,130394704,429725,425658,1,2,24/09/2013,805,3,1,1,1,1,3,1,20,9,53.7262522404,-1.54943195015
13067,130394704,429725,425658,1,2,24/09/2013,805,3,1,1,1,2,3,1,16,9,53.7262522404,-1.54943195015
13068,130394717,424861,435814,2,1,24/09/2013,1640,6,1,1,1,1,3,1,4,1,53.817797589,-1.62233943023
13069,130395167,432674,436918,2,1,24/09/2013,1208,6,1,1,1,1,3,1,38,9,53.8272886972,-1.50354007689
13070,130395347,433452,433578,2,3,24/09/2013,1615,6,1,1,1,2,3,2,17,9,53.7972171485,-1.49208247278
13071,130395347,433452,433578,2,3,24/09/2013,1615,6,1,1,1,2,3,1,19,9,53.7972171485,-1.49208247278
13072,130395347,433452,433578,2,3,24/09/2013,1615,6,1,1,1,2,3,2,7,9,53.7972171485,-1.49208247278
13073,130396143,430908,430553,2,1,21/09/2013,2010,1,1,4,1,1,3,1,25,9,53.7701835924,-1.53101105642
13074,130396681,430583,438150,2,1,25/09/2013,1100,3,1,1,1,1,3,2,68,9,53.8384899947,-1.53518765875
13075,130397023,441084,449480,1,1,18/09/2013,200,2,1,6,1,1,3,2,66,9,53.9396035366,-1.37407880605
13076,130397851,420402,445352,2,1,26/09/2013,1710,6,1,1,1,1,3,1,52,1,53.9037267572,-1.68944013487
13077,130397871,428785,433273,3,1,26/09/2013,1600,3,1,1,1,1,3,2,30,9,53.7947547369,-1.56296978791
13078,130398125,430098,439336,2,2,25/09/2013,1720,6,1,1,1,1,3,1,33,9,53.8491788699,-1.54244239291
13079,130398125,430098,439336,2,2,25/09/2013,1720,6,1,1,1,1,3,1,62,9,53.8491788699,-1.54244239291
13080,130398196,429699,433805,1,1,27/09/2013,5,6,1,4,1,3,2,1,19,9,53.7994853747,-1.54904208902
13081,130399274,430683,432925,2,1,27/09/2013,1535,6,1,1,1,1,3,1,60,5,53.7915181931,-1.53418895002
13082,130399279,423820,433850,1,1,27/09/2013,1532,6,1,1,1,3,2,1,12,20,53.8001922936,-1.63830478559
13083,130399295,433376,432995,2,2,27/09/2013,1620,6,1,1,1,1,3,1,45,1,53.7919816373,-1.49329953292
13084,130399295,433376,432995,2,2,27/09/2013,1620,6,1,1,1,1,3,1,15,1,53.7919816373,-1.49329953292
13085,130399336,443053,431634,1,1,27/09/2013,1620,3,1,1,1,1,3,1,61,5,53.779037686,-1.3465868158
13086,130399685,430294,433813,1,1,27/09/2013,2221,6,1,4,1,3,3,1,68,9,53.7995229749,-1.54000697338
13087,130399837,436182,434447,2,1,27/09/2013,1219,3,1,1,1,1,3,1,28,9,53.8048455353,-1.45053150404
13088,130400028,435369,436555,2,1,27/09/2013,1300,6,1,1,1,1,3,1,23,3,53.823849412,-1.46263499052
13089,130400670,431008,429750,1,1,28/09/2013,2005,6,1,1,1,3,3,2,12,8,53.7629596757,-1.52957443491
13090,130400692,431445,429409,2,1,28/09/2013,1850,6,1,4,1,1,3,1,24,3,53.7598683126,-1.52297965306
13091,130401060,430759,434652,1,1,29/09/2013,500,3,1,1,1,3,3,1,21,9,53.8070372122,-1.53286271374
13092,130401338,432749,431007,2,1,29/09/2013,802,6,1,1,1,1,3,1,23,3,53.7741519473,-1.50302918581
13093,130401718,423900,434040,1,1,29/09/2013,1440,6,1,1,1,2,2,2,49,90,53.8018965015,-1.637075304
13094,130402107,429923,427827,1,1,29/09/2013,1755,6,1,1,1,3,3,1,7,9,53.7457376788,-1.54622084514
13095,130402294,427607,434510,2,1,27/09/2013,1705,3,1,1,1,1,3,1,46,1,53.8059376829,-1.58074341686
13096,130402444,430942,432193,2,1,30/09/2013,940,3,1,1,1,1,3,1,41,1,53.7849231095,-1.53033060861
13097,130402994,429578,433440,1,2,28/09/2013,1535,6,1,1,1,3,3,1,77,9,53.7962113797,-1.55091437776
13098,130402994,429578,433440,1,2,28/09/2013,1535,6,1,1,1,3,2,2,75,9,53.7962113797,-1.55091437776
13099,130403328,427564,431056,3,1,30/09/2013,1645,1,1,1,1,2,3,2,30,9,53.774892702,-1.58170540608
13100,130403497,425951,428280,2,1,30/09/2013,1650,6,1,1,1,1,3,1,42,5,53.7500225368,-1.60641606947
13101,130403515,430644,431247,1,1,30/09/2013,1645,6,1,1,1,3,3,1,17,9,53.7764373895,-1.53494782022
13102,130404341,431439,434132,2,1,01/10/2013,920,6,1,1,1,1,2,1,39,1,53.8023224298,-1.5225890393
13103,130404483,431498,433418,1,2,30/09/2013,940,6,1,1,1,1,3,2,37,9,53.79590093,-1.52176616681
13104,130404483,431498,433418,1,2,30/09/2013,940,6,1,1,1,2,3,2,17,9,53.79590093,-1.52176616681
13105,130404902,425665,434403,1,1,01/10/2013,1500,6,1,1,1,3,3,1,4,9,53.8050753424,-1.61024394286
13106,130405749,433172,435236,3,2,02/10/2013,835,6,2,1,2,1,3,2,37,9,53.8121382677,-1.49615501429
13107,130405749,433172,435236,3,2,02/10/2013,835,6,2,1,2,1,3,2,34,9,53.8121382677,-1.49615501429
13108,130405949,434203,436970,2,2,01/10/2013,2008,3,1,4,1,1,3,1,24,9,53.8276577213,-1.48030317251
13109,130405949,434203,436970,2,2,01/10/2013,2008,3,1,4,1,1,3,1,28,9,53.8276577213,-1.48030317251
13110,130406698,424071,431855,2,2,02/10/2013,1923,6,2,4,1,1,3,1,27,9,53.7822480032,-1.63464941512
13111,130406698,424071,431855,2,2,02/10/2013,1923,6,2,4,1,2,3,1,20,9,53.7822480032,-1.63464941512
13112,130407349,433906,427678,2,1,03/10/2013,1150,3,1,1,1,1,3,2,46,9,53.7441544786,-1.48583793889
13113,130407462,428276,436687,2,1,30/09/2013,1730,6,1,1,1,1,2,1,33,1,53.8254702138,-1.57038380596
13114,130408075,430961,440060,2,1,03/10/2013,1755,3,2,1,2,1,3,1,80,9,53.8556358971,-1.52925030258
13115,130408165,425569,428627,3,2,03/10/2013,1835,4,1,1,1,1,3,2,60,9,53.7531605594,-1.61218076962
13116,130408165,425569,428627,3,2,03/10/2013,1835,4,1,1,1,1,3,1,25,9,53.7531605594,-1.61218076962
13117,130409115,428653,436825,2,2,04/10/2013,940,6,2,1,1,2,3,2,25,9,53.8266900077,-1.56464311313
13118,130409115,428653,436825,2,2,04/10/2013,940,6,2,1,1,2,3,2,3,9,53.8266900077,-1.56464311313
13119,130409559,421399,433122,2,1,03/10/2013,1724,4,1,1,1,1,3,1,16,2,53.7937536234,-1.67511639443
13120,130410068,434542,436871,2,2,05/10/2013,1250,6,1,1,1,1,3,2,38,9,53.8267454282,-1.4751636033
13121,130410068,434542,436871,2,2,05/10/2013,1250,6,1,1,1,2,3,2,34,9,53.8267454282,-1.4751636033
13122,130410670,427055,433470,2,1,05/10/2013,1150,6,1,1,1,1,3,1,43,9,53.7966183636,-1.58921755981
13123,130410839,431189,433693,2,1,05/10/2013,1425,3,1,1,1,2,3,2,20,9,53.79839144,-1.52642968629
13124,130410971,426860,440481,2,1,04/10/2013,853,6,2,1,1,1,3,2,33,9,53.8596485204,-1.59156564958
13125,130411639,440402,449274,2,1,06/10/2013,945,4,1,1,1,1,3,1,50,1,53.9378056387,-1.38449577044
13126,130411689,434461,433713,1,1,06/10/2013,730,3,1,1,1,1,2,1,41,9,53.7983647572,-1.47674793698
13127,130411735,425000,433188,2,1,06/10/2013,1021,3,1,1,1,1,3,1,51,4,53.7941863249,-1.62044121123
13128,130412019,432499,435109,1,1,06/10/2013,1605,6,1,1,1,3,3,2,7,9,53.8110392078,-1.50639010956
13129,130412102,430148,438226,2,2,06/10/2013,1642,3,1,1,1,1,3,2,29,9,53.8391985613,-1.54179126566
13130,130412102,430148,438226,2,2,06/10/2013,1642,3,1,1,1,2,3,2,8,9,53.8391985613,-1.54179126566
13131,130413846,428804,437214,2,1,30/09/2013,655,4,1,1,1,1,3,1,37,1,53.8301782665,-1.56231242803
13132,130414113,425820,426748,1,1,07/10/2013,2223,6,1,4,1,3,3,1,33,9,53.7362580712,-1.60853083163
13133,130414251,425442,433370,1,1,07/10/2013,1005,6,1,1,1,2,3,2,4,11,53.7958008635,-1.6137157464
13134,130414526,428589,435663,2,1,07/10/2013,1145,3,1,1,1,1,3,1,18,1,53.8162486406,-1.56572352219
13135,130414644,423818,431577,2,2,08/10/2013,829,6,2,1,1,1,3,2,29,9,53.7797607384,-1.63851085159
13136,130414644,423818,431577,2,2,08/10/2013,829,6,2,1,1,1,3,2,22,9,53.7797607384,-1.63851085159
13137,130414872,431753,434598,2,3,08/10/2013,1200,6,1,1,1,1,3,2,31,11,53.8064920832,-1.5177729743
13138,130414872,431753,434598,2,3,08/10/2013,1200,6,1,1,1,2,3,2,73,11,53.8064920832,-1.5177729743
13139,130414872,431753,434598,2,3,08/10/2013,1200,6,1,1,1,2,3,1,22,11,53.8064920832,-1.5177729743
13140,130415572,424776,437959,1,1,08/10/2013,1730,6,1,1,1,3,3,1,79,9,53.8370825685,-1.62345776176
13141,130415662,429212,433492,1,1,08/10/2013,2130,6,1,4,1,1,2,1,31,1,53.7966994736,-1.55646627481
13142,130415767,438305,438739,1,3,08/10/2013,2210,3,1,6,1,1,3,2,21,9,53.8432721965,-1.41775825413
13143,130415767,438305,438739,1,3,08/10/2013,2210,3,1,6,1,2,3,1,21,9,53.8432721965,-1.41775825413
13144,130415767,438305,438739,1,3,08/10/2013,2210,3,1,6,1,2,3,2,21,9,53.8432721965,-1.41775825413
13145,130416551,430097,431430,1,1,08/10/2013,1919,3,1,4,1,3,3,2,37,1,53.7781142406,-1.54323091753
13146,130416961,433893,427667,1,1,09/10/2013,1640,6,1,1,1,3,3,1,13,9,53.744056448,-1.48603627315
13147,130417291,421877,443009,1,1,09/10/2013,2010,6,2,6,1,1,3,1,17,3,53.8826060225,-1.66715543338
13148,130417479,435429,439799,1,5,10/10/2013,255,3,1,7,1,1,3,2,29,9,53.8530041979,-1.46134936462
13149,130417479,435429,439799,1,5,10/10/2013,255,3,1,7,1,2,2,1,23,9,53.8530041979,-1.46134936462
13150,130417479,435429,439799,1,5,10/10/2013,255,3,1,7,1,2,3,2,36,9,53.8530041979,-1.46134936462
13151,130417479,435429,439799,1,5,10/10/2013,255,3,1,7,1,2,3,2,31,9,53.8530041979,-1.46134936462
13152,130417479,435429,439799,1,5,10/10/2013,255,3,1,7,1,2,2,1,28,9,53.8530041979,-1.46134936462
13153,130417510,427995,436015,2,1,09/10/2013,1930,3,1,1,1,1,3,1,30,1,53.8194450008,-1.57471427008
13154,130418071,428544,435676,3,1,10/10/2013,1236,3,1,1,4,1,3,1,18,1,53.8163679667,-1.5664058595
13155,130418088,430491,431630,4,1,10/10/2013,920,1,1,1,1,1,3,2,45,9,53.7798890635,-1.5372317866
13156,130418405,428688,435178,2,1,10/10/2013,1435,6,1,1,1,2,2,1,22,9,53.8118836536,-1.56426494721
13157,130418544,420882,434424,1,1,09/10/2013,1510,3,1,1,1,3,2,1,13,9,53.8054781419,-1.68287716363
13158,130419204,422233,429101,1,1,11/10/2013,615,4,2,4,1,1,3,1,45,9,53.7575743254,-1.66274456839
13159,130419526,431506,435131,2,1,09/10/2013,713,3,1,4,1,1,3,2,57,9,53.8112980732,-1.52146941343
13160,130419579,425151,427779,3,2,11/10/2013,1320,6,2,1,1,1,3,2,72,9,53.7455583268,-1.61858969945
13161,130419579,425151,427779,3,2,11/10/2013,1320,6,2,1,1,1,3,2,40,9,53.7455583268,-1.61858969945
13162,130419601,425170,437841,2,2,11/10/2013,1205,3,1,1,1,3,2,1,45,9,53.836002955,-1.61747961587
13163,130419601,425170,437841,2,2,11/10/2013,1205,3,1,1,1,3,3,1,4,9,53.836002955,-1.61747961587
13164,130419694,430438,433615,1,1,11/10/2013,1213,6,1,1,1,3,3,1,48,9,53.7977348027,-1.53784008206
13165,130419844,429049,435365,2,1,11/10/2013,1020,3,1,1,1,1,3,1,23,1,53.8135445023,-1.55876433058
13166,130419924,432223,435154,2,1,02/10/2013,1750,4,1,1,1,1,3,1,47,9,53.8114608745,-1.51057724455
13167,130420045,423813,438274,1,1,11/10/2013,1530,6,1,1,4,3,3,1,3,9,53.8399590677,-1.63806855992
13168,130420055,427530,438604,1,3,10/10/2013,1545,3,1,1,1,2,3,1,13,11,53.8427416405,-1.58154621597
13169,130420055,427530,438604,1,3,10/10/2013,1545,3,1,1,1,2,3,2,13,11,53.8427416405,-1.58154621597
13170,130420055,427530,438604,1,3,10/10/2013,1545,3,1,1,1,2,3,2,14,11,53.8427416405,-1.58154621597
13171,130420213,427486,434583,2,1,11/10/2013,1910,3,2,4,4,1,2,1,52,1,53.8066002714,-1.58257442403
13172,130420408,426783,435564,2,1,11/10/2013,2350,6,1,4,1,2,2,2,36,9,53.8154549307,-1.59316509765
13173,130421549,428102,432982,1,1,12/10/2013,1900,6,1,1,1,3,3,1,42,11,53.7921763433,-1.57336570618
13174,130421756,428126,433074,1,1,12/10/2013,1945,6,1,1,1,1,3,1,21,3,53.7930020136,-1.57299295915
13175,130421771,430859,434151,1,1,12/10/2013,2200,3,1,1,1,1,3,1,17,3,53.8025279484,-1.53139428737
13176,130422542,440396,437389,1,1,13/10/2013,1515,3,2,1,1,1,2,1,75,9,53.8309793811,-1.3861541852
13177,130422622,420334,445550,2,1,13/10/2013,1645,3,2,1,1,2,3,2,52,5,53.9055091967,-1.69046205923
13178,130422639,430233,433394,1,1,13/10/2013,1,6,2,4,1,3,3,2,16,8,53.795760248,-1.54097431234
13179,130422640,429006,432318,2,1,13/10/2013,1820,6,1,4,1,2,3,2,24,8,53.7861581986,-1.55970445003
13180,130422950,425622,438011,2,3,13/10/2013,2018,3,1,1,1,1,3,1,24,2,53.8375089462,-1.61059635566
13181,130422950,425622,438011,2,3,13/10/2013,2018,3,1,1,1,1,3,2,25,9,53.8375089462,-1.61059635566
13182,130422950,425622,438011,2,3,13/10/2013,2018,3,1,1,1,2,2,1,44,2,53.8375089462,-1.61059635566
13183,130423024,428322,429613,3,1,13/10/2013,1335,3,1,1,2,1,3,1,32,9,53.7618811769,-1.57033526796
13184,130423035,433365,436925,2,1,12/10/2013,920,6,2,1,1,1,3,1,18,3,53.8273077124,-1.49304047512
13185,130423720,428525,431398,1,1,10/10/2013,1945,3,1,4,1,2,2,2,54,90,53.7779151058,-1.56709066772
13186,130423861,419631,438553,3,2,14/10/2013,1249,3,2,1,1,1,3,2,34,9,53.8426418361,-1.70161148484
13187,130423861,419631,438553,3,2,14/10/2013,1249,3,2,1,1,1,3,2,41,9,53.8426418361,-1.70161148484
13188,130423876,419924,434106,2,2,14/10/2013,1450,3,2,1,2,1,3,2,67,9,53.802657261,-1.69744610534
13189,130423876,419924,434106,2,2,14/10/2013,1450,3,2,1,2,2,3,2,24,9,53.802657261,-1.69744610534
13190,130424246,429049,435365,1,1,14/10/2013,1520,3,1,1,1,2,3,1,5,11,53.8135445023,-1.55876433058
13191,130425025,439314,432419,2,1,15/10/2013,610,3,1,1,1,1,3,1,28,3,53.7863894859,-1.40322976635
13192,130425080,429866,434308,1,1,14/10/2013,1435,3,2,1,2,2,3,2,66,11,53.8039971426,-1.54645761358
13193,130425133,431966,435829,2,4,15/10/2013,950,3,1,1,1,1,3,2,38,9,53.8175440863,-1.5144104352
13194,130425133,431966,435829,2,4,15/10/2013,950,3,1,1,1,1,3,1,28,9,53.8175440863,-1.5144104352
13195,130425133,431966,435829,2,4,15/10/2013,950,3,1,1,1,2,3,1,32,9,53.8175440863,-1.5144104352
13196,130425133,431966,435829,2,4,15/10/2013,950,3,1,1,1,2,3,1,30,9,53.8175440863,-1.5144104352
13197,130425144,428644,435282,2,1,01/10/2013,1900,6,1,1,1,1,3,1,29,1,53.8128209075,-1.56492355041
13198,130425550,432488,436581,1,1,15/10/2013,1520,6,1,1,1,3,3,2,14,9,53.8242711877,-1.50640171687
13199,130425921,428950,435477,1,1,16/10/2013,2225,3,1,1,1,3,3,1,41,9,53.8145567612,-1.56025749019
13200,130426387,441721,427971,2,1,10/10/2013,905,6,1,1,1,1,3,2,37,9,53.7462212001,-1.36729627725
13201,130426743,427842,430557,3,1,16/10/2013,800,3,2,1,4,1,3,1,43,9,53.770392496,-1.57753181277
13202,130427018,434407,433731,1,1,16/10/2013,1510,4,2,1,2,3,2,2,82,9,53.798530127,-1.47756581858
13203,130427119,423839,434265,2,1,16/10/2013,1625,6,1,1,1,1,3,2,38,9,53.8039217866,-1.63798415586
13204,130428111,428433,435000,2,1,17/10/2013,815,6,2,1,1,2,3,2,11,9,53.8102976648,-1.5681544043
13205,130428320,426857,431675,1,1,17/10/2013,1009,3,2,1,1,1,3,1,57,9,53.7804937275,-1.59238019546
13206,130428688,429674,436860,2,1,17/10/2013,1740,6,1,1,1,1,3,1,9,1,53.826947316,-1.54912706688
13207,130428747,429152,431774,2,1,17/10/2013,1819,6,1,1,1,1,3,1,21,9,53.7812601524,-1.55753976815
13208,130428787,427879,436571,2,1,17/10/2013,1845,4,1,4,1,1,2,1,30,3,53.8244489696,-1.57642602731
13209,130429210,427897,436195,2,1,17/10/2013,1210,3,1,1,1,1,2,2,23,1,53.8210682414,-1.57618666487
13210,130429331,428588,430678,1,1,17/10/2013,1520,6,2,1,1,3,3,2,13,9,53.7714397212,-1.56620131747
13211,130429798,431027,431640,1,1,17/10/2013,1915,6,1,4,9,3,3,2,43,9,53.7799472803,-1.52909609734
13212,130430217,430453,425107,2,2,18/10/2013,1434,6,1,1,1,1,2,2,20,2,53.7212573974,-1.53845163966
13213,130430217,430453,425107,2,2,18/10/2013,1434,6,1,1,1,3,3,1,12,2,53.7212573974,-1.53845163966
13214,130430722,428826,435227,2,1,18/10/2013,1315,6,1,1,1,1,3,1,28,1,53.8123164692,-1.56216437594
13215,130431243,424533,438403,1,1,19/10/2013,1230,6,1,1,1,3,3,1,10,8,53.8410851109,-1.62711530034
13216,130431414,430577,433451,2,2,19/10/2013,1440,6,1,1,1,2,3,2,49,11,53.7962525015,-1.53574591198
13217,130431414,430577,433451,2,2,19/10/2013,1440,6,1,1,1,2,3,2,79,11,53.7962525015,-1.53574591198
13218,130431437,418966,442009,1,1,19/10/2013,1528,3,1,1,1,3,3,1,73,9,53.8737318679,-1.71150565076
13219,130431534,427995,435189,2,1,19/10/2013,15,6,1,1,1,1,3,2,26,1,53.8120203027,-1.57478943168
13220,130431976,430386,435825,1,1,20/10/2013,45,3,2,4,1,2,3,2,36,8,53.8176028843,-1.53841143639
13221,130431982,430165,432847,1,1,20/10/2013,230,3,2,4,1,3,3,1,29,8,53.7908473582,-1.54206027525
13222,130432250,431171,440728,2,1,20/10/2013,1015,3,2,1,1,1,3,2,53,5,53.8616277247,-1.52598960018
13223,130432346,429337,433710,2,1,19/10/2013,2010,2,2,4,4,1,3,1,21,9,53.7986519856,-1.55454766381
13224,130432470,431399,435025,2,1,20/10/2013,1300,6,1,1,1,1,3,1,41,9,53.8103517452,-1.52310534165
13225,130432851,430104,433928,1,1,20/10/2013,215,6,2,4,2,3,3,1,19,9,53.8005677081,-1.54288064589
13226,130433536,418890,442260,2,1,21/10/2013,715,6,1,1,1,1,3,1,34,9,53.8759908256,-1.71264621424
13227,130433593,433520,432888,2,1,21/10/2013,810,6,2,1,1,1,3,1,33,9,53.7910105934,-1.49112512083
13228,130433718,425706,428502,2,1,21/10/2013,810,6,1,1,1,1,2,1,47,4,53.7520302098,-1.61011327193
13229,130433881,440929,447958,2,1,21/10/2013,1305,6,2,1,2,1,3,2,90,9,53.9259356582,-1.37664401673
13230,130433931,430456,433682,1,1,21/10/2013,1325,6,2,1,2,3,3,2,78,3,53.7983359934,-1.53756016067
13231,130434393,431965,431244,2,1,18/10/2013,1425,3,1,1,1,1,3,1,47,1,53.7763309956,-1.51490146017
13232,130434424,425615,436356,2,2,21/10/2013,1650,3,1,1,1,1,3,1,72,9,53.8226328981,-1.61084065183
13233,130434424,425615,436356,2,2,21/10/2013,1650,3,1,1,1,1,3,2,40,9,53.8226328981,-1.61084065183
13234,130434723,434646,433602,1,1,21/10/2013,2040,3,2,4,1,3,3,1,14,9,53.797354731,-1.47395153374
13235,130434727,431855,434715,1,1,21/10/2013,2155,6,1,4,2,3,3,2,25,11,53.807537521,-1.51621187168
13236,130435307,429109,433846,1,1,22/10/2013,214,6,1,4,1,3,2,1,18,9,53.7998872625,-1.55799664176
13237,130435364,420892,440980,2,1,22/10/2013,1055,6,2,1,2,1,3,1,72,9,53.8644084404,-1.68227958432
13238,130435393,425402,427050,2,1,22/10/2013,834,3,2,1,1,1,2,2,17,3,53.7389932512,-1.61484334954
13239,130435443,425278,427172,2,1,22/10/2013,1010,3,1,1,1,1,3,1,21,19,53.740095924,-1.61671346942
13240,130436137,442611,427577,3,1,22/10/2013,2318,3,1,4,1,1,3,2,26,9,53.7426077221,-1.35385459584