Col.Number,Reference.Number,Easting,Northing,Number.of.Vehicles,Number.of.Casualties,Accident.Date,Time..24hr.,X1st.Road.Class,Road.Surface,Lighting.Conditions,Weather.Conditions,Casualty.Class,Casualty.Severity,Sex.of.Casualty,Age.of.Casualty,Type.of.Vehicle,Latitude,Longitude
13241,130436267,428508,432645,3,1,23/10/2013,650,3,2,1,2,1,3,1,28,9,53.7891250434,-1.5672333347
13242,130437237,427871,436238,2,1,23/10/2013,755,3,2,1,2,1,3,1,33,1,53.8214561516,-1.57657775021
13243,130437312,428844,430204,2,5,23/10/2013,1500,6,1,1,1,1,3,2,37,9,53.7671649157,-1.56236117371
13244,130437312,428844,430204,2,5,23/10/2013,1500,6,1,1,1,1,3,2,54,9,53.7671649157,-1.56236117371
13245,130437312,428844,430204,2,5,23/10/2013,1500,6,1,1,1,2,3,1,11,9,53.7671649157,-1.56236117371
13246,130437312,428844,430204,2,5,23/10/2013,1500,6,1,1,1,2,3,2,1,9,53.7671649157,-1.56236117371
13247,130437312,428844,430204,2,5,23/10/2013,1500,6,1,1,1,2,3,2,13,9,53.7671649157,-1.56236117371
13248,130437362,430884,433481,2,1,22/10/2013,2250,6,2,4,2,1,3,1,22,1,53.7965040293,-1.5310818589
13249,130438231,430311,433522,1,1,24/10/2013,1024,6,1,1,1,2,3,1,60,11,53.7969062664,-1.53977748928
13250,130438778,423715,438716,1,1,24/10/2013,1455,6,1,1,1,3,2,2,49,9,53.8439365871,-1.63952389498
13251,130438817,430079,431184,1,1,24/10/2013,1615,3,1,1,1,3,2,1,11,9,53.7759040462,-1.54352808104
13252,130438912,426502,433760,2,1,24/10/2013,1620,6,1,1,1,1,3,2,26,9,53.799253577,-1.59758870435
13253,130439093,430634,431189,2,3,24/10/2013,1945,6,1,4,1,1,3,1,58,9,53.7759166306,-1.53510533577
13254,130439093,430634,431189,2,3,24/10/2013,1945,6,1,4,1,1,3,2,22,9,53.7759166306,-1.53510533577
13255,130439093,430634,431189,2,3,24/10/2013,1945,6,1,4,1,2,3,2,22,9,53.7759166306,-1.53510533577
13256,130439438,424278,428345,2,1,24/10/2013,2140,3,2,4,1,1,2,1,20,3,53.75068744,-1.63178379497
13257,130439634,429049,425722,2,2,25/10/2013,846,6,2,1,1,1,3,1,54,9,53.7268656138,-1.55967233117
13258,130439634,429049,425722,2,2,25/10/2013,846,6,2,1,1,2,3,2,31,9,53.7268656138,-1.55967233117
13259,130439659,431976,426259,4,2,25/10/2013,436,1,1,4,1,1,1,1,26,9,53.7315213666,-1.51525071559
13260,130439659,431976,426259,4,2,25/10/2013,436,1,1,4,1,1,3,1,57,19,53.7315213666,-1.51525071559
13261,130439842,430776,438444,1,1,24/10/2013,730,6,1,4,1,3,3,2,24,9,53.8411212593,-1.53222502422
13262,130440030,421127,434478,2,1,24/10/2013,1310,4,1,1,1,1,3,2,53,9,53.8059536457,-1.67915284844
13263,130440176,431766,434238,1,1,24/10/2013,815,6,1,1,1,3,3,1,12,9,53.8032553632,-1.51761269963
13264,130440214,420955,439963,1,1,25/10/2013,807,4,2,1,2,3,3,1,13,9,53.8552643101,-1.68139096688
13265,130440790,424571,434439,1,1,25/10/2013,1930,6,2,4,5,3,2,1,82,9,53.8054517744,-1.62685447086
13266,130441294,429765,435773,2,1,23/10/2013,830,6,1,1,1,1,3,1,38,1,53.8171713986,-1.54784964633
13267,130441508,429316,435019,2,1,24/10/2013,1450,3,2,1,1,1,3,1,18,1,53.8104194191,-1.55474186851
13268,130441612,426900,435447,2,1,26/10/2013,1230,6,2,1,1,1,3,1,9,1,53.8143972054,-1.59139814184
13269,130441618,423189,434659,2,1,22/10/2013,900,4,1,1,1,1,3,1,22,1,53.8074927722,-1.64782508093
13270,130441622,424144,430434,2,1,26/10/2013,1240,3,1,1,1,1,2,1,30,3,53.7694714488,-1.63365269173
13271,130442311,424538,445137,2,1,26/10/2013,1225,3,1,1,1,1,3,1,45,1,53.9016148612,-1.62650040581
13272,130442822,428826,432503,2,1,12/10/2013,800,6,1,1,1,1,3,1,53,1,53.7878311212,-1.56241936197
13273,130442881,430654,434683,2,2,27/10/2013,957,3,1,1,1,1,3,1,37,9,53.8073220616,-1.53445420471
13274,130442881,430654,434683,2,2,27/10/2013,957,3,1,1,1,2,3,2,17,9,53.8073220616,-1.53445420471
13275,130442889,429928,427585,4,1,27/10/2013,1000,6,2,1,2,1,3,2,25,9,53.7435620994,-1.54616846372
13276,130443039,431864,430423,2,1,27/10/2013,940,3,1,1,1,1,3,1,15,1,53.7689574387,-1.51651897906
13277,130443335,431885,435545,2,4,27/10/2013,1630,6,1,1,1,1,3,1,40,9,53.8149962801,-1.51567027695
13278,130443335,431885,435545,2,4,27/10/2013,1630,6,1,1,1,2,3,2,18,9,53.8149962801,-1.51567027695
13279,130443335,431885,435545,2,4,27/10/2013,1630,6,1,1,1,2,3,2,30,9,53.8149962801,-1.51567027695
13280,130443335,431885,435545,2,4,27/10/2013,1630,6,1,1,1,2,3,2,12,9,53.8149962801,-1.51567027695
13281,130443502,429232,435448,2,1,27/10/2013,1620,6,1,1,1,1,3,2,50,9,53.8142803095,-1.55597688425
13282,130443544,428954,435472,2,1,27/10/2013,1700,3,2,1,1,1,3,2,30,9,53.8145115948,-1.56019720379
13283,130444118,426574,427262,1,1,28/10/2013,939,6,2,1,2,3,3,2,71,9,53.7408404718,-1.59705519861
13284,130444214,426196,437498,2,1,28/10/2013,915,6,2,1,1,1,3,1,22,9,53.8328690945,-1.60191665409
13285,130444758,427217,433519,5,1,01/10/2013,1340,6,2,1,1,1,3,1,56,9,53.7970503641,-1.586753616
13286,130445009,430041,432551,1,1,28/10/2013,1744,3,2,4,1,3,3,1,2,9,53.7881938643,-1.54397153062
13287,130445744,427135,426477,1,1,29/10/2013,1020,3,1,1,1,3,3,2,83,9,53.733755308,-1.58861783577
13288,130445992,430643,434702,2,3,29/10/2013,1140,3,1,1,1,1,3,2,52,9,53.8074934952,-1.53461936541
13289,130445992,430643,434702,2,3,29/10/2013,1140,3,1,1,1,1,3,1,41,9,53.8074934952,-1.53461936541
13290,130445992,430643,434702,2,3,29/10/2013,1140,3,1,1,1,2,3,1,36,9,53.8074934952,-1.53461936541
13291,130446830,431140,434313,3,1,29/10/2013,1250,6,1,1,1,1,3,1,33,9,53.8039673706,-1.52711096949
13292,130447285,428170,427776,4,1,30/10/2013,1054,6,1,1,1,1,3,1,37,19,53.7453769391,-1.57280871754
13293,130447845,429436,433455,1,1,28/10/2013,755,6,1,1,1,3,3,2,23,9,53.7963542645,-1.55306887153
13294,130448787,436944,441784,2,1,30/10/2013,1400,6,1,1,1,1,3,2,21,1,53.870740748,-1.43807798024
13295,130448855,434357,428231,2,1,30/10/2013,1915,6,1,1,1,1,3,1,53,1,53.7490957084,-1.47893763307
13296,130448896,431889,435657,1,1,31/10/2013,1300,6,1,1,1,3,3,1,9,9,53.8160027652,-1.51559791097
13297,130449100,428056,434320,2,1,31/10/2013,930,3,1,1,1,1,3,1,58,9,53.804205792,-1.57394215305
13298,130449383,430017,438609,2,1,31/10/2013,815,6,1,1,1,1,3,1,47,1,53.8426488058,-1.54374479338
13299,130450211,435751,436383,1,1,01/11/2013,1205,6,1,1,1,2,3,2,69,11,53.8222772419,-1.45685150528
13300,130450247,431219,434769,2,1,01/11/2013,1240,6,1,1,1,1,3,1,21,9,53.8080614788,-1.5258650834
13301,130450576,430796,435329,1,1,01/11/2013,1230,6,1,1,1,3,2,2,4,11,53.8131203691,-1.53223307111
13302,130450746,430848,436595,1,1,01/11/2013,1720,3,2,4,1,3,3,2,32,9,53.8244969566,-1.53131629849
13303,130450780,429851,435712,2,1,01/11/2013,1710,6,1,1,1,1,2,1,26,3,53.8166181566,-1.54654921262
13304,130450927,428979,435454,1,1,01/11/2013,1720,6,2,4,2,3,3,1,22,9,53.814348405,-1.55981916878
13305,130451115,422944,443093,2,3,02/11/2013,1751,6,2,4,5,1,3,1,21,9,53.8833149686,-1.65091574504
13306,130451115,422944,443093,2,3,02/11/2013,1751,6,2,4,5,2,3,2,28,9,53.8833149686,-1.65091574504
13307,130451115,422944,443093,2,3,02/11/2013,1751,6,2,4,5,2,3,2,22,9,53.8833149686,-1.65091574504
13308,130451676,431451,435819,2,2,01/11/2013,1900,6,2,4,1,2,3,1,5,9,53.8174856117,-1.52223442482
13309,130451676,431451,435819,2,2,01/11/2013,1900,6,2,4,1,2,3,1,8,9,53.8174856117,-1.52223442482
13310,130451699,428550,434512,2,1,31/10/2013,1240,6,1,1,1,2,3,2,6,9,53.8059047489,-1.56642270774
13311,130451817,429973,431074,1,1,20/10/2013,1300,6,1,1,1,2,3,2,52,8,53.7749213952,-1.54514734709
13312,130452018,431874,435944,3,3,02/11/2013,1415,4,2,1,1,1,3,2,79,9,53.8185834313,-1.51579601906
13313,130452018,431874,435944,3,3,02/11/2013,1415,4,2,1,1,1,3,1,37,9,53.8185834313,-1.51579601906
13314,130452018,431874,435944,3,3,02/11/2013,1415,4,2,1,1,1,3,2,37,9,53.8185834313,-1.51579601906
13315,130452809,429311,435025,1,1,01/11/2013,1720,3,2,4,8,3,3,2,20,9,53.8104736333,-1.55481723568
13316,130453234,433963,441110,2,1,03/11/2013,1605,6,1,1,1,1,3,1,56,1,53.8648861635,-1.48349181462
13317,130453261,430107,430931,4,3,03/11/2013,1613,6,1,1,1,1,3,1,26,9,53.773628271,-1.5431278717
13318,130453261,430107,430931,4,3,03/11/2013,1613,6,1,1,1,1,3,1,21,9,53.773628271,-1.5431278717
13319,130453261,430107,430931,4,3,03/11/2013,1613,6,1,1,1,2,3,1,20,9,53.773628271,-1.5431278717
13320,130453311,423275,433374,2,1,02/11/2013,1740,4,1,1,1,1,2,1,23,3,53.7959382757,-1.64661614485
13321,130454196,431473,430372,2,1,04/11/2013,750,6,1,1,1,1,3,1,26,1,53.7685227894,-1.52245670117
13322,130454937,426989,433437,2,1,04/11/2013,1708,6,1,4,1,1,3,1,54,9,53.7963251617,-1.59022251666
13323,130455676,435082,438394,2,1,05/11/2013,755,6,2,1,1,1,3,1,38,9,53.8403988479,-1.46678529502
13324,130455934,429371,433716,2,2,05/11/2013,810,3,2,1,2,1,3,2,38,9,53.7987039995,-1.55403085359
13325,130455934,429371,433716,2,2,05/11/2013,810,3,2,1,2,2,3,2,30,9,53.7987039995,-1.55403085359
13326,130455935,425085,439350,2,1,05/11/2013,630,6,2,1,2,1,2,1,40,9,53.8495710848,-1.61864813022
13327,130456011,429427,433922,2,2,05/11/2013,1020,2,2,1,1,1,3,1,33,9,53.8005525146,-1.55316089368
13328,130456011,429427,433922,2,2,05/11/2013,1020,2,2,1,1,2,3,2,34,9,53.8005525146,-1.55316089368
13329,130456319,426063,427378,1,2,05/11/2013,1325,4,2,1,1,1,3,1,64,9,53.7419089803,-1.60479356608
13330,130456319,426063,427378,1,2,05/11/2013,1325,4,2,1,1,3,3,1,17,9,53.7419089803,-1.60479356608
13331,130456326,429737,430545,2,1,05/11/2013,1125,6,2,1,2,1,3,1,32,9,53.7701798669,-1.54877962014
13332,130456903,429092,428692,3,5,05/11/2013,1840,6,2,4,1,1,3,2,33,9,53.7535600521,-1.55874098653
13333,130456903,429092,428692,3,5,05/11/2013,1840,6,2,4,1,2,3,1,6,9,53.7535600521,-1.55874098653
13334,130456903,429092,428692,3,5,05/11/2013,1840,6,2,4,1,2,3,1,9,9,53.7535600521,-1.55874098653
13335,130456903,429092,428692,3,5,05/11/2013,1840,6,2,4,1,1,3,2,22,9,53.7535600521,-1.55874098653
13336,130456903,429092,428692,3,5,05/11/2013,1840,6,2,4,1,2,2,2,22,9,53.7535600521,-1.55874098653
13337,130457517,442037,442850,2,3,06/11/2013,725,6,2,1,2,1,3,1,62,9,53.8799346864,-1.36047174578
13338,130457517,442037,442850,2,3,06/11/2013,725,6,2,1,2,1,3,1,26,9,53.8799346864,-1.36047174578
13339,130457517,442037,442850,2,3,06/11/2013,725,6,2,1,2,2,3,1,29,9,53.8799346864,-1.36047174578
13340,130458796,434190,436975,3,3,06/11/2013,2302,3,2,4,1,1,3,1,26,9,53.8277035197,-1.48050013576
13341,130458796,434190,436975,3,3,06/11/2013,2302,3,2,4,1,1,3,2,30,9,53.8277035197,-1.48050013576
13342,130458796,434190,436975,3,3,06/11/2013,2302,3,2,4,1,1,3,2,54,9,53.8277035197,-1.48050013576
13343,130459182,443351,428757,1,1,07/11/2013,845,6,1,1,1,3,3,2,8,9,53.753153133,-1.34246858727
13344,130459243,425459,432856,2,1,06/11/2013,1230,3,1,1,1,1,3,1,19,3,53.7911797809,-1.6135001203
13345,130459374,437653,429714,3,2,07/11/2013,1050,3,1,1,1,1,3,1,66,9,53.7621981383,-1.42877187572
13346,130459374,437653,429714,3,2,07/11/2013,1050,3,1,1,1,1,3,1,65,9,53.7621981383,-1.42877187572
13347,130459603,425499,434279,2,1,07/11/2013,1037,3,1,1,1,1,3,1,33,9,53.8039688965,-1.61277507328
13348,130459645,430498,435236,2,1,07/11/2013,845,3,2,1,1,1,3,1,41,1,53.8123019853,-1.53676850955
13349,130459854,423905,438203,1,1,07/11/2013,1405,6,1,1,1,3,2,2,74,9,53.8393166393,-1.63667581662
13350,130460408,426912,429231,2,4,07/11/2013,1810,3,1,4,1,1,2,1,32,9,53.7585221929,-1.5917586533
13351,130460408,426912,429231,2,4,07/11/2013,1810,3,1,4,1,1,3,1,27,9,53.7585221929,-1.5917586533
13352,130460408,426912,429231,2,4,07/11/2013,1810,3,1,4,1,2,3,2,7,9,53.7585221929,-1.5917586533
13353,130460408,426912,429231,2,4,07/11/2013,1810,3,1,4,1,2,3,1,3,9,53.7585221929,-1.5917586533
13354,130461039,429533,437115,2,2,08/11/2013,950,6,1,1,1,1,3,1,40,19,53.8292474644,-1.55124488099
13355,130461039,429533,437115,2,2,08/11/2013,950,6,1,1,1,1,3,1,32,9,53.8292474644,-1.55124488099
13356,130461627,437240,435493,1,1,08/11/2013,1510,6,1,1,1,3,3,1,14,9,53.8141728884,-1.43433874893
13357,130461635,440048,432469,1,2,08/11/2013,1455,6,1,1,1,1,3,1,46,9,53.7867829496,-1.39208213759
13358,130461635,440048,432469,1,2,08/11/2013,1455,6,1,1,1,3,3,1,8,9,53.7867829496,-1.39208213759
13359,130461765,431518,435142,2,1,08/11/2013,1600,3,1,1,1,1,3,1,51,1,53.8113962215,-1.52128603119
13360,130461985,430052,432678,1,1,08/11/2013,2000,3,1,4,1,3,2,2,18,9,53.7893347994,-1.54379216895
13361,130462441,430798,433443,2,2,09/11/2013,720,6,2,1,1,1,3,1,43,8,53.7961675562,-1.53239136623
13362,130462441,430798,433443,2,2,09/11/2013,720,6,2,1,1,2,3,1,31,8,53.7961675562,-1.53239136623
13363,130462569,430092,435420,2,1,09/11/2013,1030,6,2,1,2,1,2,1,24,1,53.8139795621,-1.54291699658
13364,130462602,429080,433515,2,2,08/11/2013,1945,6,1,4,1,1,3,2,22,9,53.7969136098,-1.55846822944
13365,130462602,429080,433515,2,2,08/11/2013,1945,6,1,4,1,2,3,2,24,9,53.7969136098,-1.55846822944
13366,130462828,426058,436617,2,1,08/11/2013,1550,6,1,1,1,2,3,1,3,11,53.8249569436,-1.60408837283
13367,130463063,431481,432547,2,1,09/11/2013,1755,3,2,4,2,1,3,1,27,9,53.7880727933,-1.5221132655
13368,130463091,429950,433092,2,1,09/11/2013,1715,6,2,4,2,2,3,2,59,9,53.7930620181,-1.54530029497
13369,130463093,425062,431030,2,4,09/11/2013,1940,3,2,4,1,1,3,1,62,9,53.7747854361,-1.61967539071
13370,130463093,425062,431030,2,4,09/11/2013,1940,3,2,4,1,1,3,1,35,9,53.7747854361,-1.61967539071
13371,130463093,425062,431030,2,4,09/11/2013,1940,3,2,4,1,2,3,1,60,9,53.7747854361,-1.61967539071
13372,130463093,425062,431030,2,4,09/11/2013,1940,3,2,4,1,2,3,1,35,9,53.7747854361,-1.61967539071
13373,130463355,427212,425186,1,1,10/11/2013,10,3,2,4,1,3,1,2,23,9,53.7221466446,-1.58756409032
13374,130463793,433826,434053,4,2,09/11/2013,1043,3,2,1,2,1,3,1,25,9,53.8014625743,-1.48635193056
13375,130463793,433826,434053,4,2,09/11/2013,1043,3,2,1,2,2,3,2,6,9,53.8014625743,-1.48635193056
13376,130464031,427220,433519,2,1,10/11/2013,1615,6,1,1,1,1,3,1,35,9,53.7970502071,-1.58670806712
13377,130464101,424126,444004,2,2,10/11/2013,1335,3,2,1,1,1,3,1,87,9,53.8914500292,-1.63286071073
13378,130464101,424126,444004,2,2,10/11/2013,1335,3,2,1,1,1,3,2,47,1,53.8914500292,-1.63286071073
13379,130464755,430904,436549,2,1,11/11/2013,825,6,2,1,1,1,3,1,52,1,53.8240801508,-1.53047012679
13380,130465359,430219,432004,2,1,11/11/2013,1501,3,2,1,1,1,3,1,53,9,53.7832667163,-1.54132318063
13381,130465460,421060,440041,1,1,11/11/2013,1550,4,1,1,1,3,3,1,11,9,53.8559611865,-1.67978917587
13382,130465517,428791,435158,2,1,11/11/2013,1530,6,1,1,1,1,3,1,52,9,53.811698186,-1.56270242656
13383,130465540,430801,435338,2,1,11/11/2013,1548,6,1,1,1,2,3,1,30,9,53.8132009712,-1.53215622695
13384,130466245,436973,429236,1,1,11/11/2013,1350,6,1,1,1,3,3,1,53,19,53.7579502776,-1.43914475812
13385,130466249,429262,433483,2,1,12/11/2013,1,6,2,4,1,2,3,2,24,8,53.796615765,-1.55570799138
13386,130466373,430091,427031,2,1,12/11/2013,850,3,1,1,1,2,3,2,19,9,53.7385729128,-1.54375074131
13387,130466550,430378,433543,1,1,12/11/2013,1120,6,1,1,1,2,2,1,41,11,53.7970911217,-1.53875816991
13388,130467102,429861,438924,2,1,11/11/2013,830,3,2,1,2,1,3,1,28,9,53.8454892265,-1.54608526838
13389,130467139,431547,438806,1,1,05/11/2013,1521,6,1,1,1,2,2,1,77,11,53.8443288887,-1.52046959754
13390,130467175,426746,426828,2,2,12/11/2013,1915,4,1,1,1,1,3,1,23,9,53.7369305033,-1.59448476859
13391,130467175,426746,426828,2,2,12/11/2013,1915,4,1,1,1,2,3,2,34,9,53.7369305033,-1.59448476859
13392,130467445,430403,436612,1,3,12/11/2013,2318,4,1,4,1,1,3,1,24,9,53.8246759862,-1.5380754036
13393,130467445,430403,436612,1,3,12/11/2013,2318,4,1,4,1,2,3,1,24,9,53.8246759862,-1.5380754036
13394,130467445,430403,436612,1,3,12/11/2013,2318,4,1,4,1,2,3,1,24,9,53.8246759862,-1.5380754036
13395,130467721,435734,436004,1,1,25/10/2013,1610,6,1,1,1,2,3,2,21,11,53.8188717408,-1.45715379902
13396,130467836,419792,441282,2,1,13/11/2013,915,3,1,1,1,1,3,2,51,9,53.8671661705,-1.69898836617
13397,130468091,429796,433969,2,1,13/11/2013,1118,6,1,1,1,1,3,1,24,9,53.8009539794,-1.54755339612
13398,130468183,425226,434342,2,1,25/10/2013,1340,3,1,1,1,1,3,2,48,9,53.8045485034,-1.61691555569
13399,130468686,427711,424506,1,1,12/11/2013,830,6,1,1,1,3,3,1,15,9,53.7160079311,-1.58006216179
13400,130468828,424289,434612,1,1,13/11/2013,1645,6,1,1,1,3,2,2,9,9,53.8070200856,-1.6311232927
13401,130470150,428761,430828,1,1,14/11/2013,1530,6,1,1,1,2,3,2,44,11,53.7727785135,-1.56356228682
13402,130470270,429133,433852,2,1,14/11/2013,1445,6,1,1,1,1,2,1,60,3,53.7999398514,-1.55763165996
13403,130470437,430751,439231,2,1,14/11/2013,2010,3,1,4,1,1,3,1,32,9,53.8481968025,-1.53252619359
13404,130472287,428096,434660,2,2,15/11/2013,2330,6,1,1,1,2,3,2,25,9,53.8072598084,-1.57330370133
13405,130472287,428096,434660,2,2,15/11/2013,2330,6,1,1,1,2,3,2,21,9,53.8072598084,-1.57330370133
13406,130472672,430064,431116,2,1,16/11/2013,1305,3,1,1,1,1,3,1,23,1,53.7752936767,-1.54376233847
13407,130473087,427645,431151,2,1,15/11/2013,840,3,1,1,1,1,3,1,18,1,53.7757423441,-1.58046771967
13408,130473105,431913,433588,2,1,15/11/2013,1635,3,1,4,1,1,3,1,42,1,53.7974037176,-1.51544785858
13409,130474283,426822,433446,1,1,17/11/2013,1635,6,1,4,1,3,3,1,63,9,53.7964146972,-1.59275724481
13410,130474379,427650,434496,2,1,16/11/2013,2352,3,2,4,1,1,3,1,42,8,53.805809556,-1.58009166966
13411,130474561,433888,436522,1,1,17/11/2013,2205,3,1,4,1,1,2,1,22,9,53.8236514616,-1.48513859637
13412,130475739,431401,435082,1,1,18/11/2013,1500,3,1,1,1,3,3,1,38,9,53.8108639793,-1.52306915046
13413,130475969,430915,435580,1,1,18/11/2013,1648,6,1,1,1,2,3,2,35,11,53.8153694675,-1.53040040215
13414,130476065,431260,432353,2,2,18/11/2013,1939,3,1,4,1,1,3,2,71,9,53.7863423032,-1.5254876324
13415,130476065,431260,432353,2,2,18/11/2013,1939,3,1,4,1,1,3,2,22,1,53.7863423032,-1.5254876324
13416,130476109,427325,437199,2,1,18/11/2013,1514,3,2,1,1,1,3,1,22,1,53.8301233159,-1.58478705286
13417,130476711,424254,433948,2,2,19/11/2013,810,3,1,1,1,1,3,1,39,9,53.8010531439,-1.63170713466
13418,130476711,424254,433948,2,2,19/11/2013,810,3,1,1,1,1,3,2,22,9,53.8010531439,-1.63170713466
13419,130477406,434836,437977,2,1,19/11/2013,1725,3,1,4,1,1,3,1,45,5,53.8366671715,-1.47057137833
13420,130478375,421018,441084,1,1,20/11/2013,1030,6,1,1,1,2,3,2,88,11,53.8653381851,-1.68035631388
13421,130478476,430058,438640,2,1,20/11/2013,1156,4,1,1,1,2,3,1,25,9,53.8429250831,-1.5431185859
13422,130478549,428191,432825,2,1,20/11/2013,1212,4,1,1,1,1,3,1,33,9,53.7907602919,-1.57202894728
13423,130478573,417948,443070,2,1,19/11/2013,840,3,2,1,1,1,3,1,41,1,53.8833051911,-1.72692825279
13424,130478627,423301,434732,2,2,20/11/2013,830,6,2,1,1,1,3,1,51,9,53.8081439504,-1.64611862911
13425,130478627,423301,434732,2,2,20/11/2013,830,6,2,1,1,2,3,2,43,9,53.8081439504,-1.64611862911
13426,130478953,422039,434378,2,2,20/11/2013,1340,4,1,1,1,1,3,1,31,9,53.8050169133,-1.66531008958
13427,130478953,422039,434378,2,2,20/11/2013,1340,4,1,1,1,2,3,2,28,9,53.8050169133,-1.66531008958
13428,130479055,429031,436313,2,1,20/11/2013,1758,6,1,1,1,1,2,1,30,1,53.8220668112,-1.55894826369
13429,130479516,441828,439883,2,1,21/11/2013,730,3,1,1,1,1,3,2,22,9,53.8532831321,-1.36405576656
13430,130479613,431652,434085,2,1,20/11/2013,840,6,2,1,2,2,3,2,22,8,53.8018870435,-1.51935952463
13431,130479881,430626,440561,2,1,01/11/2013,703,6,2,4,1,1,3,1,15,1,53.8601590697,-1.5342936581
13432,130479887,430331,433897,2,1,19/10/2013,2245,6,1,1,1,2,3,2,22,8,53.8002758713,-1.53943690102
13433,130480025,440691,445811,1,1,21/11/2013,1115,3,1,1,1,2,3,2,88,9,53.9066565152,-1.38055425988
13434,130480213,425149,437877,2,1,21/11/2013,1410,3,1,1,1,1,3,1,69,1,53.8363275672,-1.61779580854
13435,130480454,427020,433104,1,1,21/11/2013,1618,4,1,1,1,3,3,2,18,9,53.7933302865,-1.58978106196
13436,130480986,431915,430500,2,1,21/10/2013,915,3,2,1,2,1,3,1,30,9,53.7696464484,-1.51573720746
13437,130481380,430531,433390,1,3,22/11/2013,1240,6,1,1,1,2,3,2,66,11,53.795706891,-1.53645035633
13438,130481380,430531,433390,1,3,22/11/2013,1240,6,1,1,1,2,3,2,41,11,53.795706891,-1.53645035633
13439,130481380,430531,433390,1,3,22/11/2013,1240,6,1,1,1,2,3,2,2,11,53.795706891,-1.53645035633
13440,130482122,441292,447953,2,2,22/11/2013,1535,6,1,1,1,1,2,1,55,9,53.9258618974,-1.37111650304
13441,130482122,441292,447953,2,2,22/11/2013,1535,6,1,1,1,1,2,2,50,9,53.9258618974,-1.37111650304
13442,130482268,430684,434520,2,2,22/11/2013,2215,6,2,4,1,1,3,2,65,9,53.8058551339,-1.53401485568
13443,130482268,430684,434520,2,2,22/11/2013,2215,6,2,4,1,1,3,1,33,10,53.8058551339,-1.53401485568
13444,130482609,427652,436671,1,1,23/11/2013,1015,6,1,1,1,3,2,1,34,9,53.8253599697,-1.57986581058
13445,130482789,428977,433905,2,3,23/11/2013,1025,6,1,1,1,1,3,1,32,9,53.8004249681,-1.55999536853
13446,130482789,428977,433905,2,3,23/11/2013,1025,6,1,1,1,1,3,2,27,9,53.8004249681,-1.55999536853
13447,130482789,428977,433905,2,3,23/11/2013,1025,6,1,1,1,2,3,2,1,9,53.8004249681,-1.55999536853
13448,130482871,428074,426251,2,1,01/11/2013,1450,3,1,1,1,1,3,1,66,9,53.731674116,-1.57440300201
13449,130483028,425489,434266,2,1,23/11/2013,1607,3,1,1,1,1,3,2,32,9,53.8038525323,-1.6129280046
13450,130483168,433452,434053,1,1,23/11/2013,1900,3,1,6,1,3,3,1,51,9,53.8014867608,-1.49203087624
13451,130483247,432605,428323,1,1,23/11/2013,1800,3,1,4,1,2,3,1,26,9,53.7500352284,-1.5054978446
13452,130483251,430007,433379,1,1,23/11/2013,1730,6,1,4,1,2,3,2,77,11,53.7956385007,-1.54440699709
13453,130483548,430534,433295,2,1,24/11/2013,315,6,1,1,1,1,3,1,23,9,53.7948527863,-1.53641422608
13454,130483930,426642,433087,2,3,24/11/2013,1220,4,1,1,1,1,3,1,70,9,53.7931969691,-1.59552118767
13455,130483930,426642,433087,2,3,24/11/2013,1220,4,1,1,1,1,3,1,27,9,53.7931969691,-1.59552118767
13456,130483930,426642,433087,2,3,24/11/2013,1220,4,1,1,1,2,3,2,48,9,53.7931969691,-1.59552118767
13457,130483957,428461,431345,2,2,24/11/2013,1105,3,2,1,1,1,3,2,68,9,53.7774422028,-1.5680668243
13458,130483957,428461,431345,2,2,24/11/2013,1105,3,2,1,1,1,3,2,27,9,53.7774422028,-1.5680668243
13459,130484153,420973,439975,2,1,24/11/2013,1513,4,2,1,1,1,3,2,80,9,53.8553714487,-1.68111647163
13460,130485086,431741,431417,2,2,25/11/2013,1005,3,1,1,1,1,2,1,28,3,53.7778997496,-1.51828292835
13461,130485086,431741,431417,2,2,25/11/2013,1005,3,1,1,1,1,2,1,44,1,53.7778997496,-1.51828292835
13462,130485915,428913,435403,1,1,25/11/2013,1635,6,1,1,1,3,3,1,28,9,53.8138936545,-1.56082644556
13463,130486645,431364,428286,2,1,26/11/2013,1105,6,1,1,1,1,3,2,20,9,53.7497788092,-1.52432243995
13464,130486754,427127,434789,2,1,26/11/2013,927,3,2,1,1,1,3,1,27,1,53.8084708068,-1.58800818979
13465,130486899,443239,445798,2,1,26/11/2013,1255,6,2,1,1,1,2,2,61,1,53.9063333175,-1.34177021565
13466,130487000,423974,434819,2,1,25/11/2013,1320,6,1,1,1,1,2,2,16,2,53.8088953871,-1.63589096335