Col.Number,Reference.Number,Easting,Northing,Number.of.Vehicles,Number.of.Casualties,Accident.Date,Time..24hr.,X1st.Road.Class,Road.Surface,Lighting.Conditions,Weather.Conditions,Casualty.Class,Casualty.Severity,Sex.of.Casualty,Age.of.Casualty,Type.of.Vehicle,Latitude,Longitude
13467,130488160,430234,435112,2,1,26/11/2013,1730,6,1,4,1,1,3,1,38,1,53.8112028039,-1.54079042312
13468,130488925,424617,435619,2,1,25/11/2013,1720,6,1,1,1,1,3,1,17,3,53.8160563859,-1.62606152261
13469,130488980,428886,425985,1,1,27/11/2013,1625,3,1,4,1,1,3,1,41,4,53.7292387356,-1.56211845895
13470,130488991,429081,433725,1,1,20/11/2013,1915,6,1,1,1,3,3,2,19,9,53.7988011906,-1.55843321784
13471,130489051,431304,429221,2,2,27/11/2013,1755,6,2,4,1,1,3,2,28,9,53.758186917,-1.52513760432
13472,130489051,431304,429221,2,2,27/11/2013,1755,6,2,4,1,1,3,2,39,9,53.758186917,-1.52513760432
13473,130489063,431762,434914,2,1,27/11/2013,1925,6,1,4,1,1,3,1,25,1,53.8093319563,-1.51760369024
13474,130489324,429177,438565,2,1,27/11/2013,2055,3,2,4,1,1,3,1,82,9,53.8423011713,-1.5565164561
13475,130489581,429858,426996,2,1,28/11/2013,820,3,2,1,1,1,2,1,34,1,53.7382716999,-1.54728682009
13476,130490312,430182,434363,2,1,28/11/2013,1601,2,2,1,1,1,3,1,37,5,53.8044732807,-1.54165364233
13477,130490436,430817,433935,2,1,23/11/2013,1720,6,1,4,1,1,3,1,63,1,53.8005888776,-1.53205366759
13478,130490471,432099,435561,1,1,28/11/2013,1735,6,1,4,1,3,3,1,11,9,53.8151269304,-1.51241809989
13479,130491051,426273,435798,2,1,29/11/2013,755,3,2,1,1,1,2,1,43,1,53.8175843251,-1.6008918262
13480,130491088,430400,433724,1,1,29/11/2013,750,6,2,1,1,2,3,2,46,11,53.7987167951,-1.53840628099
13481,130491799,425655,427968,1,1,29/11/2013,1520,3,1,1,1,3,3,1,11,9,53.7472326621,-1.61093112928
13482,130491856,423896,437277,1,1,29/11/2013,855,6,1,1,1,3,3,2,6,9,53.8309934464,-1.6368846098
13483,130491901,422024,434371,2,1,28/11/2013,1240,4,1,1,1,1,3,1,21,1,53.8049546267,-1.66553837993
13484,130493182,419291,442232,2,5,30/11/2013,1752,6,1,4,1,1,3,1,40,9,53.8757243827,-1.70654807058
13485,130493182,419291,442232,2,5,30/11/2013,1752,6,1,4,1,2,3,1,68,9,53.8757243827,-1.70654807058
13486,130493182,419291,442232,2,5,30/11/2013,1752,6,1,4,1,2,3,2,66,9,53.8757243827,-1.70654807058
13487,130493182,419291,442232,2,5,30/11/2013,1752,6,1,4,1,2,3,2,35,9,53.8757243827,-1.70654807058
13488,130493182,419291,442232,2,5,30/11/2013,1752,6,1,4,1,2,3,2,66,9,53.8757243827,-1.70654807058
13489,130494815,430396,430953,2,1,02/12/2013,820,1,1,1,1,1,3,2,25,9,53.7738092332,-1.53874029969
13490,130495017,427575,438583,3,2,02/12/2013,940,3,1,1,1,1,3,2,33,9,53.8425504905,-1.58086412502
13491,130495017,427575,438583,3,2,02/12/2013,940,3,1,1,1,1,3,1,33,19,53.8425504905,-1.58086412502
13492,130495698,427915,439808,1,1,29/11/2013,1456,6,1,1,1,1,2,1,39,1,53.8535434747,-1.57558496403
13493,130496085,426235,431665,2,1,02/12/2013,1830,3,1,4,1,1,3,2,24,9,53.7804355582,-1.60182114383
13494,130496408,423594,435097,1,1,03/12/2013,720,6,1,1,1,2,3,2,76,11,53.8114116586,-1.64164083742
13495,130497214,440453,447694,2,1,03/12/2013,1529,3,1,1,1,1,3,1,68,1,53.9236001514,-1.38392805906
13496,130497375,429439,431269,1,1,03/12/2013,1620,6,1,1,1,3,3,1,56,9,53.7767046727,-1.55323212961
13497,130497410,438930,433960,2,1,03/12/2013,1740,1,1,6,1,1,3,2,51,9,53.8002696932,-1.40886365409
13498,130497586,425484,434281,2,2,03/12/2013,1950,3,1,1,1,1,3,1,36,9,53.8039876093,-1.61300269031
13499,130497586,425484,434281,2,2,03/12/2013,1950,3,1,1,1,2,3,1,20,9,53.8039876093,-1.61300269031
13500,130497828,423869,437662,2,1,03/12/2013,1320,3,1,1,1,1,3,1,43,9,53.8344553679,-1.63726498305
13501,130498497,433569,432125,1,2,04/12/2013,835,3,1,1,1,1,3,1,34,21,53.7841490773,-1.49046438401
13502,130498497,433569,432125,1,2,04/12/2013,835,3,1,1,1,2,2,1,33,21,53.7841490773,-1.49046438401
13503,130498821,430206,435177,3,2,04/12/2013,1610,6,1,4,1,2,3,2,78,9,53.811788697,-1.54120930638
13504,130498821,430206,435177,3,2,04/12/2013,1610,6,1,4,1,2,3,1,22,9,53.811788697,-1.54120930638
13505,130499367,422111,438658,3,1,04/12/2013,1100,3,1,1,1,1,3,1,71,9,53.8434860024,-1.66390893972
13506,130499578,427645,427947,1,1,04/12/2013,1538,6,2,1,1,3,3,2,34,9,53.746942142,-1.58075467839
13507,130499860,443418,438572,3,1,05/12/2013,750,3,1,1,1,1,3,2,43,9,53.841368884,-1.34006883845
13508,130499912,425149,433326,2,1,04/12/2013,1933,4,1,4,1,1,3,1,47,1,53.7954196012,-1.61816782955
13509,130499920,430441,436612,2,1,05/12/2013,1110,4,1,1,1,1,3,1,35,1,53.8246737619,-1.53749807554
13510,130500451,434777,435050,1,1,05/12/2013,1710,6,1,1,1,3,3,1,2,9,53.8103615152,-1.47179902227
13511,130500592,429853,433527,1,1,04/12/2013,1800,6,1,1,1,2,3,2,65,11,53.7969776926,-1.5467307373
13512,130500903,430004,438650,1,1,06/12/2013,520,6,1,1,1,3,3,1,24,9,53.8430180921,-1.54393838004
13513,130500906,431041,433544,2,1,02/12/2013,500,6,1,4,1,1,3,1,41,1,53.7970609744,-1.52869183499
13514,130501896,425620,438009,2,1,06/12/2013,1635,3,2,1,1,1,1,1,17,3,53.8374910673,-1.6106269177
13515,130502050,426768,438351,2,2,06/12/2013,1655,3,2,4,1,1,2,2,47,9,53.8405073252,-1.5931502754
13516,130502050,426768,438351,2,2,06/12/2013,1655,3,2,4,1,1,3,1,36,9,53.8405073252,-1.5931502754
13517,130502057,422860,439492,1,1,06/12/2013,1930,6,2,6,2,1,3,2,22,9,53.8509502125,-1.65246214836
13518,130502432,436281,436920,1,1,07/12/2013,643,3,2,4,1,1,3,1,24,9,53.8270673721,-1.4487365057
13519,130502700,429452,434904,1,1,06/12/2013,1903,3,2,4,1,3,3,2,18,9,53.8093780311,-1.55268734362
13520,130502721,433188,427621,1,1,06/12/2013,1520,3,1,1,1,3,3,2,12,8,53.7436883296,-1.49673158882
13521,130502763,429991,430309,2,1,07/12/2013,1115,6,2,1,1,1,2,1,12,1,53.7680439504,-1.54494857428
13522,130503070,426986,433433,2,1,07/12/2013,1616,6,2,4,1,2,3,2,27,9,53.7962893622,-1.59026841521
13523,130503104,441253,448422,5,1,07/12/2013,1725,3,2,6,1,2,3,2,23,9,53.9300805077,-1.37164712453
13524,130503155,430654,434685,1,1,07/12/2013,1840,3,2,4,1,3,2,1,23,9,53.807340039,-1.53445400553
13525,130503188,420341,439779,2,1,29/11/2013,1830,3,1,1,1,2,2,2,72,9,53.8536347921,-1.69073853461
13526,130503589,430252,433225,1,1,08/12/2013,425,6,1,4,1,3,2,1,21,9,53.7942400484,-1.54070244388
13527,130503660,438429,440483,2,2,08/12/2013,906,6,2,1,1,1,3,2,54,9,53.8589389203,-1.41565523691
13528,130503660,438429,440483,2,2,08/12/2013,906,6,2,1,1,2,3,1,59,9,53.8589389203,-1.41565523691
13529,130503797,427569,436871,2,1,01/12/2013,1140,3,1,1,1,1,3,1,22,1,53.8271621253,-1.58110891109
13530,130503805,430816,433877,2,2,08/12/2013,1100,3,2,1,1,1,3,2,37,9,53.8000675917,-1.53207465582
13531,130503805,430816,433877,2,2,08/12/2013,1100,3,2,1,1,2,3,1,18,9,53.8000675917,-1.53207465582
13532,130505596,432231,433625,1,1,09/12/2013,1545,3,1,1,1,2,3,2,46,11,53.7977166948,-1.51061581559
13533,130505775,428006,435409,2,3,09/12/2013,1714,6,1,4,1,1,3,1,21,9,53.8139972337,-1.57460233651
13534,130505775,428006,435409,2,3,09/12/2013,1714,6,1,4,1,2,3,1,21,9,53.8139972337,-1.57460233651
13535,130505775,428006,435409,2,3,09/12/2013,1714,6,1,4,1,2,3,1,20,9,53.8139972337,-1.57460233651
13536,130505914,430417,437823,2,1,09/12/2013,1835,6,1,4,1,1,3,2,31,9,53.8355604489,-1.53774287178
13537,130506286,436117,435542,2,1,07/12/2013,1300,3,1,1,1,1,3,1,42,9,53.8146925516,-1.45139005969
13538,130506865,432093,436572,2,1,10/12/2013,1230,6,1,1,1,1,3,1,52,9,53.8242148308,-1.51240374879
13539,130507326,419934,442843,2,2,08/12/2013,1340,6,1,1,1,1,3,1,22,9,53.8811922092,-1.6967272561
13540,130507326,419934,442843,2,2,08/12/2013,1340,6,1,1,1,1,3,1,41,9,53.8811922092,-1.6967272561
13541,130507489,419512,442493,1,1,10/12/2013,1615,6,1,6,1,1,3,1,54,9,53.8780621873,-1.70316968529
13542,130507752,434999,438392,2,2,10/12/2013,1100,3,1,1,1,1,3,1,80,9,53.8403864699,-1.46804698792
13543,130507752,434999,438392,2,2,10/12/2013,1100,3,1,1,1,1,3,2,82,9,53.8403864699,-1.46804698792
13544,130508459,427913,441534,2,2,10/12/2013,1954,6,1,6,1,1,3,2,23,9,53.8690580285,-1.57545834235
13545,130508459,427913,441534,2,2,10/12/2013,1954,6,1,6,1,1,3,2,42,9,53.8690580285,-1.57545834235
13546,130508944,430510,433452,1,1,11/12/2013,1752,6,1,4,1,3,3,2,49,19,53.7962654236,-1.53676304494
13547,130509298,433952,432959,2,1,11/12/2013,905,6,2,1,7,1,3,2,30,9,53.791620781,-1.48455929541
13548,130509374,429936,434301,3,1,12/12/2013,710,3,1,4,1,1,3,1,48,9,53.8039301974,-1.54539531733
13549,130509787,429762,430595,1,1,07/12/2013,1110,3,1,1,1,3,3,2,25,9,53.7706278775,-1.54839546687
13550,130509987,432375,434921,2,1,12/12/2013,1335,4,1,1,1,1,2,1,53,5,53.8093570743,-1.50829317941
13551,130510475,419495,433634,2,2,12/12/2013,1622,6,2,4,1,1,3,1,22,19,53.7984307613,-1.70399042642
13552,130510475,419495,433634,2,2,12/12/2013,1622,6,2,4,1,2,3,1,22,19,53.7984307613,-1.70399042642
13553,130510495,427278,431530,1,1,12/12/2013,1835,3,2,4,1,3,3,1,31,9,53.77916846,-1.58600351495
13554,130510738,434178,428678,1,1,13/12/2013,125,6,2,4,8,1,2,1,40,9,53.7531254339,-1.48160278117
13555,130510957,432394,434894,2,1,12/12/2013,1715,4,1,1,1,1,3,2,26,9,53.8091131971,-1.50800746366
13556,130511558,430009,433379,2,1,04/12/2013,830,6,1,1,1,1,3,1,32,1,53.7956383854,-1.54437663236
13557,130511872,420872,434421,3,1,13/12/2013,1815,3,2,4,1,1,3,2,24,9,53.8054515768,-1.68302922868
13558,130511907,419121,443415,2,3,13/12/2013,1640,6,2,6,1,1,3,1,19,9,53.8863643943,-1.70906023408
13559,130511907,419121,443415,2,3,13/12/2013,1640,6,2,6,1,1,3,1,66,90,53.8863643943,-1.70906023408
13560,130511907,419121,443415,2,3,13/12/2013,1640,6,2,6,1,2,3,1,62,9,53.8863643943,-1.70906023408
13561,130511915,427975,436062,2,2,13/12/2013,1720,3,2,4,2,1,3,1,23,8,53.819868548,-1.57501381594
13562,130511915,427975,436062,2,2,13/12/2013,1720,3,2,4,2,2,3,2,39,8,53.819868548,-1.57501381594
13563,130511921,436194,427311,1,1,13/12/2013,1445,3,2,1,2,3,3,1,12,9,53.7407017823,-1.45118661395
13564,130512003,427125,435703,3,1,13/12/2013,1750,6,2,4,1,1,3,1,37,9,53.8166866365,-1.58795799478
13565,130512361,428878,440027,2,3,13/12/2013,2117,6,1,6,1,1,3,1,27,9,53.8554593208,-1.5609235328
13566,130512361,428878,440027,2,3,13/12/2013,2117,6,1,6,1,1,3,1,28,9,53.8554593208,-1.5609235328
13567,130512361,428878,440027,2,3,13/12/2013,2117,6,1,6,1,2,3,1,42,9,53.8554593208,-1.5609235328
13568,130512910,429918,428008,1,1,14/12/2013,1255,6,1,1,1,3,3,1,17,9,53.7473649401,-1.54627913895
13569,130513023,427853,436269,2,1,14/12/2013,1540,3,1,1,1,1,3,1,22,1,53.8217357672,-1.57684839436
13570,130513265,437436,444488,2,1,14/12/2013,1915,3,2,6,1,1,3,2,27,9,53.8950102276,-1.4302646519
13571,130514283,434194,428418,1,1,15/12/2013,1535,6,2,1,1,2,3,1,2,9,53.7507873186,-1.48138889732
13572,130514349,430801,435340,3,2,15/12/2013,1800,6,2,4,1,1,3,1,36,9,53.8132189485,-1.53215602675
13573,130514349,430801,435340,3,2,15/12/2013,1800,6,2,4,1,2,3,2,63,9,53.8132189485,-1.53215602675
13574,130514439,428445,433335,2,2,14/12/2013,2318,3,2,4,1,1,3,1,29,9,53.7953307395,-1.56812597328
13575,130514439,428445,433335,2,2,14/12/2013,2318,3,2,4,1,1,3,2,30,9,53.7953307395,-1.56812597328
13576,130514486,432252,434607,1,1,15/12/2013,1700,6,1,1,1,3,2,1,41,9,53.8065422753,-1.51019411188
13577,130514780,434502,437173,1,3,15/12/2013,2145,3,1,1,1,1,3,1,17,9,53.8294626399,-1.47573744835
13578,130514780,434502,437173,1,3,15/12/2013,2145,3,1,1,1,2,3,1,17,9,53.8294626399,-1.47573744835
13579,130514780,434502,437173,1,3,15/12/2013,2145,3,1,1,1,2,3,1,17,9,53.8294626399,-1.47573744835
13580,130515518,427195,428037,2,2,11/12/2013,750,6,1,1,1,1,3,2,43,9,53.7477748134,-1.58757095424
13581,130515518,427195,428037,2,2,11/12/2013,750,6,1,1,1,2,3,2,17,9,53.7477748134,-1.58757095424
13582,130515887,438891,426862,2,1,16/12/2013,1530,3,1,1,1,1,3,1,42,9,53.7364716664,-1.4103505182
13583,130516006,436592,428623,3,3,16/12/2013,1738,3,2,4,1,1,3,1,64,9,53.752467131,-1.44499661177
13584,130516006,436592,428623,3,3,16/12/2013,1738,3,2,4,1,1,3,2,47,9,53.752467131,-1.44499661177
13585,130516006,436592,428623,3,3,16/12/2013,1738,3,2,4,1,1,3,1,45,19,53.752467131,-1.44499661177
13586,130516096,432961,434202,1,1,16/12/2013,1945,4,1,4,1,3,3,1,32,9,53.8028574163,-1.49947045279
13587,130516425,429999,435560,2,1,17/12/2013,615,6,1,1,1,1,3,2,48,9,53.8152433549,-1.5443159223
13588,130516558,421724,433739,2,1,17/12/2013,910,6,1,1,1,1,3,2,55,9,53.7992862859,-1.67013875634
13589,130516883,434742,428891,1,1,17/12/2013,957,6,2,1,1,3,2,1,83,9,53.7550027284,-1.47302470294
13590,130517390,420697,440893,1,1,16/12/2013,1710,6,1,1,1,3,2,1,16,9,53.8636342301,-1.68525091688
13591,130517852,426545,432011,2,1,18/12/2013,730,6,2,4,2,1,3,1,29,1,53.7835299726,-1.59708648722
13592,130518278,430799,434514,2,1,17/12/2013,1500,3,1,1,1,1,3,2,42,9,53.8057944042,-1.53226906279
13593,130518305,420355,436845,1,1,16/12/2013,750,6,2,1,2,3,2,2,58,9,53.8272610511,-1.69072009315
13594,130518391,424903,434736,2,2,17/12/2013,1830,6,1,4,1,1,2,1,22,2,53.8081056582,-1.621788672
13595,130518391,424903,434736,2,2,17/12/2013,1830,6,1,4,1,1,3,2,56,9,53.8081056582,-1.621788672
13596,130518475,432009,433575,1,2,18/12/2013,710,3,2,4,1,1,3,1,57,4,53.7972809669,-1.51399164796
13597,130518475,432009,433575,1,2,18/12/2013,710,3,2,4,1,3,3,1,15,4,53.7972809669,-1.51399164796
13598,130518805,430065,433785,1,1,18/12/2013,1620,6,2,4,4,2,3,2,40,11,53.799284576,-1.54348678842
13599,130518861,430372,433492,1,1,11/12/2013,1015,6,1,1,1,3,3,2,51,11,53.7966330471,-1.53885429619
13600,130519042,428714,433181,3,1,18/12/2013,1940,3,2,1,1,1,2,1,20,5,53.7939316944,-1.56405629125
13601,130519472,428680,434930,2,2,19/12/2013,850,6,2,1,4,1,3,1,35,9,53.8096548889,-1.56440956532
13602,130519472,428680,434930,2,2,19/12/2013,850,6,2,1,4,2,3,2,4,9,53.8096548889,-1.56440956532
13603,130519504,442114,445166,1,1,19/12/2013,840,6,1,1,1,3,3,1,11,9,53.9007453698,-1.35898192996
13604,130519652,431140,431905,1,1,19/12/2013,905,3,2,1,1,3,3,2,35,9,53.7823225471,-1.52735436797
13605,130519685,427125,435703,2,1,29/10/2013,950,4,1,1,1,1,3,1,51,9,53.8166866365,-1.58795799478
13606,130519769,434452,430601,2,1,19/12/2013,730,3,1,4,1,1,3,1,19,9,53.7703926471,-1.47723241517
13607,130519940,430239,436880,2,1,19/12/2013,730,6,1,1,1,1,3,2,26,9,53.8270945208,-1.54054067339
13608,130520133,428906,435509,2,1,18/12/2013,1740,3,2,4,2,1,3,1,24,9,53.8148468485,-1.56092281002
13609,130520462,426988,433436,2,1,19/12/2013,1705,6,2,4,2,2,3,1,40,9,53.7963162248,-1.59023778698
13610,130520465,430141,432823,2,1,19/12/2013,1755,3,2,4,5,1,2,1,17,1,53.7906330192,-1.54242695805
13611,130520689,435077,435122,2,1,19/12/2013,2247,6,1,1,1,1,3,1,31,9,53.8109885445,-1.46723456367
13612,130520810,429392,444560,1,1,01/12/2013,105,6,1,1,1,1,3,1,24,9,53.8961758991,-1.55267402648
13613,130521320,433489,432136,1,1,20/12/2013,810,3,4,1,1,1,3,1,49,1,53.7842531062,-1.4916774366
13614,130521615,432284,435047,1,1,20/12/2013,1250,4,1,1,1,3,3,1,50,11,53.8104953037,-1.5096620012
13615,130521700,427993,433604,1,1,20/12/2013,500,6,1,7,1,2,3,2,18,8,53.7977732337,-1.57496393033
13616,130522001,431349,435057,2,1,20/12/2013,1720,3,1,1,1,1,3,1,46,1,53.8106423998,-1.52386146367
13617,130522028,429029,429909,2,1,20/12/2013,1630,3,2,1,1,2,3,1,24,8,53.7645029424,-1.55958208266
13618,130522494,432584,438680,5,1,20/12/2013,2225,6,2,4,1,1,3,2,45,9,53.8431322985,-1.50472067739
13619,130522541,420471,441133,1,1,20/12/2013,1305,6,1,1,1,3,3,1,12,9,53.8658005009,-1.68867173304
13620,130522839,428747,430854,2,2,20/12/2013,1000,6,1,1,1,1,3,2,30,9,53.7730129951,-1.5637723018
13621,130522839,428747,430854,2,2,20/12/2013,1000,6,1,1,1,1,3,2,19,9,53.7730129951,-1.5637723018
13622,130522982,431504,430600,2,1,20/12/2013,1145,6,1,1,1,1,3,1,27,9,53.7705703483,-1.52196307052
13623,130523274,432120,427370,2,2,21/12/2013,1730,1,1,4,1,1,3,2,24,9,53.7414990523,-1.51295235518
13624,130523274,432120,427370,2,2,21/12/2013,1730,1,1,4,1,2,3,2,24,9,53.7414990523,-1.51295235518
13625,130523427,427293,433602,2,1,21/12/2013,1820,6,2,4,5,1,3,1,39,10,53.7977924511,-1.58559235635
13626,130523976,434804,428893,2,2,22/12/2013,1003,6,1,1,1,1,3,1,66,9,53.7550165681,-1.47208409
13627,130523976,434804,428893,2,2,22/12/2013,1003,6,1,1,1,1,3,2,60,9,53.7550165681,-1.47208409
13628,130524020,430354,433430,1,1,21/12/2013,1630,6,1,1,1,3,3,1,32,8,53.7960767967,-1.53913369488
13629,130524024,427996,435189,2,1,22/12/2013,1047,6,2,1,1,1,3,1,47,9,53.8120202489,-1.57477424334
13630,130524260,428054,434298,2,1,21/12/2013,1400,3,2,1,2,2,3,2,25,9,53.8040081472,-1.57397452878
13631,130524404,430724,433756,1,1,22/12/2013,1705,3,2,4,1,3,3,2,22,9,53.7989853994,-1.53348364995
13632,130524463,430332,432722,3,1,22/12/2013,1643,6,2,4,5,2,3,2,30,9,53.7897140588,-1.53953741618
13633,130524760,424724,437892,2,1,22/12/2013,2024,6,1,1,1,1,3,1,24,3,53.8364827989,-1.62425342302
13634,130524841,431135,430060,2,1,23/12/2013,535,6,1,1,1,1,3,1,23,1,53.765738615,-1.52761650165
13635,130525174,421951,436520,2,1,23/12/2013,630,3,2,4,1,1,3,1,29,1,53.8242747209,-1.66649363458
13636,130525471,431025,434504,1,1,23/12/2013,1050,6,2,1,5,2,3,2,61,11,53.8056910845,-1.52883803484
13637,130525623,426320,438426,2,1,23/12/2013,1459,6,1,1,1,1,3,2,42,9,53.841204374,-1.59995286537
13638,130525644,427487,434588,1,1,23/12/2013,1445,6,2,1,5,3,3,1,32,9,53.8066451624,-1.58255879116
13639,130526581,431492,435899,2,1,24/12/2013,809,6,1,1,1,1,3,2,61,9,53.8182022232,-1.52160343635
13640,130526621,430416,433774,1,1,24/12/2013,1135,6,1,1,4,3,3,2,22,8,53.7991652959,-1.53815840744
13641,130526706,428723,437080,2,1,24/12/2013,1004,4,1,1,1,1,3,1,20,1,53.8289782638,-1.56355573481
13642,130526735,430705,439071,2,1,24/12/2013,1040,3,1,1,1,1,2,1,26,1,53.8467613421,-1.53324145482
13643,130527345,423018,437653,2,1,23/12/2013,1828,3,2,4,5,1,3,1,41,1,53.8344128691,-1.65019795615
13644,130528017,431225,429831,2,3,25/12/2013,1045,6,1,1,1,1,3,2,26,9,53.7636748022,-1.52627423399
13645,130528017,431225,429831,2,3,25/12/2013,1045,6,1,1,1,2,3,2,32,9,53.7636748022,-1.52627423399
13646,130528017,431225,429831,2,3,25/12/2013,1045,6,1,1,1,2,3,2,10,9,53.7636748022,-1.52627423399
13647,130528203,418517,441368,2,2,26/12/2013,1425,4,1,1,1,1,3,2,52,9,53.8679862705,-1.71837406647
13648,130528203,418517,441368,2,2,26/12/2013,1425,4,1,1,1,2,3,2,6,9,53.8679862705,-1.71837406647
13649,130528861,427819,436890,2,6,27/12/2013,1150,6,1,1,1,1,3,2,31,9,53.8273195883,-1.57730873537
13650,130528861,427819,436890,2,6,27/12/2013,1150,6,1,1,1,1,3,1,26,9,53.8273195883,-1.57730873537
13651,130528861,427819,436890,2,6,27/12/2013,1150,6,1,1,1,2,3,1,30,9,53.8273195883,-1.57730873537
13652,130528861,427819,436890,2,6,27/12/2013,1150,6,1,1,1,2,3,1,22,9,53.8273195883,-1.57730873537
13653,130528861,427819,436890,2,6,27/12/2013,1150,6,1,1,1,2,3,1,3,9,53.8273195883,-1.57730873537
13654,130528861,427819,436890,2,6,27/12/2013,1150,6,1,1,1,2,3,1,30,9,53.8273195883,-1.57730873537
13655,130528890,430215,434366,2,1,23/12/2013,1200,3,1,1,1,1,3,2,62,9,53.8044983308,-1.54115222485
13656,130528955,428576,432992,2,1,26/12/2013,1245,3,1,1,1,1,3,2,24,9,53.7922404157,-1.56616890918
13657,130529197,421702,435067,2,1,26/12/2013,1830,4,2,4,1,2,3,2,8,9,53.8112244014,-1.67037918424
13658,130529264,424774,435621,2,2,01/12/2013,1535,6,2,1,1,1,3,2,44,9,53.8160669057,-1.62367654819
13659,130529264,424774,435621,2,2,01/12/2013,1535,6,2,1,1,2,3,2,43,9,53.8160669057,-1.62367654819
13660,130529733,428836,430244,2,1,28/12/2013,605,6,1,1,1,1,3,1,72,9,53.7675249106,-1.56247881251
13661,130529984,431512,435136,1,1,28/12/2013,1255,3,2,1,1,3,3,1,15,9,53.811342653,-1.52137777362
13662,130530056,433926,436542,3,2,28/12/2013,1200,3,1,1,1,1,3,1,46,9,53.8238287548,-1.48455908043
13663,130530056,433926,436542,3,2,28/12/2013,1200,3,1,1,1,1,3,1,47,9,53.8238287548,-1.48455908043
13664,130530179,430414,433717,1,1,27/12/2013,1300,6,1,1,1,2,3,2,76,11,53.7986530558,-1.53819440383
13665,130530379,430643,435609,3,2,28/12/2013,1727,6,1,1,1,1,3,1,21,9,53.8156462424,-1.53452904947
13666,130530379,430643,435609,3,2,28/12/2013,1727,6,1,1,1,1,3,2,42,9,53.8156462424,-1.53452904947
13667,130530744,433737,428929,2,1,29/12/2013,240,6,1,1,1,1,3,1,40,9,53.7554103414,-1.4882639618
13668,130530777,429796,433922,2,2,28/12/2013,1300,6,1,1,1,1,3,1,53,9,53.8005315092,-1.54755794389
13669,130530777,429796,433922,2,2,28/12/2013,1300,6,1,1,1,2,3,2,51,9,53.8005315092,-1.54755794389
13670,130531102,414747,442825,2,1,29/12/2013,1235,6,1,1,1,1,3,2,57,9,53.8812038314,-1.77564154118
13671,130531409,432364,433658,1,1,29/12/2013,1,6,1,1,1,3,3,2,36,9,53.7980050644,-1.50859300422
13672,130532265,430233,435115,1,1,30/12/2013,1145,6,2,1,2,3,2,2,36,9,53.8112298281,-1.54080531637
13673,130532381,428931,431069,2,2,30/12/2013,1308,6,2,1,5,1,3,1,32,9,53.7749353931,-1.56096007608
13674,130532381,428931,431069,2,2,30/12/2013,1308,6,2,1,5,1,3,2,81,9,53.7749353931,-1.56096007608
13675,130532506,430960,435788,2,1,30/12/2013,1245,6,2,1,9,1,3,1,58,9,53.8172364357,-1.52969594424
13676,130532631,436095,434825,2,1,30/12/2013,1605,3,1,1,1,1,3,1,21,1,53.8082492668,-1.45180831688
13677,130532824,431893,434948,3,4,30/12/2013,1800,6,2,4,2,1,3,1,25,9,53.8096295534,-1.51561063753
13678,130532824,431893,434948,3,4,30/12/2013,1800,6,2,4,2,2,3,1,30,9,53.8096295534,-1.51561063753
13679,130532824,431893,434948,3,4,30/12/2013,1800,6,2,4,2,2,2,1,22,9,53.8096295534,-1.51561063753
13680,130532824,431893,434948,3,4,30/12/2013,1800,6,2,4,2,2,3,1,32,9,53.8096295534,-1.51561063753
13681,130532892,431962,435823,2,1,30/12/2013,2120,3,2,4,4,1,3,2,48,9,53.8174904003,-1.51447181946
13682,130533519,423421,437620,1,1,31/12/2013,1054,3,2,1,2,3,3,2,49,9,53.8340982281,-1.64407625304
13683,130533671,431886,435006,2,1,31/12/2013,1415,6,1,1,1,2,3,2,31,9,53.8101513258,-1.51571093991
13684,130533794,431836,435979,2,1,31/12/2013,1705,4,2,4,8,1,3,2,27,9,53.8189003631,-1.51636963917
13685,131302816,427804,430028,2,1,07/07/2013,1530,6,1,1,1,1,3,2,27,9,53.7656394436,-1.57815606924
13686,131303091,429855,432306,2,1,26/07/2013,1955,3,1,1,1,1,3,2,24,9,53.7860023247,-1.54681868458
13687,140001146,428370,434666,3,1,19/12/2013,1715,6,1,1,1,1,3,2,36,9,53.8072988658,-1.56914201641
13688,140002242,433138,434006,2,1,22/12/2013,1800,3,1,1,1,2,3,1,55,11,53.8010843924,-1.4968038255
13689,140063774,431575,435201,1,1,15/11/2013,1525,3,2,1,1,3,2,1,13,9,53.8119230953,-1.52041426122
13690,1112091,429175,431904,2,1,01/01/2014,1840,6,2,4,2,1,3,1,58,9,53.7824274038,-1.55717838987
13691,1180869,430429,431025,3,2,08/01/2014,1430,1,2,1,1,1,3,1,69,9,53.7744544962,-1.53823243878
13692,1180869,430429,431025,3,2,08/01/2014,1430,1,2,1,1,1,3,2,41,9,53.7744544962,-1.53823243878