Col.Number,Reference.Number,Easting,Northing,Number.of.Vehicles,Number.of.Casualties,Accident.Date,Time..24hr.,X1st.Road.Class,Road.Surface,Lighting.Conditions,Weather.Conditions,Casualty.Class,Casualty.Severity,Sex.of.Casualty,Age.of.Casualty,Type.of.Vehicle,Latitude,Longitude
13693,11A0238,424660,427582,3,2,10/01/2014,817,1,1,1,1,1,3,1,35,9,53.7438109746,-1.62605117101
13694,11A0238,424660,427582,3,2,10/01/2014,817,1,1,1,1,1,3,1,25,9,53.7438109746,-1.62605117101
13695,11A0628,432917,425961,2,1,10/01/2014,1220,1,1,1,1,1,3,1,20,9,53.7287841641,-1.50101766452
13696,11S1208,432248,427099,3,1,28/01/2014,1828,1,2,4,2,1,3,1,38,9,53.7390551926,-1.51103979743
13697,1211556,426513,435659,1,1,01/08/2014,2000,6,1,1,1,3,3,1,23,9,53.8163227024,-1.59725810994
13698,1221002,424112,428080,1,1,02/02/2014,1531,1,2,1,1,1,3,1,28,9,53.7483130879,-1.63432209028
13699,1270266,430391,430939,4,2,07/02/2014,824,1,1,1,1,1,3,2,23,9,53.7736836824,-1.53881755151
13700,1270266,430391,430939,4,2,07/02/2014,824,1,1,1,1,1,3,1,53,9,53.7736836824,-1.53881755151
13701,12F1262,433137,433635,2,1,25/02/2014,1800,6,2,4,2,1,3,1,34,1,53.7977496618,-1.49685893002
13702,12H1186,426045,427745,1,1,17/02/2014,1728,6,2,4,2,3,3,1,17,9,53.7452087993,-1.60503556809
13703,12H1210,429147,431787,2,1,17/02/2014,1735,6,1,1,1,2,3,1,3,11,53.7813772864,-1.55761442509
13704,12H1381,425059,433376,2,1,17/02/2014,1905,4,2,4,2,2,3,2,56,9,53.7958733847,-1.61953018043
13705,12I0039,430708,439230,1,1,18/02/2014,46,3,1,4,1,1,3,1,26,9,53.8481903584,-1.53317995163
13706,12I0740,432436,434843,2,1,18/02/2014,1320,6,1,1,1,1,3,1,33,1,53.8086521572,-1.50737497806
13707,12I0834,430306,434778,1,1,18/02/2014,1422,6,2,1,1,1,3,1,38,9,53.808196385,-1.53972977792
13708,12I1006,431896,434915,2,3,18/02/2014,1545,6,1,1,1,2,3,1,19,9,53.8093327431,-1.51556849542
13709,12I1006,431896,434915,2,3,18/02/2014,1545,6,1,1,1,1,3,1,56,9,53.8093327431,-1.51556849542
13710,12I1006,431896,434915,2,3,18/02/2014,1545,6,1,1,1,2,3,1,41,9,53.8093327431,-1.51556849542
13711,12I1203,428282,433512,2,1,18/02/2014,1720,6,1,1,1,1,3,1,42,1,53.7969306367,-1.57058443686
13712,12I1281,425763,435423,1,1,18/02/2014,1802,6,1,4,1,3,3,2,23,9,53.8142390586,-1.60867034152
13713,12I1450,429387,434948,2,1,18/02/2014,1944,3,1,4,1,1,3,1,25,1,53.8097772122,-1.55367031977
13714,12I1578,424145,430427,2,1,18/02/2014,2052,3,1,4,1,1,3,1,21,3,53.7694084804,-1.63363806648
13715,12I1769,428836,440130,2,1,18/02/2014,2318,6,1,4,1,1,3,1,16,3,53.8563874877,-1.56155242505
13716,12J0189,426677,431760,2,1,19/02/2014,655,3,1,4,1,1,3,1,23,1,53.7812670322,-1.59510469967
13717,12J0433,429092,429970,2,1,19/02/2014,1028,3,1,1,1,1,3,1,38,4,53.765047744,-1.55862054923
13718,12J0994,429475,439388,2,1,19/02/2014,1550,6,1,1,1,3,3,2,11,9,53.8496820175,-1.55190808606
13719,12J1142,426308,437694,1,1,19/02/2014,1639,6,1,1,1,3,3,2,68,9,53.8346252286,-1.600197931
13720,12J1435,430951,435935,2,1,19/02/2014,1430,6,1,1,1,1,3,1,46,9,53.8185583076,-1.52981786494
13721,12J1654,431884,435515,2,4,19/02/2014,2040,6,1,4,1,1,3,1,25,9,53.8147266814,-1.51568857514
13722,12J1654,431884,435515,2,4,19/02/2014,2040,6,1,4,1,1,3,2,23,9,53.8147266814,-1.51568857514
13723,12J1654,431884,435515,2,4,19/02/2014,2040,6,1,4,1,2,3,1,23,9,53.8147266814,-1.51568857514
13724,12J1654,431884,435515,2,4,19/02/2014,2040,6,1,4,1,2,3,2,22,9,53.8147266814,-1.51568857514
13725,12K0297,422145,428046,2,1,19/02/2014,1725,3,2,4,1,2,3,2,28,9,53.748094756,-1.66415507851
13726,12K0444,421474,445803,2,1,20/02/2014,1053,3,1,1,1,1,3,2,84,9,53.9077373511,-1.67309075267
13727,12K0450,437041,438282,2,1,20/02/2014,1055,6,1,1,1,1,3,1,55,9,53.8392561304,-1.43702531076
13728,12K0781,428776,433265,2,2,20/02/2014,1355,3,1,1,1,1,3,1,36,8,53.7946833247,-1.56310717396
13729,12K0781,428776,433265,2,2,20/02/2014,1355,3,1,1,1,2,3,1,21,8,53.7946833247,-1.56310717396
13730,12K0913,430683,432507,2,1,20/02/2014,1500,6,2,1,1,2,3,2,52,9,53.7877609047,-1.53423057223
13731,12K1147,431889,434978,2,1,20/02/2014,1645,6,2,1,1,1,3,1,21,9,53.8098994589,-1.51566827852
13732,12K1171,431384,430549,5,4,20/02/2014,1655,1,2,1,1,1,3,1,48,9,53.7701191683,-1.52378905127
13733,12K1171,431384,430549,5,4,20/02/2014,1655,1,2,1,1,1,3,1,63,9,53.7701191683,-1.52378905127
13734,12K1171,431384,430549,5,4,20/02/2014,1655,1,2,1,1,2,3,2,60,9,53.7701191683,-1.52378905127
13735,12K1171,431384,430549,5,4,20/02/2014,1655,1,2,1,1,1,3,1,60,9,53.7701191683,-1.52378905127
13736,12K1446,424933,434423,2,2,20/02/2014,1827,3,2,4,1,1,3,2,55,9,53.8052907252,-1.62135841389
13737,12K1446,424933,434423,2,2,20/02/2014,1827,3,2,4,1,2,3,2,56,9,53.8052907252,-1.62135841389
13738,12K1752,428893,432890,2,2,20/02/2014,2220,6,1,4,1,1,3,2,51,9,53.7913060568,-1.56136604303
13739,12K1752,428893,432890,2,2,20/02/2014,2220,6,1,4,1,1,3,1,36,9,53.7913060568,-1.56136604303
13740,12L0239,430945,433122,2,1,21/02/2014,807,3,1,1,1,1,2,1,45,4,53.7932734558,-1.53019178154
13741,12L0539,439477,432443,2,1,21/02/2014,1530,3,1,1,1,1,3,1,21,1,53.7865928726,-1.40075256846
13742,12L0561,432382,435070,2,2,21/02/2014,1205,6,1,1,1,1,3,1,32,9,53.8106959493,-1.5081711913
13743,12L0561,432382,435070,2,2,21/02/2014,1205,6,1,1,1,2,3,2,31,9,53.8106959493,-1.5081711913
13744,12L0945,432858,435382,2,2,21/02/2014,1535,6,1,1,1,1,3,1,25,9,53.8134705479,-1.50090852703
13745,12L0945,432858,435382,2,2,21/02/2014,1535,6,1,1,1,1,3,2,23,9,53.8134705479,-1.50090852703
13746,12L0965,430959,433432,1,1,21/02/2014,1545,3,1,1,1,3,3,1,15,9,53.7960591247,-1.52994808561
13747,12L1445,421620,445945,1,1,21/02/2014,1950,3,2,4,5,1,3,2,55,9,53.9090076751,-1.67085812839
13748,12M0056,428974,435464,1,1,22/02/2014,29,6,2,4,2,3,3,1,44,9,53.8144385708,-1.55989417287
13749,12M0800,427362,431156,2,1,21/02/2014,920,3,2,4,8,1,3,1,40,1,53.7758022377,-1.58476187488
13750,12M0822,430373,433481,1,1,22/02/2014,1245,6,1,1,1,3,2,2,86,11,53.7965341128,-1.53884019819
13751,12M1517,426773,435723,2,2,22/02/2014,1853,6,1,4,1,1,3,1,59,9,53.8168846584,-1.59330315688
13752,12M1517,426773,435723,2,2,22/02/2014,1853,6,1,4,1,2,3,2,47,9,53.8168846584,-1.59330315688
13753,12M1932,427423,433046,2,1,22/02/2014,2230,6,1,4,1,1,3,1,33,19,53.7927878533,-1.58366803596
13754,12N0893,435901,428601,1,1,23/02/2014,1300,6,1,1,1,1,3,1,80,9,53.7523174451,-1.45547927667
13755,12N0997,431928,428128,1,1,23/02/2014,1435,1,1,1,1,2,3,2,4,9,53.7483243359,-1.51578528012
13756,12N1293,430091,435427,1,2,23/02/2014,1545,6,2,1,9,2,3,2,44,11,53.8140425409,-1.54293150098
13757,12N1293,430091,435427,1,2,23/02/2014,1545,6,2,1,9,2,3,2,53,11,53.8140425409,-1.54293150098
13758,12N1424,435232,427614,1,2,23/02/2014,1840,6,1,6,1,1,2,1,19,9,53.7434912624,-1.46573826754
13759,12N1424,435232,427614,1,2,23/02/2014,1840,6,1,6,1,2,2,1,19,9,53.7434912624,-1.46573826754
13760,12N1843,429804,433477,1,1,23/02/2014,2303,6,1,4,1,3,3,1,25,8,53.7965310653,-1.54747953523
13761,12O0014,426807,432112,4,1,24/02/2014,14,6,1,4,1,2,3,2,35,9,53.7844244145,-1.59310104422
13762,12O0439,430066,433771,1,1,24/02/2014,1036,6,1,1,1,3,3,1,59,20,53.7991586761,-1.54347297154
13763,12O0947,422418,433289,1,1,24/02/2014,1510,6,1,1,1,3,3,2,11,9,53.7952118562,-1.65963388707
13764,12O1071,441096,432393,2,1,24/02/2014,1605,6,1,1,1,1,2,1,13,1,53.7860181258,-1.37618493858
13765,12O1082,435125,445093,3,5,24/02/2014,1605,3,1,1,1,1,3,1,37,19,53.9006099908,-1.46536440796
13766,12O1082,435125,445093,3,5,24/02/2014,1605,3,1,1,1,1,3,2,41,9,53.9006099908,-1.46536440796
13767,12O1082,435125,445093,3,5,24/02/2014,1605,3,1,1,1,2,3,2,7,9,53.9006099908,-1.46536440796
13768,12O1082,435125,445093,3,5,24/02/2014,1605,3,1,1,1,1,3,2,47,9,53.9006099908,-1.46536440796
13769,12O1082,435125,445093,3,5,24/02/2014,1605,3,1,1,1,2,3,2,18,9,53.9006099908,-1.46536440796
13770,12O1093,429383,434947,2,1,24/02/2014,1610,6,1,1,1,1,3,1,29,1,53.8097684496,-1.5537311652
13771,12O1421,430634,433453,2,1,24/02/2014,1835,6,1,4,1,2,3,2,20,8,53.7962671258,-1.53488030693
13772,12O1573,431251,445731,2,1,24/02/2014,1950,3,1,4,1,1,3,1,27,9,53.9065927493,-1.52426280648
13773,12P0232,429922,427806,2,2,25/02/2014,809,6,1,1,1,1,3,1,75,9,53.7455489712,-1.54623804331
13774,12P0232,429922,427806,2,2,25/02/2014,809,6,1,1,1,1,3,1,24,19,53.7455489712,-1.54623804331
13775,12P0236,418975,442004,1,6,25/02/2014,810,3,1,1,1,3,2,1,17,9,53.8736865949,-1.71136906194
13776,12P0236,418975,442004,1,6,25/02/2014,810,3,1,1,1,3,2,1,17,9,53.8736865949,-1.71136906194
13777,12P0236,418975,442004,1,6,25/02/2014,810,3,1,1,1,3,3,2,17,9,53.8736865949,-1.71136906194
13778,12P0236,418975,442004,1,6,25/02/2014,810,3,1,1,1,3,3,1,12,9,53.8736865949,-1.71136906194
13779,12P0236,418975,442004,1,6,25/02/2014,810,3,1,1,1,3,3,1,12,9,53.8736865949,-1.71136906194
13780,12P0236,418975,442004,1,6,25/02/2014,810,3,1,1,1,3,3,1,12,9,53.8736865949,-1.71136906194
13781,12P0254,423328,443471,2,1,25/02/2014,835,3,1,1,1,1,3,1,65,9,53.8866955702,-1.64504467112
13782,12P0269,435573,425902,2,2,25/02/2014,846,1,1,1,1,1,3,2,43,9,53.7280794347,-1.46076455758
13783,12P0269,435573,425902,2,2,25/02/2014,846,1,1,1,1,1,3,1,50,19,53.7280794347,-1.46076455758
13784,12P0951,430454,437507,2,2,25/02/2014,1530,6,1,1,1,1,3,1,45,9,53.8327178631,-1.5372119056
13785,12P0951,430454,437507,2,2,25/02/2014,1530,6,1,1,1,2,3,1,26,9,53.8327178631,-1.5372119056
13786,12P1279,429051,435525,2,1,25/02/2014,1824,6,2,4,2,1,3,2,57,9,53.8149825861,-1.55871884587
13787,12Q0398,431107,433740,2,1,26/02/2014,953,2,1,1,1,1,3,2,43,9,53.7988188189,-1.52766997129
13788,12Q0928,431517,434295,2,1,26/02/2014,1505,6,1,1,1,1,3,1,23,1,53.8037828661,-1.52138794524
13789,12Q1027,430437,434391,2,4,26/02/2014,1545,6,1,1,1,2,3,1,28,11,53.8047101044,-1.53777856113
13790,12Q1027,430437,434391,2,4,26/02/2014,1545,6,1,1,1,2,3,1,45,11,53.8047101044,-1.53777856113
13791,12Q1027,430437,434391,2,4,26/02/2014,1545,6,1,1,1,2,3,1,8,11,53.8047101044,-1.53777856113
13792,12Q1027,430437,434391,2,4,26/02/2014,1545,6,1,1,1,2,3,2,6,11,53.8047101044,-1.53777856113
13793,12Q1511,431959,430490,1,1,26/02/2014,1725,3,2,1,1,2,3,2,76,11,53.7695538627,-1.51507063493
13794,12R0178,423047,437663,2,1,27/02/2014,549,3,2,4,2,1,3,1,60,5,53.8345014713,-1.6497565054
13795,12R0675,430717,434135,1,2,27/02/2014,1300,6,1,1,1,1,3,1,18,4,53.8023925342,-1.53355212898
13796,12R0675,430717,434135,1,2,27/02/2014,1300,6,1,1,1,3,3,1,19,4,53.8023925342,-1.53355212898
13797,12R1124,437735,433076,1,1,27/02/2014,1654,3,1,1,1,1,3,1,29,9,53.7924118603,-1.42711653044
13798,12R1413,429180,431912,2,2,27/02/2014,1916,6,1,4,1,2,3,1,18,9,53.7824990337,-1.55710174452
13799,12R1413,429180,431912,2,2,27/02/2014,1916,6,1,4,1,2,3,1,19,9,53.7824990337,-1.55710174452
13800,12S1056,428224,435786,2,1,28/02/2014,1609,3,2,1,2,1,3,1,25,9,53.8173741983,-1.57125653762
13801,12S1059,437227,433425,1,1,28/02/2014,1605,3,1,1,1,3,3,2,36,9,53.7955854675,-1.43478627095
13802,12S1268,430460,431125,3,2,28/02/2014,1730,1,1,1,1,1,3,1,35,9,53.7753515591,-1.53775214669
13803,12S1268,430460,431125,3,2,28/02/2014,1730,1,1,1,1,1,3,2,45,9,53.7753515591,-1.53775214669
13804,12S1494,429429,433462,2,1,28/02/2014,1915,6,1,4,1,2,3,2,68,9,53.7964175817,-1.55317448119
13805,1311240,428431,435003,1,2,01/03/2014,1627,6,1,1,1,3,3,1,21,8,53.8103247404,-1.56818450257
13806,1311240,428431,435003,1,2,01/03/2014,1627,6,1,1,1,1,3,1,56,8,53.8103247404,-1.56818450257
13807,1311578,432515,434885,1,1,01/03/2014,1915,6,1,4,1,3,3,1,19,20,53.8090247475,-1.50617076964
13808,1320442,430692,424510,2,1,01/03/2014,1835,3,1,4,1,1,3,2,33,9,53.7158770561,-1.53488867459
13809,1330277,429137,435242,2,1,03/03/2014,855,6,1,1,1,1,3,2,43,9,53.8124339655,-1.55743935788
13810,1331079,432278,436992,1,1,03/03/2014,1600,6,1,1,1,3,3,2,17,9,53.8279786037,-1.50954902255
13811,1340155,427915,436171,1,1,04/03/2014,642,3,1,1,1,3,3,1,19,9,53.8208515455,-1.57591539408
13812,1340208,426996,437458,2,1,04/03/2014,736,3,1,1,1,1,3,1,49,5,53.8324685944,-1.58976343309
13813,1340463,441635,444450,2,1,04/03/2014,1111,2,1,1,1,2,3,2,3,9,53.8943484376,-1.36636968032
13814,1341172,430325,424149,1,1,04/03/2014,1737,1,1,1,1,1,3,1,42,21,53.7126535396,-1.5404854174
13815,1341363,429321,430673,2,2,04/03/2014,1859,6,1,4,1,1,3,1,29,9,53.77135402,-1.55507950326
13816,1341363,429321,430673,2,2,04/03/2014,1859,6,1,4,1,2,3,2,23,9,53.77135402,-1.55507950326
13817,1341397,432120,432882,2,1,04/03/2014,1915,6,1,4,1,1,3,1,44,9,53.7910449613,-1.51237860428
13818,1350602,429689,427938,1,1,05/03/2014,1200,6,1,1,1,3,3,1,69,8,53.7467488183,-1.54975864274
13819,1351484,421715,440990,2,1,05/03/2014,1900,3,1,4,1,2,3,1,13,9,53.8644645443,-1.66976311889
13820,1360255,427180,434761,2,1,06/03/2014,847,3,1,1,1,1,3,1,48,1,53.808216354,-1.58720574688
13821,1360958,429050,433526,2,1,05/03/2014,1230,3,1,1,1,1,3,1,42,1,53.797014162,-1.55892267754
13822,1361391,435951,428252,1,1,06/03/2014,1935,3,2,4,1,1,3,1,49,1,53.7491769497,-1.45476157272
13823,1370105,422649,440068,1,1,07/03/2014,235,6,2,6,1,1,3,1,23,9,53.8561369891,-1.65562739097
13824,1370281,433177,434019,3,3,07/03/2014,845,3,2,1,1,1,3,1,57,9,53.801198759,-1.49621024016
13825,1370281,433177,434019,3,3,07/03/2014,845,3,2,1,1,2,2,1,7,9,53.801198759,-1.49621024016
13826,1370281,433177,434019,3,3,07/03/2014,845,3,2,1,1,1,3,1,38,4,53.801198759,-1.49621024016
13827,1370345,420792,439584,2,1,07/03/2014,1717,4,2,1,2,1,3,1,38,1,53.8518641115,-1.68389492111
13828,1370413,426124,437014,2,1,07/03/2014,1010,6,2,1,1,3,2,2,43,9,53.8285221656,-1.60305189684
13829,1370605,424253,433564,3,1,07/03/2014,112,6,1,1,1,1,3,2,33,9,53.7976014816,-1.63175256061
13830,1371061,422218,433361,1,1,07/03/2014,815,4,1,1,1,3,3,1,13,9,53.7958676334,-1.6626651786
13831,1371067,428097,434762,1,1,07/03/2014,1500,6,1,1,1,3,3,2,12,2,53.8081766068,-1.57327920395
13832,1371129,433909,434031,1,1,07/03/2014,1620,3,1,1,1,3,3,1,14,9,53.80125942,-1.48509405358
13833,1371450,430393,433628,1,1,07/03/2014,1756,6,1,1,1,2,3,2,85,11,53.797854287,-1.53852203898
13834,1371538,423475,434036,2,2,07/03/2014,1931,6,1,4,1,1,3,2,28,9,53.8018799004,-1.64352915198
13835,1371538,423475,434036,2,2,07/03/2014,1931,6,1,4,1,1,3,1,33,9,53.8018799004,-1.64352915198
13836,1371569,432914,437027,2,3,07/03/2014,1940,6,2,4,1,1,3,1,32,9,53.8282533123,-1.49988191771
13837,1371569,432914,437027,2,3,07/03/2014,1940,6,2,4,1,2,3,1,18,9,53.8282533123,-1.49988191771
13838,1371569,432914,437027,2,3,07/03/2014,1940,6,2,4,1,2,3,1,31,9,53.8282533123,-1.49988191771
13839,1371872,429440,431732,2,1,07/03/2014,2130,6,1,4,1,1,3,1,26,1,53.7808664159,-1.55317274762
13840,1380112,435539,438368,3,2,08/03/2014,148,6,1,4,1,1,3,2,38,9,53.840134079,-1.45984265365
13841,1380112,435539,438368,3,2,08/03/2014,148,6,1,4,1,2,3,1,25,9,53.840134079,-1.45984265365
13842,1380117,435678,440221,1,1,08/03/2014,130,3,1,6,1,1,2,1,21,9,53.856780304,-1.45751478449
13843,1380791,428054,435266,2,2,08/03/2014,1245,6,1,1,1,1,3,2,26,9,53.812709256,-1.57388629958
13844,1380791,428054,435266,2,2,08/03/2014,1245,6,1,1,1,2,3,2,17,9,53.812709256,-1.57388629958
13845,1380828,435745,436866,2,1,08/03/2014,1300,3,1,1,1,1,3,1,35,9,53.8266191334,-1.45688650924
13846,1380848,429586,431001,2,1,08/03/2014,1315,6,2,1,1,3,3,1,21,20,53.7742873493,-1.55102703479
13847,1380852,428897,425984,3,1,08/03/2014,1320,3,1,1,1,1,3,2,63,9,53.7292291373,-1.56195180926
13848,1381183,426767,438353,2,2,08/03/2014,1605,3,1,1,1,1,3,1,59,9,53.8405253542,-1.59316529982
13849,1381183,426767,438353,2,2,08/03/2014,1605,3,1,1,1,2,2,2,49,9,53.8405253542,-1.59316529982
13850,1381501,431013,428461,1,1,08/03/2014,1825,6,1,4,1,3,2,2,42,19,53.751372852,-1.52962806048
13851,1381775,432494,436620,1,1,08/03/2014,2045,5,1,4,1,3,3,1,14,9,53.8246213695,-1.50630643983
13852,1390139,428065,435017,2,1,09/03/2014,112,6,1,1,1,2,3,1,43,9,53.8104704652,-1.57374193374
13853,1390527,427286,434701,2,3,09/03/2014,850,3,1,1,1,1,3,2,27,9,53.8076714773,-1.58560124487
13854,1390527,427286,434701,2,3,09/03/2014,850,3,1,1,1,1,2,2,58,9,53.8076714773,-1.58560124487
13855,1390527,427286,434701,2,3,09/03/2014,850,3,1,1,1,2,2,1,28,9,53.8076714773,-1.58560124487
13856,1390747,430442,437754,2,1,09/03/2014,1140,6,1,1,1,1,3,2,25,9,53.8349387668,-1.5373697877
13857,1391022,431502,439988,1,1,09/03/2014,1408,6,1,1,1,3,2,2,80,9,53.8549561704,-1.52103231661
13858,1391128,427265,429573,2,1,09/03/2014,1502,3,1,1,1,1,3,1,21,4,53.7615780202,-1.58637376849
13859,1391182,444584,427870,1,1,09/03/2014,1534,6,1,1,1,1,2,1,44,5,53.7450763322,-1.32389635088
13860,1391335,443071,440722,1,1,09/03/2014,1625,2,1,1,1,1,3,2,53,9,53.8607227175,-1.34504104318
13861,1391658,426098,428269,2,1,09/03/2014,1850,3,1,4,1,2,3,1,32,9,53.7499163184,-1.60418759261
13862,13A0258,426948,431887,2,1,10/03/2014,815,6,1,1,1,1,3,2,33,9,53.7823946521,-1.59098055846
13863,13A0340,430373,433501,1,1,10/03/2014,904,6,1,1,1,3,2,1,35,11,53.7967138872,-1.53883822599
13864,13A0504,430417,433473,1,1,10/03/2014,1033,6,1,1,1,3,2,1,66,19,53.7964596324,-1.53817295061
13865,13A0547,435887,428211,2,1,10/03/2014,1100,3,1,1,1,1,3,1,41,3,53.7488128248,-1.45573692166
13866,13A0930,430412,437824,2,1,10/03/2014,1420,6,1,1,1,1,3,1,55,19,53.8355697303,-1.53781875672
13867,13A1241,432651,436884,1,1,10/03/2014,1530,6,1,1,1,3,3,1,2,11,53.8269845293,-1.50389314316
13868,13A1269,424189,434783,1,1,10/03/2014,1646,6,1,1,1,3,3,1,15,9,53.8085618335,-1.63262851863
13869,13A1346,429071,438560,2,1,10/03/2014,1705,3,1,1,1,1,3,1,27,1,53.8422621716,-1.55812805152
13870,13A1369,433727,434053,3,1,10/03/2014,1723,3,1,1,1,1,3,1,37,1,53.8014690027,-1.48785518008
13871,13A1484,421063,434217,2,1,10/03/2014,1811,3,1,1,1,1,3,2,46,9,53.8036101485,-1.68014263077
13872,13A1569,427179,434996,2,3,10/03/2014,1840,6,1,4,1,1,3,2,38,19,53.8103287655,-1.58720018151
13873,13A1569,427179,434996,2,3,10/03/2014,1840,6,1,4,1,1,3,1,19,3,53.8103287655,-1.58720018151
13874,13A1569,427179,434996,2,3,10/03/2014,1840,6,1,4,1,2,3,2,18,3,53.8103287655,-1.58720018151
13875,13A1716,431763,434920,3,2,10/03/2014,1955,6,1,4,1,1,3,1,24,9,53.8093858273,-1.51758788377
13876,13A1716,431763,434920,3,2,10/03/2014,1955,6,1,4,1,1,3,1,43,9,53.8093858273,-1.51758788377
13877,13A1983,429081,433520,1,1,10/03/2014,1950,6,1,4,1,2,3,2,69,11,53.7969584976,-1.55845257451
13878,13B0159,424642,434453,1,1,11/03/2014,700,5,1,1,1,3,3,2,26,9,53.8055742586,-1.62577513967
13879,13B0165,424597,445107,2,2,11/03/2014,713,3,4,1,1,1,3,1,59,19,53.9013424044,-1.62560478278
13880,13B0165,424597,445107,2,2,11/03/2014,713,3,4,1,1,2,3,1,49,19,53.9013424044,-1.62560478278
13881,13B0318,435806,433195,1,1,15/03/2014,830,6,1,1,1,3,3,1,53,9,53.7936178218,-1.45638681174
13882,13B0844,430842,439685,2,2,11/03/2014,1427,3,1,1,1,1,3,1,19,9,53.8522722451,-1.53109726341
13883,13B0844,430842,439685,2,2,11/03/2014,1427,3,1,1,1,2,3,1,18,9,53.8522722451,-1.53109726341
13884,13B0933,428001,435414,2,3,10/03/2014,2010,6,1,4,1,1,3,2,34,9,53.8140424467,-1.57467782677
13885,13B0933,428001,435414,2,3,10/03/2014,2010,6,1,4,1,2,3,2,11,9,53.8140424467,-1.57467782677
13886,13B0933,428001,435414,2,3,10/03/2014,2010,6,1,4,1,2,3,2,6,9,53.8140424467,-1.57467782677
13887,13B0966,424944,435693,1,1,11/03/2014,1530,6,1,1,1,3,3,1,9,9,53.8167059697,-1.62108842848
13888,13B1000,433181,434012,2,1,11/03/2014,1543,3,1,1,1,2,3,2,57,9,53.8011355832,-1.4961502574
13889,13B1202,430752,434606,2,1,10/03/2014,1630,3,1,1,1,1,3,1,38,19,53.8066241459,-1.53297361443
13890,13B1726,430233,435116,2,1,11/03/2014,1745,6,1,1,1,1,3,2,43,1,53.8112388168,-1.54080521813
13891,13C0182,429557,431568,3,1,12/03/2014,720,6,1,1,1,1,3,1,25,1,53.7793856285,-1.5514127553
13892,13C0533,427083,433353,2,1,12/03/2014,1150,6,1,1,1,1,3,1,52,19,53.795565219,-1.58880272861
13893,13C0794,437569,432828,1,1,12/03/2014,1430,6,1,1,1,2,3,2,33,19,53.790194705,-1.42966680319
13894,13C0932,429757,434504,2,1,12/03/2014,1543,3,1,1,1,1,3,2,30,9,53.8057651799,-1.5480938759
13895,13C1139,428128,432799,2,2,12/03/2014,1705,6,1,1,1,1,3,1,60,9,53.790529993,-1.57298770228
13896,13C1139,428128,432799,2,2,12/03/2014,1705,6,1,1,1,2,3,1,24,9,53.790529993,-1.57298770228
13897,13C1243,423341,433944,2,1,12/03/2014,1745,6,1,1,1,2,3,2,12,9,53.8010589578,-1.64557088975
13898,13D1047,428628,434846,2,1,13/03/2014,1600,6,1,1,1,1,3,1,28,9,53.8089027004,-1.56520712703
13899,13D1367,426905,437500,2,1,13/03/2014,1825,3,1,4,1,1,3,1,33,9,53.8328508413,-1.59114257155
13900,13D1532,430122,433931,1,1,13/03/2014,1931,6,1,4,1,3,2,2,19,5,53.8005936323,-1.54260703794
13901,13E0793,431001,430771,1,1,14/03/2014,1330,6,1,1,1,3,3,2,32,19,53.7721376118,-1.52957804612
13902,13E0964,431977,430314,2,2,14/03/2014,1504,3,1,1,1,1,3,1,46,9,53.7679707405,-1.51481576423
13903,13E0964,431977,430314,2,2,14/03/2014,1504,3,1,1,1,2,3,1,26,9,53.7679707405,-1.51481576423
13904,13E1326,422824,437426,2,1,14/03/2014,1745,3,1,1,1,1,3,1,26,5,53.8323809715,-1.65316295173
13905,13E1456,429763,433924,1,1,14/03/2014,1850,6,1,4,1,3,2,2,38,9,53.8005513758,-1.5480588271
13906,13E1560,423189,434669,2,1,14/03/2014,1515,4,1,1,1,1,3,2,23,9,53.8075826605,-1.64782432757
13907,13E1621,431705,434161,1,1,14/03/2014,1905,6,1,1,1,2,3,1,59,11,53.8025669561,-1.51854691709
13908,13F0092,427996,435194,3,2,15/03/2014,58,6,1,4,1,1,3,1,26,1,53.8120651926,-1.57477378845
13909,13F0092,427996,435194,3,2,15/03/2014,58,6,1,4,1,2,3,2,27,1,53.8120651926,-1.57477378845
13910,13F0439,423264,429759,2,1,15/03/2014,855,3,1,1,1,1,3,1,19,9,53.7634440036,-1.64705591652
13911,13F1387,430220,434373,2,2,15/03/2014,1818,3,1,1,1,2,3,1,21,9,53.8045609613,-1.54107560995
13912,13F1387,430220,434373,2,2,15/03/2014,1818,3,1,1,1,2,3,1,21,9,53.8045609613,-1.54107560995
13913,13G0153,426280,436703,2,1,16/03/2014,140,6,1,4,1,1,3,1,22,9,53.8257187982,-1.60070816034
13914,13G0847,423571,435451,2,1,16/03/2014,1400,4,1,1,1,1,3,2,53,9,53.8145947422,-1.64196304978
13915,13G1190,425184,437759,2,1,16/03/2014,1700,6,1,1,1,2,2,1,56,9,53.8352651985,-1.6172735769
13916,13G1491,431412,438792,2,1,16/03/2014,1952,6,1,4,1,1,3,2,23,1,53.8442112306,-1.52252301922
13917,13G1506,435855,426141,2,3,16/03/2014,1959,3,1,4,1,1,2,2,39,9,53.7302084267,-1.45646234611
13918,13G1506,435855,426141,2,3,16/03/2014,1959,3,1,4,1,1,2,1,44,5,53.7302084267,-1.45646234611
13919,13G1506,435855,426141,2,3,16/03/2014,1959,3,1,4,1,2,2,2,46,5,53.7302084267,-1.45646234611
13920,13H0001,428093,436746,2,1,17/03/2014,1,6,1,4,1,1,2,1,32,9,53.8260104727,-1.57315877144
13921,13H1020,426529,427462,2,1,10/03/2014,1320,6,1,1,1,1,3,1,23,1,53.7426405389,-1.59772035145
13922,13H1135,417932,443178,2,1,17/03/2014,1640,3,1,1,1,1,3,1,43,1,53.884276533,-1.72716536259