Col.Number,Reference.Number,Easting,Northing,Number.of.Vehicles,Number.of.Casualties,Accident.Date,Time..24hr.,X1st.Road.Class,Road.Surface,Lighting.Conditions,Weather.Conditions,Casualty.Class,Casualty.Severity,Sex.of.Casualty,Age.of.Casualty,Type.of.Vehicle,Latitude,Longitude
13923,13H1290,427944,436111,2,2,17/03/2014,1750,3,1,1,1,1,3,1,29,1,53.8203106633,-1.5754802908
13924,13H1290,427944,436111,2,2,17/03/2014,1750,3,1,1,1,3,3,2,31,1,53.8203106633,-1.5754802908
13925,13I0372,422219,433959,2,2,18/03/2014,945,3,2,1,2,1,3,2,40,9,53.8012429268,-1.66260685278
13926,13I0372,422219,433959,2,2,18/03/2014,945,3,2,1,2,2,3,2,53,9,53.8012429268,-1.66260685278
13927,13I0530,427995,436011,2,1,18/03/2014,1130,3,2,1,1,1,3,1,17,1,53.8194090459,-1.57471463414
13928,13I0589,439961,429819,2,1,18/03/2014,755,6,2,1,1,1,3,1,32,19,53.7629699957,-1.39374604822
13929,13I0848,422422,440320,1,1,18/03/2014,1426,6,2,1,5,2,2,1,27,9,53.858412012,-1.6590603918
13930,13I1211,428433,429155,3,2,18/03/2014,1730,3,1,1,1,1,3,2,46,9,53.7577582526,-1.56869355707
13931,13I1211,428433,429155,3,2,18/03/2014,1730,3,1,1,1,1,3,1,50,9,53.7577582526,-1.56869355707
13932,13I1315,429076,432222,2,1,18/03/2014,1650,6,1,1,1,1,3,2,37,9,53.7852913713,-1.55865097856
13933,13I1435,436072,435562,2,2,18/03/2014,1905,6,1,1,1,1,3,1,48,9,53.8148754472,-1.45207122134
13934,13I1435,436072,435562,2,2,18/03/2014,1905,6,1,1,1,2,3,2,45,9,53.8148754472,-1.45207122134
13935,13J0595,428969,432374,3,2,19/03/2014,1200,6,1,1,1,2,3,2,25,8,53.7866636303,-1.56026080832
13936,13J0595,428969,432374,3,2,19/03/2014,1200,6,1,1,1,1,3,1,26,19,53.7866636303,-1.56026080832
13937,13J0641,429725,433797,1,1,19/03/2014,1220,6,1,1,1,3,2,1,29,11,53.7994119798,-1.54864808342
13938,13J1191,433341,426310,1,1,19/03/2014,1650,4,1,1,1,3,2,2,12,9,53.7318943101,-1.49455297816
13939,13J1522,436025,428954,2,1,19/03/2014,1920,6,1,4,1,1,3,1,70,1,53.7554818879,-1.45355744669
13940,13J1600,430894,433487,1,1,19/03/2014,2010,6,1,4,1,3,2,1,58,11,53.7965573679,-1.53092943064
13941,13J1621,420429,440371,2,1,19/03/2014,2016,3,1,4,1,1,2,1,46,1,53.8589527025,-1.68936121097
13942,13J1631,426340,427880,1,2,19/03/2014,2023,6,1,4,1,1,3,1,19,5,53.746407473,-1.6005505932
13943,13J1631,426340,427880,1,2,19/03/2014,2023,6,1,4,1,2,3,1,23,5,53.746407473,-1.6005505932
13944,13J1709,425264,432374,2,1,19/03/2014,2030,6,1,4,1,1,3,1,20,9,53.7868566713,-1.61649991116
13945,13K0302,435746,436957,2,1,20/03/2014,830,6,1,1,4,1,3,1,23,3,53.8274370241,-1.45686073556
13946,13K0579,430349,432103,2,2,20/03/2014,1128,6,1,1,1,2,3,1,43,9,53.7841490383,-1.53934030838
13947,13K0579,430349,432103,2,2,20/03/2014,1128,6,1,1,1,2,3,1,32,9,53.7841490383,-1.53934030838
13948,13K1040,428533,431789,2,1,20/03/2014,1600,3,2,1,2,2,3,1,37,9,53.7814292818,-1.56693307581
13949,13K1360,441964,430747,2,2,20/03/2014,1830,6,2,4,5,2,3,2,34,11,53.7711538152,-1.36323406361
13950,13K1360,441964,430747,2,2,20/03/2014,1830,6,2,4,5,2,3,2,26,11,53.7711538152,-1.36323406361
13951,13L0228,442150,434453,2,2,21/03/2014,800,3,1,1,1,1,3,1,37,9,53.8044500534,-1.35990499698
13952,13L0228,442150,434453,2,2,21/03/2014,800,3,1,1,1,1,3,1,22,9,53.8044500534,-1.35990499698
13953,13L0235,440411,449270,1,1,21/03/2014,800,4,1,1,1,3,3,1,14,9,53.937768983,-1.38435919797
13954,13L0279,419287,444956,2,1,21/03/2014,930,3,1,1,1,1,3,1,23,9,53.9002099134,-1.70643740124
13955,13L0388,441055,432040,2,2,21/03/2014,1000,3,1,1,1,1,3,1,80,9,53.7828484206,-1.37685427262
13956,13L0388,441055,432040,2,2,21/03/2014,1000,3,1,1,1,1,3,2,36,9,53.7828484206,-1.37685427262
13957,13L0588,432752,433899,2,2,21/03/2014,820,3,1,1,1,1,3,2,28,9,53.8001470519,-1.50267632061
13958,13L0588,432752,433899,2,2,21/03/2014,820,3,1,1,1,1,3,2,26,9,53.8001470519,-1.50267632061
13959,13L0870,432412,433608,3,1,21/03/2014,1443,6,2,1,2,1,3,2,55,9,53.7975526419,-1.50786947551
13960,13L0918,430411,432774,2,1,21/03/2014,1507,3,1,1,1,1,3,1,24,2,53.7901768623,-1.53833304748
13961,13L0966,426934,433318,1,1,21/03/2014,1524,6,1,1,1,3,2,1,14,9,53.7952583463,-1.59106797078
13962,13L1105,428359,425453,2,1,21/03/2014,1610,6,1,1,1,1,3,1,31,5,53.724485581,-1.57015575432
13963,13L1513,431983,433425,2,1,21/03/2014,1630,6,1,1,1,1,3,2,48,9,53.7959342621,-1.51440197866
13964,13L1684,429695,440820,2,2,21/03/2014,2105,6,2,4,1,1,3,1,19,9,53.8625412244,-1.54842510877
13965,13L1684,429695,440820,2,2,21/03/2014,2105,6,2,4,1,1,3,1,51,9,53.8625412244,-1.54842510877
13966,13M0191,430017,434106,1,1,22/03/2014,210,6,1,4,1,3,3,2,24,9,53.8021727285,-1.54418431436
13967,13M0454,430091,435427,2,2,22/03/2014,931,6,1,1,1,1,3,2,45,9,53.8140425409,-1.54293150098
13968,13M0454,430091,435427,2,2,22/03/2014,931,6,1,1,1,1,3,2,48,9,53.8140425409,-1.54293150098
13969,13M0649,431776,435617,1,1,21/03/2014,1430,6,2,1,2,3,2,1,43,9,53.8156501375,-1.51731847413
13970,13M0677,432633,434930,1,1,22/03/2014,1100,6,2,1,1,3,3,2,26,9,53.8094218457,-1.50437391927
13971,13M1660,430608,428392,2,1,22/03/2014,2125,6,1,4,1,1,3,1,23,9,53.750776571,-1.53577728086
13972,13N0595,436363,442994,2,1,23/03/2014,1120,6,1,1,1,1,2,1,50,1,53.8816578479,-1.44677105465
13973,13N0837,429283,433483,2,1,23/03/2014,1340,6,1,1,1,1,3,2,32,1,53.7966145834,-1.55538915388
13974,13N1021,415878,441903,2,1,23/03/2014,1537,5,2,1,1,1,3,1,50,1,53.8728827534,-1.75848261463
13975,13N1371,432524,427558,2,3,23/03/2014,1840,3,2,4,1,1,3,1,18,9,53.7431638908,-1.50680681274
13976,13N1371,432524,427558,2,3,23/03/2014,1840,3,2,4,1,2,3,1,18,9,53.7431638908,-1.50680681274
13977,13N1371,432524,427558,2,3,23/03/2014,1840,3,2,4,1,1,3,1,50,9,53.7431638908,-1.50680681274
13978,13O0187,431233,431502,1,1,24/03/2014,700,6,4,1,1,1,2,1,24,2,53.7786945164,-1.52598368438
13979,13O0431,429206,430689,2,2,24/03/2014,1010,6,1,1,1,2,3,2,45,9,53.7715043032,-1.55682295513
13980,13O0431,429206,430689,2,2,24/03/2014,1010,6,1,1,1,2,3,2,36,9,53.7715043032,-1.55682295513
13981,13O0844,425113,431080,2,1,24/03/2014,1414,3,1,1,1,2,3,1,17,19,53.7752324212,-1.61889739538
13982,13O0950,432069,438283,2,1,24/03/2014,1503,6,1,1,1,1,3,2,50,9,53.8395958696,-1.51258984868
13983,13O1210,429660,431505,1,1,24/03/2014,1515,6,1,1,1,3,3,1,5,9,53.7788134781,-1.54985563524
13984,13O1289,429915,432727,2,1,24/03/2014,1715,3,1,1,1,1,3,1,48,1,53.7897831413,-1.54586708404
13985,13O1326,430295,432105,2,1,24/03/2014,1653,6,1,1,1,1,3,1,24,1,53.7841701616,-1.54015973488
13986,13O1465,418836,444983,1,1,24/03/2014,1820,6,1,1,1,3,3,1,10,9,53.9004691961,-1.71330020193
13987,13O1815,429601,432563,2,2,24/03/2014,2130,6,2,4,1,2,3,2,42,8,53.7883269423,-1.55064943926
13988,13O1815,429601,432563,2,2,24/03/2014,2130,6,2,4,1,1,3,1,23,9,53.7883269423,-1.55064943926
13989,13P0825,431934,430637,3,1,29/03/2014,1400,3,1,1,1,1,3,2,25,9,53.77087674,-1.51543474066
13990,13P0833,429643,432935,2,1,24/03/2014,758,6,1,1,1,1,3,1,37,9,53.7916683658,-1.5499761034
13991,13P1022,433148,426330,2,1,25/03/2014,1600,3,2,1,1,1,3,1,46,1,53.7320863891,-1.49747657523
13992,13P1086,443621,445279,1,1,24/03/2014,1840,6,1,1,1,3,2,1,77,9,53.9016363998,-1.3360294157
13993,13P1129,421434,434073,1,1,24/03/2014,1700,6,2,1,1,1,3,2,46,9,53.8023005961,-1.67451884285
13994,13P1304,426885,437514,2,1,24/03/2014,840,3,1,1,1,1,3,1,60,1,53.8329777189,-1.59144526507
13995,13P1326,430633,433696,2,1,25/03/2014,1641,6,2,1,1,1,3,1,43,1,53.7984514431,-1.53487132103
13996,13Q0406,429949,438539,1,1,26/03/2014,1043,4,1,1,1,3,3,1,86,9,53.8420235249,-1.54478517533
13997,13Q0520,432305,436439,1,1,25/03/2014,1010,6,1,1,1,2,3,2,81,11,53.8230062071,-1.50919688643
13998,13Q0798,432441,433802,2,1,23/03/2014,1545,6,1,1,1,1,3,2,27,9,53.7992946383,-1.50740873421
13999,13Q1311,425552,435157,2,1,26/03/2014,1901,6,2,4,2,1,3,1,37,9,53.8118584546,-1.61189735454
14000,13Q1501,426207,437136,2,1,26/03/2014,2041,6,2,4,2,2,3,2,22,9,53.8296146138,-1.60178036394
14001,13Q1522,429309,435030,1,1,26/03/2014,2050,6,2,4,2,3,3,1,25,9,53.8105186897,-1.55484713499
14002,13R0074,436075,436613,5,1,27/03/2014,210,3,2,4,1,1,3,1,20,9,53.8243222251,-1.45190238781
14003,13R0189,435059,427770,1,1,27/03/2014,750,6,1,1,1,3,3,1,46,21,53.7449051649,-1.46834383258
14004,13R0193,432973,425922,3,2,27/03/2014,754,1,2,1,1,2,3,2,28,9,53.7284300645,-1.50017296495
14005,13R0193,432973,425922,3,2,27/03/2014,754,1,2,1,1,1,3,1,46,9,53.7284300645,-1.50017296495
14006,13R0628,429931,433518,1,1,27/03/2014,1321,6,1,1,1,3,3,2,65,11,53.7968923124,-1.5455473497
14007,13R0657,431258,438531,2,1,27/03/2014,1330,6,1,1,1,1,3,1,18,9,53.8418744881,-1.52489036332
14008,13R0778,426120,439224,1,1,27/03/2014,1456,6,1,1,1,3,3,2,3,9,53.8483874739,-1.60292478705
14009,13R0938,428342,429522,1,1,18/03/2014,1500,3,1,1,1,3,3,2,53,1,53.761062107,-1.57004021899
14010,13R1317,432513,427318,2,3,27/03/2014,1850,3,2,4,2,2,3,1,32,9,53.7410072736,-1.50699886038
14011,13R1317,432513,427318,2,3,27/03/2014,1850,3,2,4,2,2,3,2,9,9,53.7410072736,-1.50699886038
14012,13R1317,432513,427318,2,3,27/03/2014,1850,3,2,4,2,2,3,2,8,9,53.7410072736,-1.50699886038
14013,13R1369,431959,435824,2,2,27/03/2014,1440,3,1,1,1,1,3,1,61,9,53.8174995734,-1.51451728615
14014,13R1369,431959,435824,2,2,27/03/2014,1440,3,1,1,1,2,3,2,56,9,53.8174995734,-1.51451728615
14015,13S0339,432820,432033,2,1,28/03/2014,940,6,2,1,1,1,3,1,26,90,53.783369885,-1.5018425881
14016,13S0394,429941,425135,2,4,28/03/2014,1025,3,2,1,1,1,3,1,32,9,53.7215387215,-1.54620857731
14017,13S0394,429941,425135,2,4,28/03/2014,1025,3,2,1,1,2,3,1,60,9,53.7215387215,-1.54620857731
14018,13S0394,429941,425135,2,4,28/03/2014,1025,3,2,1,1,1,3,1,21,9,53.7215387215,-1.54620857731
14019,13S0394,429941,425135,2,4,28/03/2014,1025,3,2,1,1,2,3,2,56,9,53.7215387215,-1.54620857731
14020,13S0610,430335,433394,1,1,28/03/2014,1238,6,1,1,1,2,3,2,55,11,53.7957543107,-1.53942570794
14021,13S0767,431228,433668,2,4,28/03/2014,1235,3,1,1,1,2,3,2,40,11,53.7981643828,-1.52584007184
14022,13S0767,431228,433668,2,4,28/03/2014,1235,3,1,1,1,2,3,2,60,11,53.7981643828,-1.52584007184
14023,13S0767,431228,433668,2,4,28/03/2014,1235,3,1,1,1,2,3,1,2,11,53.7981643828,-1.52584007184
14024,13S0767,431228,433668,2,4,28/03/2014,1235,3,1,1,1,2,3,2,25,11,53.7981643828,-1.52584007184
14025,13S0860,427865,432921,2,1,28/03/2014,1455,4,1,1,9,1,3,1,50,9,53.7916407736,-1.57696916207
14026,13S1092,428718,435615,2,1,28/03/2014,1628,3,1,1,1,1,2,1,39,1,53.8158100719,-1.56376851206
14027,13S1215,430662,433929,2,1,28/03/2014,1716,6,1,1,1,1,3,2,57,9,53.8005441049,-1.53440780486
14028,13S1444,430561,431184,2,2,28/03/2014,1924,6,1,4,1,2,3,2,61,9,53.7758759769,-1.53621362275
14029,13S1444,430561,431184,2,2,28/03/2014,1924,6,1,4,1,2,3,2,23,9,53.7758759769,-1.53621362275
14030,13T0920,439386,432651,2,1,29/03/2014,1315,3,1,1,1,1,1,1,67,5,53.7884693833,-1.40210725191
14031,13T1076,430599,431160,2,1,29/03/2014,1515,6,1,1,1,1,3,2,29,9,53.7756580149,-1.53563934599
14032,13T1182,430302,439597,1,1,29/03/2014,1610,6,1,1,1,2,3,2,37,11,53.8515130413,-1.53931548152
14033,13T1224,430546,435153,2,2,29/03/2014,1630,3,1,1,1,2,3,1,22,9,53.8115531058,-1.53604770687
14034,13T1224,430546,435153,2,2,29/03/2014,1630,3,1,1,1,1,3,2,49,9,53.8115531058,-1.53604770687
14035,13T1499,437502,432911,2,2,29/03/2014,1850,6,1,4,1,1,3,2,20,9,53.7909455899,-1.43067376968
14036,13T1499,437502,432911,2,2,29/03/2014,1850,6,1,4,1,2,3,1,50,9,53.7909455899,-1.43067376968
14037,13U1112,426182,435462,2,1,30/03/2014,1610,6,1,1,1,1,2,1,77,9,53.8145686897,-1.60230274804
14038,13V0944,431194,431860,2,1,31/03/2014,1455,3,1,1,1,1,2,1,20,3,53.781914821,-1.52653933547
14039,13V1547,438952,431558,2,1,31/03/2014,1900,3,1,1,1,1,3,2,21,9,53.778677557,-1.40883324444
14040,13V1980,430851,424428,1,1,31/03/2014,2300,1,1,4,1,3,3,1,19,9,53.7151305946,-1.53248742519
14041,140000292,428515,437286,3,1,01/01/2014,220,6,1,1,1,1,3,2,21,9,53.8308413931,-1.566697073
14042,140000304,429117,439812,1,1,01/01/2014,130,6,2,4,1,3,2,2,34,9,53.8535134093,-1.55731016438
14043,140000717,429427,433921,2,2,01/01/2014,1415,2,1,1,1,1,3,1,34,9,53.8005435259,-1.55316098924
14044,140000717,429427,433921,2,2,01/01/2014,1415,2,1,1,1,2,3,1,28,9,53.8005435259,-1.55316098924
14045,140000809,433295,435556,3,1,01/01/2014,1545,6,2,1,2,1,3,1,34,9,53.8150067707,-1.49425223772
14046,140000834,429111,433665,1,1,01/01/2014,1537,3,2,1,2,1,3,2,29,9,53.798260188,-1.55798338329
14047,140000977,427125,438261,1,1,01/01/2014,1830,3,2,4,2,1,3,1,24,9,53.8396798204,-1.58773229427
14048,140001153,440172,433411,2,1,01/01/2014,1155,3,2,1,5,2,3,1,15,9,53.7952405732,-1.39007715108
14049,140001657,428085,432932,1,1,02/01/2014,1220,6,1,1,1,3,3,1,12,9,53.7917278225,-1.57362834391
14050,140001777,432525,427555,2,1,02/01/2014,1415,3,2,1,1,2,3,2,27,9,53.7431368621,-1.50679196515
14051,140002711,418960,442012,2,1,02/01/2014,1530,6,1,1,1,1,3,2,20,1,53.8737590536,-1.71159673075
14052,140002796,429792,434446,2,2,03/01/2014,1005,3,1,1,1,1,3,1,65,8,53.8052418303,-1.54756797794
14053,140002796,429792,434446,2,2,03/01/2014,1005,3,1,1,1,2,3,2,49,8,53.8052418303,-1.54756797794
14054,140002825,437937,427455,2,1,03/01/2014,940,3,1,1,1,1,3,2,37,9,53.7418722207,-1.4247410792
14055,140002930,427167,427445,1,1,03/01/2014,1025,6,1,1,1,2,3,2,27,11,53.7424548686,-1.58804763288
14056,140004100,440983,432067,2,1,04/01/2014,935,3,2,1,1,1,2,1,37,9,53.7830967841,-1.37794345076
14057,140004811,431311,427066,2,1,04/01/2014,1854,3,2,1,1,1,3,1,44,9,53.7388156787,-1.52524985524
14058,140005922,433315,426321,2,1,05/01/2014,2125,4,2,4,5,1,3,2,22,9,53.7319948481,-1.49494593417
14059,140007139,429389,434938,2,1,06/01/2014,1610,3,2,4,1,1,3,2,21,1,53.809687212,-1.5536408997
14060,140007543,441116,449118,2,3,07/01/2014,240,2,2,6,4,1,2,1,60,21,53.9363472434,-1.37364005041
14061,140007543,441116,449118,2,3,07/01/2014,240,2,2,6,4,1,2,1,41,21,53.9363472434,-1.37364005041
14062,140007543,441116,449118,2,3,07/01/2014,240,2,2,6,4,2,3,1,61,21,53.9363472434,-1.37364005041
14063,140007696,440421,449246,2,1,07/01/2014,745,4,2,1,1,1,3,1,54,5,53.9375524833,-1.38421003934
14064,140008595,434258,427830,2,3,07/01/2014,1715,3,1,4,1,1,3,2,46,9,53.745497749,-1.48048347884
14065,140008595,434258,427830,2,3,07/01/2014,1715,3,1,4,1,1,3,1,46,9,53.745497749,-1.48048347884
14066,140008595,434258,427830,2,3,07/01/2014,1715,3,1,4,1,2,3,2,39,9,53.745497749,-1.48048347884
14067,140008934,431546,434328,1,1,07/01/2014,2245,6,2,4,1,3,2,1,26,8,53.8040777348,-1.52094419159
14068,140009282,431510,432625,2,1,08/01/2014,905,3,1,1,1,1,3,2,25,9,53.7887721579,-1.52166508206
14069,140009294,423875,434542,2,1,08/01/2014,714,5,1,1,1,1,3,1,45,1,53.8064100391,-1.63741599438
14070,140009642,430866,436342,1,1,08/01/2014,1320,6,1,1,1,3,2,2,74,9,53.8222217535,-1.53106822299
14071,140009655,440329,434718,1,1,01/01/2014,1240,6,1,1,1,1,2,1,26,9,53.8069763897,-1.38752242774
14072,140009950,431966,435828,1,1,08/01/2014,1606,3,1,1,1,3,3,1,14,9,53.8175350977,-1.51441053912
14073,140010225,426288,435597,1,1,08/01/2014,1825,3,1,1,1,3,3,2,28,9,53.8157768247,-1.60068114583
14074,140010271,427514,434540,1,2,08/01/2014,2018,6,2,4,2,3,3,1,37,9,53.8062122741,-1.58215304824
14075,140010271,427514,434540,1,2,08/01/2014,2018,6,2,4,2,3,3,2,33,9,53.8062122741,-1.58215304824
14076,140010632,437228,433426,1,1,09/01/2014,800,3,1,1,1,3,3,2,16,9,53.7955943845,-1.434770968
14077,140010668,425711,429632,3,1,09/01/2014,705,3,1,1,1,1,3,1,42,9,53.7621873818,-1.60994333649
14078,140010731,433258,429625,2,2,09/01/2014,820,1,2,1,1,1,3,1,32,9,53.7616972879,-1.4954543299
14079,140010731,433258,429625,2,2,09/01/2014,820,1,2,1,1,1,3,1,33,9,53.7616972879,-1.4954543299
14080,140010999,429817,433660,1,1,03/01/2014,1910,6,1,1,1,3,2,2,27,9,53.7981752586,-1.54726444415
14081,140012302,430481,433453,1,2,01/01/2014,5,6,1,4,1,2,3,2,32,8,53.7962761122,-1.5372032406
14082,140012302,430481,433453,1,2,01/01/2014,5,6,1,4,1,2,3,1,29,8,53.7962761122,-1.5372032406
14083,140012384,436093,445402,4,2,09/01/2014,1245,3,2,1,1,1,3,1,64,9,53.9033209137,-1.45059483271
14084,140012384,436093,445402,4,2,09/01/2014,1245,3,2,1,1,1,3,2,37,9,53.9033209137,-1.45059483271
14085,140013081,431883,435575,2,1,10/01/2014,1710,6,2,4,1,2,3,2,29,9,53.8152660627,-1.51569754669
14086,140013109,429786,430628,2,1,10/01/2014,910,3,2,1,1,1,3,1,17,2,53.7709231348,-1.54802812033
14087,140015391,433299,436239,1,2,11/01/2014,2130,3,4,4,1,2,3,1,45,8,53.8211457503,-1.49411754612
14088,140015391,433299,436239,1,2,11/01/2014,2130,3,4,4,1,2,3,2,39,8,53.8211457503,-1.49411754612
14089,140015877,425080,437515,2,2,12/01/2014,1600,6,1,1,8,1,3,1,40,9,53.8330769722,-1.61887396068
14090,140015877,425080,437515,2,2,12/01/2014,1600,6,1,1,8,2,3,2,36,9,53.8330769722,-1.61887396068
14091,140015900,422736,435529,1,1,06/02/2014,1525,6,1,1,1,3,3,2,16,9,53.8153330558,-1.65464044564
14092,140016335,440574,428697,2,2,13/01/2014,1139,6,2,1,1,1,3,1,48,9,53.7528374503,-1.38459417959
14093,140016335,440574,428697,2,2,13/01/2014,1139,6,2,1,1,3,3,2,47,9,53.7528374503,-1.38459417959
14094,140016527,435691,437238,2,1,13/01/2014,1025,6,2,1,1,1,3,1,47,1,53.8299665908,-1.45766376253
14095,140016778,437499,433221,2,1,12/01/2014,1430,3,1,1,1,1,3,1,31,9,53.7937322651,-1.4306815796
14096,140017611,419503,445027,2,1,13/01/2014,1515,3,1,1,1,1,3,1,33,1,53.9008400309,-1.7031452437
14097,140018395,429445,437311,1,1,14/01/2014,1540,6,1,1,1,3,3,2,13,9,53.8310142417,-1.55256322452
14098,140018623,421804,439041,2,1,11/01/2014,1105,3,2,1,1,1,3,1,32,1,53.8469416888,-1.66854811445
14099,140018735,428416,426096,2,1,14/01/2014,1800,3,1,4,1,1,2,1,22,3,53.7302623192,-1.56923274456
14100,140018843,429506,437333,2,1,15/01/2014,225,6,2,4,1,1,3,1,24,9,53.8312085325,-1.55163420743
14101,140018925,431448,435821,2,1,15/01/2014,755,6,2,1,1,1,3,1,23,1,53.8175037705,-1.522279791
14102,140019263,424980,445054,1,1,14/01/2014,924,3,1,1,1,3,3,1,69,19,53.900847687,-1.61977953915
14103,140019564,436473,428485,2,1,15/01/2014,1155,3,1,1,1,2,3,2,35,19,53.7512350383,-1.44681772984
14104,140019993,434965,437846,1,1,15/01/2014,1715,3,2,4,1,3,3,1,15,9,53.8354810027,-1.46862586842
14105,140020329,427559,433891,2,1,15/01/2014,2135,6,2,4,2,1,3,1,34,9,53.8003761829,-1.58152775884
14106,140020476,424929,427637,2,1,16/01/2014,740,3,1,1,1,1,3,1,40,1,53.7442925685,-1.62196766478
14107,140020565,425955,426791,2,1,16/01/2014,700,3,2,4,1,1,3,1,43,5,53.7366378909,-1.60648047577
14108,140021485,423075,437684,4,1,16/01/2014,1541,3,1,1,1,1,3,2,27,9,53.8346889931,-1.64932942346
14109,140021499,428656,430027,1,1,16/01/2014,1545,6,1,1,1,3,3,1,10,9,53.7655842759,-1.5652299714
14110,140022449,423982,436710,3,2,17/01/2014,1036,6,1,1,1,1,3,2,60,9,53.8258928429,-1.63562204462
14111,140022449,423982,436710,3,2,17/01/2014,1036,6,1,1,1,2,3,1,77,9,53.8258928429,-1.63562204462
14112,140023122,425135,436550,2,1,17/01/2014,1930,3,2,4,2,1,2,1,33,1,53.8244001542,-1.61811707955
14113,140023192,430091,435423,2,1,17/01/2014,1545,6,1,1,1,1,3,1,52,9,53.8140065861,-1.54293189217
14114,140023780,428570,433358,7,1,18/01/2014,810,6,2,1,1,1,3,1,21,9,53.7955306319,-1.56622605296
14115,140023955,426278,435586,2,1,01/01/2014,1225,4,2,1,1,1,3,1,29,4,53.8156784538,-1.60083398289
14116,140024177,437587,433164,2,1,16/01/2014,1615,3,1,1,1,1,3,1,69,9,53.7932135668,-1.42935257074
14117,140024262,427496,425508,2,1,18/01/2014,1238,3,2,1,1,1,2,2,94,9,53.7250261745,-1.58323117936
14118,140024344,436281,434705,1,1,18/01/2014,1540,6,1,1,1,3,3,1,69,9,53.8071576937,-1.44899773558
14119,140024366,423751,438006,1,1,18/01/2014,1415,6,2,1,1,3,2,2,65,9,53.8375529151,-1.63903158961
14120,140024559,428396,429075,2,4,18/01/2014,1630,3,1,1,1,1,3,2,33,9,53.7570411649,-1.56926215865
14121,140024559,428396,429075,2,4,18/01/2014,1630,3,1,1,1,1,3,2,35,9,53.7570411649,-1.56926215865
14122,140024559,428396,429075,2,4,18/01/2014,1630,3,1,1,1,2,3,2,35,9,53.7570411649,-1.56926215865
14123,140024559,428396,429075,2,4,18/01/2014,1630,3,1,1,1,2,3,2,33,9,53.7570411649,-1.56926215865
14124,140025220,425328,435434,1,1,19/01/2014,1230,6,2,1,1,2,3,2,30,11,53.8143593083,-1.61527674642
14125,140025518,427569,436871,2,1,19/01/2014,1410,3,1,1,1,1,3,1,23,1,53.8271621253,-1.58110891109
14126,140025982,427483,432592,2,1,19/01/2014,1300,6,1,1,1,1,3,1,29,9,53.788703779,-1.58279764625
14127,140026029,431687,435738,1,1,17/01/2014,1700,6,1,7,1,3,3,2,22,9,53.8167431984,-1.51865788021
14128,140026423,428773,432733,2,1,20/01/2014,1128,6,2,1,1,1,3,1,22,1,53.7899014702,-1.56320240426
14129,140026876,430503,434083,2,1,20/01/2014,145,2,1,4,1,2,3,1,45,8,53.8019377148,-1.53680682425
14130,140026989,432466,435818,2,1,20/01/2014,1652,3,1,4,1,1,3,1,40,5,53.817414226,-1.50681649661
14131,140027124,427431,432842,2,1,20/01/2014,1909,6,1,4,1,1,3,1,50,8,53.7909537195,-1.58356474743
14132,140027538,426338,438929,2,1,21/01/2014,730,6,2,4,1,1,3,1,51,1,53.8457247903,-1.59963615083
14133,140027609,433371,435578,1,1,01/03/2014,800,6,4,1,1,3,3,1,80,9,53.815199648,-1.49309546872
14134,140027777,428098,434508,1,1,21/01/2014,945,6,2,1,1,3,3,1,79,9,53.8058934102,-1.5732872025
14135,140027800,430540,430969,2,2,21/01/2014,925,6,2,1,1,1,3,1,46,9,53.7739446271,-1.53655359206
14136,140027800,430540,430969,2,2,21/01/2014,925,6,2,1,1,1,3,1,48,9,53.7739446271,-1.53655359206
14137,140027874,432395,434811,1,1,21/01/2014,1120,6,1,1,1,3,3,2,28,9,53.8083670756,-1.5080010124
14138,140029938,434998,435273,1,1,01/01/2014,1620,6,1,4,1,3,2,1,16,9,53.8123511471,-1.46841722161
14139,140030345,424019,437714,2,1,23/01/2014,19,3,2,4,1,1,3,1,18,3,53.8349158711,-1.63498143318
14140,140030969,426175,434168,2,1,23/01/2014,1312,6,1,1,1,2,3,2,48,9,53.8029375604,-1.60251911916
14141,140031174,421124,434795,2,1,23/01/2014,845,6,2,1,2,1,3,1,9,1,53.8088032355,-1.67917665274
14142,140031185,425092,431058,2,1,23/01/2014,1645,3,1,1,1,1,3,1,58,1,53.775035679,-1.61921786326
14143,140031412,424290,428961,1,1,23/01/2014,1530,6,1,1,1,2,3,2,80,11,53.7562240395,-1.63155334708
14144,140031560,429027,432099,2,2,23/01/2014,1544,6,2,1,1,1,3,1,53,9,53.784188488,-1.55940631601
14145,140031560,429027,432099,2,2,23/01/2014,1544,6,2,1,1,1,3,1,30,19,53.784188488,-1.55940631601
14146,140031571,428720,433195,2,1,23/01/2014,1625,3,2,1,1,2,3,1,10,9,53.7940572059,-1.56396389533
14147,140031801,436651,428691,1,1,23/01/2014,1730,3,1,1,1,3,2,1,17,9,53.7530742133,-1.44409371481
14148,140032882,433210,436160,2,1,24/01/2014,1446,3,1,1,1,1,3,1,59,9,53.8204413425,-1.49547811739
14149,140033168,436854,433739,2,1,24/01/2014,1415,6,1,1,1,1,3,1,25,1,53.7984344386,-1.44041162144
14150,140033290,428116,426651,2,2,24/01/2014,1955,3,2,4,2,1,3,2,24,9,53.7352673977,-1.57372993439