Col.Number,Reference.Number,Easting,Northing,Number.of.Vehicles,Number.of.Casualties,Accident.Date,Time..24hr.,X1st.Road.Class,Road.Surface,Lighting.Conditions,Weather.Conditions,Casualty.Class,Casualty.Severity,Sex.of.Casualty,Age.of.Casualty,Type.of.Vehicle,Latitude,Longitude
14151,140033290,428116,426651,2,2,24/01/2014,1955,3,2,4,2,1,3,1,49,9,53.7352673977,-1.57372993439
14152,140033332,428955,435472,2,1,24/01/2014,1745,3,2,4,2,1,3,1,19,1,53.8145115391,-1.56018201458
14153,140034085,432096,435459,2,1,24/01/2014,1500,6,1,1,1,1,3,1,57,1,53.8142102721,-1.51247430829
14154,140034129,430266,433735,2,2,24/01/2014,1540,6,1,1,1,1,3,2,22,9,53.7988234844,-1.54043978425
14155,140034129,430266,433735,2,2,24/01/2014,1540,6,1,1,1,2,3,2,24,9,53.7988234844,-1.54043978425
14156,140035251,429697,437811,1,1,26/01/2014,1300,6,2,1,2,3,2,1,6,9,53.8354942407,-1.54868572918
14157,140035672,419941,434106,1,1,26/01/2014,1755,3,2,4,2,3,2,1,32,9,53.8026566095,-1.69718795752
14158,140035786,428717,435610,2,2,26/01/2014,2005,3,2,4,2,1,3,1,49,9,53.8157651835,-1.56378416846
14159,140035786,428717,435610,2,2,26/01/2014,2005,3,2,4,2,2,3,2,7,9,53.8157651835,-1.56378416846
14160,140035856,437893,436505,1,1,26/01/2014,1845,6,2,4,1,3,3,1,21,9,53.8232220972,-1.42429581055
14161,140036248,440776,428637,2,1,25/01/2014,1700,6,1,4,1,1,3,1,24,3,53.7522823692,-1.38153846417
14162,140036447,427389,435013,1,1,27/01/2014,813,6,2,1,2,2,3,1,4,11,53.8104705558,-1.58400924089
14163,140037203,428404,434383,4,2,27/01/2014,1915,6,2,4,1,2,3,2,33,9,53.8047531948,-1.56865178358
14164,140037203,428404,434383,4,2,27/01/2014,1915,6,2,4,1,2,3,2,19,9,53.8047531948,-1.56865178358
14165,140037248,432098,435594,2,1,27/01/2014,1825,6,1,4,1,1,3,1,62,9,53.815423618,-1.5124298464
14166,140037266,428370,431571,4,1,22/01/2014,1810,1,2,4,1,1,3,2,35,9,53.7794786357,-1.56942703276
14167,140037552,431243,432312,2,1,28/01/2014,655,3,2,4,1,1,2,1,36,1,53.7859747864,-1.52574983101
14168,140037652,428810,437790,2,1,28/01/2014,813,6,2,1,1,1,3,1,38,3,53.835355424,-1.56216726442
14169,140038760,428404,435726,2,1,28/01/2014,1830,3,1,1,1,1,3,1,32,1,53.816825071,-1.56852782935
14170,140038859,420505,440234,2,1,28/01/2014,1650,3,2,4,1,1,3,1,47,1,53.8577182417,-1.68821474535
14171,140040252,429003,433572,1,1,29/01/2014,1720,3,1,4,1,3,2,1,70,9,53.7974302668,-1.55963194176
14172,140040393,428564,431616,2,1,01/01/2014,830,1,1,1,1,1,3,2,34,9,53.7798725224,-1.56647860824
14173,140041898,427456,438577,1,1,30/01/2014,1900,3,4,4,1,1,3,2,18,9,53.8425028625,-1.58267339056
14174,140043327,436564,435578,2,1,31/01/2014,1500,6,1,1,1,1,3,2,34,9,53.814984896,-1.4445962909
14175,140043770,429791,433962,1,1,31/01/2014,2112,6,2,4,1,3,3,2,26,8,53.8008913447,-1.54762999479
14176,140043796,429798,433788,2,2,01/02/2014,35,6,2,4,1,1,3,1,34,8,53.7993269048,-1.54754054182
14177,140043796,429798,433788,2,2,01/02/2014,35,6,2,4,1,1,3,1,50,9,53.7993269048,-1.54754054182
14178,140044253,424472,445188,2,1,01/02/2014,1015,3,2,1,1,1,3,1,41,1,53.9020764038,-1.62750090849
14179,140044486,421728,433535,1,1,01/02/2014,1530,6,1,1,1,3,3,1,24,19,53.7974523907,-1.67009241305
14180,140044522,430493,433709,1,1,01/02/2014,1515,6,1,1,1,2,3,1,81,11,53.7985765214,-1.53699570451
14181,140044635,423895,434277,2,1,01/02/2014,1740,6,2,4,2,1,3,1,53,9,53.8040270828,-1.63713283481
14182,140044738,426571,433921,2,1,01/02/2014,1728,6,2,6,8,1,3,1,26,1,53.8006972519,-1.59652713236
14183,140045106,429929,437044,2,1,31/01/2014,1506,3,2,1,1,1,3,1,34,1,53.8285866109,-1.54523476499
14184,140045226,431417,434087,2,1,02/02/2014,720,6,1,1,1,1,2,1,64,3,53.8019192678,-1.52292769486
14185,140045447,435892,436311,3,1,02/02/2014,1210,3,1,1,1,1,3,1,46,3,53.8216203474,-1.45471786666
14186,140045802,423802,437485,2,2,02/02/2014,125,6,2,4,1,1,3,1,28,9,53.8328674276,-1.63829686217
14187,140045802,423802,437485,2,2,02/02/2014,125,6,2,4,1,1,3,1,45,9,53.8328674276,-1.63829686217
14188,140046620,429388,435423,2,2,27/01/2014,1550,6,1,1,1,1,3,1,46,9,53.8140467973,-1.5536097696
14189,140046620,429388,435423,2,2,27/01/2014,1550,6,1,1,1,2,3,2,35,9,53.8140467973,-1.5536097696
14190,140047033,429389,434938,2,1,03/02/2014,825,3,1,1,1,1,3,1,49,1,53.809687212,-1.5536408997
14191,140047588,431912,434799,2,2,03/02/2014,1950,6,1,4,1,1,3,1,28,9,53.8082890752,-1.5153375267
14192,140047588,431912,434799,2,2,03/02/2014,1950,6,1,4,1,2,3,1,31,9,53.8082890752,-1.5153375267
14193,140047598,434838,433455,1,1,03/02/2014,1837,3,1,1,1,2,3,1,72,11,53.7960205804,-1.47105305972
14194,140048209,435914,438028,1,1,04/02/2014,1020,6,1,1,1,2,3,2,78,11,53.8370521818,-1.45418305562
14195,140048324,429539,439287,2,1,04/02/2014,1050,6,1,1,1,1,3,1,44,1,53.848770526,-1.55094487977
14196,140049451,424165,429365,2,1,04/02/2014,800,4,2,1,1,1,2,2,26,3,53.7598613632,-1.633417764
14197,140050468,430653,432612,1,1,05/02/2014,1425,3,2,1,2,3,3,1,17,9,53.7887064893,-1.53467551291
14198,140050515,427320,437204,3,2,05/02/2014,1820,3,1,1,1,1,3,2,49,9,53.8301685225,-1.58486258303
14199,140050515,427320,437204,3,2,05/02/2014,1820,3,1,1,1,1,3,1,38,9,53.8301685225,-1.58486258303
14200,140050662,428837,434631,2,1,05/02/2014,1800,6,2,4,2,1,2,1,19,1,53.8069585745,-1.56205314667
14201,140050866,431766,434944,2,2,05/02/2014,2135,6,1,1,1,2,3,2,13,9,53.8096013723,-1.51753984485
14202,140050866,431766,434944,2,2,05/02/2014,2135,6,1,1,1,2,3,1,10,9,53.8096013723,-1.51753984485
14203,140050974,427984,435223,1,1,04/02/2014,1235,6,1,1,1,3,3,2,25,9,53.8123265122,-1.57495341152
14204,140051258,430111,437531,1,1,06/02/2014,1030,6,1,1,1,3,3,1,83,19,53.8329535825,-1.54242170068
14205,140051388,424917,434481,2,1,06/02/2014,840,3,2,1,1,1,3,1,32,1,53.8058128427,-1.62159669532
14206,140051922,432100,437000,2,1,04/02/2014,900,6,1,1,1,1,3,2,35,9,53.8280615385,-1.512252716
14207,140052151,426711,431721,2,1,06/02/2014,1811,3,2,4,2,1,3,1,30,1,53.7809147249,-1.5945920513
14208,140052766,428068,434530,3,2,07/02/2014,840,6,1,1,1,2,3,2,6,9,53.8060927827,-1.57374078038
14209,140052766,428068,434530,3,2,07/02/2014,840,6,1,1,1,2,3,2,5,9,53.8060927827,-1.57374078038
14210,140052956,424274,428348,2,1,06/02/2014,2110,3,2,4,2,1,3,2,26,9,53.750714593,-1.63184422446
14211,140053144,430673,434339,2,1,13/01/2014,910,6,2,1,2,2,3,2,34,11,53.8042288272,-1.53419993592
14212,140053831,427569,434537,2,3,07/02/2014,1845,3,1,4,1,1,3,2,19,9,53.8061823952,-1.58131807278
14213,140053831,427569,434537,2,3,07/02/2014,1845,3,1,4,1,2,3,2,22,9,53.8061823952,-1.58131807278
14214,140053831,427569,434537,2,3,07/02/2014,1845,3,1,4,1,2,3,2,25,9,53.8061823952,-1.58131807278
14215,140054027,429586,434744,1,1,07/02/2014,2350,3,2,4,2,3,3,1,40,9,53.8079322292,-1.55066762003
14216,140054501,426343,428159,2,1,08/02/2014,1030,4,2,1,4,1,3,2,44,9,53.7489152161,-1.60048130755
14217,140054877,430153,438719,1,1,06/02/2014,1900,4,2,4,2,3,3,1,32,9,53.8436296804,-1.54166688172
14218,140054981,431882,435470,2,1,08/02/2014,1610,6,2,1,2,1,3,1,36,9,53.814322314,-1.51572361649
14219,140055061,431874,435944,2,2,08/02/2014,1639,6,2,1,1,1,3,1,31,9,53.8185834313,-1.51579601906
14220,140055061,431874,435944,2,2,08/02/2014,1639,6,2,1,1,2,3,2,22,9,53.8185834313,-1.51579601906
14221,140055117,428436,436840,2,1,08/02/2014,1415,4,1,1,1,1,3,1,19,1,53.8268367574,-1.56793874439
14222,140055810,433187,433966,3,1,09/02/2014,1155,6,2,1,2,1,3,1,30,9,53.8007217221,-1.49606410957
14223,140055896,428632,436978,2,1,09/02/2014,10,6,2,4,1,1,3,1,36,9,53.8280664376,-1.56494793036
14224,140056516,427009,440128,1,1,10/02/2014,50,3,1,4,1,1,3,2,45,9,53.8564677806,-1.58933108208
14225,140056581,427618,438574,1,1,10/02/2014,715,3,4,1,1,1,3,2,26,9,53.8424673074,-1.58021136
14226,140057661,433906,436531,1,1,10/02/2014,1550,3,2,1,1,3,2,1,44,9,53.8237311852,-1.48486414166
14227,140057808,427857,430547,3,2,10/02/2014,1745,3,1,4,1,1,3,1,27,19,53.7703018057,-1.57730511598
14228,140057808,427857,430547,3,2,10/02/2014,1745,3,1,4,1,1,3,1,24,9,53.7703018057,-1.57730511598
14229,140057823,429819,430657,2,1,10/02/2014,1900,3,1,1,1,1,3,1,20,3,53.7711819206,-1.54752459329
14230,140058331,429003,436841,1,1,10/02/2014,1435,6,1,1,1,2,3,1,2,11,53.8268144118,-1.55932383688
14231,140058392,428859,425987,2,1,11/02/2014,610,3,2,4,2,1,3,1,61,3,53.729258208,-1.56252755094
14232,140058665,431917,435754,2,1,10/02/2014,1320,3,1,1,1,3,3,1,30,9,53.8168729474,-1.5151625371
14233,140058709,428544,436894,1,1,06/02/2014,1640,4,1,1,1,2,3,1,27,11,53.8273162271,-1.56629281284
14234,140059087,426081,436902,1,1,05/02/2014,1630,6,2,1,1,3,3,1,9,9,53.8275175852,-1.60371475628
14235,140059289,428369,426113,3,1,11/02/2014,1900,3,4,4,2,2,3,1,18,9,53.7304176886,-1.569943651
14236,140059666,430708,434997,2,1,11/02/2014,2200,3,1,1,1,1,3,1,31,9,53.8101413273,-1.53360280245
14237,140059746,430174,432871,2,1,12/02/2014,920,6,1,1,1,1,3,1,30,9,53.7910625661,-1.54192129927
14238,140060114,435551,433594,1,1,12/02/2014,800,3,2,1,1,3,3,1,12,9,53.7972217659,-1.46021202851
14239,140060718,432310,439240,1,1,12/02/2014,1757,6,2,1,5,3,2,1,49,9,53.8481830382,-1.50882641176
14240,140061009,426628,437979,1,1,13/02/2014,318,3,2,4,4,1,3,2,43,9,53.8371707146,-1.59531033399
14241,140061112,424279,428347,2,1,13/02/2014,710,3,1,1,1,1,3,2,24,3,53.7507053712,-1.63176847144
14242,140061243,432042,435940,1,1,13/02/2014,822,6,1,1,1,3,3,1,17,9,53.8185371486,-1.51324441704
14243,140061747,424063,438418,1,1,13/02/2014,1238,6,1,1,1,3,2,2,97,9,53.8412419288,-1.63425763963
14244,140062257,429807,430658,2,1,13/02/2014,1715,3,1,4,1,1,3,2,32,1,53.7711915964,-1.54770657918
14245,140062310,434921,433416,1,1,13/02/2014,2000,4,2,4,5,2,3,1,64,11,53.7956644593,-1.46979734773
14246,140062314,440453,448261,1,1,13/02/2014,1900,4,1,4,1,3,3,2,14,9,53.9286965178,-1.3838530066
14247,140062987,428496,434318,1,1,14/02/2014,1018,6,2,1,1,3,2,1,19,9,53.8041638938,-1.56726071537
14248,140062993,428582,431546,2,1,04/02/2014,1220,3,1,1,1,1,3,2,39,9,53.7792423197,-1.56621191635
14249,140063557,427978,435991,2,1,14/02/2014,1558,6,1,1,1,1,3,2,22,1,53.8192301865,-1.57497470058
14250,140063594,427559,438584,2,1,14/02/2014,1350,3,2,1,5,1,3,1,34,9,53.8425603284,-1.58110722574
14251,140064421,444991,446244,2,1,14/02/2014,950,6,1,1,1,1,3,2,23,5,53.9101929032,-1.3150358917
14252,140064491,420640,434359,3,2,15/02/2014,1004,3,2,1,5,1,3,1,93,9,53.8049035258,-1.68655657447
14253,140064491,420640,434359,3,2,15/02/2014,1004,3,2,1,5,2,3,2,88,9,53.8049035258,-1.68655657447
14254,140064622,428479,437167,1,1,14/02/2014,1750,6,2,4,5,3,3,1,32,9,53.8297737112,-1.56725512317
14255,140096680,430278,434313,1,2,09/03/2014,200,2,1,1,1,1,3,1,22,9,53.8040182653,-1.54020074733
14256,140096680,430278,434313,1,2,09/03/2014,200,2,1,1,1,2,3,1,29,9,53.8040182653,-1.54020074733
14257,140222955,443107,440721,1,1,26/12/2014,2158,2,3,6,3,1,3,1,23,9,53.8607107406,-1.34449378931
14258,1410222,421996,443915,2,1,01/04/2014,750,6,2,1,1,1,3,1,68,9,53.8907447752,-1.66527990501
14259,1410246,430512,437057,1,1,01/04/2014,827,6,1,1,1,3,3,1,15,9,53.828669559,-1.53637522146
14260,1410949,432957,427611,1,1,01/04/2014,1540,3,1,1,1,3,3,1,10,9,53.7436130983,-1.50023543105
14261,1411033,431322,431388,1,1,29/03/2014,2340,6,2,7,9,3,2,1,36,9,53.7776644537,-1.52464458213
14262,1411139,435468,433844,1,1,01/04/2014,1700,6,1,1,1,3,2,2,12,9,53.7994745848,-1.46144340527
14263,1420276,425823,433131,1,1,02/04/2014,818,6,2,1,7,3,2,2,12,9,53.7936337675,-1.6079512309
14264,1420372,425293,434316,2,1,02/04/2014,926,3,1,1,1,1,3,1,34,1,53.8043115407,-1.6159002485
14265,1420804,432379,435788,2,1,01/04/2014,30,3,1,4,2,1,3,1,24,1,53.8171499923,-1.50814119741
14266,1421333,430576,433446,1,1,02/04/2014,1600,6,1,1,1,2,3,1,2,11,53.7962076167,-1.53576159088
14267,1430163,422919,434104,2,1,03/04/2014,623,3,2,4,7,1,3,1,41,9,53.8025159371,-1.65196684718
14268,1430210,420031,434154,1,1,03/04/2014,750,3,2,1,9,3,3,1,11,8,53.8030846175,-1.69581816998
14269,1430315,431253,433819,2,1,02/04/2014,1130,6,1,1,1,2,3,2,52,11,53.7995201757,-1.5254451674
14270,1430549,432507,427345,2,1,03/04/2014,740,3,2,1,1,1,3,1,28,1,53.7412503445,-1.50708699586
14271,1430662,429726,435808,1,1,03/04/2014,1250,6,1,1,1,3,3,2,48,1,53.8174882347,-1.5484386802
14272,1431717,436022,434826,1,1,03/04/2014,2110,6,2,4,1,3,3,1,29,9,53.8082633171,-1.45291682934
14273,1440266,430716,435480,3,2,04/04/2014,840,6,1,1,1,1,3,2,22,9,53.8144823937,-1.53343308961
14274,1440266,430716,435480,3,2,04/04/2014,840,6,1,1,1,1,3,1,21,9,53.8144823937,-1.53343308961
14275,1440516,432106,433592,1,1,04/04/2014,1105,3,1,1,1,3,2,2,15,9,53.7974277974,-1.51251713589
14276,1440934,430419,438625,1,1,04/04/2014,1513,3,1,1,1,3,3,2,83,9,53.8427692358,-1.53763306936
14277,1441064,428587,431555,2,1,04/04/2014,2300,3,2,7,9,1,3,2,28,9,53.7793229442,-1.56613519948
14278,1450279,429887,434264,1,1,05/04/2014,315,6,1,4,1,3,3,1,19,8,53.8036004326,-1.54614299176
14279,1450966,423266,437522,2,2,05/04/2014,1330,3,2,1,1,1,3,1,47,19,53.8332242911,-1.64643912327
14280,1450966,423266,437522,2,2,05/04/2014,1330,3,2,1,1,2,3,2,24,19,53.8332242911,-1.64643912327
14281,1451528,442355,439994,1,1,05/04/2014,1900,3,1,1,1,1,3,2,29,9,53.8542381154,-1.35602860567
14282,1461278,430413,433714,3,3,06/04/2014,1640,6,1,1,1,1,3,1,32,9,53.7986261481,-1.53820988352
14283,1461278,430413,433714,3,3,06/04/2014,1640,6,1,1,1,2,3,1,21,9,53.7986261481,-1.53820988352
14284,1461278,430413,433714,3,3,06/04/2014,1640,6,1,1,1,1,3,1,31,8,53.7986261481,-1.53820988352
14285,1470521,430775,433453,2,1,05/04/2014,945,3,1,1,1,1,3,1,22,2,53.7962588044,-1.53273956525
14286,1480500,431511,435137,3,4,08/04/2014,1059,3,1,1,1,1,3,2,23,9,53.8113517023,-1.52139285921
14287,1480500,431511,435137,3,4,08/04/2014,1059,3,1,1,1,2,3,2,34,9,53.8113517023,-1.52139285921
14288,1480500,431511,435137,3,4,08/04/2014,1059,3,1,1,1,1,3,1,36,9,53.8113517023,-1.52139285921
14289,1480500,431511,435137,3,4,08/04/2014,1059,3,1,1,1,2,3,2,38,9,53.8113517023,-1.52139285921
14290,1480678,430473,433750,2,2,08/04/2014,1250,6,1,1,1,1,3,2,63,9,53.7989462308,-1.53729531582
14291,1480678,430473,433750,2,2,08/04/2014,1250,6,1,1,1,1,3,1,60,9,53.7989462308,-1.53729531582
14292,1480751,440829,445739,1,1,08/04/2014,1336,3,1,1,4,1,2,1,20,3,53.905998501,-1.37846320691
14293,1481171,431621,436143,3,1,08/04/2014,1720,6,1,1,1,1,3,1,41,9,53.8203876267,-1.51961878273
14294,1481333,424718,434440,2,3,08/04/2014,1830,6,1,1,1,1,3,1,24,9,53.8054537976,-1.62462203942
14295,1481333,424718,434440,2,3,08/04/2014,1830,6,1,1,1,1,3,1,44,9,53.8054537976,-1.62462203942
14296,1481333,424718,434440,2,3,08/04/2014,1830,6,1,1,1,2,3,2,38,9,53.8054537976,-1.62462203942
14297,1490215,426486,428243,1,1,09/04/2014,746,4,1,1,1,1,3,1,23,3,53.7496630329,-1.59830542135
14298,1490562,430900,428654,1,1,09/04/2014,1212,6,1,1,1,2,3,2,88,11,53.7531143994,-1.5313225499
14299,1490632,436431,435581,2,1,03/04/2014,1235,6,1,1,1,2,3,2,72,8,53.8150211983,-1.44661608913
14300,1490713,426305,436913,2,4,09/04/2014,1340,6,1,1,1,2,2,2,21,9,53.8276051712,-1.6003103595
14301,1490713,426305,436913,2,4,09/04/2014,1340,6,1,1,1,1,3,1,22,9,53.8276051712,-1.6003103595
14302,1490713,426305,436913,2,4,09/04/2014,1340,6,1,1,1,2,3,1,17,9,53.8276051712,-1.6003103595
14303,1490713,426305,436913,2,4,09/04/2014,1340,6,1,1,1,2,3,1,21,9,53.8276051712,-1.6003103595
14304,1491282,432946,427605,1,1,09/04/2014,1808,3,1,1,1,3,2,2,32,9,53.7435598612,-1.50040286934
14305,14A0278,432055,435968,2,1,10/04/2014,836,6,1,1,1,1,2,1,53,1,53.8187880296,-1.51304402177
14306,14A0409,427337,434674,3,1,10/04/2014,958,3,1,1,1,1,3,2,49,1,53.8074261023,-1.58482911644
14307,14A1015,427704,430903,2,1,10/04/2014,1541,3,1,1,1,2,3,2,51,9,53.7735099842,-1.57959465655
14308,14A1433,432930,436036,1,1,10/04/2014,1840,3,1,6,1,3,3,1,7,9,53.819344565,-1.4997449363
14309,14A1747,423888,437403,1,1,10/04/2014,2100,6,1,4,1,3,3,1,12,9,53.8321264007,-1.63699637968
14310,14B0276,425577,443075,2,1,11/04/2014,740,3,1,1,1,1,3,1,47,1,53.8830300024,-1.61085811757
14311,14B0477,428446,429056,2,1,11/04/2014,950,3,1,1,1,1,3,2,41,9,53.7568676498,-1.56850548474
14312,14B0548,428706,433085,3,1,11/04/2014,1100,3,1,1,1,1,3,1,50,8,53.7930692149,-1.56418669088
14313,14B0680,427709,426389,2,2,11/04/2014,1210,1,1,1,1,2,3,2,23,9,53.7329341019,-1.57992380772
14314,14B0680,427709,426389,2,2,11/04/2014,1210,1,1,1,1,2,3,2,45,9,53.7329341019,-1.57992380772
14315,14B1129,432209,435912,2,1,11/04/2014,1557,6,1,1,1,1,2,1,30,5,53.818275146,-1.51071052453
14316,14B1498,430600,436868,3,2,11/04/2014,1840,6,1,1,1,1,3,2,45,9,53.8269655255,-1.53505693649
14317,14B1498,430600,436868,3,2,11/04/2014,1840,6,1,1,1,1,3,2,45,9,53.8269655255,-1.53505693649
14318,14C0342,436891,433665,2,1,12/04/2014,849,3,1,1,1,1,3,1,52,1,53.7977666609,-1.43985870963
14319,14C0578,427023,444701,2,1,12/04/2014,1025,3,1,1,1,1,3,1,38,1,53.8975722069,-1.58871505846
14320,14C1823,422452,434232,2,2,12/04/2014,1600,6,1,1,1,2,3,1,12,9,53.8036868772,-1.65904893422
14321,14C1823,422452,434232,2,2,12/04/2014,1600,6,1,1,1,1,3,1,40,9,53.8036868772,-1.65904893422
14322,14D0806,430212,432064,1,3,13/04/2014,1340,3,1,1,4,1,3,2,37,9,53.7838064474,-1.54142354525
14323,14D0806,430212,432064,1,3,13/04/2014,1340,3,1,1,4,2,3,2,10,9,53.7838064474,-1.54142354525
14324,14D0806,430212,432064,1,3,13/04/2014,1340,3,1,1,4,2,3,2,1,9,53.7838064474,-1.54142354525
14325,14D1032,433896,436549,2,4,13/04/2014,1545,3,1,1,1,1,3,1,56,8,53.8238936324,-1.48501408137
14326,14D1032,433896,436549,2,4,13/04/2014,1545,3,1,1,1,2,3,1,34,8,53.8238936324,-1.48501408137
14327,14D1032,433896,436549,2,4,13/04/2014,1545,3,1,1,1,1,3,1,17,9,53.8238936324,-1.48501408137
14328,14D1032,433896,436549,2,4,13/04/2014,1545,3,1,1,1,2,3,1,18,9,53.8238936324,-1.48501408137
14329,14D1290,438052,448191,1,1,13/04/2014,1800,6,1,1,1,3,3,1,24,9,53.9282493578,-1.42042966261
14330,14D1487,431253,438286,3,1,13/04/2014,1944,6,1,1,1,1,3,1,19,2,53.8396725722,-1.52499128435
14331,14E0983,435770,436505,1,1,14/04/2014,1500,6,1,1,1,3,3,1,5,9,53.8233725403,-1.45654867079
14332,14F0421,422426,434598,2,1,15/04/2014,915,6,1,1,1,1,3,2,43,9,53.8069779154,-1.65941709449
14333,14F0490,435094,435657,1,1,15/04/2014,1110,6,1,1,1,3,3,1,9,9,53.8157962988,-1.46691535406
14334,14F0575,428775,429727,1,1,15/04/2014,1232,3,1,1,1,3,2,2,78,9,53.7628810743,-1.56345252793
14335,14F1146,429071,433045,2,1,15/04/2014,1705,6,1,1,1,1,3,1,48,9,53.7926893998,-1.5586492303
14336,14F1207,431874,435948,2,1,15/04/2014,1730,6,1,1,1,2,3,2,61,11,53.818619386,-1.51579560458
14337,14F1255,433073,432332,1,1,15/04/2014,1759,6,1,1,1,1,3,2,54,9,53.7860414885,-1.49797051435
14338,14F1358,422310,433978,1,1,15/04/2014,1847,3,1,1,1,1,3,2,31,9,53.8014098199,-1.66122367742
14339,14G0526,430191,431784,2,1,16/04/2014,1059,6,1,1,1,1,3,1,6,1,53.7812908163,-1.54176970714
14340,14G0554,427924,436151,1,1,16/04/2014,1110,3,1,1,1,3,2,2,34,90,53.8206712874,-1.57578048606
14341,14G0648,438109,430867,1,1,16/04/2014,1200,6,1,1,1,1,2,2,76,9,53.7725288346,-1.42171194828
14342,14G1027,420343,439783,3,10,16/04/2014,1505,3,1,1,1,1,3,2,39,9,53.853670669,-1.6907078623
14343,14G1027,420343,439783,3,10,16/04/2014,1505,3,1,1,1,2,3,1,7,9,53.853670669,-1.6907078623
14344,14G1027,420343,439783,3,10,16/04/2014,1505,3,1,1,1,2,3,2,11,9,53.853670669,-1.6907078623
14345,14G1027,420343,439783,3,10,16/04/2014,1505,3,1,1,1,2,3,1,7,9,53.853670669,-1.6907078623
14346,14G1027,420343,439783,3,10,16/04/2014,1505,3,1,1,1,2,3,1,10,9,53.853670669,-1.6907078623
14347,14G1027,420343,439783,3,10,16/04/2014,1505,3,1,1,1,1,3,2,44,9,53.853670669,-1.6907078623
14348,14G1027,420343,439783,3,10,16/04/2014,1505,3,1,1,1,2,3,2,11,9,53.853670669,-1.6907078623
14349,14G1027,420343,439783,3,10,16/04/2014,1505,3,1,1,1,1,3,1,78,9,53.853670669,-1.6907078623
14350,14G1027,420343,439783,3,10,16/04/2014,1505,3,1,1,1,2,3,2,74,9,53.853670669,-1.6907078623
14351,14G1027,420343,439783,3,10,16/04/2014,1505,3,1,1,1,2,3,2,4,9,53.853670669,-1.6907078623
14352,14G1100,430337,432814,1,1,16/04/2014,1448,3,1,1,1,2,3,1,3,11,53.7905407309,-1.53945245729
14353,14G1235,424517,427739,3,2,16/04/2014,1645,1,1,1,1,1,3,2,45,9,53.7452289781,-1.62820714154
14354,14G1235,424517,427739,3,2,16/04/2014,1645,1,1,1,1,2,3,2,22,9,53.7452289781,-1.62820714154
14355,14G1328,424100,431966,2,1,16/04/2014,1732,6,1,1,1,1,3,1,50,1,53.7832444239,-1.63420058401
14356,14G1555,436474,436176,1,1,16/04/2014,1907,6,1,1,1,1,3,1,49,5,53.8203663783,-1.44589240816
14357,14H0187,432302,426164,2,2,17/04/2014,528,1,1,4,1,1,3,1,30,19,53.7306473409,-1.51031874696
14358,14H0187,432302,426164,2,2,17/04/2014,528,1,1,4,1,1,3,1,28,90,53.7306473409,-1.51031874696
14359,14H0379,432236,426267,2,4,17/04/2014,945,1,1,1,9,1,3,2,35,9,53.7315772698,-1.51130849467
14360,14H0379,432236,426267,2,4,17/04/2014,945,1,1,1,9,2,3,1,4,9,53.7315772698,-1.51130849467
14361,14H0379,432236,426267,2,4,17/04/2014,945,1,1,1,9,2,3,2,36,9,53.7315772698,-1.51130849467
14362,14H0379,432236,426267,2,4,17/04/2014,945,1,1,1,9,2,3,2,10,9,53.7315772698,-1.51130849467
14363,14H1058,430155,430974,2,1,17/04/2014,1630,6,1,1,1,3,3,1,24,9,53.7740120102,-1.54239529579
14364,14H1228,427482,432594,2,1,17/04/2014,1759,6,1,1,1,2,3,1,25,9,53.7887218094,-1.58281264782
14365,14H1474,438509,427246,2,1,09/04/2014,750,6,2,1,1,1,3,1,41,1,53.739951656,-1.41609407328
14366,14I0431,430508,433455,1,1,17/04/2014,2315,6,1,4,1,2,2,1,33,11,53.7962925071,-1.53679311294
14367,14I0904,430212,433401,1,1,18/04/2014,1518,6,1,1,1,3,3,2,32,11,53.7958243889,-1.54129245615
14368,14I1056,428520,434271,2,1,18/04/2014,1632,6,1,1,1,1,3,1,31,1,53.8037401072,-1.56690061751
14369,14I1371,422422,440320,2,1,17/04/2014,1946,6,1,1,1,1,3,2,41,9,53.858412012,-1.6590603918
14370,14J1103,425059,433376,1,1,19/04/2014,1310,4,1,1,9,2,3,2,41,11,53.7958733847,-1.61953018043
14371,14J1407,420338,441596,1,2,19/04/2014,1940,6,1,1,1,1,3,2,36,9,53.8699675341,-1.69066369492
14372,14J1407,420338,441596,1,2,19/04/2014,1940,6,1,1,1,2,3,2,65,9,53.8699675341,-1.69066369492
14373,14J1635,429401,433823,1,1,19/04/2014,2155,2,1,4,1,3,2,1,30,9,53.7996640999,-1.55356513372
14374,14K0229,429360,433720,1,2,20/04/2014,349,2,1,4,1,1,2,1,23,9,53.7987405754,-1.55419749064
14375,14K0229,429360,433720,1,2,20/04/2014,349,2,1,4,1,2,1,1,24,9,53.7987405754,-1.55419749064
14376,14K0307,426744,426835,2,2,20/04/2014,2050,4,1,4,1,2,3,1,26,9,53.736993528,-1.59451448557
14377,14K0307,426744,426835,2,2,20/04/2014,2050,4,1,4,1,2,3,2,19,9,53.736993528,-1.59451448557
14378,14K0632,430232,433425,1,1,06/04/2014,15,6,2,4,1,3,3,2,28,8,53.7960389566,-1.54098645215
14379,14L0051,424963,434400,2,1,21/04/2014,43,6,1,4,1,1,3,1,23,1,53.8050825436,-1.62090469901