Col.Number,Reference.Number,Easting,Northing,Number.of.Vehicles,Number.of.Casualties,Accident.Date,Time..24hr.,X1st.Road.Class,Road.Surface,Lighting.Conditions,Weather.Conditions,Casualty.Class,Casualty.Severity,Sex.of.Casualty,Age.of.Casualty,Type.of.Vehicle,Latitude,Longitude
14380,14L0054,427476,431311,2,1,21/04/2014,2355,3,1,4,1,2,3,2,53,8,53.7771894992,-1.58301808287
14381,14L0083,441371,445033,2,2,21/04/2014,113,2,1,6,1,1,2,1,33,9,53.8996097642,-1.37030836482
14382,14L0083,441371,445033,2,2,21/04/2014,113,2,1,6,1,1,2,1,22,9,53.8996097642,-1.37030836482
14383,14L1161,427751,436156,2,1,21/04/2014,1726,6,2,1,2,1,3,1,23,1,53.820725496,-1.57840816056
14384,14M0058,426845,438032,2,1,22/04/2014,2105,3,1,4,1,1,3,1,26,1,53.8376359487,-1.5920078509
14385,14M0162,430064,433776,2,1,22/04/2014,542,6,2,1,2,1,2,1,28,2,53.7992037353,-1.5435028507
14386,14M0228,429137,433091,2,1,22/04/2014,755,6,2,1,1,1,3,1,46,1,53.7930991908,-1.55764291235
14387,14M0700,431416,434088,1,1,22/04/2014,1215,6,2,1,1,2,2,2,48,11,53.8019283169,-1.52294277742
14388,14M0807,427977,433611,2,1,22/04/2014,1430,6,1,1,1,2,3,2,51,9,53.7978370157,-1.5752062256
14389,14M0992,431959,436272,2,1,22/04/2014,1610,6,2,1,1,1,3,1,47,9,53.8215264921,-1.51447073772
14390,14M1121,428919,431655,5,2,22/04/2014,1713,1,2,1,2,1,3,1,19,9,53.7802034847,-1.56108721906
14391,14M1121,428919,431655,5,2,22/04/2014,1713,1,2,1,2,1,3,2,38,9,53.7802034847,-1.56108721906
14392,14M1127,432308,434917,2,1,22/04/2014,1710,6,2,1,1,2,3,2,44,9,53.8093252866,-1.50931114447
14393,14M1219,432203,429813,2,1,22/04/2014,1700,3,2,1,1,2,3,1,12,9,53.7634534591,-1.51143910536
14394,14M1265,425339,440850,2,1,22/04/2014,1800,6,1,1,1,1,3,2,31,9,53.8630418351,-1.61466297397
14395,14M1832,431456,427929,3,1,22/04/2014,2356,6,1,4,1,1,3,1,48,9,53.7465642712,-1.52296354111
14396,14N0205,427895,434391,1,2,23/04/2014,750,3,1,1,1,1,3,2,40,1,53.8048526535,-1.57638058878
14397,14N0205,427895,434391,1,2,23/04/2014,750,3,1,1,1,3,3,1,32,1,53.8048526535,-1.57638058878
14398,14N0265,429388,434947,2,1,23/04/2014,850,3,1,1,1,1,2,2,23,1,53.809768167,-1.55365522777
14399,14N0438,427292,426391,2,3,23/04/2014,1100,3,1,1,1,1,3,2,48,9,53.7329740712,-1.58624528505
14400,14N0438,427292,426391,2,3,23/04/2014,1100,3,1,1,1,2,3,2,22,9,53.7329740712,-1.58624528505
14401,14N0438,427292,426391,2,3,23/04/2014,1100,3,1,1,1,1,3,2,33,9,53.7329740712,-1.58624528505
14402,14N0441,427716,436102,3,1,23/04/2014,1105,6,1,1,1,2,3,2,21,8,53.8202419716,-1.57894472917
14403,14N1033,438051,436460,2,2,23/04/2014,1638,6,1,1,1,1,3,1,81,9,53.8228060708,-1.42190103626
14404,14N1033,438051,436460,2,2,23/04/2014,1638,6,1,1,1,1,3,2,53,9,53.8228060708,-1.42190103626
14405,14N1063,440757,429007,1,1,23/04/2014,1615,6,1,1,1,3,3,2,7,19,53.7556096212,-1.38177779083
14406,14N1068,422027,436490,2,1,23/04/2014,1650,3,1,1,1,1,3,1,48,3,53.8240018408,-1.66534112053
14407,14N1334,424083,427964,2,1,23/04/2014,1925,1,1,1,1,1,3,1,26,9,53.7472717157,-1.63477093205
14408,14N1336,430895,435533,2,2,23/04/2014,1905,6,2,1,2,1,3,1,31,9,53.8149481882,-1.53070891101
14409,14N1336,430895,435533,2,2,23/04/2014,1905,6,2,1,2,1,2,1,30,5,53.8149481882,-1.53070891101
14410,14N1407,429340,433719,2,1,23/04/2014,1630,2,1,1,1,1,3,1,42,9,53.7987327151,-1.55450125598
14411,14O0196,428796,434041,2,1,24/04/2014,743,6,1,1,1,1,3,1,62,9,53.8016574888,-1.56273097761
14412,14O1025,429788,430628,1,2,23/04/2014,800,6,1,1,1,3,3,2,29,9,53.7709230204,-1.54799777343
14413,14O1025,429788,430628,1,2,23/04/2014,800,6,1,1,1,3,3,2,22,9,53.7709230204,-1.54799777343
14414,14O1225,424452,428094,2,1,24/04/2014,1740,3,1,1,1,1,3,1,18,3,53.7484230915,-1.62916472617
14415,14O1503,436352,436417,1,1,24/04/2014,1800,6,1,1,1,3,3,1,9,9,53.8225411674,-1.44771723321
14416,14P0845,429787,430926,1,1,25/04/2014,1440,6,2,1,1,3,3,2,46,9,53.7736017316,-1.54798417032
14417,14P0942,430306,432314,2,1,25/04/2014,1530,6,1,1,1,1,3,2,25,9,53.7860481685,-1.53997222476
14418,14Q0304,430065,431119,2,1,26/04/2014,525,3,2,1,2,1,3,1,28,2,53.7753205853,-1.543746871
14419,14Q0907,431860,425713,5,1,26/04/2014,1424,6,1,1,1,2,3,1,24,16,53.7266205832,-1.51706542922
14420,14Q1587,429946,433788,1,1,25/04/2014,1940,6,1,1,1,2,3,1,18,11,53.7993184062,-1.54529335465
14421,14R0848,430604,434565,2,2,26/04/2014,1330,3,1,1,9,1,3,2,45,9,53.8062643394,-1.53522526457
14422,14R0848,430604,434565,2,2,26/04/2014,1330,3,1,1,9,2,3,1,25,9,53.8062643394,-1.53522526457
14423,14R1003,423035,435217,2,1,27/04/2014,1510,6,1,1,1,1,3,1,21,3,53.8125153819,-1.65012208986
14424,14R1181,435638,436343,2,1,27/04/2014,1530,6,1,1,1,2,3,1,1,9,53.821925459,-1.45857281298
14425,14R1223,419650,441077,2,1,27/04/2014,1600,6,1,1,1,1,3,2,35,9,53.8653288655,-1.70116111001
14426,14S0217,422292,438279,2,1,28/04/2014,735,3,1,1,1,1,3,2,23,3,53.8400715138,-1.66118526567
14427,14S0237,426550,442017,2,1,28/04/2014,803,3,1,1,1,1,3,2,29,9,53.8734710921,-1.59614643231
14428,14S0258,429090,439492,2,1,28/04/2014,815,6,1,1,1,1,3,1,49,9,53.8506385504,-1.55775097794
14429,14S0479,436283,434154,1,1,28/04/2014,1700,6,1,1,1,3,3,1,58,9,53.8022048427,-1.44903230094
14430,14S0758,429811,434610,2,1,28/04/2014,1310,3,1,1,1,1,3,1,20,1,53.8067148917,-1.54726356522
14431,14S0896,429925,435658,1,1,28/04/2014,1420,6,1,1,1,3,3,1,78,9,53.8161285124,-1.54543040926
14432,14S1211,430915,436494,2,1,28/04/2014,1024,4,1,1,1,1,3,1,24,9,53.8235851197,-1.53030853747
14433,14S1601,433633,435340,2,1,28/04/2014,1905,6,1,1,1,1,3,2,63,9,53.8130434709,-1.48914188546
14434,14T0043,429309,435030,2,1,29/04/2014,55,3,1,4,1,2,3,1,21,9,53.8105186897,-1.55484713499
14435,14T0368,433060,434084,1,1,05/04/2014,1600,4,1,1,1,3,2,1,56,9,53.8017904713,-1.49797982065
14436,14T0951,430643,428140,1,1,29/04/2014,1550,6,1,1,1,3,3,1,11,9,53.748509339,-1.53527146487
14437,14T1265,426313,435511,2,1,29/04/2014,1800,3,2,1,1,1,3,1,34,1,53.8150025259,-1.60030875729
14438,14T1289,428962,432729,2,1,29/04/2014,1820,6,1,1,1,1,3,1,51,1,53.7898550307,-1.56033369887
14439,14U0293,429948,433120,2,1,30/04/2014,835,6,1,1,1,1,3,1,19,1,53.7933138179,-1.54532793596
14440,14U0297,430769,435251,1,1,30/04/2014,841,5,1,1,1,3,2,1,9,9,53.8124208497,-1.53265096423
14441,14U0578,428825,435232,2,1,30/04/2014,1605,6,1,1,1,1,2,2,46,9,53.8123614683,-1.562179096
14442,14U0843,428440,435705,2,1,30/04/2014,1400,3,1,1,1,1,3,1,20,1,53.8166343395,-1.56798292831
14443,14U0936,423742,444356,2,1,30/04/2014,1443,3,1,1,1,1,2,1,20,1,53.8946317754,-1.63867684025
14444,14U1029,430095,431332,1,1,30/04/2014,1230,3,1,1,1,3,3,2,30,9,53.777233458,-1.54327083401
14445,14U1145,430629,434216,1,1,30/04/2014,1500,6,1,1,1,2,2,2,78,11,53.8031258091,-1.53488033198
14446,14U1235,428789,435578,2,1,30/04/2014,1700,3,1,1,1,1,3,1,45,1,53.8154735623,-1.56269350637
14447,14U1278,435584,433605,2,1,30/04/2014,830,4,1,1,1,1,3,1,37,1,53.7973183845,-1.45970972726
14448,14U1433,427791,427910,1,1,30/04/2014,1330,4,1,1,1,2,3,2,78,11,53.7466017902,-1.57854393556
14449,14U1515,428530,432087,2,1,30/04/2014,1720,3,1,1,1,1,3,1,27,9,53.7841081024,-1.56695102795
14450,14U1644,434962,436855,2,1,30/04/2014,2025,6,2,4,2,1,2,1,35,1,53.8265735251,-1.46878417925
14451,1510633,429414,433950,2,3,01/05/2014,1254,2,2,1,2,1,3,2,29,9,53.8008049345,-1.55335561314
14452,1510633,429414,433950,2,3,01/05/2014,1254,2,2,1,2,2,3,2,24,9,53.8008049345,-1.55335561314
14453,1510633,429414,433950,2,3,01/05/2014,1254,2,2,1,2,1,3,1,51,9,53.8008049345,-1.55335561314
14454,1511108,430767,438449,2,1,01/05/2014,1430,6,2,1,2,1,3,1,52,1,53.8411667357,-1.5323613125
14455,1511251,429841,432529,2,1,01/05/2014,1828,6,2,1,1,1,2,1,44,4,53.7880076184,-1.54700959665
14456,1511740,432528,436701,1,1,01/05/2014,2350,6,2,4,1,1,2,1,18,3,53.8253473223,-1.50578131742
14457,1520720,427996,435194,2,1,02/05/2014,1250,6,1,1,1,1,3,1,20,1,53.8120651926,-1.57477378845
14458,1521016,433199,439190,2,1,02/05/2014,1535,3,1,1,1,1,3,1,18,3,53.8476775337,-1.4953178931
14459,1521017,435331,439412,2,1,02/05/2014,1530,3,1,1,1,1,3,1,53,5,53.849532312,-1.46288378974
14460,1521096,435972,435458,2,1,02/05/2014,1615,3,1,1,1,1,3,1,47,5,53.8139475634,-1.45360229054
14461,1521288,422565,437137,5,1,02/05/2014,1745,3,1,1,1,1,3,1,60,9,53.8297945204,-1.65711989429
14462,1521303,428546,431414,2,2,02/05/2014,1753,3,1,1,1,1,2,2,26,9,53.7780577753,-1.5667704903
14463,1521303,428546,431414,2,2,02/05/2014,1753,3,1,1,1,1,3,1,23,9,53.7780577753,-1.5667704903
14464,1521487,430372,428131,1,1,02/05/2014,1913,6,1,1,1,3,2,1,10,9,53.7484443034,-1.53938216058
14465,1530576,426141,435596,2,2,03/05/2014,1050,6,1,1,1,1,3,2,55,9,53.8157752481,-1.60291412468
14466,1530576,426141,435596,2,2,03/05/2014,1050,6,1,1,1,2,3,1,56,9,53.8157752481,-1.60291412468
14467,1530651,443617,436395,3,1,03/05/2014,1130,2,1,1,1,2,3,2,43,9,53.8217845502,-1.33735329461
14468,1530789,430913,436114,2,1,03/05/2014,1250,6,1,1,1,1,3,2,25,9,53.8201695422,-1.53037711859
14469,1531338,429998,437209,2,1,03/05/2014,1730,3,1,1,1,1,3,2,43,9,53.8300657647,-1.54417025859
14470,1531412,440561,433546,2,1,03/05/2014,1755,3,1,1,1,1,2,1,50,1,53.7964238396,-1.38415364475
14471,1540301,424087,435521,2,1,04/05/2014,405,3,1,4,1,2,2,2,24,9,53.8152003089,-1.6341198469
14472,1541155,420035,441874,2,1,04/05/2014,1738,6,1,1,1,1,3,1,7,1,53.8724782019,-1.69525401825
14473,1541273,428957,435474,2,1,04/05/2014,1740,3,1,1,9,1,3,2,48,9,53.8145294052,-1.56015144792
14474,1551175,425413,440393,2,1,05/05/2014,1705,6,1,1,1,1,3,1,16,1,53.8589303747,-1.61357551669
14475,1551220,422222,435650,2,2,05/05/2014,1730,6,1,1,1,1,3,1,54,9,53.8164429282,-1.66243920825
14476,1551220,422222,435650,2,2,05/05/2014,1730,6,1,1,1,2,3,2,57,9,53.8164429282,-1.66243920825
14477,1560488,424647,435138,1,1,06/05/2014,1112,3,1,1,1,3,3,2,47,9,53.8117313531,-1.62564435553
14478,1570257,428023,434264,2,1,07/05/2014,820,6,1,1,1,1,3,1,42,1,53.8037042007,-1.57444837232
14479,1570369,429740,433416,1,1,07/05/2014,840,6,1,1,1,3,3,1,18,19,53.7959864148,-1.5484571173
14480,1570476,436273,434797,1,1,09/05/2014,1445,6,1,1,1,3,3,1,61,9,53.8079852014,-1.44910838445
14481,1570903,433285,433951,2,1,07/05/2014,1440,6,1,1,1,1,3,1,16,2,53.8005806307,-1.4945776903
14482,1570966,431483,435012,2,1,07/05/2014,1515,6,1,1,1,2,3,2,28,9,53.8102298133,-1.52183091061
14483,1570994,431752,434601,2,1,07/05/2014,1120,6,1,1,1,1,3,1,30,1,53.8065191103,-1.51778785107
14484,1571216,425023,433395,1,1,07/05/2014,1600,4,1,1,1,3,3,2,26,9,53.7960459049,-1.62007521026
14485,1571248,424561,445123,2,1,07/05/2014,1720,3,2,1,1,1,2,1,24,1,53.9014879304,-1.62615144822
14486,1571772,431087,433293,2,3,07/05/2014,2220,6,1,4,1,1,3,1,33,8,53.7948020613,-1.52801875623
14487,1571772,431087,433293,2,3,07/05/2014,2220,6,1,4,1,2,3,1,36,8,53.7948020613,-1.52801875623
14488,1571772,431087,433293,2,3,07/05/2014,2220,6,1,4,1,2,3,2,33,8,53.7948020613,-1.52801875623
14489,1580735,425546,436386,2,1,08/05/2014,845,3,2,1,2,1,2,1,37,1,53.8229059571,-1.61188642503
14490,1581249,427898,430457,3,1,08/05/2014,1810,3,2,1,2,1,3,1,48,2,53.769490618,-1.57669114991
14491,1581682,430174,432863,2,1,08/05/2014,2020,6,1,1,1,1,2,1,74,9,53.7909906562,-1.54192208272
14492,1590566,427785,436380,1,1,05/09/2014,930,3,1,1,1,3,3,2,44,9,53.8227371559,-1.57787141241
14493,1590760,431768,434945,2,1,05/09/2014,1303,6,1,1,1,1,3,2,29,9,53.8096102388,-1.51750936693
14494,1590799,422586,437160,5,2,09/05/2014,1350,3,1,1,1,1,3,1,45,9,53.8300003506,-1.65679911105
14495,1590799,422586,437160,5,2,09/05/2014,1350,3,1,1,1,1,3,1,41,19,53.8300003506,-1.65679911105
14496,1591120,431780,429414,2,1,09/05/2014,1629,6,1,1,1,1,2,1,5,1,53.7598929278,-1.51789738855
14497,1591151,430377,433071,2,1,05/09/2014,1634,6,1,1,1,2,3,2,50,11,53.7928485013,-1.53881989828
14498,1591165,428794,435574,2,1,09/05/2014,1720,3,1,1,1,1,3,1,26,1,53.8154373305,-1.56261793289
14499,1591246,431239,429749,2,1,09/05/2014,1800,6,1,1,1,1,3,2,7,1,53.7629368846,-1.52607014281
14500,1591309,429943,427020,1,2,07/05/2014,1730,3,2,1,9,3,3,2,17,3,53.7384825568,-1.545995752
14501,1591309,429943,427020,1,2,07/05/2014,1730,3,2,1,9,3,3,1,19,3,53.7384825568,-1.545995752
14502,1591555,429622,440488,1,1,09/05/2014,2003,6,1,1,1,1,3,2,70,9,53.8595611674,-1.54956724294
14503,1591720,431137,434295,2,2,09/05/2014,2125,6,1,1,1,2,3,2,23,9,53.8038057537,-1.52715834592
14504,1591720,431137,434295,2,2,09/05/2014,2125,6,1,1,1,2,3,2,23,9,53.8038057537,-1.52715834592
14505,15A0766,428561,426055,2,2,10/05/2014,1230,3,1,1,1,1,3,2,79,9,53.7298858551,-1.56703849855
14506,15A0766,428561,426055,2,2,10/05/2014,1230,3,1,1,1,2,3,1,89,9,53.7298858551,-1.56703849855
14507,15A0862,439390,426152,2,1,10/05/2014,1335,4,2,1,2,1,3,1,24,1,53.7300522859,-1.40287578474
14508,15A1796,435153,439622,1,1,10/05/2014,2317,6,2,4,2,1,3,2,28,9,53.8514319869,-1.46556564286
14509,15B0557,430383,433575,1,1,11/05/2014,1100,6,1,1,1,3,3,2,49,11,53.7973784688,-1.53867909886
14510,15B1000,434809,428192,2,1,11/05/2014,1550,3,1,1,1,1,3,2,43,1,53.7487151551,-1.47208726009
14511,15B1314,431628,435607,2,1,11/05/2014,2152,6,1,1,1,2,3,2,28,9,53.8155692755,-1.51956755392
14512,15B1641,435376,439571,1,1,11/05/2014,2206,3,2,6,1,1,3,2,19,9,53.8509584258,-1.46218139383
14513,15C0137,427595,434398,1,1,12/05/2014,1200,6,2,1,1,3,3,2,30,9,53.8049315785,-1.58093569029
14514,15C1074,430260,434079,2,1,12/05/2014,1615,6,1,1,1,1,3,1,33,1,53.8019159532,-1.54049708193
14515,15C1241,423832,434274,1,1,12/05/2014,1715,6,1,1,1,3,3,1,20,9,53.8040030068,-1.63808975791
14516,15C1279,422320,428928,2,1,12/05/2014,1720,6,1,1,1,2,3,2,54,9,53.7560155226,-1.66143738516
14517,15D0210,438952,431558,2,2,13/05/2014,734,3,1,1,1,1,3,2,57,9,53.778677557,-1.40883324444
14518,15D0210,438952,431558,2,2,13/05/2014,734,3,1,1,1,1,3,2,46,9,53.778677557,-1.40883324444
14519,15D0384,428114,434514,1,2,13/05/2014,950,6,1,1,1,2,3,1,70,9,53.8059464781,-1.57304367653
14520,15D0384,428114,434514,1,2,13/05/2014,950,6,1,1,1,1,3,2,35,9,53.8059464781,-1.57304367653
14521,15D0396,429887,434259,2,1,13/05/2014,953,6,1,1,1,1,3,1,45,8,53.803555489,-1.54614347712
14522,15D0701,428750,432844,2,1,07/05/2014,1430,6,1,1,1,1,3,1,24,1,53.7909004942,-1.56354119489
14523,15D1484,426644,433496,4,3,13/05/2014,2015,6,1,1,1,1,3,1,39,9,53.7968732831,-1.59545544792
14524,15D1484,426644,433496,4,3,13/05/2014,2015,6,1,1,1,1,3,2,52,9,53.7968732831,-1.59545544792
14525,15D1484,426644,433496,4,3,13/05/2014,2015,6,1,1,1,2,3,1,43,9,53.7968732831,-1.59545544792
14526,1.50E+165,429859,428347,1,1,14/05/2014,650,6,1,1,1,1,2,1,49,3,53.7504155287,-1.54714110288
14527,1.50E+252,424018,438467,3,1,14/05/2014,823,6,1,1,1,1,3,1,29,9,53.8416844611,-1.63493776453
14528,1.50E+271,432631,434927,2,1,14/05/2014,840,6,1,1,1,1,3,1,35,1,53.8093950053,-1.50440461185
14529,15E0367,429408,433933,2,1,14/05/2014,950,2,1,1,1,1,3,1,48,9,53.8006524652,-1.55344834214
14530,15E0987,428627,433392,2,1,14/05/2014,1420,6,1,1,1,1,3,1,27,1,53.7958331165,-1.56535749823
14531,15E1011,428505,433061,2,2,14/05/2014,1535,6,1,1,1,2,3,2,33,9,53.7928645348,-1.567240389
14532,15E1011,428505,433061,2,2,14/05/2014,1535,6,1,1,1,2,3,2,18,11,53.7928645348,-1.567240389
14533,15E1064,430678,433542,1,1,14/05/2014,1350,6,1,1,1,2,3,2,59,11,53.797064529,-1.53420340949
14534,15E1210,432333,434509,1,1,13/05/2014,1745,6,2,1,1,3,2,1,12,9,53.8056563561,-1.50897432101
14535,15E1547,431456,439242,3,1,14/05/2014,1920,6,1,1,1,1,1,1,36,4,53.8482534498,-1.52180812976
14536,15E1667,420619,441139,2,5,14/05/2014,2010,6,1,1,9,1,3,1,53,19,53.8658485742,-1.68642054441
14537,15E1667,420619,441139,2,5,14/05/2014,2010,6,1,1,9,2,3,1,48,19,53.8658485742,-1.68642054441
14538,15E1667,420619,441139,2,5,14/05/2014,2010,6,1,1,9,1,2,1,18,9,53.8658485742,-1.68642054441
14539,15E1667,420619,441139,2,5,14/05/2014,2010,6,1,1,9,2,3,1,17,9,53.8658485742,-1.68642054441
14540,15E1667,420619,441139,2,5,14/05/2014,2010,6,1,1,9,2,2,1,18,9,53.8658485742,-1.68642054441
14541,15F0227,424893,427728,3,2,15/05/2014,743,3,1,1,1,1,3,1,55,9,53.7451122787,-1.62250623719
14542,15F0227,424893,427728,3,2,15/05/2014,743,3,1,1,1,1,3,1,22,19,53.7451122787,-1.62250623719
14543,15F0489,435845,425933,2,1,15/05/2014,1130,1,1,1,1,1,3,2,30,9,53.728339462,-1.45663803984
14544,15F0611,433144,426327,2,1,15/05/2014,830,3,1,1,1,1,3,1,30,1,53.7320596771,-1.4975375342
14545,15F0951,436182,434463,2,1,15/05/2014,1510,3,1,1,1,1,3,1,28,1,53.8049893527,-1.45052962358
14546,15F1030,424559,435188,1,1,15/05/2014,1415,3,1,1,1,2,3,2,70,11,53.812184957,-1.62697693859
14547,15F1407,442156,434450,2,1,15/05/2014,1840,3,1,1,1,1,2,1,51,1,53.8044226018,-1.3598142973
14548,15F1644,423110,445522,2,1,15/05/2014,2030,3,1,1,1,1,3,1,44,1,53.9051411479,-1.64820684437
14549,15G0488,420084,445919,2,1,16/05/2014,1030,4,1,1,1,1,3,1,41,1,53.9088357845,-1.6942434465
14550,15G0911,433935,434125,2,1,16/05/2014,1310,3,1,1,1,1,3,1,16,1,53.802102657,-1.4846889033
14551,15G1472,433127,436120,3,2,16/05/2014,1840,3,1,1,1,1,3,1,24,9,53.8200870933,-1.49674329685
14552,15G1472,433127,436120,3,2,16/05/2014,1840,3,1,1,1,2,3,1,4,9,53.8200870933,-1.49674329685
14553,15G2096,420520,441642,2,3,16/05/2014,2317,6,1,4,1,1,3,1,36,8,53.8703738518,-1.6878924836
14554,15G2096,420520,441642,2,3,16/05/2014,2317,6,1,4,1,2,3,1,58,8,53.8703738518,-1.6878924836
14555,15G2096,420520,441642,2,3,16/05/2014,2317,6,1,4,1,2,3,2,55,8,53.8703738518,-1.6878924836
14556,15H0289,429763,430512,1,1,17/05/2014,345,6,1,4,1,1,3,1,25,9,53.769881752,-1.54838830104
14557,15H0718,426259,433461,2,1,06/05/2014,1930,6,1,1,9,1,3,1,20,9,53.7965782501,-1.60130385553
14558,15H0817,427577,433716,1,1,17/05/2014,1240,3,1,1,1,1,3,2,29,9,53.7988021942,-1.5812701152
14559,15H1198,431368,432375,2,2,17/05/2014,1510,3,1,1,1,1,3,2,44,9,53.786533557,-1.52384606538
14560,15H1198,431368,432375,2,2,17/05/2014,1510,3,1,1,1,2,3,1,8,9,53.786533557,-1.52384606538
14561,15H1212,434952,434672,2,2,17/05/2014,1620,3,1,1,1,1,3,2,35,9,53.806952087,-1.46918413303
14562,15H1212,434952,434672,2,2,17/05/2014,1620,3,1,1,1,2,3,2,42,9,53.806952087,-1.46918413303
14563,15H1752,444074,429194,1,1,17/05/2014,2025,6,1,1,1,1,3,1,19,3,53.7570204416,-1.33144084004
14564,15H1907,428368,435742,2,1,17/05/2014,820,3,1,1,1,1,3,2,30,1,53.8169708564,-1.56907319641
14565,15H2019,422950,434117,1,1,17/05/2014,2230,3,1,4,1,1,3,2,18,9,53.8026314252,-1.65149514177
14566,15I0732,438952,431558,2,3,18/05/2014,1225,3,1,1,1,1,3,1,85,9,53.778677557,-1.40883324444
14567,15I0732,438952,431558,2,3,18/05/2014,1225,3,1,1,1,2,3,2,83,9,53.778677557,-1.40883324444
14568,15I0732,438952,431558,2,3,18/05/2014,1225,3,1,1,1,2,3,2,65,9,53.778677557,-1.40883324444
14569,15I1828,431056,435505,2,1,18/05/2014,2115,6,1,1,1,1,3,2,19,9,53.8146869129,-1.52826625899
14570,15J0675,431401,435024,2,3,19/05/2014,1217,6,1,1,1,1,3,2,40,9,53.8103426357,-1.52307506841
14571,15J0675,431401,435024,2,3,19/05/2014,1217,6,1,1,1,1,3,1,26,9,53.8103426357,-1.52307506841
14572,15J0675,431401,435024,2,3,19/05/2014,1217,6,1,1,1,2,3,1,19,9,53.8103426357,-1.52307506841
14573,15J0679,427043,433100,1,1,19/05/2014,1105,4,1,1,1,2,3,2,80,11,53.7932931364,-1.58943223585
14574,15J0871,430092,431329,2,2,19/05/2014,1350,3,1,1,1,3,3,2,55,9,53.7772066651,-1.54331665391
14575,15J0871,430092,431329,2,2,19/05/2014,1350,3,1,1,1,3,3,2,19,9,53.7772066651,-1.54331665391
14576,15J1517,429788,430628,2,2,19/05/2014,1837,3,1,1,1,3,2,2,35,9,53.7709230204,-1.54799777343
14577,15J1517,429788,430628,2,2,19/05/2014,1837,3,1,1,1,1,2,1,23,9,53.7709230204,-1.54799777343
14578,15J1610,430785,433345,2,1,19/05/2014,1915,6,1,1,1,1,2,1,22,4,53.7952874313,-1.53259853345
14579,15J1920,431766,435530,1,1,19/05/2014,2030,3,1,1,1,3,3,1,8,9,53.8148687345,-1.51747935212
14580,15K0794,432443,438769,1,1,20/05/2014,1410,6,1,1,1,3,3,2,2,9,53.8439411117,-1.50685439963
14581,15K1144,435040,425907,2,1,20/05/2014,1706,1,1,1,1,1,3,1,52,9,53.7281604596,-1.46884311842
14582,15K1240,431502,435096,2,1,20/05/2014,1755,6,1,1,1,1,3,2,7,1,53.8109837118,-1.5215337481
14583,15K1355,431646,435322,2,5,20/05/2014,1855,3,1,1,1,1,3,1,33,9,53.8130064086,-1.51932345576
14584,15K1355,431646,435322,2,5,20/05/2014,1855,3,1,1,1,2,3,2,38,9,53.8130064086,-1.51932345576
14585,15K1355,431646,435322,2,5,20/05/2014,1855,3,1,1,1,1,3,1,30,9,53.8130064086,-1.51932345576
14586,15K1355,431646,435322,2,5,20/05/2014,1855,3,1,1,1,2,3,1,32,9,53.8130064086,-1.51932345576
14587,15K1355,431646,435322,2,5,20/05/2014,1855,3,1,1,1,2,3,1,16,9,53.8130064086,-1.51932345576
14588,15K1400,435957,435472,2,1,20/05/2014,1915,3,1,1,1,1,3,2,16,2,53.8140744411,-1.453828486
14589,15L0244,425951,434970,2,1,21/05/2014,805,6,1,1,1,1,3,1,54,1,53.8101577921,-1.60585297375
14590,15L0264,430121,424016,2,1,21/05/2014,825,1,1,1,1,1,3,2,22,9,53.7114698364,-1.54358946035
14591,15L0280,425901,436262,2,1,21/05/2014,842,3,1,1,1,1,3,2,50,1,53.8217737809,-1.60650358725
14592,15L0934,441078,448575,2,1,21/05/2014,1421,6,1,1,1,1,3,1,69,1,53.9314696285,-1.37429192359
14593,15L1293,431481,435007,2,2,21/05/2014,1700,6,1,1,1,1,3,1,29,9,53.810184991,-1.52186179724
14594,15L1293,431481,435007,2,2,21/05/2014,1700,6,1,1,1,1,3,1,44,9,53.810184991,-1.52186179724
14595,15L1327,431888,435678,1,1,21/05/2014,1715,3,1,1,1,3,3,1,31,9,53.8161915885,-1.51561092396
14596,15L1393,433401,429912,2,1,21/05/2014,1745,4,1,1,1,1,2,1,35,3,53.7642678994,-1.49325395991
14597,15M0314,426423,433311,1,1,22/05/2014,805,6,2,1,2,3,2,2,14,19,53.7952216273,-1.598826742
14598,15M0402,431508,435115,2,2,22/05/2014,915,6,2,1,2,1,3,2,35,9,53.8111541332,-1.52144067566
14599,15M0402,431508,435115,2,2,22/05/2014,915,6,2,1,2,1,3,1,25,9,53.8111541332,-1.52144067566
14600,15M0477,432192,434992,2,1,22/05/2014,1000,6,2,1,2,1,3,1,38,1,53.8100066307,-1.51106501871
14601,15M1010,432055,435968,2,1,22/05/2014,1505,6,2,1,2,1,3,1,35,9,53.8187880296,-1.51304402177
14602,15M1139,424934,434426,2,1,22/05/2014,1600,6,1,1,9,1,3,1,22,2,53.8053176437,-1.62134298491
14603,15M1199,431401,435027,2,1,22/05/2014,1640,6,1,1,1,1,2,1,43,1,53.8103696017,-1.52307476232
14604,15M1314,419250,441751,1,1,22/05/2014,1743,4,2,1,2,3,2,2,60,9,53.8714023016,-1.70720194933
14605,15M1670,425060,432279,1,1,22/05/2014,1500,6,1,1,1,3,3,2,11,19,53.7860125951,-1.61960422024
14606,15N0246,426339,438618,1,1,23/05/2014,850,6,2,1,2,3,3,2,50,9,53.8429292464,-1.59964762163
14607,15N0260,431452,435831,1,1,23/05/2014,854,6,2,1,1,3,3,1,9,9,53.8175934152,-1.52221800771
14608,15N0734,427355,425845,1,1,23/05/2014,1400,6,2,1,2,3,3,1,14,9,53.7280628422,-1.58533851247
14609,15N1660,426826,433098,2,4,23/05/2014,2210,6,2,4,1,1,3,1,26,9,53.7932863919,-1.5927268195