Col.Number,Reference.Number,Easting,Northing,Number.of.Vehicles,Number.of.Casualties,Accident.Date,Time..24hr.,X1st.Road.Class,Road.Surface,Lighting.Conditions,Weather.Conditions,Casualty.Class,Casualty.Severity,Sex.of.Casualty,Age.of.Casualty,Type.of.Vehicle,Latitude,Longitude
14610,15N1660,426826,433098,2,4,23/05/2014,2210,6,2,4,1,2,3,1,22,9,53.7932863919,-1.5927268195
14611,15N1660,426826,433098,2,4,23/05/2014,2210,6,2,4,1,1,3,1,42,9,53.7932863919,-1.5927268195
14612,15N1660,426826,433098,2,4,23/05/2014,2210,6,2,4,1,2,3,2,43,9,53.7932863919,-1.5927268195
14613,15O0331,429330,434989,1,1,24/05/2014,503,3,2,1,1,1,2,1,30,97,53.810148968,-1.55453209945
14614,15O0847,429815,427690,2,1,24/05/2014,1345,6,2,1,2,1,3,2,25,9,53.7445124005,-1.54787181785
14615,15O1024,431957,435854,3,1,24/05/2014,1345,3,2,1,1,1,3,2,43,9,53.8177693562,-1.51454455001
14616,15P0358,429985,434872,1,1,25/05/2014,610,6,2,1,2,2,3,1,23,9,53.8090599317,-1.54459561452
14617,15P0887,429187,431920,2,3,25/05/2014,1455,6,2,1,1,1,2,1,23,9,53.7825705513,-1.55699474357
14618,15P0887,429187,431920,2,3,25/05/2014,1455,6,2,1,1,2,2,2,22,9,53.7825705513,-1.55699474357
14619,15P0887,429187,431920,2,3,25/05/2014,1455,6,2,1,1,2,2,1,3,9,53.7825705513,-1.55699474357
14620,15Q0412,429050,439827,1,2,26/05/2014,800,6,1,1,1,1,3,1,52,1,53.8536519925,-1.55832736781
14621,15Q0412,429050,439827,1,2,26/05/2014,800,6,1,1,1,3,2,1,66,1,53.8536519925,-1.55832736781
14622,15Q0515,430634,433681,2,1,26/05/2014,1008,6,1,1,1,1,3,1,23,3,53.7983165534,-1.53485762969
14623,15Q0535,433400,445017,3,1,26/05/2014,1022,3,1,1,1,1,2,1,45,5,53.9000408987,-1.49162765735
14624,15Q0549,427896,436200,2,1,26/05/2014,1035,3,1,1,1,1,3,1,32,1,53.8211132387,-1.57620140298
14625,15Q0770,432157,436139,2,1,26/05/2014,1255,6,1,1,1,1,2,1,26,3,53.8203187897,-1.51147669726
14626,15Q0822,434989,436890,2,1,26/05/2014,1328,6,1,1,1,2,3,1,26,9,53.8268863083,-1.46836997513
14627,15Q0901,427526,436948,2,1,26/05/2014,1415,3,1,1,9,1,3,1,49,1,53.8278565368,-1.5817553518
14628,15Q1004,428926,436533,1,1,26/05/2014,1517,6,1,1,1,1,2,1,32,4,53.8240501815,-1.56052272443
14629,15Q1064,419097,446608,2,1,26/05/2014,1540,6,1,1,1,1,2,1,9,1,53.9150663351,-1.70922618681
14630,15Q1345,435545,438371,2,1,26/05/2014,1805,6,2,1,2,2,3,1,24,9,53.8401606341,-1.45975111699
14631,15R1430,430087,433772,1,1,27/05/2014,1445,6,1,1,1,2,3,1,56,11,53.7991664507,-1.54315401759
14632,15R1724,430418,437828,3,3,27/05/2014,1930,6,1,1,1,1,3,1,24,9,53.8356053337,-1.53772718005
14633,15R1724,430418,437828,3,3,27/05/2014,1930,6,1,1,1,2,3,2,46,9,53.8356053337,-1.53772718005
14634,15R1724,430418,437828,3,3,27/05/2014,1930,6,1,1,1,1,3,1,21,9,53.8356053337,-1.53772718005
14635,15S0336,428378,434062,2,1,28/05/2014,925,3,2,1,2,1,3,1,43,1,53.8018692251,-1.56907619862
14636,15S1312,426294,435578,4,1,28/05/2014,1630,3,2,1,9,1,3,2,30,9,53.8156057347,-1.60059163117
14637,15S1540,425004,429003,3,1,28/05/2014,2143,4,1,4,1,2,3,1,45,9,53.7565677965,-1.62071978297
14638,15S1541,431646,435322,2,1,28/05/2014,2145,3,2,4,1,1,3,1,20,1,53.8130064086,-1.51932345576
14639,15T0007,425138,437868,2,1,29/05/2014,5,3,2,4,2,1,3,1,17,3,53.8362472008,-1.61796371423
14640,15T0075,431477,435114,2,2,29/05/2014,130,3,2,4,2,1,3,1,23,9,53.811147022,-1.52191160344
14641,15T0075,431477,435114,2,2,29/05/2014,130,3,2,4,2,1,3,2,22,9,53.811147022,-1.52191160344
14642,15T0247,432060,431124,2,1,29/05/2014,808,3,2,1,2,1,2,1,33,3,53.7752465077,-1.51347227892
14643,15T0607,433914,434130,2,1,29/05/2014,1135,3,1,1,1,1,3,2,50,19,53.8021489698,-1.48500722842
14644,15U0252,428382,434060,3,2,30/05/2014,737,3,1,1,1,1,3,1,30,1,53.8018510294,-1.56901564432
14645,15U0252,428382,434060,3,2,30/05/2014,737,3,1,1,1,1,3,1,48,1,53.8018510294,-1.56901564432
14646,15U0298,431254,445733,2,2,30/05/2014,840,3,1,1,1,1,3,1,57,9,53.9066105454,-1.52421693461
14647,15U0298,431254,445733,2,2,30/05/2014,840,3,1,1,1,1,3,2,29,9,53.9066105454,-1.52421693461
14648,15U0376,442614,427325,1,1,30/05/2014,915,3,1,1,1,3,3,1,34,21,53.7403423684,-1.35384385632
14649,15U0476,430774,438746,2,1,30/05/2014,1114,6,1,1,1,1,3,1,52,9,53.843835949,-1.53222516469
14650,15U0732,428470,431340,2,1,30/05/2014,1345,3,1,1,1,2,3,2,53,19,53.7773967667,-1.56793070334
14651,15U1234,431361,432757,3,1,30/05/2014,1805,3,1,1,1,1,3,2,30,9,53.7899676688,-1.52391344383
14652,15U1331,431397,432736,2,1,30/05/2014,1842,3,1,1,1,1,3,2,38,9,53.789776735,-1.52336909389
14653,15V0376,440948,439819,2,1,31/05/2014,455,3,1,1,1,1,2,1,20,3,53.8527780255,-1.37744276168
14654,15V0829,419912,441056,2,1,31/05/2014,1235,3,1,1,1,1,3,1,25,1,53.8651301143,-1.69717801563
14655,15V1000,429338,434993,2,1,31/05/2014,1420,3,1,1,1,1,2,1,23,3,53.8101844716,-1.55441021713
14656,15V1484,426207,428179,2,1,31/05/2014,1845,4,1,1,1,1,3,1,20,9,53.7491018501,-1.60254213586
14657,15V1629,428045,432829,2,1,31/05/2014,2016,4,1,1,1,1,3,1,29,9,53.7908041361,-1.57424495967
14658,1610210,430644,434658,2,2,01/06/2014,148,6,1,4,1,1,3,1,48,9,53.8070979334,-1.53460855917
14659,1610210,430644,434658,2,2,01/06/2014,148,6,1,4,1,2,3,2,18,9,53.8070979334,-1.53460855917
14660,1610500,428441,428724,1,1,01/06/2014,725,3,1,1,1,1,3,1,20,9,53.7538836339,-1.56861190682
14661,1610523,430783,438594,2,1,31/05/2014,2130,6,1,7,9,1,3,1,34,9,53.8424691416,-1.53210360059
14662,1610744,428577,427803,2,2,01/06/2014,1145,3,1,1,1,2,3,2,23,9,53.7455974821,-1.56663435593
14663,1610744,428577,427803,2,2,01/06/2014,1145,3,1,1,1,1,3,1,41,8,53.7455974821,-1.56663435593
14664,1610836,430877,434256,2,1,01/06/2014,1248,3,1,1,1,1,3,1,42,8,53.8034706941,-1.53111043064
14665,1610921,427009,440075,2,1,01/06/2014,1340,3,1,1,1,1,3,1,42,1,53.8559913798,-1.58933574633
14666,1611005,431758,435650,2,1,01/06/2014,1420,6,1,1,1,1,3,1,16,1,53.8159478634,-1.5175884793
14667,1611134,419520,441615,4,1,01/06/2014,1540,3,1,1,1,1,3,1,23,9,53.8701697393,-1.70310388948
14668,1620433,422469,442502,1,1,02/06/2014,1000,3,1,1,1,2,3,1,57,9,53.8780234268,-1.65818587885
14669,1620611,432038,434989,1,1,02/06/2014,1154,6,1,1,1,2,3,2,20,9,53.8099891756,-1.51340420368
14670,1620815,426817,433088,1,1,02/06/2014,1345,6,1,1,1,2,3,2,1,11,53.7931969679,-1.59286432446
14671,1621323,427376,433650,2,1,02/06/2014,1720,3,2,1,5,1,3,2,35,1,53.7982195514,-1.5843278824
14672,1630208,423801,437489,2,1,03/06/2014,755,6,2,1,1,1,3,2,31,1,53.8329034286,-1.63831174839
14673,1630285,440985,445642,3,1,03/06/2014,900,1,1,1,1,1,3,1,32,9,53.9051143192,-1.3761015779
14674,1630591,429400,437296,1,1,03/06/2014,1058,6,1,1,1,2,3,2,88,11,53.8308819594,-1.5532484419
14675,1630816,431411,429220,2,1,03/06/2014,1355,6,1,1,1,2,3,2,43,9,53.758171488,-1.52351464366
14676,1630945,430798,433458,2,1,09/06/2014,945,6,1,1,1,2,3,2,35,11,53.7963023869,-1.53238986642
14677,1631281,431896,434925,1,1,03/06/2014,1727,6,1,1,1,3,3,2,75,3,53.8094226299,-1.51556745908
14678,1631777,428578,432995,3,2,03/06/2014,2120,3,1,4,1,1,3,2,59,9,53.7922672722,-1.56613826854
14679,1631777,428578,432995,3,2,03/06/2014,2120,3,1,4,1,1,3,1,27,9,53.7922672722,-1.56613826854
14680,1631781,426621,433551,2,1,03/06/2014,2124,6,1,4,1,3,3,1,37,9,53.797368844,-1.59579990112
14681,1640150,443107,433205,2,1,04/06/2014,539,3,2,1,2,1,3,1,43,9,53.7931540633,-1.34554759469
14682,1640239,430891,430062,1,1,04/06/2014,814,6,2,1,2,3,3,2,14,9,53.7657711213,-1.53131815823
14683,1640258,430033,431015,2,1,04/06/2014,832,3,2,1,2,1,3,2,39,9,53.7743876007,-1.54424259925
14684,1640275,430704,433040,2,1,04/06/2014,850,6,2,1,2,1,3,1,26,3,53.7925506577,-1.53385869156
14685,1640666,425129,435949,1,1,04/06/2014,1250,6,2,1,1,3,3,1,12,97,53.818998189,-1.61825734383
14686,1640968,421990,433993,1,1,04/06/2014,1550,6,1,1,1,3,3,2,8,9,53.8015582792,-1.66608169991
14687,1641074,426640,433496,2,1,04/06/2014,1620,6,2,1,1,2,3,1,23,9,53.796873488,-1.59551617956
14688,1650259,433937,442041,2,2,05/06/2014,813,6,2,1,1,1,3,2,32,9,53.8732561963,-1.48378417572
14689,1650259,433937,442041,2,2,05/06/2014,813,6,2,1,1,1,3,2,27,9,53.8732561963,-1.48378417572
14690,1650586,427672,435052,2,1,04/06/2014,1415,6,1,1,1,1,3,1,26,1,53.810806134,-1.57970758837
14691,1650616,429556,434826,3,1,05/06/2014,1207,3,1,1,1,2,3,2,19,9,53.8086710103,-1.55111535047
14692,1651553,435141,438713,2,1,05/06/2014,1930,3,1,1,1,1,3,1,21,1,53.8432622092,-1.46585209708
14693,1660860,432100,428705,4,1,06/06/2014,1350,1,1,1,1,1,3,1,38,9,53.7535002844,-1.51311689256
14694,1661045,431629,439596,2,1,06/06/2014,1520,6,1,1,1,1,3,1,43,9,53.8514249121,-1.51914182934
14695,1671192,430411,431013,2,1,06/06/2014,1705,1,1,1,1,1,3,2,26,9,53.7743476827,-1.53850676666
14696,1671235,431919,434808,1,1,07/06/2014,1735,6,1,1,1,2,2,1,3,9,53.8083695437,-1.51523028529
14697,1671275,428635,436971,2,1,07/06/2014,1750,4,1,1,1,2,3,2,71,9,53.8280033514,-1.56490299999
14698,1671362,432345,436992,1,1,07/06/2014,1840,6,1,1,1,1,3,1,29,90,53.8279744377,-1.50853102623
14699,1680885,420297,434256,2,2,08/06/2014,1405,3,1,1,1,2,3,2,55,9,53.8039911707,-1.69177215226
14700,1680885,420297,434256,2,2,08/06/2014,1405,3,1,1,1,2,3,1,39,9,53.8039911707,-1.69177215226
14701,1681137,430855,435446,2,1,08/06/2014,1624,6,1,1,1,1,3,1,33,1,53.8141685478,-1.53132520815
14702,1681511,438454,432705,2,1,08/06/2014,2000,3,1,1,1,1,2,1,47,4,53.7890244669,-1.41624776899
14703,1681525,424115,435153,1,1,08/06/2014,1520,6,1,1,1,3,3,1,18,19,53.8118911304,-1.63372337931
14704,1690221,437688,425376,2,2,09/06/2014,635,1,1,1,1,1,3,1,43,21,53.7232028494,-1.4287699942
14705,1690221,437688,425376,2,2,09/06/2014,635,1,1,1,1,1,3,1,47,21,53.7232028494,-1.4287699942
14706,1690281,428039,434284,2,1,09/06/2014,808,3,1,1,1,1,3,1,14,1,53.8038831135,-1.5742035855
14707,1690457,433306,432851,1,1,09/06/2014,830,6,1,1,1,3,3,2,9,9,53.7906917537,-1.49437776411
14708,1690979,437246,435765,1,1,09/06/2014,1505,6,2,1,1,3,3,1,13,9,53.8166173438,-1.43421468755
14709,1691490,420912,440624,1,1,09/06/2014,1830,6,1,1,1,3,3,2,38,19,53.8612076302,-1.68199970145
14710,1691893,427600,436795,2,1,09/06/2014,2141,3,1,4,1,2,3,2,56,9,53.8264773364,-1.5806447249
14711,1691943,433169,434035,2,5,09/06/2014,2205,3,1,4,1,1,3,2,43,9,53.8013430878,-1.49632999079
14712,1691943,433169,434035,2,5,09/06/2014,2205,3,1,4,1,1,3,2,29,9,53.8013430878,-1.49632999079
14713,1691943,433169,434035,2,5,09/06/2014,2205,3,1,4,1,2,3,1,36,9,53.8013430878,-1.49632999079
14714,1691943,433169,434035,2,5,09/06/2014,2205,3,1,4,1,2,3,2,13,9,53.8013430878,-1.49632999079
14715,1691943,433169,434035,2,5,09/06/2014,2205,3,1,4,1,2,3,2,7,9,53.8013430878,-1.49632999079
14716,16A0714,429650,432879,1,1,10/06/2014,1320,6,1,1,1,3,3,1,43,9,53.7911645972,-1.54987522585
14717,16A0804,430413,433724,1,1,11/06/2014,1353,6,1,1,9,2,3,1,49,11,53.7987160353,-1.538208896
14718,16A0981,427171,433525,1,1,10/06/2014,1550,6,1,1,1,3,3,1,34,9,53.7971067012,-1.58745150278
14719,16B0530,430711,439085,2,1,11/06/2014,1050,3,1,1,1,1,3,2,61,1,53.8468868282,-1.5331488497
14720,16B0624,421792,435452,3,5,11/06/2014,1158,4,1,1,1,1,3,2,50,9,53.8146813409,-1.66898497835
14721,16B0624,421792,435452,3,5,11/06/2014,1158,4,1,1,1,2,3,2,25,9,53.8146813409,-1.66898497835
14722,16B0624,421792,435452,3,5,11/06/2014,1158,4,1,1,1,1,3,1,25,9,53.8146813409,-1.66898497835
14723,16B0624,421792,435452,3,5,11/06/2014,1158,4,1,1,1,2,3,1,24,9,53.8146813409,-1.66898497835
14724,16B0624,421792,435452,3,5,11/06/2014,1158,4,1,1,1,2,3,1,24,9,53.8146813409,-1.66898497835
14725,16B1088,422065,434217,2,1,11/06/2014,1600,6,1,1,1,1,3,1,55,5,53.8035686061,-1.66492679329
14726,16B1196,430765,433452,1,1,11/06/2014,1545,6,1,1,1,2,3,1,70,11,53.7962504071,-1.53289149075
14727,16B1202,427720,439342,1,1,11/06/2014,1530,6,1,1,1,3,3,1,11,9,53.8493651935,-1.57859170073
14728,16C0061,429063,433670,1,2,12/06/2014,40,3,1,4,1,1,3,1,22,9,53.7983078155,-1.5587117117
14729,16C0061,429063,433670,1,2,12/06/2014,40,3,1,4,1,2,3,1,19,9,53.7983078155,-1.5587117117
14730,16C0288,431269,429670,2,1,12/06/2014,827,6,1,1,1,1,3,1,30,1,53.7622249727,-1.52562303066
14731,16C0290,431045,440414,2,1,12/06/2014,810,3,1,1,1,1,2,2,28,9,53.8588128517,-1.52793735252
14732,16C0292,429931,438743,3,2,12/06/2014,840,6,1,1,1,2,3,2,8,9,53.8438582496,-1.54503888057
14733,16C0292,429931,438743,3,2,12/06/2014,840,6,1,1,1,1,3,1,34,9,53.8438582496,-1.54503888057
14734,16C0313,426825,430483,3,1,12/06/2014,830,3,1,1,1,1,3,1,26,1,53.7697807036,-1.59296953747
14735,16C0886,429911,428090,1,1,12/06/2014,1420,6,1,1,1,1,3,1,29,3,53.748102424,-1.54637735406
14736,16C1254,427052,427035,2,3,12/06/2014,1710,6,1,1,1,1,3,2,59,9,53.738775413,-1.58982729777
14737,16C1254,427052,427035,2,3,12/06/2014,1710,6,1,1,1,2,3,2,40,9,53.738775413,-1.58982729777
14738,16C1254,427052,427035,2,3,12/06/2014,1710,6,1,1,1,2,3,2,7,9,53.738775413,-1.58982729777
14739,16C1483,442119,443396,1,1,12/06/2014,1910,6,1,1,1,1,3,1,24,9,53.8848356589,-1.35914927775
14740,16C1619,432967,436852,2,1,12/06/2014,2020,6,1,1,1,1,3,1,42,1,53.8266769433,-1.4990953984
14741,16C1892,427512,435835,1,1,12/06/2014,2300,4,1,4,1,3,2,1,23,11,53.8178528147,-1.58206764156
14742,16D0606,422114,438652,2,1,13/06/2014,755,3,1,1,1,1,3,1,30,1,53.843431942,-1.66386377206
14743,16D0892,421911,441422,2,1,13/06/2014,1412,3,1,1,1,1,3,1,38,9,53.8683394497,-1.66675158874
14744,16D1106,428655,425382,1,1,13/06/2014,1620,6,1,1,1,3,3,2,15,9,53.723831195,-1.56567592811
14745,16D1188,433772,433538,1,2,13/06/2014,1625,6,1,1,1,3,2,2,4,3,53.7968369278,-1.48722836073
14746,16D1188,433772,433538,1,2,13/06/2014,1625,6,1,1,1,1,3,1,16,3,53.7968369278,-1.48722836073
14747,1.60E+184,434298,442312,1,1,14/06/2014,205,6,1,6,1,1,3,1,20,9,53.8756683468,-1.47826293418
14748,1.60E+242,427979,436047,1,1,23/05/2014,2230,3,1,4,1,3,3,1,25,9,53.8197335017,-1.57495441568
14749,16E0873,422170,441858,2,2,14/06/2014,1345,3,1,1,1,1,3,2,17,9,53.8722475429,-1.66278096259
14750,16E0873,422170,441858,2,2,14/06/2014,1345,3,1,1,1,2,3,1,69,9,53.8722475429,-1.66278096259
14751,16E1080,431886,435596,2,1,14/06/2014,1523,6,1,1,1,1,3,2,47,9,53.8154546407,-1.51564980209
14752,16E1305,422001,436537,2,1,14/06/2014,1730,3,1,1,1,1,3,2,25,90,53.8244254166,-1.66573277148
14753,16E1528,430877,429790,1,1,14/06/2014,1935,6,1,1,1,3,1,2,1,9,53.763327008,-1.53155777437
14754,16F0166,430795,438601,2,1,15/06/2014,130,6,1,4,1,1,2,1,19,1,53.8425313508,-1.53192050752
14755,16F0824,426281,432009,2,3,15/06/2014,1151,6,1,1,1,1,3,1,21,9,53.7835253916,-1.60109367654
14756,16F0824,426281,432009,2,3,15/06/2014,1151,6,1,1,1,2,3,1,21,9,53.7835253916,-1.60109367654
14757,16F0824,426281,432009,2,3,15/06/2014,1151,6,1,1,1,1,3,2,43,9,53.7835253916,-1.60109367654
14758,16F1155,440385,433270,2,1,15/06/2014,1510,6,1,1,1,2,3,2,10,9,53.7939567047,-1.38686190614
14759,16F1312,425103,434043,2,2,15/06/2014,1656,6,1,1,1,1,3,2,28,90,53.8018668016,-1.61880777815
14760,16F1312,425103,434043,2,2,15/06/2014,1656,6,1,1,1,2,3,2,2,90,53.8018668016,-1.61880777815
14761,16F1497,437306,443650,3,7,15/06/2014,1831,5,1,1,1,1,3,1,57,9,53.8874872937,-1.4323450831
14762,16F1497,437306,443650,3,7,15/06/2014,1831,5,1,1,1,2,2,2,56,9,53.8874872937,-1.4323450831
14763,16F1497,437306,443650,3,7,15/06/2014,1831,5,1,1,1,2,3,2,28,9,53.8874872937,-1.4323450831
14764,16F1497,437306,443650,3,7,15/06/2014,1831,5,1,1,1,2,3,2,20,9,53.8874872937,-1.4323450831
14765,16F1497,437306,443650,3,7,15/06/2014,1831,5,1,1,1,1,3,1,21,9,53.8874872937,-1.4323450831
14766,16F1497,437306,443650,3,7,15/06/2014,1831,5,1,1,1,2,3,1,21,9,53.8874872937,-1.4323450831
14767,16F1497,437306,443650,3,7,15/06/2014,1831,5,1,1,1,2,3,2,21,9,53.8874872937,-1.4323450831
14768,16G0061,438501,436386,1,2,16/06/2014,105,6,1,4,1,1,3,1,23,9,53.8221077827,-1.41507395757
14769,16G0061,438501,436386,1,2,16/06/2014,105,6,1,4,1,2,3,1,30,9,53.8221077827,-1.41507395757
14770,16G1167,421306,435630,2,1,16/06/2014,1643,3,1,1,1,1,2,1,42,90,53.8163014984,-1.67635473856
14771,16G1296,429739,425638,2,1,22/06/2014,815,3,1,1,1,1,3,1,35,1,53.7260716655,-1.54922166987
14772,16G1305,424676,434985,2,1,16/06/2014,1743,3,1,1,1,1,3,2,8,1,53.8103546911,-1.62521616205
14773,16G1460,425189,426029,2,1,16/06/2014,1905,6,1,1,1,1,3,1,45,1,53.72982591,-1.61815605737
14774,16H0305,434902,435104,1,2,17/06/2014,850,6,1,1,1,3,3,2,8,9,53.8108385252,-1.46989445909
14775,16H0305,434902,435104,1,2,17/06/2014,850,6,1,1,1,3,3,1,5,9,53.8108385252,-1.46989445909
14776,16H1029,421715,440990,2,1,17/06/2014,1535,3,1,1,1,1,2,1,49,1,53.8644645443,-1.66976311889
14777,16H1573,426862,441321,2,1,17/06/2014,1915,3,1,1,1,1,3,1,40,1,53.8671989133,-1.59146168464
14778,16H1777,420095,433546,2,1,17/06/2014,1920,6,2,1,1,1,3,1,33,9,53.7976169086,-1.69488598544
14779,16I0100,414746,442831,2,1,18/06/2014,201,6,1,6,1,1,3,1,38,9,53.8812577928,-1.77565646617
14780,16I0229,428779,433291,2,1,18/06/2014,710,3,1,1,1,1,3,1,27,1,53.7949168664,-1.56305919875
14781,16I0543,431870,435014,2,1,18/06/2014,1120,6,1,1,1,2,3,1,30,9,53.810224216,-1.51595311217
14782,16I0598,432306,434548,3,1,18/06/2014,1140,6,2,1,9,1,3,1,26,9,53.8060085921,-1.50938024761
14783,16I1036,429667,434906,2,1,18/06/2014,1545,6,1,1,1,1,3,1,37,1,53.8093837872,-1.54942187317
14784,16I1500,429918,427974,2,1,18/06/2014,1850,6,1,1,1,1,3,1,37,5,53.7470593206,-1.54628243164
14785,16I1507,429893,436615,1,1,06/06/2014,830,6,1,1,1,3,3,1,13,9,53.8247325362,-1.54582346972
14786,16I1528,430556,431179,1,2,18/06/2014,2000,3,1,1,1,2,2,1,23,9,53.7758313266,-1.53628999421
14787,16I1528,430556,431179,1,2,18/06/2014,2000,3,1,1,1,1,3,1,26,9,53.7758313266,-1.53628999421
14788,16J0341,443470,438447,4,2,19/06/2014,830,2,1,1,1,1,3,2,41,9,53.8402409908,-1.3392962116
14789,16J0341,443470,438447,4,2,19/06/2014,830,2,1,1,1,1,3,1,24,9,53.8402409908,-1.3392962116
14790,16J0383,428199,435292,2,1,19/06/2014,900,6,1,1,1,1,3,2,24,1,53.8129351195,-1.57168157179
14791,16J0483,431171,433649,2,1,19/06/2014,1015,6,1,1,1,1,3,1,23,1,53.7979970158,-1.52670743928
14792,16J0597,424347,438785,2,2,19/06/2014,1120,6,1,1,1,1,3,2,59,9,53.8445275683,-1.62991202704
14793,16J0597,424347,438785,2,2,19/06/2014,1120,6,1,1,1,2,3,1,23,9,53.8445275683,-1.62991202704
14794,16J0926,428506,431667,2,2,19/06/2014,1425,3,1,1,1,1,3,2,24,9,53.7803341296,-1.56735414259
14795,16J0926,428506,431667,2,2,19/06/2014,1425,3,1,1,1,2,3,1,22,9,53.7803341296,-1.56735414259
14796,16J1117,431639,437404,2,1,19/06/2014,1559,6,1,1,1,1,3,1,15,1,53.8317212244,-1.51921557945
14797,16J1356,430854,435446,2,1,19/06/2014,1735,6,1,1,1,1,3,1,22,1,53.8141686071,-1.53134039718
14798,16J1367,427833,430807,2,1,19/06/2014,1740,3,1,1,1,1,3,1,35,1,53.7726401792,-1.57764581588
14799,16J1648,421742,440783,2,1,19/06/2014,2000,6,1,1,1,1,3,1,19,3,53.8626027396,-1.66936718746
14800,16K0365,423844,434273,2,3,20/06/2014,840,6,1,1,1,1,3,2,38,9,53.803993468,-1.63790760863
14801,16K0365,423844,434273,2,3,20/06/2014,840,6,1,1,1,2,3,2,4,9,53.803993468,-1.63790760863
14802,16K0365,423844,434273,2,3,20/06/2014,840,6,1,1,1,2,3,2,64,9,53.803993468,-1.63790760863
14803,16K1126,426590,428707,2,1,20/06/2014,1540,3,1,1,1,1,3,1,16,2,53.7538285679,-1.59668822121
14804,16K1381,431343,435059,2,1,20/06/2014,1735,3,1,1,1,1,2,1,60,1,53.8106607388,-1.52395238642
14805,16K1402,439322,432428,2,1,20/06/2014,1735,3,1,1,1,1,3,2,32,1,53.7864697785,-1.40310718865
14806,16K1653,429804,433477,1,1,20/06/2014,1730,6,1,1,1,2,3,2,54,8,53.7965310653,-1.54747953523
14807,16K1970,423622,435523,1,1,20/06/2014,2210,6,2,5,1,1,2,1,29,3,53.815239622,-1.64118286269
14808,16L0376,431447,431585,2,4,21/06/2014,640,3,1,1,1,1,3,2,56,9,53.7794276981,-1.5227275124
14809,16L0376,431447,431585,2,4,21/06/2014,640,3,1,1,1,2,3,1,37,9,53.7794276981,-1.5227275124
14810,16L0376,431447,431585,2,4,21/06/2014,640,3,1,1,1,2,3,1,44,9,53.7794276981,-1.5227275124
14811,16L0376,431447,431585,2,4,21/06/2014,640,3,1,1,1,2,3,2,19,9,53.7794276981,-1.5227275124
14812,16L0776,426101,428271,1,1,21/06/2014,1235,3,1,1,1,1,3,2,35,22,53.7499341459,-1.60414192564
14813,16L1103,428775,433800,1,2,21/06/2014,1534,3,1,1,1,1,3,1,26,9,53.7994923628,-1.56307237378
14814,16L1103,428775,433800,1,2,21/06/2014,1534,3,1,1,1,2,3,2,26,9,53.7994923628,-1.56307237378
14815,16L1202,444964,432021,1,2,21/06/2014,2050,2,1,1,1,1,3,1,26,9,53.7823546508,-1.31752944335
14816,16L1202,444964,432021,1,2,21/06/2014,2050,2,1,1,1,2,3,1,26,9,53.7823546508,-1.31752944335
14817,16L1760,434344,428716,3,1,21/06/2014,2106,6,1,4,1,1,3,2,25,9,53.7534560903,-1.47908085274
14818,16M0522,421464,442068,1,1,22/06/2014,926,6,1,1,1,1,2,1,46,4,53.8741648692,-1.67350475007
14819,16M0684,428920,444175,1,1,22/06/2014,1120,6,1,1,1,1,2,1,48,1,53.8927418348,-1.55989366855
14820,16N0335,422945,443102,2,2,23/06/2014,850,3,1,1,1,1,3,2,29,9,53.8833958228,-1.65089985676
14821,16N0335,422945,443102,2,2,23/06/2014,850,3,1,1,1,1,3,1,50,9,53.8833958228,-1.65089985676
14822,16N0538,425641,434241,2,1,23/06/2014,1045,3,1,1,1,1,3,2,32,9,53.8036203412,-1.61062189682
14823,16N1001,426453,431721,2,1,23/06/2014,1500,3,1,1,1,1,3,1,23,9,53.7809278997,-1.59850775679
14824,16N1103,433032,436091,1,1,23/06/2014,1555,3,1,1,1,3,3,1,79,9,53.8198324685,-1.49818956532
14825,16N1435,422711,433540,2,1,23/06/2014,1829,6,1,1,1,1,3,2,33,9,53.7974553509,-1.65516693254
14826,16O0806,430403,433667,1,1,24/06/2014,1315,6,1,1,1,3,3,2,20,9,53.7982042628,-1.53836635756
14827,16O0983,420642,434367,1,1,24/06/2014,1452,3,1,1,1,3,2,1,13,9,53.8049753574,-1.68652566614
14828,16O1003,430743,438149,1,1,24/06/2014,1500,6,1,1,1,3,3,1,17,19,53.8384715615,-1.53275610537
14829,16O1348,428198,435026,2,1,24/06/2014,1755,6,1,1,1,2,3,2,26,9,53.8105441686,-1.57172113468
14830,16O1406,427742,436438,2,1,24/06/2014,1827,3,1,1,1,1,3,1,40,1,53.8232607992,-1.57851944584
14831,16O1544,429107,436250,2,1,24/06/2014,1544,6,1,1,1,1,3,2,40,9,53.8214962721,-1.5577996386
14832,16P0315,431068,430340,2,1,24/06/2014,1810,6,2,1,9,1,2,1,37,1,53.7682594673,-1.52860480258
14833,16P0639,428139,431163,3,2,25/06/2014,1230,3,1,1,1,2,3,2,5,9,53.7758237454,-1.57297005525
14834,16P0639,428139,431163,3,2,25/06/2014,1230,3,1,1,1,1,3,2,48,9,53.7758237454,-1.57297005525
14835,16P0761,425538,434165,1,1,25/06/2014,1210,6,1,1,1,2,3,1,90,11,53.80294226,-1.61219229459
14836,16P1262,443311,436325,2,1,25/06/2014,1710,6,1,1,1,1,3,1,29,1,53.8211809508,-1.34201168645
14837,16P1547,431960,430731,2,1,25/06/2014,1735,3,1,1,1,1,3,1,35,1,53.7717200857,-1.51503049445
14838,16P1567,430032,433375,1,1,25/06/2014,1800,6,1,1,1,2,3,1,22,11,53.7956011033,-1.54402782804
14839,16P1888,435730,436943,2,1,25/06/2014,2245,3,1,4,1,2,3,1,15,9,53.8273122845,-1.45710546109
14840,16Q0306,424406,427816,2,1,26/06/2014,835,1,1,1,1,1,3,1,57,9,53.745926333,-1.62988430153