Col.Number,Reference.Number,Easting,Northing,Number.of.Vehicles,Number.of.Casualties,Accident.Date,Time..24hr.,X1st.Road.Class,Road.Surface,Lighting.Conditions,Weather.Conditions,Casualty.Class,Casualty.Severity,Sex.of.Casualty,Age.of.Casualty,Type.of.Vehicle,Latitude,Longitude
14841,16Q0336,427718,434713,2,1,23/06/2014,1700,6,1,1,1,1,3,2,31,3,53.8077564966,-1.57903947446
14842,16Q0597,426523,433392,1,1,26/06/2014,1140,6,1,1,1,3,2,1,81,19,53.7959446314,-1.59730153575
14843,16Q0630,422954,438036,1,1,26/06/2014,1206,6,1,1,1,2,3,2,62,9,53.8378584068,-1.65114192659
14844,16Q0922,422047,434278,2,2,26/06/2014,1415,4,1,1,1,2,3,1,72,11,53.8041176892,-1.66519576313
14845,16Q0922,422047,434278,2,2,26/06/2014,1415,4,1,1,1,2,3,2,68,11,53.8041176892,-1.66519576313
14846,16Q1758,422420,433529,1,1,26/06/2014,2140,6,1,4,1,3,3,1,66,9,53.7973690957,-1.659586053
14847,16R0181,420015,435473,1,1,27/06/2014,540,6,1,1,1,1,3,2,50,90,53.8149415528,-1.69597536
14848,16R0235,424848,427545,2,1,27/06/2014,743,3,1,1,1,2,3,2,35,9,53.7434694573,-1.62320334699
14849,16R0391,433346,432199,2,1,27/06/2014,1000,3,1,1,1,1,3,2,43,9,53.7848285743,-1.49384109483
14850,16R0436,425420,433192,2,1,27/06/2014,1015,4,2,1,2,1,3,1,77,9,53.79420193,-1.6140644515
14851,16R0739,436283,434708,2,2,27/06/2014,1325,6,1,1,1,1,3,2,25,9,53.8071845199,-1.44896700936
14852,16R0739,436283,434708,2,2,27/06/2014,1325,6,1,1,1,1,3,1,37,9,53.8071845199,-1.44896700936
14853,16S0004,431040,431373,1,1,28/06/2014,1,6,2,4,2,3,3,1,23,8,53.7775465123,-1.52892567879
14854,16S0270,427549,433883,1,3,28/06/2014,310,6,2,7,2,2,3,2,18,8,53.8003048025,-1.58168031602
14855,16S0270,427549,433883,1,3,28/06/2014,310,6,2,7,2,2,3,2,19,8,53.8003048025,-1.58168031602
14856,16S0270,427549,433883,1,3,28/06/2014,310,6,2,7,2,2,3,2,19,8,53.8003048025,-1.58168031602
14857,16S0273,430788,433328,1,1,28/06/2014,405,3,2,1,1,3,3,1,26,9,53.7951344456,-1.53255468595
14858,16S0330,431819,430458,1,1,28/06/2014,609,1,2,1,1,1,3,1,51,9,53.7692747959,-1.51719813976
14859,16S0368,428996,429625,2,2,28/06/2014,728,6,2,1,1,1,3,1,43,1,53.7619519613,-1.56010941279
14860,16S0368,428996,429625,2,2,28/06/2014,728,6,2,1,1,1,3,1,65,9,53.7619519613,-1.56010941279
14861,16S0543,439764,433146,1,1,28/06/2014,1025,3,2,1,2,3,2,2,76,9,53.7928899579,-1.3963055527
14862,16S0581,430073,433865,1,1,28/06/2014,1031,6,1,1,9,2,3,2,74,11,53.8000032116,-1.54335750668
14863,16S0738,430550,431065,2,2,27/06/2014,1430,6,1,1,1,1,3,1,39,19,53.7748069609,-1.53639233793
14864,16S0738,430550,431065,2,2,27/06/2014,1430,6,1,1,1,2,3,1,34,19,53.7748069609,-1.53639233793
14865,16S0911,434989,436890,1,1,28/06/2014,1200,6,2,1,2,2,2,2,64,11,53.8268863083,-1.46836997513
14866,16S1054,436725,435052,2,1,28/06/2014,1715,6,2,1,1,1,3,2,22,2,53.8102455633,-1.44221362029
14867,16T0270,432486,438750,2,2,29/06/2014,315,6,1,4,1,2,3,1,20,9,53.8437676402,-1.50620282011
14868,16T0270,432486,438750,2,2,29/06/2014,315,6,1,4,1,2,3,2,18,9,53.8437676402,-1.50620282011
14869,16T0280,431574,435204,5,1,29/06/2014,1,3,1,4,1,1,3,1,71,9,53.8119501221,-1.5204291416
14870,16T0960,443104,433190,1,1,29/06/2014,1524,3,1,1,1,1,2,1,44,9,53.7930194853,-1.34559523624
14871,16T1231,430460,428413,2,1,29/06/2014,1711,6,1,1,1,1,3,1,13,1,53.7509740073,-1.53801980269
14872,16T1261,429117,434196,2,2,29/06/2014,1820,6,1,1,1,1,3,2,34,9,53.8030328738,-1.55784207434
14873,16T1261,429117,434196,2,2,29/06/2014,1820,6,1,1,1,1,3,2,32,1,53.8030328738,-1.55784207434
14874,16T1425,429809,431159,1,1,29/06/2014,1950,6,1,1,1,3,3,1,8,9,53.7756948555,-1.54762781352
14875,16T1665,434861,436504,1,1,29/06/2014,2242,6,1,4,1,3,3,2,35,9,53.8234253156,-1.47035850472
14876,16U0349,434993,425885,4,1,30/06/2014,845,1,1,1,1,2,3,1,29,9,53.727965863,-1.46955802747
14877,16U0382,425661,434919,2,1,30/06/2014,908,6,1,1,1,3,3,2,11,9,53.8097137558,-1.61026166941
14878,16U0749,440425,448058,2,1,30/06/2014,1300,6,1,1,1,1,3,1,84,9,53.9268740801,-1.38430630722
14879,16U0766,430414,433725,1,1,30/06/2014,1200,6,1,1,1,2,3,1,33,11,53.7987249656,-1.53819361378
14880,16U0812,432071,431120,2,1,30/06/2014,1520,3,1,1,1,1,3,1,35,1,53.7752098753,-1.51330577059
14881,16U0838,431024,433517,1,1,30/06/2014,1345,6,1,1,1,3,2,2,48,11,53.7968192933,-1.5289526629
14882,16U1629,430093,431305,1,1,30/06/2014,1949,3,1,1,1,3,2,2,52,9,53.7769908771,-1.54330382027
14883,16U1674,436438,427247,1,1,30/06/2014,1730,6,1,1,1,3,3,1,8,9,53.7401095092,-1.44749455089
14884,1710386,424924,430924,2,1,01/07/2014,810,3,1,1,1,1,3,2,32,9,53.773839242,-1.62177810448
14885,1710459,430375,433496,1,1,01/07/2014,1010,6,1,1,1,3,3,2,75,11,53.7966688268,-1.53880835359
14886,1710740,436161,427825,2,1,01/07/2014,1250,3,1,1,1,2,3,2,23,9,53.7453242558,-1.45162682166
14887,1710835,428460,435707,2,1,01/07/2014,1340,3,1,1,1,1,2,1,26,1,53.8166512225,-1.56767894333
14888,1711647,435362,439519,2,1,01/07/2014,2010,3,1,1,1,1,2,2,67,9,53.8504919755,-1.46240021394
14889,1720309,428987,426335,2,3,02/07/2014,850,3,1,1,1,1,3,2,43,9,53.732379229,-1.56055464593
14890,1720309,428987,426335,2,3,02/07/2014,850,3,1,1,1,2,3,1,11,9,53.732379229,-1.56055464593
14891,1720309,428987,426335,2,3,02/07/2014,850,3,1,1,1,1,3,2,31,9,53.732379229,-1.56055464593
14892,1720356,430340,433391,2,1,02/07/2014,916,6,1,1,1,1,2,1,50,1,53.795727053,-1.53935009146
14893,1720475,430837,434002,2,1,02/07/2014,750,3,1,1,1,1,3,2,29,9,53.8011899358,-1.53174327558
14894,1720856,427168,435276,2,1,02/07/2014,1342,6,1,1,1,2,3,1,31,9,53.812846193,-1.58734252715
14895,1721208,430202,431991,2,3,27/06/2014,845,3,1,1,1,1,3,1,35,9,53.7831508493,-1.54158247844
14896,1721208,430202,431991,2,3,27/06/2014,845,3,1,1,1,2,3,2,32,9,53.7831508493,-1.54158247844
14897,1721208,430202,431991,2,3,27/06/2014,845,3,1,1,1,2,3,1,5,9,53.7831508493,-1.54158247844
14898,1721377,425158,437877,2,1,02/07/2014,1650,3,1,1,1,1,3,2,57,1,53.8363271315,-1.61765903359
14899,1730421,428446,427378,2,3,03/07/2014,945,3,1,1,1,1,3,1,68,9,53.7417843911,-1.56866001324
14900,1730421,428446,427378,2,3,03/07/2014,945,3,1,1,1,2,3,2,69,9,53.7417843911,-1.56866001324
14901,1730421,428446,427378,2,3,03/07/2014,945,3,1,1,1,1,3,2,34,9,53.7417843911,-1.56866001324
14902,1730978,432501,435437,2,1,03/07/2014,1506,6,1,1,1,3,2,1,3,9,53.8139873624,-1.50632509046
14903,1731095,421138,434185,2,1,03/07/2014,1200,3,1,1,1,1,3,2,36,9,53.8033194622,-1.67900591646
14904,1731550,424017,437717,2,3,03/07/2014,1918,3,1,1,1,2,3,1,38,9,53.8349429299,-1.63501159219
14905,1731550,424017,437717,2,3,03/07/2014,1918,3,1,1,1,2,3,2,28,9,53.8349429299,-1.63501159219
14906,1731550,424017,437717,2,3,03/07/2014,1918,3,1,1,1,2,3,2,15,9,53.8349429299,-1.63501159219
14907,1731556,432734,436328,1,1,03/07/2014,1906,6,1,1,1,3,3,1,11,8,53.8219816272,-1.50269126278
14908,1731613,421365,440476,1,1,03/07/2014,1930,3,1,1,1,3,2,1,71,9,53.8598588424,-1.67512154068
14909,1731699,432258,435097,1,1,03/07/2014,2015,6,1,1,1,3,3,1,47,9,53.8109463505,-1.51005163927
14910,1731786,425436,433021,2,1,03/07/2014,2100,6,1,1,1,1,2,1,47,3,53.7926640606,-1.61383565859
14911,1740262,424626,433638,2,1,04/07/2014,728,4,1,1,1,1,3,1,29,1,53.7982491317,-1.62608329904
14912,1741410,428268,429613,2,1,04/07/2014,1745,3,2,1,1,1,3,2,27,9,53.7618841101,-1.57115446079
14913,1741601,429954,433798,1,1,04/07/2014,1900,6,1,1,1,2,3,2,62,11,53.7994078328,-1.54517091245
14914,1750411,430875,434352,1,1,05/07/2014,1510,3,1,1,1,3,3,1,30,9,53.8043337284,-1.5311311737
14915,1760045,428769,435125,1,1,06/07/2014,10,6,1,4,1,3,3,1,21,9,53.8114027756,-1.5630396521
14916,1760286,427875,434080,1,1,07/07/2014,212,6,1,4,1,3,2,2,21,9,53.8020582217,-1.57671246108
14917,1761997,439518,430586,2,4,06/07/2014,2130,6,1,1,1,1,3,1,21,9,53.769898024,-1.40036822904
14918,1761997,439518,430586,2,4,06/07/2014,2130,6,1,1,1,2,3,1,22,9,53.769898024,-1.40036822904
14919,1761997,439518,430586,2,4,06/07/2014,2130,6,1,1,1,2,3,2,17,9,53.769898024,-1.40036822904
14920,1761997,439518,430586,2,4,06/07/2014,2130,6,1,1,1,2,3,2,17,9,53.769898024,-1.40036822904
14921,1762056,426381,438060,2,1,06/07/2014,2200,3,1,1,1,2,3,2,17,9,53.837911404,-1.59905715863
14922,1770289,434707,425873,4,1,07/07/2014,735,1,1,1,1,2,3,2,26,9,53.7278771083,-1.47389450784
14923,1770314,420998,434358,1,1,07/07/2014,750,3,1,1,1,3,3,1,20,9,53.8048802065,-1.68112007056
14924,1770429,429498,430238,2,1,07/07/2014,938,3,1,1,1,1,3,1,41,9,53.7674339036,-1.55243536454
14925,1770560,427452,431884,1,1,07/07/2014,910,3,1,1,1,2,3,2,42,11,53.7823413492,-1.58333128386
14926,1770753,424983,430976,2,1,09/07/2014,1245,3,1,1,1,1,3,1,42,4,53.7743038348,-1.62087858854
14927,1770761,435017,433439,1,1,07/07/2014,1250,4,1,1,1,3,3,1,71,9,53.7958647454,-1.46833724202
14928,1771572,421935,429265,2,1,07/07/2014,1835,4,1,1,1,1,3,2,21,9,53.7590611401,-1.6672532345
14929,1780231,432853,434566,1,1,08/07/2014,820,6,1,1,1,1,3,2,37,9,53.8061361221,-1.50107157581
14930,1780864,443368,438822,4,1,08/07/2014,1510,2,1,1,1,2,3,1,57,9,53.8436201488,-1.34079345974
14931,1790227,429607,425742,2,1,09/07/2014,750,3,1,1,1,2,3,2,58,9,53.7270140147,-1.5512124794
14932,1790422,415412,442257,2,2,05/07/2014,1415,6,1,1,1,1,3,1,34,9,53.8760788492,-1.76555299317
14933,1790422,415412,442257,2,2,05/07/2014,1415,6,1,1,1,2,3,2,31,9,53.8760788492,-1.76555299317
14934,1790495,431982,435786,2,1,09/07/2014,1110,4,1,1,1,1,3,1,32,8,53.8171565899,-1.51417186225
14935,1791112,420513,441136,2,1,09/07/2014,1625,6,1,1,1,1,3,1,50,5,53.8658258087,-1.68803279596
14936,1791172,422139,433991,3,1,09/07/2014,1659,4,1,1,1,1,3,1,29,4,53.8015339811,-1.66381932044
14937,1791277,431171,440732,2,1,09/07/2014,1740,3,1,1,1,1,3,1,19,9,53.8616636791,-1.52598919378
14938,1791507,433447,434815,2,1,09/07/2014,1925,6,1,1,1,1,3,1,30,9,53.808336433,-1.49202401091
14939,1791999,432096,439462,1,3,09/07/2014,2330,6,1,4,1,1,3,1,24,9,53.8501917808,-1.51205628241
14940,1791999,432096,439462,1,3,09/07/2014,2330,6,1,4,1,2,3,2,18,9,53.8501917808,-1.51205628241
14941,1791999,432096,439462,1,3,09/07/2014,2330,6,1,4,1,2,3,2,17,9,53.8501917808,-1.51205628241
14942,1792009,427980,431961,1,1,09/07/2014,2345,3,1,6,1,1,3,1,26,9,53.783005372,-1.57531050763
14943,1792011,434190,433616,1,2,09/07/2014,2340,6,1,4,1,1,3,1,31,9,53.7975107399,-1.48087335274
14944,1792011,434190,433616,1,2,09/07/2014,2340,6,1,4,1,2,3,2,30,9,53.7975107399,-1.48087335274
14945,17A0808,435991,428238,2,1,09/07/2014,1515,3,1,1,1,1,3,2,21,9,53.7490483474,-1.45415658803
14946,17A0970,423325,443467,2,1,10/07/2014,1515,3,1,1,1,1,2,1,55,5,53.8866597503,-1.64509062227
14947,17A0992,429990,432674,1,1,10/07/2014,1532,3,1,1,1,1,3,2,28,3,53.7893024212,-1.5447337236
14948,17B0790,430097,433830,1,1,08/07/2014,1335,6,1,1,1,3,3,1,21,8,53.7996872182,-1.54299651288
14949,17B1230,443221,439684,2,1,11/07/2014,1724,2,1,1,1,1,3,2,47,9,53.8513803579,-1.34290641176
14950,17B1249,427489,431323,2,2,11/07/2014,1731,3,1,1,1,2,2,2,25,9,53.7772966787,-1.58281972801
14951,17B1249,427489,431323,2,2,11/07/2014,1731,3,1,1,1,2,3,2,19,9,53.7772966787,-1.58281972801
14952,17B1520,434908,436833,3,1,11/07/2014,1930,6,1,1,1,1,3,2,31,9,53.8263794062,-1.46960711926
14953,17B1651,427607,433942,1,1,11/07/2014,2033,6,1,1,1,3,2,1,19,9,53.8008320649,-1.58079434753
14954,17C0849,430004,430947,1,1,12/07/2014,1050,3,1,1,1,2,3,2,41,11,53.7737780367,-1.54468928037
14955,17C1235,435261,439661,2,2,12/07/2014,1605,6,1,1,1,1,3,1,50,9,53.8517752167,-1.46391930825
14956,17C1235,435261,439661,2,2,12/07/2014,1605,6,1,1,1,1,3,1,44,9,53.8517752167,-1.46391930825
14957,17C1733,426579,431826,2,2,12/07/2014,2010,3,1,1,1,1,3,1,19,5,53.7818653071,-1.59658638272
14958,17C1733,426579,431826,2,2,12/07/2014,2010,3,1,1,1,2,3,2,19,5,53.7818653071,-1.59658638272
14959,17C1824,419172,441737,1,1,12/07/2014,1530,6,1,1,1,3,3,2,54,9,53.8712793467,-1.70838921022
14960,17C2045,427996,436017,2,1,12/07/2014,2235,6,2,4,2,1,3,1,35,1,53.8194629244,-1.57469889701
14961,17C2155,429939,433389,3,1,12/07/2014,2315,6,2,4,2,1,3,1,28,2,53.7957323056,-1.54543842588
14962,17D0656,430430,431073,2,1,13/07/2014,1220,1,1,1,1,2,3,2,32,19,53.774885898,-1.53821252818
14963,17D0720,430640,432631,2,1,12/07/2014,1230,3,1,1,1,1,3,1,24,9,53.7888780408,-1.53487096164
14964,17D1041,438461,432691,2,2,13/07/2014,1505,3,1,1,1,1,2,1,27,5,53.7888981098,-1.41614325869
14965,17D1041,438461,432691,2,2,13/07/2014,1505,3,1,1,1,1,3,2,33,9,53.7888981098,-1.41614325869
14966,17D1483,426083,432607,2,1,13/07/2014,1907,6,1,1,1,1,3,1,11,1,53.7889106632,-1.60404833326
14967,17D1790,424118,430517,3,1,13/07/2014,2157,6,1,4,1,1,3,2,35,9,53.77021873,-1.63404070344
14968,17D1898,427815,435195,2,1,13/07/2014,2300,6,1,1,1,2,3,2,44,9,53.8120838953,-1.57752279194
14969,1.70E+235,418999,442122,2,1,14/07/2014,705,6,1,1,1,1,3,1,36,1,53.8747463931,-1.71099668745
14970,17E0371,418843,441625,3,4,14/07/2014,845,4,1,1,1,1,3,2,26,9,53.8702846548,-1.71340019331
14971,17E0371,418843,441625,3,4,14/07/2014,845,4,1,1,1,2,3,2,8,9,53.8702846548,-1.71340019331
14972,17E0371,418843,441625,3,4,14/07/2014,845,4,1,1,1,2,3,2,5,9,53.8702846548,-1.71340019331
14973,17E0371,418843,441625,3,4,14/07/2014,845,4,1,1,1,2,3,2,3,9,53.8702846548,-1.71340019331
14974,17E0742,430878,434323,2,1,14/07/2014,1249,6,1,1,1,2,3,2,8,9,53.8040728779,-1.53108852585
14975,17G0365,435246,434855,2,2,16/07/2014,938,3,1,1,1,2,3,1,22,8,53.8085771598,-1.46469841516
14976,17G0365,435246,434855,2,2,16/07/2014,938,3,1,1,1,1,3,1,44,9,53.8085771598,-1.46469841516
14977,17G0629,436076,435551,2,1,16/07/2014,1225,3,1,1,1,1,3,1,57,5,53.8147762953,-1.45201175474
14978,17G1561,432678,437964,2,1,16/07/2014,2030,6,1,1,1,1,3,1,39,9,53.8366905465,-1.50336809097
14979,17G1800,428522,434296,1,1,16/07/2014,2233,6,1,4,1,3,3,1,19,8,53.8039647162,-1.56686793081
14980,17H0028,424834,443280,2,2,17/07/2014,19,6,1,4,1,2,3,2,60,9,53.8849087941,-1.62214561793
14981,17H0028,424834,443280,2,2,17/07/2014,19,6,1,4,1,1,3,2,37,9,53.8849087941,-1.62214561793
14982,17H0390,426753,427786,2,2,17/07/2014,940,6,1,1,1,1,3,1,58,9,53.7455414844,-1.59429570755
14983,17H0390,426753,427786,2,2,17/07/2014,940,6,1,1,1,1,3,2,54,9,53.7455414844,-1.59429570755
14984,17H0524,429021,432303,2,1,17/07/2014,1112,6,1,1,1,1,2,1,81,22,53.786022531,-1.55947817788
14985,17H0738,429913,437438,2,1,17/07/2014,830,6,1,1,1,1,3,1,43,1,53.8321290726,-1.54543953138
14986,17H1663,427258,438424,1,1,17/07/2014,2045,3,1,1,1,1,2,1,50,3,53.8411380186,-1.5856964475
14987,17I0431,430223,436146,3,1,18/07/2014,855,3,1,1,1,2,3,2,14,8,53.8204977565,-1.54085591367
14988,17I0783,432624,436863,2,1,18/07/2014,1221,6,2,1,1,1,3,1,59,1,53.8267974637,-1.50430559885
14989,17I1213,419948,440834,1,1,18/07/2014,1549,6,1,1,1,3,3,1,5,9,53.863133221,-1.69664497196
14990,17I1320,435820,436600,1,1,18/07/2014,1632,3,1,1,1,3,3,2,33,9,53.8242230109,-1.4557779956
14991,17I1474,443206,431647,2,1,18/07/2014,1645,3,1,1,1,1,3,1,49,9,53.7791418603,-1.34426308814
14992,17I1703,430844,433470,2,1,18/07/2014,1925,6,1,1,1,2,3,2,5,9,53.7964075264,-1.53169026632
14993,17I1985,434196,431721,1,1,18/07/2014,2126,3,1,4,1,1,2,1,44,5,53.7804768399,-1.48099254497
14994,17J0601,432119,432870,1,1,19/07/2014,945,6,2,1,2,1,3,1,17,2,53.7909371587,-1.51239503584
14995,17J0711,440582,432102,3,3,19/07/2014,1050,3,2,1,2,1,3,2,20,9,53.7834428006,-1.38402499403
14996,17J0711,440582,432102,3,3,19/07/2014,1050,3,2,1,2,1,3,1,27,9,53.7834428006,-1.38402499403
14997,17J0711,440582,432102,3,3,19/07/2014,1050,3,2,1,2,1,3,2,35,9,53.7834428006,-1.38402499403
14998,17J1264,430935,436032,2,3,19/07/2014,1645,6,2,1,1,2,3,2,62,9,53.8194311618,-1.53005115943
14999,17J1264,430935,436032,2,3,19/07/2014,1645,6,2,1,1,2,3,2,37,9,53.8194311618,-1.53005115943
15000,17J1264,430935,436032,2,3,19/07/2014,1645,6,2,1,1,1,3,2,42,9,53.8194311618,-1.53005115943
15001,17J1841,431508,435127,2,1,19/07/2014,2210,3,2,4,1,1,3,1,28,1,53.8112619973,-1.52143944704
15002,17L0495,430306,433854,2,1,20/07/2014,230,6,1,4,1,1,3,1,32,8,53.7998908135,-1.53982073347
15003,17L0500,424210,428251,2,3,21/07/2014,956,3,1,1,1,1,3,2,25,9,53.7498456469,-1.63282247249
15004,17L0500,424210,428251,2,3,21/07/2014,956,3,1,1,1,1,3,2,53,9,53.7498456469,-1.63282247249
15005,17L0500,424210,428251,2,3,21/07/2014,956,3,1,1,1,2,3,2,23,9,53.7498456469,-1.63282247249
15006,17L0523,422357,433393,1,1,21/07/2014,1010,5,1,1,1,3,3,1,71,9,53.7961493223,-1.66055246633
15007,17L0672,424236,428248,2,3,21/07/2014,945,3,1,1,1,1,3,1,65,9,53.7498174717,-1.6324283915
15008,17L0672,424236,428248,2,3,21/07/2014,945,3,1,1,1,2,3,1,7,9,53.7498174717,-1.6324283915
15009,17L0672,424236,428248,2,3,21/07/2014,945,3,1,1,1,2,3,1,6,9,53.7498174717,-1.6324283915
15010,17L1112,429146,431769,2,1,21/07/2014,1522,6,1,1,1,1,3,1,62,9,53.7812155446,-1.55763130404
15011,17L1283,427033,433106,2,1,21/07/2014,1610,6,1,1,1,1,3,1,35,9,53.7933475888,-1.58958352541
15012,17L1396,428836,440130,1,1,21/07/2014,1726,6,1,1,1,3,3,1,10,9,53.8563874877,-1.56155242505
15013,17L1758,432325,440329,2,4,21/07/2014,2010,6,1,1,1,1,3,1,28,9,53.8579706894,-1.50848371427
15014,17L1758,432325,440329,2,4,21/07/2014,2010,6,1,1,1,1,3,2,71,9,53.8579706894,-1.50848371427
15015,17L1758,432325,440329,2,4,21/07/2014,2010,6,1,1,1,2,2,2,77,9,53.8579706894,-1.50848371427
15016,17L1758,432325,440329,2,4,21/07/2014,2010,6,1,1,1,2,3,2,76,9,53.8579706894,-1.50848371427
15017,17M0316,435268,439754,2,2,22/07/2014,823,6,1,1,1,1,3,2,29,9,53.8526106753,-1.46380220636
15018,17M0316,435268,439754,2,2,22/07/2014,823,6,1,1,1,1,3,2,57,9,53.8526106753,-1.46380220636
15019,17M0970,424849,429106,1,1,22/07/2014,1255,4,1,1,1,2,3,2,85,11,53.7575010667,-1.62306259814
15020,17M1200,426513,435652,2,1,22/07/2014,1635,6,1,1,1,1,3,1,23,1,53.8162597811,-1.5972587132
15021,17N0317,432062,435966,2,1,23/07/2014,735,6,1,1,1,1,2,2,37,1,53.8187696206,-1.51293789562
15022,17N0373,424510,435232,2,1,23/07/2014,851,3,1,1,1,1,3,1,69,9,53.8125827763,-1.62771767045
15023,17N0468,435672,436358,1,1,23/07/2014,843,6,1,1,1,2,3,2,70,11,53.8220579553,-1.45805455653
15024,17N0691,436290,434141,3,1,23/07/2014,1243,6,1,1,1,1,3,1,23,9,53.8020875027,-1.44892754153
15025,17N0976,430846,433470,1,1,23/07/2014,1508,6,1,1,1,3,3,2,15,11,53.7964074078,-1.53165990109
15026,17N1215,430233,435116,2,1,23/07/2014,1700,6,1,1,1,1,2,1,20,2,53.8112388168,-1.54080521813
15027,17N1278,433321,426414,2,2,23/07/2014,1730,6,1,1,1,1,3,2,22,9,53.7328304196,-1.49484495635
15028,17N1278,433321,426414,2,2,23/07/2014,1730,6,1,1,1,2,3,1,5,9,53.7328304196,-1.49484495635
15029,17N1316,428361,432505,2,1,23/07/2014,1750,3,1,1,1,1,3,1,30,1,53.7878746473,-1.56947768826
15030,17N1755,428618,436950,3,3,23/07/2014,1912,4,1,1,1,1,2,2,23,9,53.827815525,-1.56516325462
15031,17N1755,428618,436950,3,3,23/07/2014,1912,4,1,1,1,2,3,2,22,9,53.827815525,-1.56516325462
15032,17N1755,428618,436950,3,3,23/07/2014,1912,4,1,1,1,1,3,1,47,9,53.827815525,-1.56516325462
15033,17N1801,441242,445218,2,1,23/07/2014,2155,6,1,6,1,1,2,1,41,5,53.9012828838,-1.37224676588
15034,17O0301,425072,427742,2,1,24/07/2014,735,3,1,1,1,1,2,1,61,9,53.7452295438,-1.61979069338
15035,17O0627,430415,432791,2,1,24/07/2014,1020,3,1,1,1,1,3,1,35,1,53.7903294369,-1.53827064792
15036,17O1143,430812,433798,3,1,24/07/2014,1634,3,1,1,1,1,3,2,31,9,53.7993577205,-1.53214329583
15037,17O1155,430957,435789,1,1,19/07/2014,1625,6,1,1,1,2,3,1,22,11,53.817245603,-1.52974141402
15038,17O1214,428540,431402,1,1,24/07/2014,1710,3,1,1,1,3,2,2,17,9,53.7779502389,-1.56686265733
15039,17O1333,423911,428209,2,1,24/07/2014,1755,3,1,1,1,2,3,2,23,9,53.7494819174,-1.63736036419
15040,17O1361,428140,435853,2,1,24/07/2014,1810,3,1,1,1,1,2,1,29,9,53.8179809971,-1.57252639171
15041,17P0611,426580,427699,2,1,25/07/2014,1040,6,1,1,1,1,3,2,81,22,53.7447683036,-1.5969266333
15042,17P1286,427004,434860,2,1,25/07/2014,1610,3,1,1,1,1,3,1,39,1,53.8091154109,-1.5898699724
15043,17P1492,423717,437981,1,1,25/07/2014,1315,6,1,1,1,2,2,2,63,8,53.8373297491,-1.63955024112
15044,17P1668,431976,427764,3,6,25/07/2014,1915,1,1,1,1,1,3,2,23,9,53.7450494816,-1.51509502361
15045,17P1668,431976,427764,3,6,25/07/2014,1915,1,1,1,1,1,3,1,18,9,53.7450494816,-1.51509502361
15046,17P1668,431976,427764,3,6,25/07/2014,1915,1,1,1,1,2,3,2,16,9,53.7450494816,-1.51509502361
15047,17P1668,431976,427764,3,6,25/07/2014,1915,1,1,1,1,2,3,2,37,9,53.7450494816,-1.51509502361
15048,17P1668,431976,427764,3,6,25/07/2014,1915,1,1,1,1,2,3,2,14,9,53.7450494816,-1.51509502361
15049,17P1668,431976,427764,3,6,25/07/2014,1915,1,1,1,1,2,3,2,32,9,53.7450494816,-1.51509502361
15050,17P1864,443109,433214,2,1,25/07/2014,2045,3,1,1,1,1,3,2,22,9,53.7932347935,-1.34551597342
15051,17Q0379,420962,440995,1,1,26/07/2014,345,6,1,4,1,2,3,2,22,9,53.8645404493,-1.68121403457
15052,17Q0852,422895,437525,2,1,26/07/2014,1208,3,1,1,1,2,3,2,22,9,53.8332677384,-1.65207667161
15053,17Q1362,419836,437055,1,1,26/07/2014,1650,3,1,1,1,3,2,2,25,9,53.8291687776,-1.69859226135
15054,17Q1448,429647,434311,4,1,26/07/2014,1750,2,1,1,1,2,3,1,27,9,53.8040366381,-1.54978292547
15055,17R0117,433213,439177,1,1,27/07/2014,54,3,2,5,2,1,3,1,22,9,53.8475597868,-1.49510648415
15056,17R0120,430881,433361,1,1,27/07/2014,54,3,2,4,2,3,2,1,29,9,53.7954255616,-1.5311394375
15057,17R1441,426123,439162,4,4,27/07/2014,1853,6,1,1,1,1,3,2,81,9,53.8478300223,-1.6028844571
15058,17R1441,426123,439162,4,4,27/07/2014,1853,6,1,1,1,2,2,2,85,9,53.8478300223,-1.6028844571
15059,17R1441,426123,439162,4,4,27/07/2014,1853,6,1,1,1,2,3,2,93,9,53.8478300223,-1.6028844571
15060,17R1441,426123,439162,4,4,27/07/2014,1853,6,1,1,1,2,3,2,81,9,53.8478300223,-1.6028844571
15061,17R1755,436225,427792,1,3,27/07/2014,2134,3,1,4,1,1,1,1,24,9,53.7450231854,-1.45066019464
15062,17R1755,436225,427792,1,3,27/07/2014,2134,3,1,4,1,2,1,1,25,9,53.7450231854,-1.45066019464
15063,17R1755,436225,427792,1,3,27/07/2014,2134,3,1,4,1,2,3,1,27,9,53.7450231854,-1.45066019464
15064,17S1755,426054,438957,1,1,28/07/2014,2116,6,1,4,1,1,3,1,64,9,53.8459908002,-1.6039507441
15065,17T0334,427051,429430,2,1,29/07/2014,745,3,1,1,1,1,2,1,37,1,53.7603037733,-1.58963271543
15066,17T0552,427197,433523,1,1,29/07/2014,1050,6,1,1,1,3,3,2,61,9,53.7970873651,-1.58705692194
15067,17T0672,432342,434724,1,1,29/07/2014,1205,6,1,1,1,3,3,2,72,9,53.8075883604,-1.50881505867
15068,17T0877,429834,434409,2,1,29/07/2014,1413,2,1,1,1,1,3,1,38,9,53.8049068401,-1.54693375844
15069,17T1188,431878,435478,2,1,29/07/2014,1652,6,1,1,1,1,3,1,22,9,53.8143944687,-1.51578354384
15070,17T1202,430422,433964,2,1,29/07/2014,1700,6,1,1,1,1,3,2,41,9,53.8008728014,-1.5380485357