Col.Number,Reference.Number,Easting,Northing,Number.of.Vehicles,Number.of.Casualties,Accident.Date,Time..24hr.,X1st.Road.Class,Road.Surface,Lighting.Conditions,Weather.Conditions,Casualty.Class,Casualty.Severity,Sex.of.Casualty,Age.of.Casualty,Type.of.Vehicle,Latitude,Longitude
15071,17T1370,426347,437795,2,1,29/07/2014,1820,6,1,1,1,1,3,1,41,5,53.8355311148,-1.59959660527
15072,17T1602,429935,433609,1,1,29/07/2014,1657,6,1,1,1,2,2,2,73,11,53.7977100567,-1.54547777395
15073,17U0796,430942,433310,5,1,30/07/2014,1345,6,1,1,1,1,3,2,27,9,53.7949635129,-1.53021844282
15074,17U1007,427178,435267,2,1,30/07/2014,1541,6,1,1,1,2,3,2,78,11,53.8127647715,-1.5871914354
15075,17U1019,427435,432841,3,1,30/07/2014,1545,6,1,1,1,1,3,1,21,9,53.7909445199,-1.58350411347
15076,17U1105,429456,434905,2,1,30/07/2014,1634,3,1,1,1,1,3,1,19,9,53.8093867933,-1.55262649854
15077,17U1575,424017,437717,2,1,30/07/2014,2017,3,1,1,1,1,3,1,17,3,53.8349429299,-1.63501159219
15078,17V0368,424525,437059,2,1,31/07/2014,905,3,1,1,1,1,2,1,41,1,53.8290045858,-1.62734415525
15079,17V0436,439873,449526,1,1,31/07/2014,950,6,1,1,1,3,3,1,42,9,53.9401117115,-1.39252141366
15080,17V1027,427144,433521,2,1,31/07/2014,1555,6,1,1,1,1,3,1,43,9,53.7970721555,-1.58786179574
15081,1810351,432381,437413,2,1,01/08/2014,850,6,1,1,1,1,3,1,40,9,53.8317564105,-1.50793969488
15082,1811185,433448,434055,1,1,01/08/2014,1700,3,1,1,1,1,3,1,56,4,53.8015049953,-1.49209139642
15083,1811255,434875,435130,2,1,01/08/2014,1730,6,1,1,1,1,3,1,41,9,53.8110740406,-1.47030158015
15084,1811400,427817,430603,2,2,01/08/2014,1900,3,2,1,1,2,3,2,36,9,53.7708073173,-1.57790699793
15085,1811400,427817,430603,2,2,01/08/2014,1900,3,2,1,1,1,3,1,38,9,53.7708073173,-1.57790699793
15086,1811677,435683,434490,2,4,01/08/2014,2200,6,2,4,1,1,3,1,62,9,53.8052665198,-1.45810407729
15087,1811677,435683,434490,2,4,01/08/2014,2200,6,2,4,1,1,3,1,18,9,53.8052665198,-1.45810407729
15088,1811677,435683,434490,2,4,01/08/2014,2200,6,2,4,1,2,3,2,20,9,53.8052665198,-1.45810407729
15089,1811677,435683,434490,2,4,01/08/2014,2200,6,2,4,1,2,3,1,18,9,53.8052665198,-1.45810407729
15090,1811797,422583,427879,2,2,01/08/2014,2315,3,2,4,1,1,1,2,28,9,53.74657481,-1.65752482942
15091,1811797,422583,427879,2,2,01/08/2014,2315,3,2,4,1,1,2,1,63,19,53.74657481,-1.65752482942
15092,1820288,423606,435483,2,1,02/08/2014,400,4,2,4,1,2,3,2,22,9,53.8148807962,-1.64142896577
15093,1820425,429313,423384,1,1,02/08/2014,800,6,2,1,1,1,3,2,22,9,53.7058348763,-1.55589215452
15094,1820538,431352,433947,2,1,02/08/2014,940,6,1,1,1,2,2,2,57,11,53.800664772,-1.52392894739
15095,1820885,430437,431155,2,1,02/08/2014,1335,6,1,1,1,1,3,2,54,9,53.7756225668,-1.53809821154
15096,1821053,436239,434624,2,1,02/08/2014,1400,6,1,1,1,1,3,1,50,9,53.8064325467,-1.44964509617
15097,1821280,434720,437617,2,3,02/08/2014,1733,6,1,1,1,1,3,1,32,9,53.8334390499,-1.47237490875
15098,1821280,434720,437617,2,3,02/08/2014,1733,6,1,1,1,1,3,1,20,9,53.8334390499,-1.47237490875
15099,1821280,434720,437617,2,3,02/08/2014,1733,6,1,1,1,2,3,1,15,9,53.8334390499,-1.47237490875
15100,1821432,431779,435552,2,1,02/08/2014,1845,3,1,1,1,1,3,2,41,9,53.8150656907,-1.51727961948
15101,1821496,440025,432373,3,1,02/08/2014,1330,3,1,1,1,1,3,1,20,9,53.7859218206,-1.39244371686
15102,1821608,429375,434948,1,1,02/08/2014,2041,3,1,1,1,3,3,2,21,9,53.8097778903,-1.55385256965
15103,1830367,426114,438117,2,1,03/08/2014,643,3,1,1,1,1,3,1,20,1,53.8384372528,-1.60311011662
15104,1830932,433741,433739,1,1,03/08/2014,1520,6,1,1,1,3,3,1,2,9,53.7986456586,-1.48767700346
15105,1840302,428718,435612,2,1,04/08/2014,850,3,1,1,1,1,3,2,32,1,53.8157831057,-1.5637687921
15106,1840434,428390,427784,2,1,04/08/2014,1445,4,1,1,1,1,3,1,20,9,53.7454369133,-1.56947183856
15107,1840584,427065,433097,1,1,04/08/2014,1214,4,1,1,1,3,3,1,48,9,53.7932650261,-1.5890985041
15108,1840955,435387,440297,2,1,04/08/2014,1545,6,1,1,1,1,3,1,57,3,53.8574833504,-1.46193047011
15109,1841236,433823,434050,3,1,18/07/2014,2000,3,1,1,1,1,3,2,36,9,53.8014358034,-1.4863978131
15110,1841276,430705,434997,2,1,04/08/2014,1838,3,1,1,1,1,3,2,49,9,53.8101415045,-1.53364836519
15111,1850701,428081,433548,2,1,05/08/2014,1333,3,1,1,1,1,3,1,30,4,53.7972651202,-1.57363291506
15112,1851416,430081,433864,2,1,05/08/2014,1928,6,1,1,1,2,3,1,29,11,53.7999937603,-1.54323613287
15113,1860189,429946,434287,1,1,06/08/2014,445,3,2,1,1,1,3,1,30,19,53.8038037796,-1.54524482547
15114,1860230,430735,435035,3,2,06/08/2014,725,6,2,1,1,1,3,1,24,9,53.8104813026,-1.53318894286
15115,1860230,430735,435035,3,2,06/08/2014,725,6,2,1,1,1,3,2,33,9,53.8104813026,-1.53318894286
15116,1860748,425542,439985,2,2,06/08/2014,1320,6,1,1,1,1,3,2,86,9,53.8552566463,-1.61164797815
15117,1860748,425542,439985,2,2,06/08/2014,1320,6,1,1,1,1,3,1,52,9,53.8552566463,-1.61164797815
15118,1860992,435356,445139,2,1,06/08/2014,1543,3,1,1,1,1,3,1,26,21,53.9010077535,-1.46184322717
15119,1861193,432276,434579,1,1,06/08/2014,1705,6,1,1,1,3,3,1,22,9,53.8062891036,-1.50983257828
15120,1861255,427740,431656,2,1,31/07/2014,1744,3,1,1,1,2,3,2,20,9,53.7802766354,-1.57898064057
15121,1861285,430153,430986,2,1,06/08/2014,1800,6,1,1,1,1,2,1,41,3,53.7741199911,-1.54242447174
15122,1861406,420916,434427,2,1,06/08/2014,1900,3,1,1,1,1,3,1,39,1,53.8055037423,-1.68236063023
15123,1870357,430839,434003,2,2,08/08/2014,842,3,1,1,1,1,3,1,31,8,53.801198806,-1.53171280675
15124,1870357,430839,434003,2,2,08/08/2014,842,3,1,1,1,2,3,2,39,8,53.801198806,-1.53171280675
15125,1870432,431476,425807,2,1,07/08/2014,945,6,1,1,1,1,3,1,13,1,53.7274888458,-1.52287632034
15126,1870989,432458,438761,2,1,07/08/2014,1459,6,1,1,1,1,2,2,22,9,53.8438682656,-1.50662724884
15127,1871347,434483,433708,1,1,07/08/2014,1615,4,1,1,1,2,3,1,53,11,53.7983183562,-1.47641446657
15128,1881051,430037,431028,2,1,08/08/2014,1500,3,1,1,1,1,3,1,30,1,53.7745042239,-1.54418063443
15129,1881198,431519,434301,2,1,08/08/2014,1630,6,2,1,2,1,3,1,53,1,53.8038366771,-1.52135696048
15130,1881271,433147,426329,4,1,08/08/2014,1700,3,1,1,1,1,3,1,27,1,53.7320774639,-1.49749184178
15131,1881771,430089,431277,2,1,08/08/2014,2033,3,1,1,1,1,3,1,43,9,53.776739423,-1.54336725479
15132,1881805,437415,429563,2,2,08/08/2014,2048,3,1,1,1,1,3,1,54,9,53.7608580047,-1.4324006466
15133,1881805,437415,429563,2,2,08/08/2014,2048,3,1,1,1,2,3,1,20,9,53.7608580047,-1.4324006466
15134,1890399,429370,433734,2,1,09/08/2014,715,2,1,1,1,1,3,1,52,9,53.7988658533,-1.55404432049
15135,1890403,429381,433751,2,1,09/08/2014,717,2,1,1,1,1,3,1,38,9,53.7990180407,-1.55387567961
15136,1890689,440437,446443,3,1,09/08/2014,1151,2,1,1,1,2,3,1,20,9,53.912357021,-1.3843371574
15137,1891263,430295,433732,2,1,09/08/2014,1710,6,1,1,1,1,3,1,49,1,53.7987948302,-1.53999975776
15138,1891274,426446,426745,2,1,09/08/2014,1715,3,1,1,1,1,3,1,17,9,53.7361997289,-1.59904026051
15139,1891955,431582,426418,3,1,09/08/2014,2310,1,1,4,1,2,3,2,24,9,53.7329745953,-1.52120719998
15140,18A0719,432064,433576,2,2,10/08/2014,1738,3,1,1,1,2,3,1,6,9,53.7972865687,-1.51315648504
15141,18A0719,432064,433576,2,2,10/08/2014,1738,3,1,1,1,2,3,1,6,9,53.7972865687,-1.51315648504
15142,18A0742,433053,427622,2,1,10/08/2014,1235,3,2,1,2,1,3,1,30,3,53.7437058961,-1.49877855815
15143,18A0775,431563,434362,2,1,06/08/2014,1430,6,1,1,1,1,3,1,20,1,53.8043823189,-1.52068255478
15144,18A0801,422482,433126,1,2,10/08/2014,1315,6,2,1,5,2,3,2,40,11,53.7937439107,-1.65867410827
15145,18A0801,422482,433126,1,2,10/08/2014,1315,6,2,1,5,2,3,2,60,11,53.7937439107,-1.65867410827
15146,18A1234,439108,439223,1,1,10/08/2014,1820,3,2,1,2,1,3,1,28,9,53.8475627664,-1.40549161586
15147,18A1256,433176,433834,2,1,10/08/2014,1834,6,1,1,1,1,3,2,22,9,53.7995359204,-1.49624535535
15148,18A1305,435908,435358,2,3,10/08/2014,1904,6,2,1,2,1,3,1,20,9,53.8130531292,-1.45458604167
15149,18A1305,435908,435358,2,3,10/08/2014,1904,6,2,1,2,2,2,1,15,9,53.8130531292,-1.45458604167
15150,18A1305,435908,435358,2,3,10/08/2014,1904,6,2,1,2,2,3,1,16,9,53.8130531292,-1.45458604167
15151,18A1325,429884,427007,2,2,10/08/2014,1915,6,1,1,1,2,3,2,44,9,53.7383690873,-1.54689155277
15152,18A1325,429884,427007,2,2,10/08/2014,1915,6,1,1,1,2,3,2,20,9,53.7383690873,-1.54689155277
15153,18A1411,435975,435456,2,2,10/08/2014,2015,3,1,4,1,1,3,2,30,9,53.8139293787,-1.45355695808
15154,18A1411,435975,435456,2,2,10/08/2014,2015,3,1,4,1,2,3,2,25,9,53.8139293787,-1.45355695808
15155,18A1516,431500,433966,2,1,10/08/2014,2134,6,2,4,2,1,3,1,31,9,53.800826616,-1.52167975265
15156,18A1578,420137,434172,2,1,10/08/2014,2209,3,2,4,5,1,3,1,46,9,53.8032423243,-1.69420734918
15157,18A1643,430785,433439,1,1,10/08/2014,2302,3,2,4,5,3,1,1,48,11,53.7961323707,-1.53258913888
15158,18B0242,425951,429194,3,4,11/08/2014,830,1,2,1,1,1,3,1,34,9,53.7582383609,-1.60633925872
15159,18B0242,425951,429194,3,4,11/08/2014,830,1,2,1,1,1,3,1,26,9,53.7582383609,-1.60633925872
15160,18B0242,425951,429194,3,4,11/08/2014,830,1,2,1,1,1,3,2,48,9,53.7582383609,-1.60633925872
15161,18B0242,425951,429194,3,4,11/08/2014,830,1,2,1,1,2,3,2,25,9,53.7582383609,-1.60633925872
15162,18B0642,429426,440836,2,1,11/08/2014,1330,6,1,1,1,1,2,1,86,9,53.8627003638,-1.55251414639
15163,18B0651,430619,438177,1,1,10/08/2014,1040,6,2,1,2,3,3,2,76,9,53.8387305676,-1.53463784575
15164,18B0891,428603,432808,2,2,11/08/2014,1610,3,1,1,1,1,3,1,27,9,53.7905849996,-1.56577609889
15165,18B0891,428603,432808,2,2,11/08/2014,1610,3,1,1,1,1,3,1,54,9,53.7905849996,-1.56577609889
15166,18B1161,423739,431611,2,1,11/08/2014,1753,6,2,1,5,1,2,1,48,9,53.7800699682,-1.63970720178
15167,18B1248,429840,444906,1,1,11/08/2014,1851,6,1,1,1,1,3,1,42,1,53.8992603526,-1.545822284
15168,18C0066,431402,435025,1,5,12/08/2014,109,6,2,4,1,1,3,2,31,9,53.810351564,-1.52305977875
15169,18C0066,431402,435025,1,5,12/08/2014,109,6,2,4,1,2,3,2,6,9,53.810351564,-1.52305977875
15170,18C0066,431402,435025,1,5,12/08/2014,109,6,2,4,1,2,3,1,19,9,53.810351564,-1.52305977875
15171,18C0066,431402,435025,1,5,12/08/2014,109,6,2,4,1,2,3,2,23,9,53.810351564,-1.52305977875
15172,18C0066,431402,435025,1,5,12/08/2014,109,6,2,4,1,2,3,2,21,9,53.810351564,-1.52305977875
15173,18C0506,429819,435734,1,1,12/08/2014,1159,6,1,1,1,3,3,2,29,9,53.8168177446,-1.54703315855
15174,18C0922,434956,438010,1,1,11/08/2014,1500,6,1,1,1,2,3,2,62,11,53.8369557336,-1.46874398099
15175,18C1569,430214,434922,2,4,12/08/2014,2219,6,1,4,1,2,3,1,24,9,53.8094961123,-1.54111283599
15176,18C1569,430214,434922,2,4,12/08/2014,2219,6,1,4,1,2,3,1,21,9,53.8094961123,-1.54111283599
15177,18C1569,430214,434922,2,4,12/08/2014,2219,6,1,4,1,2,3,1,22,9,53.8094961123,-1.54111283599
15178,18C1569,430214,434922,2,4,12/08/2014,2219,6,1,4,1,2,3,1,21,9,53.8094961123,-1.54111283599
15179,18D0216,435908,425854,2,1,13/08/2014,735,1,1,1,1,1,3,2,45,9,53.7276250201,-1.45569226379
15180,18D0762,434674,441256,2,3,13/08/2014,1400,6,1,1,1,1,3,1,75,9,53.8661514716,-1.47266294527
15181,18D0762,434674,441256,2,3,13/08/2014,1400,6,1,1,1,1,3,1,67,9,53.8661514716,-1.47266294527
15182,18D0762,434674,441256,2,3,13/08/2014,1400,6,1,1,1,2,3,2,61,9,53.8661514716,-1.47266294527
15183,18D0991,425172,440030,2,3,13/08/2014,1610,6,1,1,1,1,2,1,81,9,53.8556792111,-1.61726979405
15184,18D0991,425172,440030,2,3,13/08/2014,1610,6,1,1,1,2,2,2,80,9,53.8556792111,-1.61726979405
15185,18D0991,425172,440030,2,3,13/08/2014,1610,6,1,1,1,2,2,2,77,9,53.8556792111,-1.61726979405
15186,18D1478,435141,438714,2,1,13/08/2014,2020,3,1,1,1,1,2,1,22,5,53.8432711977,-1.46585198267
15187,18E0991,428115,426282,2,1,14/08/2014,1627,3,2,1,3,1,3,2,23,9,53.7319505619,-1.57377864937
15188,18E1354,430050,430150,2,2,14/08/2014,1920,6,2,1,2,1,3,1,32,9,53.7666113343,-1.54406888731
15189,18E1354,430050,430150,2,2,14/08/2014,1920,6,2,1,2,2,3,1,32,9,53.7666113343,-1.54406888731
15190,18F0516,426461,428364,2,1,15/08/2014,1113,6,1,1,1,1,3,1,17,9,53.7507519555,-1.59867420258
15191,18F0617,432623,432440,3,1,15/08/2014,1210,3,2,1,1,1,3,1,74,9,53.7870406687,-1.50478954579
15192,18F0772,432282,434559,1,1,15/08/2014,1332,6,2,1,2,3,2,2,22,9,53.8061089578,-1.50974355884
15193,18F0872,443330,435489,2,1,15/08/2014,1430,6,2,1,2,2,3,2,35,9,53.8136650731,-1.34184080882
15194,18F0936,422675,433532,2,1,15/08/2014,1512,6,2,1,2,1,3,1,16,2,53.7973850104,-1.65571411758
15195,18G0468,422168,433963,2,1,16/08/2014,856,3,1,1,1,1,3,1,33,9,53.8012810581,-1.66338097964
15196,18G0562,425698,434796,2,2,16/08/2014,1035,6,1,1,1,1,2,1,25,3,53.8086063078,-1.60970999905
15197,18G0562,425698,434796,2,2,16/08/2014,1035,6,1,1,1,1,3,1,17,19,53.8086063078,-1.60970999905
15198,18G0660,434748,429095,1,3,14/08/2014,945,3,1,1,1,2,3,2,28,11,53.7568360222,-1.47291074008
15199,18G0660,434748,429095,1,3,14/08/2014,945,3,1,1,1,2,3,2,45,11,53.7568360222,-1.47291074008
15200,18G0660,434748,429095,1,3,14/08/2014,945,3,1,1,1,2,3,2,65,11,53.7568360222,-1.47291074008
15201,18G1385,431473,434333,1,1,16/08/2014,1923,6,1,1,1,3,2,1,8,9,53.8041271007,-1.52205221188
15202,18G1706,430427,433460,2,1,16/08/2014,2215,6,2,4,2,1,3,1,49,8,53.7963421942,-1.53802240835
15203,18H1686,434132,428737,4,2,17/08/2014,2350,6,2,4,1,1,3,1,17,9,53.7536587831,-1.48229393703
15204,18H1686,434132,428737,4,2,17/08/2014,2350,6,2,4,1,2,3,2,15,9,53.7536587831,-1.48229393703
15205,18I0955,438547,430136,2,1,18/08/2014,1600,6,1,1,1,1,2,1,18,4,53.7659259375,-1.41515719338
15206,18J0464,432530,433820,2,1,19/08/2014,1125,6,1,1,1,3,3,2,24,9,53.7994508766,-1.50605549255
15207,18J1121,429840,432965,2,1,19/08/2014,1730,6,1,1,1,1,3,1,38,1,53.7919267681,-1.54698255365
15208,18J1168,428647,432475,2,1,19/08/2014,1800,3,1,1,1,1,3,2,35,9,53.7875893197,-1.56513911046
15209,18J1198,433029,437109,2,1,19/08/2014,1809,6,1,1,1,2,3,2,4,9,53.8289830827,-1.49812579177
15210,18J1274,428993,426407,2,2,19/08/2014,1840,1,1,1,1,1,3,2,34,9,53.7330260924,-1.56045693709
15211,18J1274,428993,426407,2,2,19/08/2014,1840,1,1,1,1,2,3,2,5,9,53.7330260924,-1.56045693709
15212,18J1454,418248,445865,2,1,19/08/2014,2030,3,2,4,2,1,3,1,43,1,53.9084183073,-1.72219734417
15213,18J1471,418070,442595,2,1,19/08/2014,2041,3,2,4,2,1,2,1,53,1,53.8790312819,-1.72510010387
15214,18K0292,430476,432850,2,1,20/08/2014,815,6,1,1,1,1,3,1,30,1,53.7908562031,-1.53733880606
15215,18K0366,436136,436429,1,1,20/08/2014,745,6,1,1,1,3,3,1,28,9,53.8226640921,-1.45099726646
15216,18K0457,428960,433616,3,1,20/08/2014,1057,3,1,1,1,1,3,2,37,9,53.7978281671,-1.56028067531
15217,18K0947,429858,433787,1,1,20/08/2014,1535,6,1,1,1,3,3,2,27,11,53.7993144758,-1.54662961681
15218,18K1342,426062,427378,2,2,20/08/2014,1848,6,1,1,1,1,3,2,18,9,53.7419090303,-1.60480872919
15219,18K1342,426062,427378,2,2,20/08/2014,1848,6,1,1,1,2,3,2,8,9,53.7419090303,-1.60480872919
15220,18K1413,430958,435789,2,4,20/08/2014,1928,6,1,1,1,2,3,2,23,9,53.8172455434,-1.52972622388
15221,18K1413,430958,435789,2,4,20/08/2014,1928,6,1,1,1,2,3,1,17,9,53.8172455434,-1.52972622388
15222,18K1413,430958,435789,2,4,20/08/2014,1928,6,1,1,1,2,3,1,17,9,53.8172455434,-1.52972622388
15223,18K1413,430958,435789,2,4,20/08/2014,1928,6,1,1,1,2,3,2,26,9,53.8172455434,-1.52972622388
15224,18K1414,430759,431185,1,1,20/08/2014,1925,6,1,1,1,3,3,2,52,9,53.7758733058,-1.53320883213
15225,18K1418,429969,433278,2,1,20/08/2014,1905,6,1,1,1,1,2,1,44,1,53.7947328289,-1.54499375319
15226,18L0031,435252,439090,2,1,21/08/2014,5,3,1,6,1,1,3,1,72,9,53.84664337,-1.46412168956
15227,18L0520,434455,433702,2,1,21/08/2014,1155,4,1,1,1,1,3,1,30,1,53.7982662796,-1.47684026676
15228,18L0804,430739,436812,2,1,21/08/2014,1445,6,1,1,1,3,2,2,31,9,53.8264539567,-1.53295061622
15229,18L1186,427765,430740,2,2,21/08/2014,1752,3,2,1,2,1,3,1,25,9,53.7720415594,-1.57868368755
15230,18L1186,427765,430740,2,2,21/08/2014,1752,3,2,1,2,1,2,1,28,19,53.7720415594,-1.57868368755
15231,18M0174,429843,444772,2,2,22/08/2014,640,6,1,1,1,1,3,2,19,9,53.8980557103,-1.54578968776
15232,18M0174,429843,444772,2,2,22/08/2014,640,6,1,1,1,2,3,2,23,9,53.8980557103,-1.54578968776
15233,18M0179,439352,432411,2,1,22/08/2014,640,3,1,1,1,2,3,2,46,9,53.7863147058,-1.40265399805
15234,18M0442,439395,430805,2,1,22/08/2014,1110,6,1,1,1,1,1,1,43,5,53.7718758388,-1.40220650753
15235,18M0899,429919,431260,2,3,22/08/2014,1539,6,2,1,1,1,3,1,62,9,53.7765964111,-1.54594874643
15236,18M0899,429919,431260,2,3,22/08/2014,1539,6,2,1,1,2,3,2,18,9,53.7765964111,-1.54594874643
15237,18M0899,429919,431260,2,3,22/08/2014,1539,6,2,1,1,2,3,1,12,9,53.7765964111,-1.54594874643
15238,18M1057,436179,434466,2,1,22/08/2014,1635,3,1,1,1,1,2,1,47,1,53.8050165272,-1.45057482759
15239,18M1274,430928,428718,2,1,22/08/2014,1550,6,1,1,1,1,3,1,18,3,53.7536880201,-1.53089146438
15240,18N0484,427061,433483,1,1,23/08/2014,900,6,1,1,1,3,3,2,51,9,53.7967349057,-1.58912532082
15241,18N0678,427188,433582,5,1,23/08/2014,1125,6,1,1,1,2,3,2,25,9,53.7976181736,-1.58718836054
15242,18N0871,440030,439604,1,1,23/08/2014,1230,3,1,1,1,3,3,1,26,8,53.8509171036,-1.39142682926
15243,18N1023,427065,433102,2,1,23/08/2014,1500,6,1,1,1,1,2,2,59,9,53.7933099701,-1.58909806483
15244,18N1357,427965,434590,2,1,23/08/2014,1830,6,1,1,1,1,3,2,36,1,53.8066376565,-1.57529950836
15245,18N1368,430155,430974,2,1,23/08/2014,1845,6,1,1,1,1,3,1,29,9,53.7740120102,-1.54239529579
15246,18O0651,425280,435870,2,1,24/08/2014,1145,6,1,1,1,1,2,1,55,1,53.818280754,-1.61597000381
15247,18O0818,425229,432997,2,2,24/08/2014,1315,3,1,1,1,1,3,1,23,9,53.7924584068,-1.61698017952
15248,18O0818,425229,432997,2,2,24/08/2014,1315,3,1,1,1,2,3,2,23,9,53.7924584068,-1.61698017952
15249,18O0862,431171,440732,2,1,24/08/2014,1345,3,1,1,1,1,3,1,34,3,53.8616636791,-1.52598919378
15250,18O0873,432427,435565,1,1,24/08/2014,1404,6,1,1,1,3,3,1,3,9,53.8151425309,-1.50743557959
15251,18O1033,428836,436577,2,2,24/08/2014,1532,6,1,1,1,2,3,2,19,9,53.824450686,-1.56188593834
15252,18O1033,428836,436577,2,2,24/08/2014,1532,6,1,1,1,1,3,1,52,9,53.824450686,-1.56188593834
15253,18O1086,433885,427674,1,1,24/08/2014,1615,6,1,1,1,1,3,2,80,9,53.7441198893,-1.48615681455
15254,18P0008,426385,435434,2,5,25/08/2014,1,3,1,4,1,1,3,1,34,9,53.8143067418,-1.59922171877
15255,18P0008,426385,435434,2,5,25/08/2014,1,3,1,4,1,2,3,1,20,9,53.8143067418,-1.59922171877
15256,18P0008,426385,435434,2,5,25/08/2014,1,3,1,4,1,2,3,1,19,9,53.8143067418,-1.59922171877
15257,18P0008,426385,435434,2,5,25/08/2014,1,3,1,4,1,2,3,1,25,9,53.8143067418,-1.59922171877
15258,18P0008,426385,435434,2,5,25/08/2014,1,3,1,4,1,2,3,1,21,9,53.8143067418,-1.59922171877
15259,18P0598,422950,443097,2,2,25/08/2014,1131,3,1,1,1,2,3,1,2,9,53.883350658,-1.65082415957
15260,18P0598,422950,443097,2,2,25/08/2014,1131,3,1,1,1,2,3,1,17,9,53.883350658,-1.65082415957
15261,18P0791,430697,427105,2,1,25/08/2014,1350,6,2,1,1,1,3,1,19,3,53.7392027558,-1.5345553587
15262,18P0881,432861,435106,2,1,25/08/2014,1000,6,1,1,1,1,3,1,30,9,53.8109894908,-1.50089243446
15263,18P0943,431417,434821,2,1,25/08/2014,1530,6,1,1,1,1,3,1,30,9,53.8085169664,-1.52285278829
15264,18P1446,429422,433860,2,4,25/08/2014,2133,2,1,4,1,1,3,2,41,9,53.7999954958,-1.55324273817
15265,18P1446,429422,433860,2,4,25/08/2014,2133,2,1,4,1,2,3,2,17,9,53.7999954958,-1.55324273817
15266,18P1446,429422,433860,2,4,25/08/2014,2133,2,1,4,1,2,3,2,10,9,53.7999954958,-1.55324273817
15267,18P1446,429422,433860,2,4,25/08/2014,2133,2,1,4,1,2,3,2,18,9,53.7999954958,-1.55324273817
15268,18Q0013,430343,435927,2,1,26/08/2014,10,3,1,4,1,1,3,1,30,9,53.8185222424,-1.53905455747
15269,18Q0076,429715,432140,1,1,26/08/2014,220,1,2,4,2,3,2,2,63,9,53.7845182036,-1.54895973313
15270,18Q0413,434487,428197,1,1,26/08/2014,1048,6,1,1,1,3,3,1,85,9,53.7487815058,-1.47696992373
15271,18Q0550,442243,442309,1,1,24/08/2014,20,6,1,6,1,3,3,2,23,9,53.8750552647,-1.35741254934
15272,18Q0822,426714,433863,2,1,26/08/2014,1455,3,1,1,1,1,3,1,27,3,53.8001685782,-1.59436081048
15273,18Q0935,422716,434061,2,4,26/08/2014,1600,3,1,1,1,2,3,2,51,9,53.802138322,-1.65505258484
15274,18Q0935,422716,434061,2,4,26/08/2014,1600,3,1,1,1,2,3,1,31,19,53.802138322,-1.65505258484
15275,18Q0935,422716,434061,2,4,26/08/2014,1600,3,1,1,1,2,3,1,32,19,53.802138322,-1.65505258484
15276,18Q0935,422716,434061,2,4,26/08/2014,1600,3,1,1,1,2,3,1,21,19,53.802138322,-1.65505258484
15277,18Q0947,424590,437118,2,1,26/08/2014,1600,6,1,1,1,1,3,2,31,9,53.8295318517,-1.62635178785
15278,18Q1494,427471,434927,1,1,26/08/2014,2100,6,1,4,1,3,3,1,19,9,53.8096931972,-1.58277151781
15279,18R0493,426305,433333,2,3,27/08/2014,1144,6,1,1,1,1,3,1,24,9,53.7954253602,-1.60061637731
15280,18R0493,426305,433333,2,3,27/08/2014,1144,6,1,1,1,1,3,1,46,9,53.7954253602,-1.60061637731
15281,18R0493,426305,433333,2,3,27/08/2014,1144,6,1,1,1,2,3,1,41,9,53.7954253602,-1.60061637731
15282,18R1367,427136,434788,2,1,27/08/2014,1715,3,1,1,1,1,3,1,25,1,53.8084613485,-1.58787159418
15283,18R1376,433473,435955,1,1,27/08/2014,2021,6,1,4,1,3,3,1,17,9,53.8185818047,-1.49150513828
15284,18S0188,429371,440834,1,1,28/08/2014,455,6,2,4,2,1,3,2,20,9,53.8626855019,-1.55335070357
15285,18S0227,432093,425658,2,1,28/08/2014,633,1,1,1,1,1,3,1,34,9,53.726111915,-1.51353945621
15286,18S0397,431081,433150,2,1,28/08/2014,948,6,1,1,1,1,2,1,27,1,53.7935170337,-1.52812427619
15287,18S0695,436386,428375,2,1,28/08/2014,1302,3,1,1,1,1,3,1,30,3,53.7502523668,-1.4481501411
15288,18S1245,430806,433260,2,2,28/08/2014,1733,6,1,1,1,1,3,1,61,9,53.7945221473,-1.53228820752
15289,18S1245,430806,433260,2,2,28/08/2014,1733,6,1,1,1,1,3,2,35,9,53.7945221473,-1.53228820752
15290,18S1491,422027,436490,2,3,28/08/2014,1944,3,1,1,1,1,3,1,45,9,53.8240018408,-1.66534112053
15291,18S1491,422027,436490,2,3,28/08/2014,1944,3,1,1,1,1,3,1,50,8,53.8240018408,-1.66534112053
15292,18S1491,422027,436490,2,3,28/08/2014,1944,3,1,1,1,2,3,1,29,8,53.8240018408,-1.66534112053
15293,18T0545,433147,426330,1,1,29/08/2014,1138,3,1,1,1,2,3,2,63,11,53.7320864527,-1.49749173458
15294,18T0776,433154,435249,2,4,29/08/2014,1355,6,1,1,1,1,3,2,56,9,53.8122562681,-1.49642700158
15295,18T0776,433154,435249,2,4,29/08/2014,1355,6,1,1,1,2,3,1,13,9,53.8122562681,-1.49642700158
15296,18T0776,433154,435249,2,4,29/08/2014,1355,6,1,1,1,2,3,1,13,9,53.8122562681,-1.49642700158
15297,18T0776,433154,435249,2,4,29/08/2014,1355,6,1,1,1,2,3,1,13,9,53.8122562681,-1.49642700158
15298,18T0897,430632,432469,2,1,29/08/2014,1511,6,1,1,1,1,3,1,50,4,53.7874223372,-1.53500850368
15299,18T0938,431380,434758,2,1,29/08/2014,1530,6,1,1,1,1,3,2,30,9,53.8079529132,-1.52342112907
15300,18T1289,439263,439267,1,1,29/08/2014,1826,3,2,1,1,1,3,1,21,9,53.847946562,-1.40312986564
15301,18T1736,429283,433483,1,1,29/08/2014,2314,6,2,4,2,1,3,1,70,9,53.7966145834,-1.55538915388