Col.Number,Reference.Number,Easting,Northing,Number.of.Vehicles,Number.of.Casualties,Accident.Date,Time..24hr.,X1st.Road.Class,Road.Surface,Lighting.Conditions,Weather.Conditions,Casualty.Class,Casualty.Severity,Sex.of.Casualty,Age.of.Casualty,Type.of.Vehicle,Latitude,Longitude
15302,18U0428,432713,427659,2,2,30/08/2014,837,6,1,1,1,2,3,2,50,9,53.7440599286,-1.5039302463
15303,18U0428,432713,427659,2,2,30/08/2014,837,6,1,1,1,2,3,2,17,9,53.7440599286,-1.5039302463
15304,18U0740,432623,432441,2,1,30/08/2014,1310,6,1,1,1,2,3,1,39,9,53.7870496574,-1.50478943993
15305,18U1057,427822,433358,1,2,30/08/2014,1736,6,1,1,1,1,3,1,25,9,53.7955711693,-1.57758247826
15306,18U1057,427822,433358,1,2,30/08/2014,1736,6,1,1,1,2,3,1,21,9,53.7955711693,-1.57758247826
15307,18U1077,426031,438091,2,1,30/08/2014,1625,3,1,1,1,1,3,2,27,9,53.8382077115,-1.60437374992
15308,18U1353,431125,440569,2,1,30/08/2014,1917,3,1,1,1,1,3,2,21,9,53.860201296,-1.52670521525
15309,18V0571,427003,440071,2,1,31/08/2014,1037,3,1,1,1,1,3,1,68,5,53.8559557371,-1.589427324
15310,18V0951,432464,435218,2,1,31/08/2014,1458,6,1,1,1,1,2,1,20,97,53.812021158,-1.5069101853
15311,18V1031,426544,427014,2,1,31/08/2014,1031,6,1,1,1,1,3,2,44,9,53.7386127583,-1.59753137907
15312,18V1099,427575,434541,2,1,31/08/2014,1644,3,1,1,1,1,3,1,14,1,53.8062180322,-1.58122659699
15313,18V1145,430103,437886,2,1,31/08/2014,1845,3,1,1,1,1,3,1,26,1,53.8361450244,-1.54250849251
15314,18V1388,433273,436342,1,1,31/08/2014,2006,6,1,1,1,1,3,1,38,19,53.8220732439,-1.49450138094
15315,1910540,428719,437082,3,1,01/09/2014,1055,4,1,1,1,1,3,2,58,9,53.8289964623,-1.56361632579
15316,1910767,432175,438849,2,2,01/09/2014,1325,6,1,1,1,2,3,1,89,8,53.844676873,-1.51091955362
15317,1910767,432175,438849,2,2,01/09/2014,1325,6,1,1,1,2,3,2,97,8,53.844676873,-1.51091955362
15318,1911082,433118,434023,2,2,01/09/2014,1410,3,1,1,1,2,3,2,6,11,53.8012384734,-1.49710568161
15319,1911082,433118,434023,2,2,01/09/2014,1410,3,1,1,1,2,3,2,56,11,53.8012384734,-1.49710568161
15320,1911222,420155,445819,2,1,01/09/2014,1430,6,1,1,1,1,3,1,73,1,53.9079341557,-1.69316915553
15321,1911375,431498,431712,2,1,01/09/2014,640,6,1,1,1,1,3,1,43,1,53.7805661831,-1.5219405385
15322,1920245,432967,427609,2,1,02/09/2014,719,3,2,1,1,1,3,2,43,1,53.7435944885,-1.50008400938
15323,1920341,422114,438652,2,1,02/09/2014,850,3,1,1,1,1,2,1,37,1,53.843431942,-1.66386377206
15324,1920518,430863,434357,2,1,02/09/2014,1100,3,1,1,1,1,3,1,23,9,53.8043793841,-1.53131289816
15325,1920748,430245,435076,2,1,02/09/2014,1300,6,1,1,1,1,3,1,24,1,53.8108785708,-1.54062689344
15326,1921529,429698,438310,2,3,02/09/2014,2049,4,1,4,1,2,3,1,32,9,53.839979532,-1.54862229987
15327,1921529,429698,438310,2,3,02/09/2014,2049,4,1,4,1,2,3,2,12,9,53.839979532,-1.54862229987
15328,1921529,429698,438310,2,3,02/09/2014,2049,4,1,4,1,1,2,1,38,9,53.839979532,-1.54862229987
15329,1930193,431235,432317,2,1,03/09/2014,550,6,1,4,1,1,3,1,21,1,53.7860202102,-1.52587075496
15330,1930204,423754,435644,2,1,03/09/2014,635,4,1,1,1,1,3,1,20,3,53.8163212535,-1.63916848977
15331,1930835,420644,445634,2,1,03/09/2014,1330,3,1,1,1,1,3,2,25,9,53.9062519917,-1.68573743933
15332,1931205,424775,436826,2,1,03/09/2014,1744,3,1,1,1,1,3,2,50,1,53.8268983423,-1.62356428771
15333,1931365,434482,437153,2,1,03/09/2014,1925,3,1,4,1,1,3,2,21,1,53.8292841957,-1.47604358049
15334,1931718,425170,428996,1,1,03/09/2014,2355,3,1,4,1,2,3,2,18,9,53.7564968814,-1.61820239719
15335,1940214,432530,433753,2,1,04/09/2014,617,3,1,1,1,1,3,1,51,4,53.7988486353,-1.50606256971
15336,1941266,428134,435848,2,1,04/09/2014,1829,3,1,1,1,1,3,1,46,1,53.8179363782,-1.57261799197
15337,1941605,425856,437793,1,1,04/09/2014,2151,6,1,4,1,3,2,2,30,9,53.835537806,-1.60705845514
15338,1950672,435533,436003,2,1,05/09/2014,1213,6,1,1,1,1,3,1,61,5,53.8188765303,-1.46020721776
15339,1950754,430720,439715,2,2,05/09/2014,1300,6,1,1,1,1,3,2,63,9,53.8525491369,-1.53294900589
15340,1950754,430720,439715,2,2,05/09/2014,1300,6,1,1,1,1,3,1,40,1,53.8525491369,-1.53294900589
15341,1951317,435538,434824,2,1,05/09/2014,1747,6,1,1,1,1,3,1,22,1,53.8082786405,-1.46026743577
15342,1951385,428704,433136,2,1,20/08/2014,800,3,1,1,1,1,3,2,36,1,53.793527752,-1.56421230201
15343,1951767,432421,433805,2,1,05/09/2014,2142,6,1,4,1,1,3,2,24,9,53.7993228512,-1.50771209042
15344,1960661,433154,435249,2,2,06/09/2014,1150,6,1,1,1,1,3,1,26,9,53.8122562681,-1.49642700158
15345,1960661,433154,435249,2,2,06/09/2014,1150,6,1,1,1,2,3,2,24,9,53.8122562681,-1.49642700158
15346,1960901,433230,429606,1,4,06/09/2014,1420,1,2,1,2,1,3,1,29,9,53.7615282892,-1.49588113566
15347,1960901,433230,429606,1,4,06/09/2014,1420,1,2,1,2,2,3,1,60,9,53.7615282892,-1.49588113566
15348,1960901,433230,429606,1,4,06/09/2014,1420,1,2,1,2,2,3,2,58,9,53.7615282892,-1.49588113566
15349,1960901,433230,429606,1,4,06/09/2014,1420,1,2,1,2,2,3,2,27,9,53.7615282892,-1.49588113566
15350,1961107,431875,435313,2,1,06/09/2014,1632,6,1,1,1,1,3,2,43,9,53.8129115223,-1.51584620391
15351,1961596,431015,432033,2,1,06/09/2014,2138,3,1,4,1,1,3,1,49,9,53.7834805678,-1.52923867997
15352,1970475,431876,435041,2,1,07/09/2014,935,6,1,1,1,2,3,2,29,9,53.8104665424,-1.51585919021
15353,1971378,419996,446401,1,1,07/09/2014,1845,6,1,1,1,1,2,1,20,9,53.9131717494,-1.6955516192
15354,1971580,430086,425120,3,1,07/09/2014,2049,3,1,4,1,1,3,1,23,3,53.7213955467,-1.54401246501
15355,1980364,430491,431746,2,2,08/09/2014,930,3,1,1,1,1,3,1,23,9,53.780931758,-1.5372203146
15356,1980364,430491,431746,2,2,08/09/2014,930,3,1,1,1,1,3,1,36,9,53.780931758,-1.5372203146
15357,1980700,430088,435423,2,1,08/09/2014,1315,6,1,1,1,1,3,2,22,9,53.8140067597,-1.54297745916
15358,1981680,432198,435360,1,1,08/09/2014,2010,6,1,1,1,3,3,2,4,9,53.8133140879,-1.51093538994
15359,1990395,429695,432315,8,1,09/09/2014,955,6,1,1,1,1,3,1,29,9,53.7860923769,-1.54924644023
15360,1990674,429015,426438,2,1,09/09/2014,1311,1,1,1,1,1,3,1,27,9,53.733303523,-1.56012051185
15361,1990700,428228,428858,2,1,06/09/2014,1250,6,1,1,1,1,3,1,46,9,53.7550997192,-1.57183030432
15362,1991039,424271,428356,2,1,09/09/2014,1640,3,1,1,1,1,2,1,51,1,53.750786644,-1.63188909479
15363,19A0028,431547,434332,2,3,10/09/2014,28,6,1,4,1,1,3,1,26,9,53.8041136289,-1.52092859636
15364,19A0028,431547,434332,2,3,10/09/2014,28,6,1,4,1,1,3,1,43,9,53.8041136289,-1.52092859636
15365,19A0028,431547,434332,2,3,10/09/2014,28,6,1,4,1,2,3,1,42,9,53.8041136289,-1.52092859636
15366,19A0195,432552,433926,2,1,10/09/2014,728,6,1,1,1,1,3,1,38,8,53.8004023,-1.50571024737
15367,19A0244,429555,436696,2,2,10/09/2014,825,6,1,1,1,2,3,1,13,8,53.8254799514,-1.55095088103
15368,19A0244,429555,436696,2,2,10/09/2014,825,6,1,1,1,1,3,2,46,9,53.8254799514,-1.55095088103
15369,19A0340,424534,429191,2,1,10/09/2014,950,6,1,1,1,1,3,1,19,3,53.7582800505,-1.62783400376
15370,19A0474,421712,435118,1,1,10/09/2014,1115,6,1,1,1,3,3,1,86,9,53.8116824149,-1.67022370374
15371,19A0520,428506,433960,1,2,10/09/2014,1150,3,1,1,1,3,1,2,23,9,53.8009453735,-1.56714200482
15372,19A0520,428506,433960,1,2,10/09/2014,1150,3,1,1,1,1,3,1,24,9,53.8009453735,-1.56714200482
15373,19A0621,421830,441204,3,2,10/09/2014,1300,3,1,1,1,1,3,2,75,9,53.8663833145,-1.66799902651
15374,19A0621,421830,441204,3,2,10/09/2014,1300,3,1,1,1,1,3,2,67,9,53.8663833145,-1.66799902651
15375,19A0669,420531,440217,2,1,10/09/2014,1945,6,1,1,1,1,3,1,47,1,53.8575644046,-1.68782055063
15376,19A0747,428750,430778,2,2,10/09/2014,1419,6,1,1,1,1,1,1,77,9,53.7723296814,-1.56373386276
15377,19A0747,428750,430778,2,2,10/09/2014,1419,6,1,1,1,2,1,2,88,9,53.7723296814,-1.56373386276
15378,19A0823,427996,436017,2,1,10/09/2014,1505,3,1,1,1,1,3,2,49,1,53.8194629244,-1.57469889701
15379,19A1171,436177,431168,1,1,10/09/2014,1800,1,1,1,1,1,3,2,45,9,53.7753722257,-1.45099240948
15380,19B0365,428011,436389,1,1,05/09/2014,930,6,1,1,1,3,3,2,22,9,53.822805924,-1.57443715109
15381,19B0695,429008,433679,2,2,11/09/2014,1240,3,1,1,1,2,3,1,20,11,53.798391784,-1.55954594866
15382,19B0695,429008,433679,2,2,11/09/2014,1240,3,1,1,1,2,3,1,20,11,53.798391784,-1.55954594866
15383,19B0935,433183,433971,2,1,11/09/2014,1520,6,1,1,1,2,3,2,72,11,53.8007669206,-1.49612430713
15384,19B1153,436007,437654,2,1,11/09/2014,1708,6,1,1,1,1,2,1,13,1,53.8336840276,-1.45281354649
15385,19B1395,429846,433793,1,1,11/09/2014,1710,6,1,1,1,2,3,1,35,11,53.7993690968,-1.54681123965
15386,19B1477,423807,430020,2,1,11/09/2014,1940,4,1,1,1,1,2,1,19,3,53.7657655676,-1.63879796852
15387,19B1635,427806,430025,2,1,11/09/2014,2120,3,1,4,1,1,3,1,17,1,53.7656123704,-1.57812599635
15388,19B1640,425092,438073,2,1,11/09/2014,2100,6,1,4,1,1,2,1,16,2,53.8380921194,-1.61864604372
15389,19B1649,431160,430026,2,1,11/09/2014,2100,6,1,4,1,1,3,1,29,1,53.7654315023,-1.52724064641
15390,19C0589,430089,431277,2,1,12/09/2014,1215,6,1,1,1,1,3,1,25,1,53.776739423,-1.54336725479
15391,19C0779,428904,435513,2,1,12/09/2014,1446,3,1,1,1,1,3,2,41,9,53.8148829146,-1.56095281292
15392,19C0853,433163,433184,2,1,12/09/2014,1515,6,1,1,1,1,3,1,26,1,53.7936941153,-1.49651272724
15393,19C1040,433502,434028,2,1,12/09/2014,1635,3,1,1,1,1,3,1,55,1,53.8012588265,-1.49127437842
15394,19C1309,425557,432335,1,1,12/09/2014,1900,6,1,1,1,3,3,2,9,9,53.7864918014,-1.61205560304
15395,19C1632,426984,440742,1,1,12/09/2014,2207,3,1,4,1,1,2,2,33,9,53.8619881365,-1.58965719888
15396,19D0736,429789,433800,2,8,13/09/2014,1215,6,1,1,1,2,3,2,35,11,53.7994352851,-1.54767603436
15397,19D0736,429789,433800,2,8,13/09/2014,1215,6,1,1,1,2,3,2,37,11,53.7994352851,-1.54767603436
15398,19D0736,429789,433800,2,8,13/09/2014,1215,6,1,1,1,2,3,2,71,11,53.7994352851,-1.54767603436
15399,19D0736,429789,433800,2,8,13/09/2014,1215,6,1,1,1,2,3,1,39,11,53.7994352851,-1.54767603436
15400,19D0736,429789,433800,2,8,13/09/2014,1215,6,1,1,1,2,3,2,68,11,53.7994352851,-1.54767603436
15401,19D0736,429789,433800,2,8,13/09/2014,1215,6,1,1,1,2,3,1,68,11,53.7994352851,-1.54767603436
15402,19D0736,429789,433800,2,8,13/09/2014,1215,6,1,1,1,2,3,1,40,11,53.7994352851,-1.54767603436
15403,19D0736,429789,433800,2,8,13/09/2014,1215,6,1,1,1,2,3,1,1,11,53.7994352851,-1.54767603436
15404,19D1203,428495,434325,2,1,13/09/2014,1725,6,1,1,1,1,3,1,15,1,53.8042268698,-1.56727525297
15405,19D1783,427349,437171,1,1,13/09/2014,2312,3,1,4,1,3,2,2,40,9,53.8298703689,-1.58442486622
15406,19E0432,432471,434869,2,1,14/09/2014,809,6,1,1,1,1,3,1,61,8,53.8088836782,-1.50684069074
15407,19E0643,428684,433031,3,2,14/09/2014,1201,3,1,1,1,1,3,1,27,9,53.7925850351,-1.56452571103
15408,19E0643,428684,433031,3,2,14/09/2014,1201,3,1,1,1,2,3,2,3,9,53.7925850351,-1.56452571103
15409,19E0853,432707,437431,3,1,14/09/2014,1110,6,1,1,1,1,3,1,52,1,53.8318977871,-1.50298410155
15410,19E1214,428438,435713,2,1,14/09/2014,1330,3,1,1,1,1,3,1,22,1,53.8167063588,-1.56801256879
15411,19E1473,432472,434870,2,2,14/09/2014,2114,6,1,1,1,2,3,2,52,8,53.8088926044,-1.50682539817
15412,19E1473,432472,434870,2,2,14/09/2014,2114,6,1,1,1,2,3,1,54,8,53.8088926044,-1.50682539817
15413,19F0282,419736,441450,2,1,15/09/2014,845,3,2,1,2,1,3,1,23,3,53.8686784192,-1.6998292322
15414,19F0442,428618,440714,1,2,15/09/2014,1040,6,2,1,1,1,3,2,35,9,53.8616489298,-1.56481251483
15415,19F0442,428618,440714,1,2,15/09/2014,1040,6,2,1,1,2,3,1,43,9,53.8616489298,-1.56481251483
15416,19F0629,430150,430969,2,1,15/09/2014,1245,6,1,1,1,1,3,1,16,1,53.7739673559,-1.54247165732
15417,19F1176,426932,427529,1,1,15/09/2014,1816,6,1,1,1,3,3,1,9,9,53.7432221277,-1.59160368237
15418,19G0301,428143,431528,3,1,16/09/2014,854,1,1,1,1,1,3,1,48,9,53.779104439,-1.57287604256
15419,19G0591,431663,434484,1,1,16/09/2014,1155,6,1,1,1,3,3,2,39,9,53.8054728604,-1.51915146043
15420,19G0953,431623,425223,3,4,16/09/2014,1320,1,1,1,1,1,3,2,20,9,53.7222304898,-1.52070783047
15421,19G0953,431623,425223,3,4,16/09/2014,1320,1,1,1,1,2,3,1,30,9,53.7222304898,-1.52070783047
15422,19G0953,431623,425223,3,4,16/09/2014,1320,1,1,1,1,2,3,2,22,9,53.7222304898,-1.52070783047
15423,19G0953,431623,425223,3,4,16/09/2014,1320,1,1,1,1,2,3,1,30,21,53.7222304898,-1.52070783047
15424,19G1041,429498,433319,1,1,16/09/2014,1600,6,1,1,1,3,3,1,21,9,53.795128284,-1.55214057197
15425,19G1168,430419,437829,2,1,16/09/2014,1721,6,1,1,1,1,3,2,27,9,53.8356142638,-1.53771188426
15426,19H0222,432055,435968,2,1,17/09/2014,724,6,1,1,1,1,3,1,46,1,53.8187880296,-1.51304402177
15427,19H0340,429961,430866,2,1,17/09/2014,930,3,1,1,1,1,3,2,42,9,53.7730524226,-1.54534965081
15428,19H0472,432912,433543,2,1,17/09/2014,1110,6,1,1,1,1,3,1,20,9,53.7969369869,-1.50028494173
15429,19H0585,421074,433287,2,2,17/09/2014,1230,6,1,1,1,1,3,2,18,9,53.7952500532,-1.68003923176
15430,19H0585,421074,433287,2,2,17/09/2014,1230,6,1,1,1,2,3,1,20,9,53.7952500532,-1.68003923176
15431,19H0965,433816,434050,2,1,17/09/2014,1620,3,1,1,1,1,3,1,25,1,53.8014362585,-1.48650410338
15432,19H0975,424131,444007,2,1,17/09/2014,1623,3,1,1,1,1,3,1,32,1,53.8914767626,-1.63278438818
15433,19H1265,429840,427589,1,1,17/09/2014,1833,6,1,1,1,3,3,2,2,9,53.7436030997,-1.5475024734
15434,19H1592,421631,440843,2,4,17/09/2014,2121,6,2,4,2,1,3,1,20,9,53.8631467037,-1.67105091446
15435,19H1592,421631,440843,2,4,17/09/2014,2121,6,2,4,2,2,3,2,19,9,53.8631467037,-1.67105091446
15436,19H1592,421631,440843,2,4,17/09/2014,2121,6,2,4,2,2,3,1,21,9,53.8631467037,-1.67105091446
15437,19H1592,421631,440843,2,4,17/09/2014,2121,6,2,4,2,2,3,1,19,9,53.8631467037,-1.67105091446
15438,19H1625,429734,426972,2,1,17/09/2014,2146,3,1,4,1,2,3,2,54,9,53.7380630548,-1.54916917828
15439,19I0274,429082,433519,2,1,18/09/2014,845,6,1,1,1,1,3,2,32,9,53.796949453,-1.55843748606
15440,19I0467,425162,429001,2,1,18/09/2014,1030,3,1,1,1,1,3,1,32,1,53.7565422122,-1.61832333681
15441,19I1058,427421,434620,1,1,18/09/2014,1640,3,1,1,1,3,3,2,27,8,53.8069362869,-1.58355824411
15442,19J0301,428169,436254,1,1,19/09/2014,849,6,1,1,1,3,2,1,7,9,53.821583907,-1.57204914277
15443,19J0588,432003,439729,1,1,19/09/2014,1200,6,1,1,1,1,3,1,36,9,53.8525974795,-1.51344223728
15444,19J0826,430400,435423,2,1,12/09/2014,730,6,1,1,1,1,3,1,16,1,53.8139886108,-1.53823849485
15445,19J0933,423301,434739,2,2,19/09/2014,1516,6,2,1,1,1,3,1,15,1,53.8082068722,-1.64611809919
15446,19J0933,423301,434739,2,2,19/09/2014,1516,6,2,1,1,2,3,1,15,1,53.8082068722,-1.64611809919
15447,19J0982,429687,428088,1,1,19/09/2014,1538,6,2,1,2,3,3,2,12,9,53.7480972539,-1.54977455761
15448,19J1054,430350,433429,1,1,19/09/2014,1612,6,1,1,1,3,2,2,44,1,53.7960680413,-1.53919452345
15449,19K0369,429940,430394,2,3,20/09/2014,539,6,2,4,2,1,1,1,28,9,53.7688109306,-1.54571411871
15450,19K0369,429940,430394,2,3,20/09/2014,539,6,2,4,2,2,2,1,25,9,53.7688109306,-1.54571411871
15451,19K0369,429940,430394,2,3,20/09/2014,539,6,2,4,2,2,1,2,25,9,53.7688109306,-1.54571411871
15452,19K0428,432794,429523,1,2,20/09/2014,712,1,2,1,2,1,3,2,50,9,53.760809855,-1.50250405679
15453,19K0428,432794,429523,1,2,20/09/2014,712,1,2,1,2,2,3,2,17,9,53.760809855,-1.50250405679
15454,19K0514,426106,437116,2,1,20/09/2014,908,6,1,1,1,1,3,1,37,8,53.8294399228,-1.60331673331
15455,19K0792,420469,439596,1,1,20/09/2014,1215,6,1,1,1,2,3,2,29,9,53.8519848114,-1.68880467637
15456,19K1055,431942,438112,1,2,20/09/2014,1545,6,2,1,1,2,1,1,23,9,53.8380666392,-1.51453779778
15457,19K1055,431942,438112,1,2,20/09/2014,1545,6,2,1,1,1,3,1,23,9,53.8380666392,-1.51453779778
15458,19L0679,431378,434237,1,1,21/09/2014,1110,6,1,1,1,3,2,1,67,9,53.8032699261,-1.52350460724
15459,19M0270,433257,432969,2,1,22/09/2014,1920,6,1,1,1,1,2,1,59,5,53.7917555511,-1.49510887025
15460,19M0313,422824,437763,2,1,22/09/2014,830,3,1,1,1,1,3,1,49,1,53.8354101951,-1.65313792325
15461,19M0473,431849,435789,2,2,22/09/2014,1030,6,1,1,1,1,3,1,53,9,53.8171917209,-1.5161918318
15462,19M0473,431849,435789,2,2,22/09/2014,1030,6,1,1,1,1,3,1,26,9,53.8171917209,-1.5161918318
15463,19M0967,432093,436324,1,1,22/09/2014,1544,6,1,1,1,3,3,1,11,9,53.8219856457,-1.51242963031
15464,19M1243,429958,427024,2,2,22/09/2014,1753,6,1,1,1,1,3,2,42,9,53.7385176504,-1.54576793793
15465,19M1243,429958,427024,2,2,22/09/2014,1753,6,1,1,1,1,3,1,46,9,53.7385176504,-1.54576793793
15466,19M1463,436053,434790,2,1,22/09/2014,1800,6,1,1,1,1,3,1,28,1,53.8079375797,-1.45245025808
15467,19M1525,425638,426887,1,1,22/09/2014,2123,3,1,4,1,3,2,1,56,9,53.737516509,-1.61127862072
15468,19N0183,429412,428182,2,1,17/09/2014,550,6,1,4,1,1,3,2,29,1,53.7489577944,-1.55393604736
15469,19N0254,436325,434204,2,1,23/09/2014,745,3,1,1,1,1,3,1,68,1,53.8026513408,-1.44838865274
15470,19N0255,430090,431415,2,1,23/09/2014,752,3,1,1,1,1,3,1,38,1,53.7779798139,-1.5433386135
15471,19N0295,434800,429089,2,1,23/09/2014,820,6,1,1,1,1,2,1,18,3,53.7567786194,-1.4721226699
15472,19N1081,431120,429867,2,1,24/09/2014,1340,6,1,1,1,1,3,1,22,1,53.7640046813,-1.52786353723
15473,19N1116,429790,435213,1,1,23/09/2014,1610,6,1,1,1,3,3,2,13,9,53.8121362904,-1.54752411331
15474,19N1500,422901,433567,2,1,23/09/2014,1710,4,1,1,1,1,3,1,37,19,53.7976897206,-1.65228011319
15475,19N1525,428260,435442,1,1,23/09/2014,1952,6,2,4,2,3,3,2,20,9,53.8142801182,-1.5707412865
15476,19O0159,427592,431186,4,1,24/09/2014,625,3,2,4,1,1,2,1,35,1,53.7760597638,-1.58126887677
15477,19O0245,426426,427163,1,1,24/09/2014,840,6,1,1,1,1,2,1,19,3,53.739958096,-1.59930774511
15478,19O0485,432459,434819,1,1,24/09/2014,1146,6,1,1,1,3,3,2,51,9,53.8084349942,-1.50702820848
15479,19O0778,429914,433490,1,1,24/09/2014,1425,6,1,1,1,3,2,2,43,11,53.7966416056,-1.54580817699
15480,19O1108,428461,434424,2,1,24/09/2014,1707,6,1,1,1,1,3,1,23,1,53.8051186174,-1.56778240809
15481,19O1118,431711,435568,2,2,24/09/2014,1700,6,1,1,1,1,3,2,28,9,53.8152136614,-1.5183108445
15482,19O1118,431711,435568,2,2,24/09/2014,1700,6,1,1,1,2,3,2,26,9,53.8152136614,-1.5183108445
15483,19O1243,438430,436418,2,2,24/09/2014,1800,6,1,1,1,1,3,2,18,9,53.8224006692,-1.41614856383
15484,19O1243,438430,436418,2,2,24/09/2014,1800,6,1,1,1,1,2,1,56,9,53.8224006692,-1.41614856383
15485,19O1277,430950,435512,1,1,24/09/2014,1819,6,1,1,1,3,3,1,11,9,53.8147561546,-1.52987561149
15486,19O1354,427888,432916,2,1,24/09/2014,1900,4,1,1,1,1,3,1,25,9,53.7915945976,-1.57662045201
15487,19O1363,426285,435588,2,2,24/09/2014,1910,6,1,1,1,1,3,2,30,9,53.8156960775,-1.60072748401
15488,19O1363,426285,435588,2,2,24/09/2014,1910,6,1,1,1,1,3,2,32,9,53.8156960775,-1.60072748401
15489,19P0481,431447,433443,2,1,25/09/2014,1045,6,1,1,1,1,3,1,16,1,53.7961287327,-1.52253791736
15490,19P1341,427250,433225,1,1,25/09/2014,1500,6,1,1,1,2,3,2,5,11,53.7944059347,-1.58627858752
15491,19P1408,427418,437081,1,1,25/09/2014,1919,3,2,4,1,3,3,2,51,9,53.8290577472,-1.58338445125
15492,19P1598,428906,435510,2,1,25/09/2014,1945,3,1,1,1,1,3,1,29,1,53.8148558372,-1.56092271607
15493,19Q0608,432074,432131,1,1,26/09/2014,1250,6,1,1,1,1,3,1,24,1,53.7842972822,-1.51315507486
15494,19Q0731,427743,432615,1,1,26/09/2014,1440,6,1,1,1,1,2,1,25,3,53.7888967253,-1.57884879393
15495,19Q0967,427509,435384,2,1,24/09/2014,1215,6,1,1,1,1,3,1,23,3,53.8137990485,-1.58215353935
15496,19Q1022,429947,431817,1,1,26/09/2014,1707,6,1,1,1,3,3,1,8,8,53.7816015398,-1.54546973439
15497,19R1115,436471,428488,1,1,27/09/2014,1537,3,1,1,1,2,3,2,77,11,53.7512621442,-1.44684770783
15498,19R1125,420422,446252,1,1,27/09/2014,1629,6,1,1,1,1,3,1,57,5,53.9118158136,-1.68907562426
15499,19R1260,425505,440285,2,4,27/09/2014,1748,6,1,1,1,1,3,1,45,9,53.8579550811,-1.61218559666
15500,19R1260,425505,440285,2,4,27/09/2014,1748,6,1,1,1,2,3,2,47,9,53.8579550811,-1.61218559666
15501,19R1260,425505,440285,2,4,27/09/2014,1748,6,1,1,1,2,3,2,10,9,53.8579550811,-1.61218559666
15502,19R1260,425505,440285,2,4,27/09/2014,1748,6,1,1,1,2,3,1,16,9,53.8579550811,-1.61218559666
15503,19S0099,426765,438353,2,1,28/09/2014,44,3,1,4,1,1,2,1,28,5,53.8405254573,-1.59319569721
15504,19S1387,428848,430136,2,1,24/09/2014,645,6,1,1,1,1,3,1,36,1,53.766553456,-1.5623068426
15505,19S1437,428372,431293,1,1,27/09/2014,610,3,1,1,1,2,3,2,47,8,53.7769796435,-1.56942225881
15506,19T0253,436177,435946,1,1,29/09/2014,830,6,1,1,1,3,3,1,4,19,53.8183197629,-1.45043120982
15507,19T0468,427322,437205,2,1,29/09/2014,1035,3,1,1,1,1,3,2,31,1,53.8301774061,-1.58483210429
15508,19T0480,420483,433994,1,1,29/09/2014,1047,6,1,1,1,3,3,1,74,9,53.8016287941,-1.68896505365
15509,19T0713,436278,434709,1,1,29/09/2014,1215,6,1,1,1,3,3,2,30,10,53.8071938573,-1.44904282306
15510,19T0743,430646,433445,1,1,29/09/2014,1125,6,1,1,1,2,3,1,50,11,53.7961945093,-1.53469891206
15511,19T0952,425443,437455,1,1,29/09/2014,1540,6,1,1,1,3,3,1,17,9,53.8325199976,-1.61336276723
15512,19T1142,427812,427012,1,1,29/09/2014,1642,6,2,1,1,1,3,1,46,2,53.7385286803,-1.57830629739
15513,19T1169,429051,432262,2,1,29/09/2014,1658,6,1,1,1,1,3,1,38,5,53.7856523179,-1.55902667478
15514,19U0826,428140,435853,2,1,30/09/2014,1451,3,1,1,1,1,3,1,21,1,53.8179809971,-1.57252639171
15515,19U0990,425006,438168,2,1,30/09/2014,1610,6,1,1,1,2,3,2,35,9,53.838950198,-1.61994532749
15516,19U1294,437661,444879,2,1,30/09/2014,1730,3,1,1,1,1,3,2,29,1,53.8985084005,-1.42679248594
15517,1A10211,424904,436768,1,1,01/10/2014,525,3,1,5,1,1,2,1,47,1,53.8263708276,-1.62160898403
15518,1A10334,429747,437057,2,1,01/10/2014,858,6,1,1,1,2,3,2,4,9,53.8287139141,-1.54799886595
15519,1A10498,432491,430804,2,1,01/10/2014,1035,6,1,1,1,1,2,1,27,3,53.772343401,-1.50696559648
15520,1A10718,420297,439687,2,1,01/10/2014,1325,3,1,1,1,1,3,1,48,9,53.8528095446,-1.69141357651
15521,1A10887,427944,436119,2,1,01/10/2014,1504,3,1,1,1,1,3,1,57,1,53.8203825732,-1.57547956397
15522,1A10894,431433,432929,1,1,01/10/2014,1505,6,1,1,1,3,3,1,12,9,53.7915093832,-1.52280291788
15523,1A11082,429836,426067,2,1,01/10/2014,1626,6,1,1,1,1,3,1,34,5,53.7299223375,-1.54771002771
15524,1A11128,425829,438092,2,1,01/10/2014,1657,3,1,1,1,1,3,2,21,9,53.8382267833,-1.60744363734
15525,1A20220,425954,435197,2,1,02/10/2014,730,6,1,1,1,2,3,1,28,8,53.8121980955,-1.60578826595
15526,1A20331,438404,436410,2,1,02/10/2014,845,6,1,1,1,1,3,2,23,9,53.8223306829,-1.41654454775
15527,1A20395,427393,434638,2,1,02/10/2014,940,3,1,1,1,1,3,1,54,1,53.8070995602,-1.58398186492
15528,1A20662,427156,435718,1,1,06/10/2014,1242,6,1,1,1,3,3,1,20,9,53.8168198494,-1.58748577897
15529,1A21064,430407,433684,1,1,02/10/2014,1644,6,1,1,1,2,3,2,65,11,53.7983568372,-1.53830394604
15530,1A21226,426265,433448,2,2,02/10/2014,1810,6,1,1,1,1,3,1,67,9,53.7964610929,-1.60121386719
15531,1A21226,426265,433448,2,2,02/10/2014,1810,6,1,1,1,1,3,2,30,9,53.7964610929,-1.60121386719