Col.Number,Reference.Number,Easting,Northing,Number.of.Vehicles,Number.of.Casualties,Accident.Date,Time..24hr.,X1st.Road.Class,Road.Surface,Lighting.Conditions,Weather.Conditions,Casualty.Class,Casualty.Severity,Sex.of.Casualty,Age.of.Casualty,Type.of.Vehicle,Latitude,Longitude
15532,1A21233,424070,428295,2,1,02/10/2014,1814,6,1,1,1,1,3,1,17,3,53.7502476437,-1.63494228622
15533,1A21276,429213,429950,2,1,02/10/2014,1840,6,1,1,1,2,3,2,8,1,53.7648611957,-1.55678670903
15534,1A21470,428015,426158,1,1,02/10/2014,2020,3,1,4,1,1,1,1,52,21,53.7308413243,-1.57530583027
15535,1A30185,431254,445733,2,1,03/10/2014,631,3,1,1,1,1,3,2,48,9,53.9066105454,-1.52421693461
15536,1A30591,431603,431457,2,1,03/10/2014,1145,3,1,1,1,2,3,2,35,9,53.7782676942,-1.5203731039
15537,1A30603,433076,429619,1,1,03/10/2014,1050,1,1,1,1,1,2,1,52,21,53.7616549436,-1.49821591532
15538,1A30971,430790,433468,2,1,03/10/2014,1550,6,1,1,1,1,3,2,35,9,53.7963927476,-1.53251032741
15539,1A31212,425135,428981,4,1,03/10/2014,1805,3,1,1,1,1,3,1,24,9,53.7563637379,-1.61873451183
15540,1A31223,431090,433635,1,1,03/10/2014,1630,3,1,1,1,2,3,1,42,11,53.797876021,-1.52793868996
15541,1A40482,429943,427020,2,1,04/10/2014,908,3,2,1,2,1,3,1,48,1,53.7384825568,-1.545995752
15542,1A40620,427565,436878,2,2,04/10/2014,1114,3,1,1,1,1,3,1,35,9,53.8272252586,-1.5811690588
15543,1A40620,427565,436878,2,2,04/10/2014,1114,3,1,1,1,2,3,2,20,9,53.8272252586,-1.5811690588
15544,1A40849,430313,433457,1,1,04/10/2014,849,6,1,1,1,2,3,2,21,9,53.7963218827,-1.53975352065
15545,1A40879,429885,435213,2,1,04/10/2014,1434,6,1,1,1,1,3,1,46,9,53.8121308389,-1.54608122221
15546,1A41009,430633,439212,1,1,04/10/2014,1645,3,1,1,1,3,3,2,48,9,53.8480329927,-1.53432184859
15547,1A41016,427574,436856,2,1,04/10/2014,1553,3,1,1,1,2,3,2,39,9,53.8270270291,-1.58103428724
15548,1A41557,432429,433587,2,1,04/10/2014,2130,6,1,1,1,2,3,2,25,9,53.7973628202,-1.50761357607
15549,1A50307,430204,433920,1,1,05/10/2014,409,6,1,4,1,3,2,2,36,9,53.8004900015,-1.5413630169
15550,1A50656,420971,441675,2,1,05/10/2014,1137,6,1,1,1,1,2,1,21,4,53.8706524487,-1.68103066962
15551,1A50825,428848,436552,1,1,05/10/2014,1326,4,1,1,1,3,3,2,71,9,53.8242253023,-1.56170596999
15552,1A51187,432205,435905,2,1,05/10/2014,1740,6,1,1,1,2,3,2,43,9,53.8182124732,-1.51077201926
15553,1A51602,421879,438316,1,1,05/10/2014,1530,6,1,1,1,3,3,2,49,9,53.8404216595,-1.66745967447
15554,1A51652,430080,435434,2,1,05/10/2014,2347,6,1,4,1,1,3,1,61,1,53.8141060983,-1.54309789576
15555,1A60194,425583,435052,1,1,06/10/2014,730,6,2,1,2,3,3,2,11,9,53.8109131078,-1.61143524453
15556,1A60305,427971,431940,1,1,04/10/2014,1430,3,2,1,2,3,3,1,26,8,53.7828170911,-1.57544901389
15557,1A60464,431525,434300,2,1,06/10/2014,1109,6,2,1,2,1,3,1,23,90,53.8038273248,-1.52126595124
15558,1A60839,429889,433412,1,1,03/10/2014,1335,6,1,1,1,2,3,2,19,9,53.7959419213,-1.54619531407
15559,1A70282,432063,435967,2,1,07/10/2014,850,6,2,1,1,1,3,1,42,1,53.8187785476,-1.51292260073
15560,1A70469,429144,431781,2,1,07/10/2014,1107,6,1,1,1,2,3,2,37,9,53.7813235218,-1.55766052402
15561,1A70953,429584,434806,1,1,07/10/2014,1606,6,2,1,2,3,3,2,22,3,53.8084896437,-1.55069203448
15562,1A71638,432157,436139,1,1,07/10/2014,2231,6,2,4,2,2,3,2,33,2,53.8203187897,-1.51147669726
15563,1A71714,444517,432446,2,2,07/10/2014,2350,6,1,4,1,1,3,2,18,9,53.7862131446,-1.32425217714
15564,1A71714,444517,432446,2,2,07/10/2014,2350,6,1,4,1,2,3,2,18,9,53.7862131446,-1.32425217714
15565,1A80174,429413,433944,2,2,08/10/2014,707,2,1,1,1,1,3,2,29,9,53.8007510586,-1.55337137049
15566,1A80174,429413,433944,2,2,08/10/2014,707,2,1,1,1,1,3,2,40,9,53.8007510586,-1.55337137049
15567,1A80268,431550,431477,2,1,08/10/2014,840,3,1,1,1,1,3,1,52,1,53.7784506834,-1.52117538772
15568,1A80776,428254,429639,2,1,08/10/2014,1411,3,2,1,1,1,3,2,21,9,53.7621185789,-1.57136446412
15569,1A81247,429337,430477,2,1,08/10/2014,1904,6,2,4,2,2,3,2,5,9,53.7695913174,-1.55485536427
15570,1A90026,422507,433995,1,1,09/10/2014,30,3,2,4,2,1,2,1,50,3,53.8015541436,-1.65823105725
15571,1A90230,432281,435050,3,3,09/10/2014,754,4,2,1,1,1,3,2,60,9,53.8105224559,-1.50970724949
15572,1A90230,432281,435050,3,3,09/10/2014,754,4,2,1,1,1,3,1,44,9,53.8105224559,-1.50970724949
15573,1A90230,432281,435050,3,3,09/10/2014,754,4,2,1,1,1,3,1,52,9,53.8105224559,-1.50970724949
15574,1A90297,435036,435823,4,2,09/10/2014,846,6,1,1,1,2,3,2,24,9,53.8172923178,-1.46777743832
15575,1A90297,435036,435823,4,2,09/10/2014,846,6,1,1,1,2,3,2,7,9,53.8172923178,-1.46777743832
15576,1A90343,433722,436442,3,1,09/10/2014,923,3,2,1,1,1,3,2,68,9,53.8229431693,-1.48766930077
15577,1A91030,431508,432628,2,1,09/10/2014,1612,3,2,1,1,1,3,1,50,9,53.7887992452,-1.52169513499
15578,1A91065,435927,426611,6,1,10/09/2014,1712,3,1,1,1,1,3,2,57,9,53.7344281631,-1.45531631944
15579,1AA0083,430949,433302,1,1,10/10/2014,120,3,2,4,1,3,3,1,25,9,53.7948911869,-1.53011297196
15580,1AA0216,427147,430591,2,1,10/10/2014,708,1,2,1,1,1,2,1,29,5,53.7707348104,-1.58807428914
15581,1AA0282,426769,438355,2,2,10/10/2014,825,3,2,1,1,1,2,1,46,8,53.8405432286,-1.59313472816
15582,1AA0282,426769,438355,2,2,10/10/2014,825,3,2,1,1,1,3,1,34,5,53.8405432286,-1.59313472816
15583,1AA0409,436216,435289,2,2,10/10/2014,405,6,2,4,9,1,3,1,28,9,53.8124115554,-1.44991612405
15584,1AA0409,436216,435289,2,2,10/10/2014,405,6,2,4,9,2,2,1,24,9,53.8124115554,-1.44991612405
15585,1AA0448,428967,436383,2,2,10/10/2014,1025,6,1,1,1,2,3,2,65,9,53.8226995916,-1.55991395482
15586,1AA0448,428967,436383,2,2,10/10/2014,1025,6,1,1,1,2,3,2,65,9,53.8226995916,-1.55991395482
15587,1AA0453,427136,434788,2,1,10/10/2014,1030,3,1,1,1,1,3,2,41,1,53.8084613485,-1.58787159418
15588,1AA0937,430892,436566,1,1,07/10/2014,1445,6,1,1,1,3,3,2,56,9,53.8242336716,-1.53065073029
15589,1AA0966,429316,434038,1,1,10/10/2014,1445,6,1,1,1,2,3,2,94,11,53.8016014756,-1.55483529157
15590,1AA1092,430056,433473,1,2,10/10/2014,1700,6,1,1,1,2,3,2,77,11,53.796480613,-1.5436538891
15591,1AA1092,430056,433473,1,2,10/10/2014,1700,6,1,1,1,2,3,2,49,11,53.796480613,-1.5436538891
15592,1AA1113,429086,433604,1,1,10/10/2014,1710,3,1,1,1,3,3,1,27,9,53.7977132728,-1.55836872755
15593,1AA1129,428122,426677,2,2,09/10/2014,1800,3,1,4,1,1,3,2,28,9,53.7355007844,-1.57363660534
15594,1AA1129,428122,426677,2,2,09/10/2014,1800,3,1,4,1,2,3,2,48,9,53.7355007844,-1.57363660534
15595,1AA1487,429696,433423,1,2,10/10/2014,1845,6,1,4,1,2,3,1,20,11,53.7960518493,-1.54912447232
15596,1AA1487,429696,433423,1,2,10/10/2014,1845,6,1,4,1,2,3,1,22,11,53.7960518493,-1.54912447232
15597,1AB0041,429966,433240,1,2,11/10/2014,35,6,1,4,1,3,3,1,30,8,53.7943914298,-1.54504299581
15598,1AB0041,429966,433240,1,2,11/10/2014,35,6,1,4,1,2,3,1,43,8,53.7943914298,-1.54504299581
15599,1AB0359,430429,433995,2,3,11/10/2014,556,2,1,1,1,1,3,1,63,9,53.8011510421,-1.53793918266
15600,1AB0359,430429,433995,2,3,11/10/2014,556,2,1,1,1,1,3,1,43,8,53.8011510421,-1.53793918266
15601,1AB0359,430429,433995,2,3,11/10/2014,556,2,1,1,1,2,3,1,28,8,53.8011510421,-1.53793918266
15602,1AB0636,424223,435070,2,1,11/10/2014,1142,6,1,1,1,1,3,2,41,9,53.8111400393,-1.63208956515
15603,1AB0766,427373,435963,1,1,11/10/2014,1110,6,1,1,1,3,3,2,20,9,53.8190107117,-1.58416772646
15604,1AB0952,426804,435496,2,1,11/10/2014,1500,6,1,1,1,1,2,1,21,3,53.8148426127,-1.59285203982
15605,1AB1058,428927,426437,1,4,11/10/2014,1607,1,1,1,1,2,3,1,23,9,53.7332994232,-1.561454679
15606,1AB1058,428927,426437,1,4,11/10/2014,1607,1,1,1,1,2,3,1,20,9,53.7332994232,-1.561454679
15607,1AB1058,428927,426437,1,4,11/10/2014,1607,1,1,1,1,2,3,1,21,9,53.7332994232,-1.561454679
15608,1AB1058,428927,426437,1,4,11/10/2014,1607,1,1,1,1,2,3,1,19,9,53.7332994232,-1.561454679
15609,1AC0057,442047,434397,2,4,12/10/2014,25,3,2,4,1,1,3,1,54,8,53.8039550375,-1.36147670843
15610,1AC0057,442047,434397,2,4,12/10/2014,25,3,2,4,1,2,3,2,24,8,53.8039550375,-1.36147670843
15611,1AC0057,442047,434397,2,4,12/10/2014,25,3,2,4,1,1,3,1,18,9,53.8039550375,-1.36147670843
15612,1AC0057,442047,434397,2,4,12/10/2014,25,3,2,4,1,2,3,2,15,9,53.8039550375,-1.36147670843
15613,1AC0576,430805,433285,2,1,12/10/2014,1055,6,1,1,1,1,3,2,70,9,53.7947469245,-1.53230088944
15614,1AC0915,427459,435446,4,2,12/10/2014,1658,6,1,1,1,2,3,2,29,9,53.8143589941,-1.58290745635
15615,1AC0915,427459,435446,4,2,12/10/2014,1658,6,1,1,1,2,3,1,28,9,53.8143589941,-1.58290745635
15616,1AD0081,432020,434741,2,2,13/10/2014,143,6,1,4,1,1,2,1,26,9,53.8077610935,-1.51370337881
15617,1AD0081,432020,434741,2,2,13/10/2014,143,6,1,4,1,2,2,1,34,9,53.8077610935,-1.51370337881
15618,1AD0158,425065,434382,2,1,13/10/2014,706,3,2,1,1,1,3,2,25,9,53.8049158395,-1.61935720076
15619,1AD0206,430354,438550,2,1,13/10/2014,745,3,2,1,2,1,3,2,24,9,53.8420988895,-1.53862844165
15620,1AD0216,435431,439805,3,1,13/10/2014,757,3,1,1,1,1,2,2,32,3,53.8530579926,-1.46131826623
15621,1AD0363,424765,435355,2,1,13/10/2014,955,6,2,1,1,2,3,1,4,9,53.8136763154,-1.6238346681
15622,1AD0412,445256,431851,1,1,13/10/2014,1024,2,2,1,2,1,3,2,17,9,53.7808013191,-1.31312272687
15623,1AE0339,435268,439754,2,2,14/10/2014,936,6,2,1,1,1,3,2,31,9,53.8526106753,-1.46380220636
15624,1AE0339,435268,439754,2,2,14/10/2014,936,6,2,1,1,1,3,2,27,9,53.8526106753,-1.46380220636
15625,1AE0730,426174,438742,2,1,14/10/2014,1326,6,2,1,2,1,3,1,23,2,53.8440521901,-1.60214498506
15626,1AE0954,429543,434843,2,1,14/10/2014,1530,3,2,1,2,1,3,1,18,3,53.8088245572,-1.55131115082
15627,1AE1113,442952,435328,1,1,14/10/2014,1645,4,2,1,2,1,3,1,21,3,53.8122493035,-1.34760448532
15628,1AE1316,428327,426398,2,1,14/10/2014,1815,1,2,4,2,1,3,1,47,9,53.7329817968,-1.57055421676
15629,1AF0056,432961,440276,1,1,15/10/2014,110,6,2,4,1,1,3,1,31,9,53.8574543003,-1.4988191422
15630,1AF0252,424528,437061,2,1,15/10/2014,800,3,2,1,2,1,3,1,40,1,53.8290224217,-1.62729841192
15631,1AF0415,420327,445620,2,1,15/10/2014,1015,6,2,1,2,1,3,1,30,9,53.9061386818,-1.69056396605
15632,1AF0652,430654,434688,2,1,15/10/2014,1251,3,2,1,2,1,3,2,56,9,53.8073670051,-1.53445370677
15633,1AF0780,428804,432747,2,1,15/10/2014,1400,6,1,1,1,1,3,1,40,9,53.7900255979,-1.56273050537
15634,1AF0962,431923,438099,2,1,10/10/2014,1630,6,1,1,1,1,2,1,53,1,53.8379509549,-1.51482790366
15635,1AF1320,429931,437064,1,1,15/10/2014,1850,3,2,1,5,3,2,2,74,8,53.8287662693,-1.54520242917
15636,1AF1341,428097,434762,2,1,15/10/2014,1900,6,2,4,2,1,3,1,20,1,53.8081766068,-1.57327920395
15637,1AF1426,430090,431350,1,1,15/10/2014,1900,3,1,4,1,3,3,2,11,19,53.7773955446,-1.54334495619
15638,1AF1712,429692,432929,1,2,15/10/2014,2340,6,2,4,2,3,3,2,23,8,53.7916116396,-1.54923281562
15639,1AF1712,429692,432929,1,2,15/10/2014,2340,6,2,4,2,3,3,1,26,8,53.7916116396,-1.54923281562
15640,1AG0293,436452,436053,2,1,16/10/2014,901,6,1,1,1,1,3,1,55,9,53.8192623286,-1.44624118866
15641,1AG0491,427524,436945,2,1,16/10/2014,850,3,1,1,1,1,3,1,37,1,53.8278296765,-1.58178600855
15642,1AG0593,429449,439424,1,1,16/10/2014,1445,6,1,1,1,3,3,1,14,9,53.8500070845,-1.55229988314
15643,1AG1006,428435,429604,1,1,16/10/2014,1437,6,2,1,1,3,3,2,28,19,53.7617941216,-1.5686218607
15644,1AG1189,431745,431417,2,1,16/10/2014,1809,3,1,4,1,1,3,1,23,1,53.7778995058,-1.51822222474
15645,1AH0047,432592,427380,3,2,17/10/2014,57,3,2,4,2,1,3,1,19,9,53.7415596439,-1.50579447789
15646,1AH0047,432592,427380,3,2,17/10/2014,57,3,2,4,2,2,3,1,17,9,53.7415596439,-1.50579447789
15647,1AH0209,423047,437663,2,1,17/10/2014,758,3,1,1,1,1,2,1,31,1,53.8345014713,-1.6497565054
15648,1AH0226,423809,439248,2,1,17/10/2014,745,6,1,1,1,1,3,2,23,9,53.8487143072,-1.63805384728
15649,1AH0321,431371,435302,2,2,17/10/2014,835,6,1,1,1,1,3,1,40,9,53.8128432999,-1.52350235733
15650,1AH0321,431371,435302,2,2,17/10/2014,835,6,1,1,1,2,3,2,28,9,53.8128432999,-1.52350235733
15651,1AH0375,433258,434026,3,2,17/10/2014,1000,3,1,1,1,1,3,1,31,9,53.801256507,-1.49497955896
15652,1AH0375,433258,434026,3,2,17/10/2014,1000,3,1,1,1,2,3,1,31,9,53.801256507,-1.49497955896
15653,1AH0546,441101,449222,2,1,17/10/2014,1155,2,1,1,1,1,3,1,56,9,53.9372832145,-1.37385454915
15654,1AH0650,428268,429615,2,1,17/10/2014,1255,3,1,1,1,1,3,2,31,9,53.7619020878,-1.57115427762
15655,1AH0887,436836,433727,2,1,17/10/2014,1540,6,1,1,1,1,3,2,35,9,53.7983278504,-1.44068635301
15656,1AI0552,424100,431966,3,1,18/10/2014,945,6,1,1,1,2,3,2,50,9,53.7832444239,-1.63420058401
15657,1AI0595,427891,432915,2,1,18/10/2014,1030,6,1,1,1,1,2,2,34,9,53.791585448,-1.57657499963
15658,1AI0791,433552,435959,2,1,18/10/2014,1313,6,1,1,1,1,3,2,50,9,53.8186126663,-1.49030464984
15659,1AI0900,430641,433827,2,2,18/10/2014,1405,6,1,1,1,1,3,1,20,9,53.7996284936,-1.53473682035
15660,1AI0900,430641,433827,2,2,18/10/2014,1405,6,1,1,1,2,3,2,18,9,53.7996284936,-1.53473682035
15661,1AI1088,423666,437574,2,1,17/10/2014,1845,6,1,4,1,1,3,1,35,1,53.8336736418,-1.6403566651
15662,1AJ0005,429715,433798,2,1,19/10/2014,5,6,1,4,1,1,3,1,40,8,53.7994215399,-1.54879982427
15663,1AJ0462,429100,433568,2,2,19/10/2014,640,6,1,1,1,1,3,1,49,9,53.7973888951,-1.55815956496
15664,1AJ0462,429100,433568,2,2,19/10/2014,640,6,1,1,1,1,3,2,39,9,53.7973888951,-1.55815956496
15665,1AJ1391,430140,436301,2,1,19/10/2014,1923,3,2,4,1,3,2,1,46,9,53.8218958228,-1.54210160517
15666,1AJ1579,441281,434629,2,1,19/10/2014,2130,1,2,6,2,1,3,1,29,9,53.8061017212,-1.37307725649
15667,1AK0574,430988,428228,2,1,20/10/2014,1234,6,1,1,1,1,3,1,23,1,53.749279953,-1.53003059565
15668,1AK0755,431130,431930,1,1,20/10/2014,1415,3,1,1,1,3,3,2,54,9,53.7825478635,-1.52750361863
15669,1AK1031,435431,439805,2,2,20/10/2014,1707,3,1,1,1,1,2,1,22,9,53.8530579926,-1.46131826623
15670,1AK1031,435431,439805,2,2,20/10/2014,1707,3,1,1,1,1,3,1,45,9,53.8530579926,-1.46131826623
15671,1AK1498,440777,433031,1,1,20/10/2014,1530,6,1,1,1,3,3,2,75,9,53.7917778806,-1.38094244988
15672,1AL0533,429915,432748,2,1,21/10/2014,1134,3,2,1,5,2,3,2,21,9,53.7899719049,-1.54586504529
15673,1AL0594,428620,429665,3,2,21/10/2014,1215,3,2,1,5,1,3,2,26,9,53.7623323075,-1.56580971804
15674,1AL0594,428620,429665,3,2,21/10/2014,1215,3,2,1,5,1,3,1,29,9,53.7623323075,-1.56580971804
15675,1AL0823,420356,434245,2,1,21/10/2014,1509,3,1,1,4,1,3,1,55,5,53.8038899873,-1.69087692686
15676,1AL1175,431833,435635,1,1,21/10/2014,1515,3,1,1,4,2,3,2,65,8,53.8158084465,-1.51645080828
15677,1AL1185,421541,439405,2,1,21/10/2014,1720,6,1,4,1,1,3,2,25,9,53.8502245844,-1.67252048027
15678,1AM0193,430624,424778,2,1,22/10/2014,730,3,1,1,1,1,2,1,18,3,53.7182900605,-1.53589260146
15679,1AM0501,431055,430949,3,1,22/10/2014,1131,6,2,1,1,1,3,2,77,9,53.773734391,-1.52874073725
15680,1AM0719,427486,434587,2,1,22/10/2014,1340,3,2,1,2,1,3,1,40,1,53.8066362265,-1.58257406686
15681,1AM1093,432348,434941,1,1,22/10/2014,1701,4,2,1,1,3,3,2,26,9,53.8095385279,-1.50870113282
15682,1AM1173,430338,434229,2,1,22/10/2014,1730,2,2,4,1,1,3,1,22,3,53.803259717,-1.53929790182
15683,1AN0179,434567,434448,2,1,23/10/2014,658,3,1,1,1,1,3,1,43,9,53.8049643677,-1.47505600737
15684,1AN0185,428940,429855,2,1,23/10/2014,705,6,2,4,1,1,2,1,41,1,53.7640224998,-1.56093737989
15685,1AN0267,428099,434744,2,1,23/10/2014,800,6,1,1,1,1,2,1,22,1,53.8080147012,-1.57325047328
15686,1AN0293,429476,435414,1,1,23/10/2014,854,6,1,1,1,3,2,1,6,9,53.8139609174,-1.55227399707
15687,1AN0560,430965,425763,2,1,23/10/2014,1155,6,1,1,1,1,3,1,37,9,53.7271239258,-1.5306263449
15688,1AN0773,425214,437871,2,2,23/10/2014,1421,3,1,1,1,1,3,2,21,9,53.836270484,-1.61680848184
15689,1AN0773,425214,437871,2,2,23/10/2014,1421,3,1,1,1,1,3,1,28,19,53.836270484,-1.61680848184
15690,1AN1108,432300,430872,2,1,23/10/2014,1712,4,1,1,1,1,3,1,29,3,53.7729665169,-1.50985668664
15691,1AN1193,436172,434858,1,1,23/10/2014,1715,3,1,1,1,3,3,1,30,19,53.8085405399,-1.45063506276
15692,1AN1261,431942,435812,2,1,23/10/2014,1832,3,1,1,1,1,3,2,58,10,53.8173927543,-1.51477676553
15693,1AN1484,426554,427373,1,1,23/10/2014,1629,6,1,1,1,2,3,1,77,11,53.7418392562,-1.59734891519
15694,1AN1602,425221,433296,2,1,23/10/2014,2123,4,1,4,1,1,2,1,28,1,53.7951464514,-1.6170771513
15695,1AO0404,431003,431537,1,1,24/10/2014,820,6,1,1,1,3,3,1,27,9,53.7790228702,-1.52947069412
15696,1AO0536,428770,434640,2,1,24/10/2014,1113,6,1,1,1,1,3,1,19,1,53.807043184,-1.56306980032
15697,1AO0567,432652,426899,1,1,24/10/2014,1132,6,1,1,1,2,3,1,54,90,53.7372322931,-1.50493552596
15698,1AO0570,444010,445069,2,1,24/10/2014,1130,3,1,1,1,1,3,1,62,1,53.8997159821,-1.33013894878
15699,1AO0969,418941,441967,1,1,24/10/2014,1508,6,1,1,1,3,3,1,11,9,53.8733552522,-1.7118885186
15700,1AO1004,432427,433588,3,3,24/10/2014,1520,6,1,1,1,2,3,1,19,9,53.7973719336,-1.5076438366
15701,1AO1004,432427,433588,3,3,24/10/2014,1520,6,1,1,1,1,3,1,34,9,53.7973719336,-1.5076438366
15702,1AO1004,432427,433588,3,3,24/10/2014,1520,6,1,1,1,1,3,2,38,9,53.7973719336,-1.5076438366
15703,1AO1373,428686,434950,1,1,24/10/2014,1830,6,1,4,1,3,2,1,34,8,53.8098343327,-1.56431657637
15704,1AO1900,430616,432662,2,1,24/10/2014,2322,3,1,4,1,2,3,1,59,9,53.7891581039,-1.53523219932
15705,1AP0557,426690,426930,3,1,25/10/2014,940,6,1,1,1,1,3,2,20,9,53.7378502387,-1.59532499422
15706,1AP0611,427075,433510,1,1,25/10/2014,1032,6,1,1,1,3,3,2,60,8,53.7969768744,-1.58891038755
15707,1AP0899,432351,432595,2,2,25/10/2014,1342,3,1,1,1,1,3,1,52,9,53.7884508958,-1.5089020111
15708,1AP0899,432351,432595,2,2,25/10/2014,1342,3,1,1,1,1,3,2,45,9,53.7884508958,-1.5089020111
15709,1AP1208,443588,435652,1,1,25/10/2014,1640,4,1,1,1,1,1,1,61,9,53.8151086154,-1.33789912472
15710,1AP1486,433554,435962,2,1,25/10/2014,1930,6,1,4,1,2,3,1,17,9,53.8186395031,-1.4902739415
15711,1AP1749,425268,435275,2,2,25/10/2014,2210,6,1,4,1,2,3,2,43,8,53.8129330105,-1.61620115957
15712,1AP1749,425268,435275,2,2,25/10/2014,2210,6,1,4,1,1,3,1,31,8,53.8129330105,-1.61620115957
15713,1AP1758,429457,434103,2,3,25/10/2014,2215,2,1,4,1,2,3,2,31,9,53.8021777775,-1.55268805392
15714,1AP1758,429457,434103,2,3,25/10/2014,2215,2,1,4,1,1,3,2,28,9,53.8021777775,-1.55268805392
15715,1AP1758,429457,434103,2,3,25/10/2014,2215,2,1,4,1,2,3,2,19,9,53.8021777775,-1.55268805392
15716,1AQ0052,429234,438608,2,7,26/10/2014,29,3,1,4,1,1,3,1,18,9,53.8426844792,-1.55564600562
15717,1AQ0052,429234,438608,2,7,26/10/2014,29,3,1,4,1,2,3,1,17,9,53.8426844792,-1.55564600562
15718,1AQ0052,429234,438608,2,7,26/10/2014,29,3,1,4,1,2,3,1,17,9,53.8426844792,-1.55564600562
15719,1AQ0052,429234,438608,2,7,26/10/2014,29,3,1,4,1,1,3,2,23,9,53.8426844792,-1.55564600562
15720,1AQ0052,429234,438608,2,7,26/10/2014,29,3,1,4,1,2,3,2,24,9,53.8426844792,-1.55564600562
15721,1AQ0052,429234,438608,2,7,26/10/2014,29,3,1,4,1,2,3,2,25,9,53.8426844792,-1.55564600562
15722,1AQ0052,429234,438608,2,7,26/10/2014,29,3,1,4,1,2,3,1,21,9,53.8426844792,-1.55564600562
15723,1AQ0539,432634,435852,2,1,26/10/2014,905,3,1,1,1,2,3,2,24,9,53.817709321,-1.50426094551
15724,1AQ1203,426720,431725,2,1,26/10/2014,1653,3,1,4,1,1,3,1,38,1,53.7809502183,-1.59445511031
15725,1AQ1313,431881,435694,3,3,26/10/2014,1808,6,1,4,1,1,3,2,35,9,53.8163358365,-1.51571559399
15726,1AQ1313,431881,435694,3,3,26/10/2014,1808,6,1,4,1,1,3,1,24,19,53.8163358365,-1.51571559399
15727,1AQ1313,431881,435694,3,3,26/10/2014,1808,6,1,4,1,2,3,1,24,19,53.8163358365,-1.51571559399
15728,1AQ1638,429828,438903,1,1,26/10/2014,2120,3,1,4,1,1,2,1,28,9,53.8453023611,-1.54658892114
15729,1AR0581,429830,434413,2,2,27/10/2014,1155,2,1,1,1,1,3,2,25,9,53.8049430244,-1.54699411372
15730,1AR0581,429830,434413,2,2,27/10/2014,1155,2,1,1,1,2,3,2,1,9,53.8049430244,-1.54699411372
15731,1AR0995,433549,436345,3,1,27/10/2014,1550,3,1,1,1,1,2,1,86,9,53.8220824686,-1.49030811758
15732,1AR1157,430801,435343,2,1,27/10/2014,1715,6,1,4,1,2,3,2,46,9,53.8132459146,-1.53215572645
15733,1AR1204,432000,435773,2,1,27/10/2014,1738,4,1,4,1,1,3,1,29,1,53.8170386296,-1.51389979322
15734,1AR1254,427988,436019,2,1,27/10/2014,1815,3,1,4,1,1,3,1,18,1,53.8194813327,-1.5748202433
15735,1AR1354,425369,428116,2,1,27/10/2014,1925,6,1,4,1,1,3,2,22,9,53.7485770167,-1.61525617725
15736,1AS0043,434961,436425,2,1,28/10/2014,54,6,1,4,1,2,3,1,15,3,53.8227085002,-1.46884826261
15737,1AS0326,428683,434946,1,1,28/10/2014,900,6,1,1,1,3,3,2,22,3,53.8097985432,-1.56436251176
15738,1AS0450,428046,432046,2,1,28/10/2014,1027,3,1,1,1,1,3,1,65,1,53.7837658669,-1.57430103517
15739,1AS0535,428718,435612,2,1,28/10/2014,1121,3,1,1,1,1,3,1,51,1,53.8157831057,-1.5637687921
15740,1AS0563,432814,430332,2,2,28/10/2014,1137,4,1,1,1,2,3,2,60,9,53.7680804732,-1.50211464298
15741,1AS0563,432814,430332,2,2,28/10/2014,1137,4,1,1,1,2,3,2,18,9,53.7680804732,-1.50211464298
15742,1AS0781,428865,433733,2,1,25/10/2014,2245,3,1,4,1,1,2,1,49,1,53.7988851305,-1.56171211248
15743,1AS0964,428377,430177,2,1,28/10/2014,1523,6,2,1,2,1,3,1,10,1,53.7669478723,-1.56944904461
15744,1AS1170,425680,426875,2,2,28/10/2014,1500,3,1,1,1,2,3,2,63,9,53.7374065752,-1.61064283305
15745,1AS1170,425680,426875,2,2,28/10/2014,1500,3,1,1,1,2,3,2,17,9,53.7374065752,-1.61064283305
15746,1AS1271,425910,428150,2,1,28/10/2014,1750,3,2,4,2,1,3,1,46,5,53.7488560232,-1.60704878144
15747,1AS1294,432952,436023,3,2,28/10/2014,1822,3,2,4,1,1,3,2,26,9,53.8192263186,-1.49941213072
15748,1AS1294,432952,436023,3,2,28/10/2014,1822,3,2,4,1,1,3,2,28,9,53.8192263186,-1.49941213072
15749,1AT0802,426207,427804,2,1,29/10/2014,1421,6,1,1,1,3,3,1,11,9,53.7457310229,-1.60257394811
15750,1AT1154,432017,427743,3,2,29/10/2014,1723,1,1,4,1,1,3,1,59,9,53.7448582006,-1.51447547346
15751,1AT1154,432017,427743,3,2,29/10/2014,1723,1,1,4,1,2,3,1,57,9,53.7448582006,-1.51447547346
15752,1AT1540,428580,435200,2,1,29/10/2014,2045,6,2,4,1,1,3,1,21,1,53.8120873532,-1.56590323773
15753,1AU0032,422019,434377,2,1,30/10/2014,32,4,2,4,1,2,2,1,24,9,53.8050087715,-1.66561388053
15754,1AU0864,428083,432923,2,1,30/10/2014,1310,6,2,1,2,2,3,2,54,11,53.7916470315,-1.57365952626
15755,1AU1216,435162,425904,2,1,30/10/2014,1720,1,1,4,1,1,3,2,48,9,53.7281252827,-1.46699419981
15756,1AU1357,423914,435398,3,1,30/10/2014,1830,6,1,1,1,1,2,1,24,2,53.8141026719,-1.63675720879
15757,1AU1556,432432,434842,1,1,30/10/2014,2005,6,2,4,1,3,3,1,56,9,53.808643418,-1.50743583136
15758,1AV0731,429559,431566,2,1,31/10/2014,1246,6,1,1,1,2,3,1,52,9,53.7793675374,-1.55138259402
15759,1AV0800,427320,437206,2,1,31/10/2014,1315,3,1,1,1,1,2,1,33,1,53.8301864999,-1.58486240527
15760,1AV0858,429139,433087,1,1,31/10/2014,1350,6,1,1,1,3,3,2,54,9,53.7930631238,-1.55761292774
15761,1AV1055,427934,426303,2,1,31/10/2014,1515,3,1,1,1,1,3,1,23,9,53.7321490551,-1.5765206163
15762,1AV1250,427803,434422,2,1,31/10/2014,1635,6,1,5,1,1,3,1,50,1,53.8051362312,-1.57777487885