Col.Number,Reference.Number,Easting,Northing,Number.of.Vehicles,Number.of.Casualties,Accident.Date,Time..24hr.,X1st.Road.Class,Road.Surface,Lighting.Conditions,Weather.Conditions,Casualty.Class,Casualty.Severity,Sex.of.Casualty,Age.of.Casualty,Type.of.Vehicle,Latitude,Longitude
15763,1AV1394,441478,434642,3,1,31/10/2014,1735,1,1,7,1,1,3,1,36,9,53.8062028971,-1.37008392086
15764,1B10030,428895,435611,1,1,01/11/2014,49,6,1,4,1,3,3,2,19,8,53.8157643097,-1.56108031314
15765,1B10073,429950,434361,1,1,01/11/2014,115,3,1,4,1,3,3,1,20,8,53.8044687146,-1.54517688542
15766,1B10642,430653,434697,2,2,01/11/2014,827,3,1,1,1,1,3,2,33,9,53.8074479624,-1.53446799709
15767,1B10642,430653,434697,2,2,01/11/2014,827,3,1,1,1,1,3,2,44,9,53.8074479624,-1.53446799709
15768,1B10871,428355,429508,2,3,01/11/2014,1154,3,1,1,1,1,3,2,32,9,53.7609355562,-1.56984429583
15769,1B10871,428355,429508,2,3,01/11/2014,1154,3,1,1,1,2,3,1,10,9,53.7609355562,-1.56984429583
15770,1B10871,428355,429508,2,3,01/11/2014,1154,3,1,1,1,1,3,1,68,9,53.7609355562,-1.56984429583
15771,1B11136,427550,433887,2,1,01/11/2014,1439,6,1,1,1,1,2,2,23,1,53.8003407046,-1.58166477404
15772,1B11264,420960,434459,1,1,01/11/2014,1553,3,1,1,1,3,3,1,12,9,53.8057896145,-1.68169025988
15773,1B11976,440387,449293,2,1,01/11/2014,2200,4,2,4,4,1,3,1,47,1,53.9379775868,-1.38472176072
15774,1B21484,425327,429143,2,1,02/11/2014,1920,3,2,4,1,1,3,2,40,9,53.7578106373,-1.61580890242
15775,1B30017,432532,442857,1,1,03/11/2014,15,3,2,6,1,1,2,1,33,9,53.8806808639,-1.50506813304
15776,1B30462,425913,435516,2,1,03/11/2014,1032,5,1,1,1,1,3,1,51,9,53.8150675603,-1.60638412796
15777,1B30911,437032,435641,1,1,03/11/2014,1501,6,1,1,1,3,2,1,78,9,53.815518051,-1.43748020711
15778,1B30930,430478,435322,1,1,03/11/2014,1501,3,1,1,1,3,3,2,15,9,53.813076186,-1.53706375885
15779,1B30993,430951,433304,1,1,03/11/2014,1534,3,1,1,1,3,3,1,12,9,53.7949090453,-1.53008240689
15780,1B31067,428907,435508,2,1,03/11/2014,1602,6,1,1,1,1,3,1,18,1,53.8148378042,-1.56090771464
15781,1B31254,431874,435519,1,1,03/11/2014,1732,6,1,4,1,3,3,2,15,9,53.8147632492,-1.51584005273
15782,1B31734,438894,431283,2,1,03/11/2014,2200,3,1,6,1,1,3,1,43,1,53.7762100376,-1.40974813267
15783,1B40557,424765,435355,3,1,04/11/2014,1216,6,1,1,1,1,3,2,42,9,53.8136763154,-1.6238346681
15784,1B41281,430365,431175,2,1,04/11/2014,1730,6,1,1,1,1,3,1,17,3,53.775806546,-1.53918885144
15785,1B50219,432174,434628,2,1,05/11/2014,801,6,1,1,1,1,3,2,29,9,53.8067358687,-1.51137644279
15786,1B50289,432129,435545,1,1,05/11/2014,845,6,1,1,1,3,2,2,7,9,53.8149812588,-1.51196409071
15787,1B50453,427896,436200,2,1,05/11/2014,1031,3,1,1,1,1,3,1,18,1,53.8211132387,-1.57620140298
15788,1B50727,431927,436776,2,1,05/11/2014,1319,6,1,1,1,1,2,1,20,1,53.8260587392,-1.51490454259
15789,1B50739,426092,440072,2,2,05/11/2014,1320,6,1,1,1,1,3,2,52,9,53.8560113128,-1.60327835387
15790,1B50739,426092,440072,2,2,05/11/2014,1320,6,1,1,1,2,3,1,20,9,53.8560113128,-1.60327835387
15791,1B51134,432122,433606,1,1,05/11/2014,1839,3,1,1,1,3,2,1,8,9,53.7975526514,-1.51227274876
15792,1B51356,428064,435958,1,1,05/11/2014,1840,3,1,4,1,3,2,2,28,1,53.8189289225,-1.57367128984
15793,1B51769,431913,435719,1,1,05/11/2014,2115,6,1,4,1,3,3,1,22,9,53.8165585897,-1.51522692774
15794,1B51927,431254,437507,4,1,05/11/2014,2221,6,2,4,1,1,3,1,59,9,53.8326703564,-1.52505532054
15795,1B60116,424078,437276,2,1,05/11/2014,1705,3,2,4,1,1,3,1,56,5,53.8309760557,-1.63411914068
15796,1B60264,430725,433590,2,1,06/11/2014,804,3,1,1,1,1,3,1,44,1,53.7974932138,-1.53348502701
15797,1B60329,424219,434481,1,1,06/11/2014,901,5,1,1,1,3,3,1,67,9,53.8058458154,-1.63219666427
15798,1B60487,420566,445261,2,1,06/11/2014,1045,6,1,1,1,1,2,1,92,9,53.9029023013,-1.68694987822
15799,1B60528,426620,436225,1,1,06/11/2014,1115,6,1,1,1,2,3,2,80,11,53.8214048714,-1.59558380377
15800,1B60538,433368,434901,2,1,06/11/2014,1138,6,1,1,1,1,3,2,67,9,53.8091145315,-1.49321444738
15801,1B60560,433548,434056,2,1,06/11/2014,1145,3,1,1,1,1,3,1,22,2,53.8015075441,-1.49057285131
15802,1B61535,430692,427039,2,1,06/11/2014,1530,3,2,1,1,1,3,2,21,9,53.738609789,-1.53463772244
15803,1B61737,429054,433525,1,1,06/11/2014,2215,3,2,4,2,1,3,1,24,4,53.7970049499,-1.55886204031
15804,1B70977,429556,431566,2,2,07/11/2014,1627,6,2,4,1,1,3,1,31,9,53.7793677077,-1.55142812353
15805,1B70977,429556,431566,2,2,07/11/2014,1627,6,2,4,1,1,3,2,35,9,53.7793677077,-1.55142812353
15806,1B71058,418310,441354,2,1,07/11/2014,1710,3,2,4,2,1,3,1,35,1,53.8678677728,-1.72152313394
15807,1B80598,437409,433304,2,1,08/11/2014,1155,3,2,1,2,2,3,2,74,9,53.7944847955,-1.43203782715
15808,1B80877,427871,436243,2,1,08/11/2014,1510,3,2,1,1,1,3,1,21,1,53.8215010953,-1.5765772971
15809,1B80904,421427,444386,1,1,08/11/2014,1534,6,2,1,2,1,3,1,52,3,53.8950022919,-1.67390544483
15810,1B81041,424385,428120,2,1,08/11/2014,1700,3,2,4,1,1,3,1,31,9,53.748659942,-1.63017876209
15811,1B81081,428094,434585,2,1,08/11/2014,1720,6,2,4,1,1,3,1,29,1,53.8065857602,-1.57334091967
15812,1B81231,432455,435818,8,2,08/11/2014,1942,3,2,4,1,1,3,2,29,9,53.8174149128,-1.50698358825
15813,1B81231,432455,435818,8,2,08/11/2014,1942,3,2,4,1,2,2,2,54,9,53.8174149128,-1.50698358825
15814,1B90642,424742,427921,2,2,09/11/2014,1201,3,1,1,1,1,3,1,55,5,53.7468543257,-1.62478058979
15815,1B90642,424742,427921,2,2,09/11/2014,1201,3,1,1,1,2,3,2,55,5,53.7468543257,-1.62478058979
15816,1B90939,429386,423388,2,1,09/11/2014,1515,6,1,1,1,1,3,1,46,1,53.7058667272,-1.55478582209
15817,1B91114,430148,431458,1,1,09/11/2014,1710,6,1,4,1,3,2,2,38,9,53.7783629749,-1.54245420227
15818,1B91268,433589,434478,1,1,09/11/2014,1905,6,2,4,1,3,2,1,34,4,53.8052981078,-1.48990425409
15819,1B91312,428463,431349,2,1,09/11/2014,1940,3,2,4,1,1,3,2,53,9,53.7774780486,-1.5680361034
15820,1B91364,424078,430343,1,1,09/11/2014,2005,4,2,4,1,1,2,1,39,5,53.7686565171,-1.63466121761
15821,1BA0067,427083,433353,2,1,10/11/2014,205,6,1,4,1,2,3,1,30,9,53.795565219,-1.58880272861
15822,1BA0534,426777,426777,1,1,10/11/2014,1157,4,1,1,1,3,3,2,66,9,53.7364704793,-1.59401918611
15823,1BA0827,440122,436711,1,1,10/11/2014,1500,6,1,1,1,3,3,1,12,9,53.8249064355,-1.3904060327
15824,1BA1041,421765,435277,1,1,10/11/2014,1500,4,1,1,1,2,3,2,79,11,53.813109425,-1.66940747305
15825,1BA1337,426197,435503,2,3,10/11/2014,1943,6,2,4,1,1,3,1,49,19,53.8149364737,-1.60207141732
15826,1BA1337,426197,435503,2,3,10/11/2014,1943,6,2,4,1,1,3,2,25,9,53.8149364737,-1.60207141732
15827,1BA1337,426197,435503,2,3,10/11/2014,1943,6,2,4,1,2,3,1,23,9,53.8149364737,-1.60207141732
15828,1BB0153,429134,432107,2,1,11/11/2014,620,6,2,4,5,1,3,2,52,9,53.7842544199,-1.5577814864
15829,1BB0240,429868,428083,1,1,11/11/2014,829,6,2,1,1,3,3,2,14,9,53.7480419684,-1.54703013552
15830,1BB0248,429677,434584,1,1,11/11/2014,130,3,1,4,1,3,2,1,21,9,53.8064888488,-1.54930104586
15831,1BB0772,429910,436614,1,1,11/11/2014,1420,6,2,1,1,3,2,2,72,3,53.8247225694,-1.54556528801
15832,1BB0893,425905,433709,1,1,11/11/2014,1538,6,2,1,1,1,3,1,70,5,53.79882522,-1.60665771533
15833,1BB0985,424867,444539,1,1,11/11/2014,1615,3,2,4,2,1,3,2,74,9,53.8962239581,-1.62154130516
15834,1BB1123,423505,437906,1,1,11/11/2014,1717,6,2,4,2,3,3,2,7,9,53.8366652263,-1.64277787443
15835,1BB1160,436661,436259,2,1,11/11/2014,1737,6,2,4,2,1,3,1,27,3,53.8210992731,-1.44304178597
15836,1BB1163,426059,436372,1,1,11/11/2014,1735,6,2,4,2,3,2,2,55,9,53.8227546474,-1.60409394192
15837,1BB1391,419602,445163,1,1,11/11/2014,1740,3,2,7,9,3,3,1,10,9,53.9020587641,-1.70162967907
15838,1BC0195,430907,436553,2,1,12/11/2014,800,6,1,1,1,1,3,1,40,1,53.8241159271,-1.53042414691
15839,1BC0488,429741,438838,2,2,12/11/2014,1132,3,2,1,2,1,3,2,79,9,53.8447230876,-1.54791764469
15840,1BC0488,429741,438838,2,2,12/11/2014,1132,3,2,1,2,2,3,2,28,9,53.8447230876,-1.54791764469
15841,1BC0575,430657,434695,2,2,12/11/2014,1234,3,2,1,1,1,3,1,39,9,53.8074297492,-1.53440744986
15842,1BC0575,430657,434695,2,2,12/11/2014,1234,3,2,1,1,1,3,1,46,11,53.8074297492,-1.53440744986
15843,1BC0783,429815,434402,1,1,12/11/2014,1426,3,2,1,1,3,3,2,20,9,53.8048450086,-1.54722296498
15844,1BC0870,444502,432461,2,1,12/11/2014,1510,6,2,1,1,1,3,1,34,1,53.7863492535,-1.32447768703
15845,1BC0993,430949,433302,1,2,12/11/2014,1615,6,1,4,1,1,3,1,41,19,53.7948911869,-1.53011297196
15846,1BC0993,430949,433302,1,2,12/11/2014,1615,6,1,4,1,2,3,2,40,19,53.7948911869,-1.53011297196
15847,1BC1099,429650,424258,2,1,12/11/2014,1705,6,2,4,1,1,3,1,54,1,53.7136721141,-1.55070289927
15848,1BC1349,430832,433303,1,1,12/11/2014,1905,6,2,4,2,3,3,1,24,9,53.7949071221,-1.53188917346
15849,1BC1703,430817,433903,2,1,13/11/2014,2334,3,2,4,2,1,3,1,23,1,53.8003012389,-1.53205686998
15850,1BD0612,421293,436310,1,2,13/11/2014,1210,4,2,1,1,1,3,1,20,9,53.8224144406,-1.67650513583
15851,1BD0612,421293,436310,1,2,13/11/2014,1210,4,2,1,1,2,3,2,19,9,53.8224144406,-1.67650513583
15852,1BD0797,421007,434310,2,3,13/11/2014,1354,3,2,1,1,1,3,1,59,9,53.8044483776,-1.68098667235
15853,1BD0797,421007,434310,2,3,13/11/2014,1354,3,2,1,1,2,3,2,45,9,53.8044483776,-1.68098667235
15854,1BD0797,421007,434310,2,3,13/11/2014,1354,3,2,1,1,1,3,1,42,9,53.8044483776,-1.68098667235
15855,1BD0891,441549,431856,2,1,13/11/2014,1500,3,2,1,1,1,2,1,45,1,53.7811553404,-1.36938148063
15856,1BD0902,431495,430518,1,1,13/11/2014,1511,6,2,1,1,3,3,1,12,21,53.7698338159,-1.52210800131
15857,1BD0941,429931,433602,1,1,13/11/2014,1340,6,1,1,1,2,3,2,78,11,53.7976473658,-1.54553918667
15858,1BD1084,430700,433611,1,1,13/11/2014,1630,3,2,4,1,3,3,1,86,9,53.7976834527,-1.53386250902
15859,1BD1354,428606,432888,3,1,13/11/2014,1915,3,2,4,1,2,3,2,26,9,53.7913039359,-1.56572312982
15860,1BD1512,428359,433096,2,3,25/10/2014,200,6,1,7,9,2,3,2,18,9,53.7931871195,-1.5694536532
15861,1BD1512,428359,433096,2,3,25/10/2014,200,6,1,7,9,2,3,1,27,9,53.7931871195,-1.5694536532
15862,1BD1512,428359,433096,2,3,25/10/2014,200,6,1,7,9,2,3,2,19,9,53.7931871195,-1.5694536532
15863,1BE0688,433592,432098,1,1,14/11/2014,1257,3,2,1,2,1,3,1,40,21,53.7839048991,-1.49011823027
15864,1BE0816,428949,433438,3,3,14/11/2014,1412,2,2,1,1,1,3,2,57,9,53.7962287819,-1.56046442046
15865,1BE0816,428949,433438,3,3,14/11/2014,1412,2,2,1,1,1,3,2,18,9,53.7962287819,-1.56046442046
15866,1BE0816,428949,433438,3,3,14/11/2014,1412,2,2,1,1,1,3,2,23,9,53.7962287819,-1.56046442046
15867,1BE1093,425977,429969,2,4,14/11/2014,1630,3,2,4,1,1,3,1,55,9,53.7652034276,-1.60587964038
15868,1BE1093,425977,429969,2,4,14/11/2014,1630,3,2,4,1,1,2,1,29,9,53.7652034276,-1.60587964038
15869,1BE1093,425977,429969,2,4,14/11/2014,1630,3,2,4,1,2,3,2,34,9,53.7652034276,-1.60587964038
15870,1BE1093,425977,429969,2,4,14/11/2014,1630,3,2,4,1,2,3,2,25,9,53.7652034276,-1.60587964038
15871,1BE1165,431290,435357,3,4,13/11/2014,2345,6,2,4,1,1,3,1,19,9,53.8133425582,-1.52472703589
15872,1BE1165,431290,435357,3,4,13/11/2014,2345,6,2,4,1,2,3,1,20,9,53.8133425582,-1.52472703589
15873,1BE1165,431290,435357,3,4,13/11/2014,2345,6,2,4,1,2,3,1,21,9,53.8133425582,-1.52472703589
15874,1BE1165,431290,435357,3,4,13/11/2014,2345,6,2,4,1,2,3,1,20,9,53.8133425582,-1.52472703589
15875,1BE1197,428972,433449,2,1,14/11/2014,1645,3,2,4,1,1,3,1,33,19,53.7963263779,-1.56011418582
15876,1BE1361,433310,426327,2,1,14/11/2014,1835,4,2,4,1,1,3,1,42,9,53.7320491001,-1.49502108438
15877,1BE1402,427506,425505,2,2,14/11/2014,1900,3,1,4,1,1,3,1,21,9,53.7249986806,-1.58307987618
15878,1BE1402,427506,425505,2,2,14/11/2014,1900,3,1,4,1,1,3,2,20,9,53.7249986806,-1.58307987618
15879,1BE1861,429119,430983,2,1,14/11/2014,2129,6,2,4,2,1,3,1,61,9,53.7741518777,-1.55811531075
15880,1BF0605,430374,433563,1,1,15/11/2014,1039,6,1,1,1,3,3,1,41,11,53.7972711297,-1.53881692908
15881,1BF1032,427366,434653,2,1,15/11/2014,1521,3,1,1,1,1,3,2,18,1,53.8072358131,-1.5843905691
15882,1BF1591,424574,439333,1,1,15/11/2014,2035,6,2,4,2,3,3,1,45,9,53.849442711,-1.62641772661
15883,1BF1645,427080,433505,2,2,15/11/2014,2125,6,2,4,2,1,3,2,87,9,53.7969316703,-1.58883491248
15884,1BF1645,427080,433505,2,2,15/11/2014,2125,6,2,4,2,1,3,2,29,9,53.7969316703,-1.58883491248
15885,1BF1842,431682,434516,1,1,15/11/2014,1530,6,1,1,1,3,3,1,28,9,53.8057593412,-1.51885963579
15886,1BG0026,419783,434063,4,2,16/11/2014,10,3,1,4,1,2,3,2,17,9,53.8022761209,-1.69958997691
15887,1BG0026,419783,434063,4,2,16/11/2014,10,3,1,4,1,2,3,2,17,9,53.8022761209,-1.69958997691
15888,1BG0184,427918,436162,1,1,16/11/2014,155,3,2,4,1,3,3,1,27,9,53.8207704857,-1.57587063641
15889,1BG1455,428816,430385,2,1,16/11/2014,2045,6,2,4,2,1,2,1,24,3,53.7687934378,-1.56276908896
15890,1BH0195,436153,440932,1,1,17/11/2014,759,3,1,1,1,3,3,1,27,9,53.8631382686,-1.45020898342
15891,1BH0291,433700,427206,1,1,17/11/2014,900,6,1,1,1,3,3,2,40,9,53.7399251527,-1.48901312796
15892,1BH1330,431881,435701,2,1,17/11/2014,1900,3,2,4,1,1,3,1,48,1,53.8163987571,-1.51571486859
15893,1BH1357,429050,434511,2,1,17/11/2014,1835,6,2,4,1,1,3,2,23,1,53.8058680721,-1.55882975031
15894,1BI1005,430878,426518,3,1,18/11/2014,1720,1,1,4,1,2,3,1,21,19,53.7339156384,-1.53186967238
15895,1BI1148,428527,429633,1,1,18/11/2014,1707,3,1,4,1,3,2,1,11,11,53.762049767,-1.5672235221
15896,1BI1481,430832,434317,3,2,18/11/2014,1935,6,1,4,1,1,2,1,30,3,53.8040216745,-1.53178765428
15897,1BI1481,430832,434317,3,2,18/11/2014,1935,6,1,4,1,1,3,1,24,3,53.8040216745,-1.53178765428
15898,1BI1641,429028,432103,2,1,18/11/2014,1856,6,1,7,1,2,2,2,24,11,53.7842243873,-1.55939076106
15899,1BI1667,422461,440268,1,5,18/11/2014,2143,6,2,6,1,1,3,1,17,9,53.8579429102,-1.65847119174
15900,1BI1667,422461,440268,1,5,18/11/2014,2143,6,2,6,1,2,3,1,17,9,53.8579429102,-1.65847119174
15901,1BI1667,422461,440268,1,5,18/11/2014,2143,6,2,6,1,2,3,1,18,9,53.8579429102,-1.65847119174
15902,1BI1667,422461,440268,1,5,18/11/2014,2143,6,2,6,1,2,3,1,17,9,53.8579429102,-1.65847119174
15903,1BI1667,422461,440268,1,5,18/11/2014,2143,6,2,6,1,2,3,1,17,9,53.8579429102,-1.65847119174
15904,1BJ0232,431063,430366,2,1,19/11/2014,737,6,1,1,1,1,3,1,25,1,53.7684934731,-1.52867804718
15905,1BJ0252,430967,433429,2,1,19/11/2014,745,3,1,1,1,1,3,1,40,1,53.7960316825,-1.52982692735
15906,1BJ0529,436196,435590,2,1,19/11/2014,915,6,1,1,1,1,3,1,54,9,53.8151185092,-1.45018447948
15907,1BJ0607,427027,424759,2,1,19/11/2014,1130,6,1,1,1,1,2,1,43,1,53.7183180018,-1.59040524068
15908,1BJ1049,429803,434430,2,1,19/11/2014,1535,6,1,1,1,1,3,1,18,1,53.8050973805,-1.54740248268
15909,1BJ1252,426126,439211,1,1,19/11/2014,1650,6,2,4,1,3,3,2,16,9,53.8482703187,-1.60283468383
15910,1BJ1487,434370,435182,1,1,19/11/2014,1800,6,2,4,1,3,3,1,14,19,53.8115750737,-1.47796560425
15911,1BK0249,430941,435677,2,1,20/11/2014,807,6,2,1,1,1,3,1,34,1,53.8162398231,-1.5299957208
15912,1BK0296,430808,435341,2,1,20/11/2014,853,6,1,1,1,1,3,1,49,1,53.8132275225,-1.53204960581
15913,1BK0331,426378,435440,2,1,20/11/2014,915,3,1,1,1,1,3,1,41,1,53.8143610296,-1.5993275289
15914,1BK0409,428397,433381,2,2,20/11/2014,1015,3,1,1,1,2,3,2,29,9,53.7957468446,-1.56885048304
15915,1BK0409,428397,433381,2,2,20/11/2014,1015,3,1,1,1,2,3,2,1,9,53.7957468446,-1.56885048304
15916,1BK0931,428906,435514,1,1,20/11/2014,1503,3,1,1,1,3,3,1,27,9,53.8148917921,-1.56092234027
15917,1BK1234,431910,434801,2,1,20/11/2014,1720,6,1,1,1,1,3,1,30,9,53.8083071753,-1.51536769309
15918,1BK1413,427698,434469,2,3,20/11/2014,1700,3,1,4,1,1,3,2,35,9,53.8055643054,-1.5793651658
15919,1BK1413,427698,434469,2,3,20/11/2014,1700,3,1,4,1,2,3,1,12,9,53.8055643054,-1.5793651658
15920,1BK1413,427698,434469,2,3,20/11/2014,1700,3,1,4,1,2,3,2,13,9,53.8055643054,-1.5793651658
15921,1BL0448,429309,435030,2,1,07/11/2014,930,3,1,1,1,1,3,1,33,9,53.8105186897,-1.55484713499
15922,1BL1264,439019,431734,3,5,21/11/2014,1830,3,2,6,1,1,3,1,50,9,53.7802545263,-1.40779418591
15923,1BL1264,439019,431734,3,5,21/11/2014,1830,3,2,6,1,2,2,2,41,9,53.7802545263,-1.40779418591
15924,1BL1264,439019,431734,3,5,21/11/2014,1830,3,2,6,1,2,3,2,14,9,53.7802545263,-1.40779418591
15925,1BL1264,439019,431734,3,5,21/11/2014,1830,3,2,6,1,1,2,2,27,9,53.7802545263,-1.40779418591
15926,1BL1264,439019,431734,3,5,21/11/2014,1830,3,2,6,1,2,3,1,23,9,53.7802545263,-1.40779418591
15927,1BL1451,431764,432386,1,1,21/11/2014,2013,3,2,4,2,1,2,1,26,9,53.7866084148,-1.51783403995
15928,1BL1477,423875,428197,1,2,21/11/2014,2025,3,1,4,1,1,3,1,17,9,53.749375701,-1.63790726385
15929,1BL1477,423875,428197,1,2,21/11/2014,2025,3,1,4,1,2,3,1,16,9,53.749375701,-1.63790726385
15930,1BL1723,429309,435030,2,1,21/11/2014,2315,3,2,4,2,1,3,2,22,1,53.8105186897,-1.55484713499
15931,1BM0399,428560,431696,2,3,22/11/2014,801,3,2,1,1,1,3,1,25,19,53.7805918445,-1.56653190451
15932,1BM0399,428560,431696,2,3,22/11/2014,801,3,2,1,1,1,3,1,37,19,53.7805918445,-1.56653190451
15933,1BM0399,428560,431696,2,3,22/11/2014,801,3,2,1,1,2,3,1,23,19,53.7805918445,-1.56653190451
15934,1BM0606,436245,435655,2,1,16/11/2014,1100,6,1,1,1,1,3,1,34,9,53.8156993526,-1.44943255214
15935,1BM0808,441084,432375,1,1,22/11/2014,1340,6,1,1,1,3,2,1,71,9,53.7858572802,-1.37636947958
15936,1BM0901,430951,435935,2,4,22/11/2014,1457,6,2,1,1,2,3,2,68,11,53.8185583076,-1.52981786494
15937,1BM0901,430951,435935,2,4,22/11/2014,1457,6,2,1,1,2,3,2,80,11,53.8185583076,-1.52981786494
15938,1BM0901,430951,435935,2,4,22/11/2014,1457,6,2,1,1,2,3,2,78,11,53.8185583076,-1.52981786494
15939,1BM0901,430951,435935,2,4,22/11/2014,1457,6,2,1,1,1,2,1,50,9,53.8185583076,-1.52981786494
15940,1BM1325,430786,424518,2,1,22/11/2014,1900,3,1,4,1,2,3,2,59,9,53.7159434291,-1.53346344018
15941,1BM1357,428418,435457,2,1,22/11/2014,1840,6,2,4,2,1,3,1,34,9,53.8144063372,-1.56834001564
15942,1BN0022,429215,430037,2,1,23/11/2014,22,3,1,4,1,1,3,1,38,9,53.7656431085,-1.55674813006
15943,1BN0662,435929,435431,1,1,23/11/2014,1015,3,1,1,1,2,3,1,42,11,53.8137078449,-1.45425856038
15944,1BN0968,422662,444687,2,1,23/11/2014,1541,3,2,1,1,1,2,1,61,1,53.8976553734,-1.65508823543
15945,1BN1340,429721,439316,2,1,23/11/2014,1956,6,2,4,1,1,3,1,20,9,53.849020812,-1.54817538314
15946,1BN1354,421479,434423,2,1,23/11/2014,2009,4,2,4,1,1,3,1,34,3,53.8054448403,-1.67381109984
15947,1BO0190,420905,434495,2,1,24/11/2014,707,3,1,1,1,1,3,2,38,9,53.8061154272,-1.68252306033
15948,1BO0266,430439,434380,2,1,24/11/2014,840,6,1,1,1,1,3,2,50,1,53.8046111115,-1.53774927748
15949,1BO0392,427776,430743,2,1,24/11/2014,1010,3,1,1,1,1,3,2,56,9,53.7720679392,-1.57851650435
15950,1BO0580,442043,445329,1,1,24/11/2014,835,6,1,1,1,3,3,1,10,9,53.9022162264,-1.36004015756
15951,1BO0775,426352,433938,2,1,24/11/2014,1354,6,2,1,1,1,3,1,78,9,53.8008612018,-1.59985103884
15952,1BO0998,441312,445249,1,1,24/11/2014,1550,2,2,6,1,1,3,1,40,19,53.9015559466,-1.37117716744
15953,1BO1072,431917,430501,2,1,24/11/2014,1630,3,1,1,1,1,3,1,23,9,53.7696553145,-1.51570675817
15954,1BO1098,445208,447085,2,1,24/11/2014,1630,6,1,6,1,1,3,1,37,1,53.9177330819,-1.31160812986
15955,1BP0831,432248,436985,1,1,25/11/2014,1530,6,1,1,1,3,3,2,7,9,53.8279175457,-1.51000557614
15956,1BP0851,429311,423387,1,1,25/11/2014,1542,6,4,7,1,1,3,1,34,9,53.7058619553,-1.55592217068
15957,1BP1034,430593,434504,1,1,25/11/2014,1745,3,2,4,1,1,3,1,32,9,53.8057166755,-1.53539837478
15958,1BP1159,425740,438723,1,1,25/11/2014,1840,6,1,4,1,3,3,2,6,9,53.843903095,-1.60874337589
15959,1BP1203,423040,437639,2,1,25/11/2014,1914,3,2,4,1,1,3,1,50,1,53.8342860508,-1.64986468104
15960,1BP1384,429936,433352,1,2,25/11/2014,2112,6,2,4,1,3,3,1,44,11,53.795399895,-1.54548756893
15961,1BP1384,429936,433352,1,2,25/11/2014,2112,6,2,4,1,3,3,2,15,11,53.795399895,-1.54548756893
15962,1BQ0164,423192,434656,2,1,26/11/2014,655,4,2,1,2,1,3,1,43,1,53.8074656719,-1.64777974645
15963,1BQ0224,429457,430234,2,1,26/11/2014,810,3,2,1,1,2,3,1,16,9,53.7674002691,-1.55305780672
15964,1BQ0330,432787,437176,2,1,26/11/2014,942,6,2,1,2,1,3,2,82,9,53.829600646,-1.5017956714
15965,1BQ0425,436295,434707,1,1,26/11/2014,1051,6,1,1,1,3,1,2,83,21,53.807174694,-1.44878489154
15966,1BQ1087,420499,445640,2,1,26/11/2014,1754,6,1,1,1,1,3,1,54,19,53.9063116804,-1.68794432875
15967,1BQ1150,430494,425066,2,1,26/11/2014,1825,6,2,4,1,1,3,1,32,9,53.7208864601,-1.53783430294
15968,1BR0178,428808,432612,2,1,26/11/2014,1640,3,2,7,2,1,3,2,53,9,53.7888118934,-1.56268240484
15969,1BR0268,425453,434293,1,1,27/11/2014,921,3,2,1,2,2,2,2,40,9,53.8040969928,-1.61347244912
15970,1BR0544,421923,433939,2,2,27/11/2014,1225,3,2,1,2,1,3,1,26,9,53.8010757091,-1.66710292104
15971,1BR0544,421923,433939,2,2,27/11/2014,1225,3,2,1,2,2,3,2,22,9,53.8010757091,-1.66710292104
15972,1BR1318,432729,438445,2,1,27/11/2014,2005,6,9,7,9,1,3,1,40,9,53.8410108586,-1.50254179701
15973,1BR1389,425965,426786,1,1,27/11/2014,1910,6,1,4,1,3,3,2,65,9,53.7365924485,-1.60632928361
15974,1BS0244,438723,445898,2,2,28/11/2014,725,3,2,1,2,1,3,1,31,9,53.9075893082,-1.41050064189
15975,1BS0244,438723,445898,2,2,28/11/2014,725,3,2,1,2,1,3,2,57,9,53.9075893082,-1.41050064189
15976,1BS0335,418586,442905,1,1,28/11/2014,820,6,1,1,1,3,3,1,15,9,53.8817995709,-1.71723147057
15977,1BS1245,429568,430336,2,2,28/11/2014,1755,3,2,4,2,1,3,1,33,9,53.7683108349,-1.55136391919
15978,1BS1245,429568,430336,2,2,28/11/2014,1755,3,2,4,2,1,3,1,57,9,53.7683108349,-1.55136391919
15979,1BS1772,433698,433463,2,1,28/11/2014,2055,6,1,7,1,1,2,1,41,1,53.7961675769,-1.48836008356
15980,1BT0117,425250,437877,1,1,29/11/2014,131,3,2,4,1,1,2,1,41,3,53.836322668,-1.6162608898
15981,1BT0737,428931,434594,2,4,29/11/2014,1245,6,1,1,1,1,3,1,22,9,53.8066207706,-1.56062909449
15982,1BT0737,428931,434594,2,4,29/11/2014,1245,6,1,1,1,2,3,1,25,9,53.8066207706,-1.56062909449
15983,1BT0737,428931,434594,2,4,29/11/2014,1245,6,1,1,1,2,3,1,20,9,53.8066207706,-1.56062909449
15984,1BT0737,428931,434594,2,4,29/11/2014,1245,6,1,1,1,1,3,1,43,10,53.8066207706,-1.56062909449
15985,1BT0839,442909,435316,1,4,29/11/2014,1351,4,2,1,1,1,3,2,37,9,53.8121449929,-1.34825923662
15986,1BT0839,442909,435316,1,4,29/11/2014,1351,4,2,1,1,2,3,1,35,9,53.8121449929,-1.34825923662
15987,1BT0839,442909,435316,1,4,29/11/2014,1351,4,2,1,1,2,3,1,7,9,53.8121449929,-1.34825923662
15988,1BT0839,442909,435316,1,4,29/11/2014,1351,4,2,1,1,2,3,1,3,9,53.8121449929,-1.34825923662
15989,1BT0892,424524,437059,2,1,29/11/2014,1420,3,1,1,1,1,3,1,38,8,53.829004633,-1.62735934983
15990,1BT1350,428441,429101,2,2,29/11/2014,1800,3,1,4,1,1,3,2,22,9,53.7572724197,-1.56857718158
15991,1BT1350,428441,429101,2,2,29/11/2014,1800,3,1,4,1,2,3,2,33,9,53.7572724197,-1.56857718158
15992,1BT1587,430122,433776,1,1,29/11/2014,1200,6,1,1,1,3,3,1,74,11,53.7992003801,-1.5426221992