Col.Number,Reference.Number,Easting,Northing,Number.of.Vehicles,Number.of.Casualties,Accident.Date,Time..24hr.,X1st.Road.Class,Road.Surface,Lighting.Conditions,Weather.Conditions,Casualty.Class,Casualty.Severity,Sex.of.Casualty,Age.of.Casualty,Type.of.Vehicle,Latitude,Longitude
15993,1BU0690,420843,434704,2,1,30/11/2014,1140,3,1,1,1,1,3,1,41,19,53.8079965879,-1.68345046491
15994,1BU1087,431131,424778,2,1,30/11/2014,1525,1,1,1,1,1,3,1,48,9,53.7182600554,-1.52820928954
15995,1BU1133,440547,448561,3,3,30/11/2014,1555,4,1,1,1,1,3,1,91,9,53.9313856527,-1.38238155519
15996,1BU1133,440547,448561,3,3,30/11/2014,1555,4,1,1,1,1,3,1,65,9,53.9313856527,-1.38238155519
15997,1BU1133,440547,448561,3,3,30/11/2014,1555,4,1,1,1,2,3,2,63,9,53.9313856527,-1.38238155519
15998,1BU1574,430338,428139,1,2,30/11/2014,2027,6,1,4,1,3,2,2,17,9,53.748518194,-1.5398969962
15999,1BU1574,430338,428139,1,2,30/11/2014,2027,6,1,4,1,3,3,2,16,9,53.748518194,-1.5398969962
16000,1C10352,428324,434431,1,1,01/12/2014,928,6,1,1,1,1,3,1,31,1,53.8051890176,-1.5698622239
16001,1C10863,428516,431254,2,1,01/12/2014,1458,6,1,1,1,2,3,1,50,9,53.7766212134,-1.56724056796
16002,1C11021,429913,433934,1,1,01/12/2014,1609,6,1,1,1,3,2,2,62,9,53.800632659,-1.54578023464
16003,1C11056,439480,426197,2,1,01/12/2014,1629,4,1,1,1,2,3,1,35,9,53.7304499686,-1.40150578605
16004,1C11310,427876,434392,2,1,01/12/2014,1430,3,2,1,2,1,2,1,48,1,53.804862661,-1.5766690276
16005,1C20709,429987,433297,1,1,02/12/2014,1255,6,1,1,1,3,3,2,47,1,53.7949025778,-1.54471862696
16006,1C21200,431660,426466,2,1,02/12/2014,1738,6,1,4,1,1,3,1,36,3,53.7334013277,-1.52001982668
16007,1C21210,424066,428055,2,2,02/12/2014,1740,3,1,4,1,2,3,2,1,9,53.7480904914,-1.6350216494
16008,1C21210,424066,428055,2,2,02/12/2014,1740,3,1,4,1,1,3,2,21,9,53.7480904914,-1.6350216494
16009,1C21226,442967,431603,2,1,02/12/2014,1745,3,1,7,1,1,3,1,47,9,53.7787661488,-1.34789626004
16010,1C21307,435718,437114,1,1,02/12/2014,1705,6,1,7,1,3,3,2,24,9,53.8288501539,-1.45726791702
16011,1C30308,436171,434418,2,1,03/12/2014,940,3,2,1,1,1,3,1,61,1,53.8045856313,-1.45070195145
16012,1C30631,434223,425860,2,1,03/12/2014,1320,1,1,1,1,1,3,1,23,9,53.7277922376,-1.48123231907
16013,1C30790,436102,435590,2,1,03/12/2014,1455,3,1,1,1,1,3,1,30,3,53.815125045,-1.45161226288
16014,1C31091,430511,431207,2,1,03/12/2014,1725,1,2,5,1,1,3,1,27,5,53.7760856507,-1.5369701079
16015,1C31273,427350,433286,1,1,03/12/2014,1900,6,2,4,1,2,3,2,22,9,53.7949490034,-1.58475497173
16016,1C31455,427130,435641,1,1,03/12/2014,1730,6,1,4,1,3,3,2,21,8,53.8161290729,-1.58788751208
16017,1C31592,425074,427853,2,1,03/12/2014,2231,6,2,4,1,1,3,1,20,3,53.7462272147,-1.61975135631
16018,1C31658,429371,433782,2,2,03/12/2014,2129,6,1,4,1,1,3,1,41,8,53.7992972563,-1.55402455912
16019,1C31658,429371,433782,2,2,03/12/2014,2129,6,1,4,1,1,3,1,47,9,53.7992972563,-1.55402455912
16020,1C40188,439923,428815,5,3,04/12/2014,736,6,2,6,1,1,1,1,17,9,53.7539483853,-1.39445235017
16021,1C40188,439923,428815,5,3,04/12/2014,736,6,2,6,1,1,3,2,54,9,53.7539483853,-1.39445235017
16022,1C40188,439923,428815,5,3,04/12/2014,736,6,2,6,1,1,3,2,21,9,53.7539483853,-1.39445235017
16023,1C40343,428106,426662,2,1,04/12/2014,925,3,2,1,1,1,3,2,34,9,53.7353668142,-1.57388054094
16024,1C40667,434950,435636,1,1,04/12/2014,830,6,1,1,1,3,3,1,13,9,53.8156172385,-1.46910502387
16025,1C41392,434470,433713,2,1,04/12/2014,1920,3,2,4,1,1,3,1,29,9,53.7983641609,-1.47661128824
16026,1C50025,427734,431602,2,1,06/12/2014,715,3,2,1,1,1,3,1,19,1,53.77979156,-1.57907655932
16027,1C50282,435425,427366,2,1,05/12/2014,841,6,2,1,1,1,3,2,24,9,53.741248984,-1.46284016631
16028,1C50365,425642,427972,1,1,05/12/2014,835,6,1,1,1,3,3,2,15,9,53.7472692574,-1.61112794274
16029,1C50482,434305,425897,1,1,05/12/2014,1045,4,1,1,1,1,3,1,21,9,53.7281194343,-1.47998527846
16030,1C50629,432651,438034,2,1,05/12/2014,1209,6,1,1,1,1,2,1,51,1,53.8373214474,-1.50377097459
16031,1C50664,427896,436200,1,1,05/12/2014,1136,4,1,1,1,2,3,2,89,11,53.8211132387,-1.57620140298
16032,1C50781,431267,433828,2,1,03/12/2014,830,6,1,1,1,1,2,2,45,1,53.7996002327,-1.5252316815
16033,1C50923,434855,428429,2,1,05/12/2014,1502,6,2,1,1,1,3,1,55,4,53.7508424032,-1.47136291393
16034,1C50965,422956,433108,1,1,05/12/2014,1523,6,1,1,1,3,3,1,14,19,53.7935614144,-1.6514792388
16035,1C51028,434581,428144,1,1,05/12/2014,1550,6,1,4,1,1,2,1,22,2,53.7482988754,-1.47555031791
16036,1C51124,428078,434972,2,1,05/12/2014,1650,6,1,4,1,1,3,1,40,3,53.8100652699,-1.57354859814
16037,1C51234,431621,430526,2,1,05/12/2014,1815,1,1,4,1,1,3,1,61,9,53.7698980903,-1.52019538353
16038,1C51241,431178,429972,2,1,05/12/2014,1747,6,2,4,1,1,3,1,20,1,53.7649450323,-1.52697301647
16039,1C51402,432872,427584,2,1,05/12/2014,1855,3,2,4,1,1,2,2,64,9,53.7433757692,-1.50152720151
16040,1C51471,426186,437462,1,1,04/12/2014,1800,6,1,7,1,3,3,2,51,9,53.8325460038,-1.60207168073
16041,1C51607,419210,441794,2,1,05/12/2014,2010,3,2,4,1,1,3,1,55,3,53.8717903019,-1.70780765813
16042,1C51895,430435,431155,1,1,05/12/2014,2354,1,1,4,1,1,3,2,26,9,53.7756226837,-1.53812856179
16043,1C60403,431743,431426,2,1,06/12/2014,702,3,2,4,1,1,2,1,25,1,53.7779805262,-1.51825165007
16044,1C60412,429393,433805,3,1,06/12/2014,715,2,1,1,1,1,3,1,27,90,53.7995027547,-1.55368832242
16045,1C60568,431256,432305,1,1,06/12/2014,1025,3,2,1,1,1,3,2,25,9,53.7859110848,-1.52555321607
16046,1C60577,427649,436028,1,1,06/12/2014,400,4,1,4,1,3,3,1,20,8,53.8195803731,-1.57996920008
16047,1C60636,440175,433412,2,2,06/12/2014,1115,3,2,1,1,1,3,2,59,9,53.7952493301,-1.39003147515
16048,1C60636,440175,433412,2,2,06/12/2014,1115,3,2,1,1,1,3,2,30,9,53.7952493301,-1.39003147515
16049,1C60653,424909,434426,1,1,06/12/2014,1125,6,1,1,1,3,3,1,82,9,53.8053188416,-1.62172263511
16050,1C60843,429391,433794,2,2,06/12/2014,810,2,1,1,1,1,3,1,32,9,53.7994039916,-1.5537197398
16051,1C60843,429391,433794,2,2,06/12/2014,810,2,1,1,1,1,3,1,18,9,53.7994039916,-1.5537197398
16052,1C61054,436452,435723,1,1,06/12/2014,1430,6,1,1,1,2,3,1,82,11,53.8162961028,-1.44628029279
16053,1C61091,429403,433846,1,1,06/12/2014,1645,2,2,4,1,1,3,1,30,9,53.7998707278,-1.55353257003
16054,1C61132,438538,430165,2,1,06/12/2014,1630,6,2,4,1,1,3,2,44,9,53.7661872727,-1.4152901136
16055,1C61138,427603,436986,1,1,06/12/2014,1639,6,1,4,1,3,3,2,42,9,53.8281940241,-1.58058199552
16056,1C61498,440370,448116,2,1,06/12/2014,2020,6,1,7,1,1,3,1,17,2,53.9273996925,-1.38513627046
16057,1C70333,428799,435166,1,1,07/12/2014,430,6,1,7,1,1,3,1,20,1,53.8117696528,-1.56258017226
16058,1C80481,430236,427775,1,1,05/12/2014,1940,6,1,4,1,2,3,2,55,11,53.7452521978,-1.54147948831
16059,1C81266,435864,435275,2,1,08/12/2014,1740,3,1,1,1,1,3,1,32,2,53.8123101135,-1.45526400704
16060,1C81626,430782,434560,3,1,08/12/2014,2200,3,1,1,1,1,3,1,45,9,53.8062088909,-1.53252262513
16061,1C90850,431797,435580,2,1,09/12/2014,1430,3,1,1,1,1,3,1,41,9,53.8153162729,-1.51700331789
16062,1C91345,427833,436382,2,1,09/12/2014,2000,6,1,4,1,1,3,1,50,1,53.8227525652,-1.57714200466
16063,1C91483,429794,433798,2,1,09/12/2014,2115,6,2,4,2,1,3,2,30,9,53.7994170213,-1.54760030916
16064,1C91527,429784,434077,1,1,09/12/2014,2140,6,1,4,1,3,3,1,59,9,53.8019254492,-1.54772516118
16065,1CA0208,427725,434459,2,1,10/12/2014,740,3,1,1,1,1,3,1,34,9,53.8054729791,-1.57895604393
16066,1CA0858,423749,438013,1,1,10/12/2014,1504,6,2,1,2,3,3,2,84,19,53.837615928,-1.63906144393
16067,1CA0906,424451,433895,2,1,10/12/2014,1530,3,2,1,4,2,3,2,10,9,53.8005675136,-1.62872000046
16068,1CA0944,430468,436316,2,1,10/12/2014,1510,6,1,1,1,1,3,2,23,9,53.8220115301,-1.53711719598
16069,1CA1002,430746,438905,2,1,10/12/2014,1624,6,2,4,2,1,2,2,42,9,53.8452668017,-1.53263484065
16070,1CA1222,428045,431112,2,1,10/12/2014,1800,3,1,1,1,1,3,1,29,2,53.7753703885,-1.5744011685
16071,1CA1225,428826,430302,3,1,10/12/2014,1740,6,1,4,1,2,3,1,48,9,53.7680468144,-1.56262511641
16072,1CA1274,435776,436795,1,1,10/12/2014,1830,3,2,4,5,3,1,1,30,9,53.8259788121,-1.45642377668
16073,1CA1291,435863,436433,2,2,10/12/2014,1840,3,2,4,5,1,3,1,19,9,53.8227189547,-1.45514419463
16074,1CA1291,435863,436433,2,2,10/12/2014,1840,3,2,4,5,2,3,1,9,9,53.8227189547,-1.45514419463
16075,1CA1371,435419,436669,2,1,10/12/2014,1930,6,1,1,1,1,3,1,46,9,53.8248707048,-1.46186224094
16076,1CA1567,433154,435249,2,1,10/12/2014,2215,6,2,4,5,1,3,1,29,9,53.8122562681,-1.49642700158
16077,1CA1568,425336,440883,1,3,10/12/2014,2235,6,2,4,5,2,3,1,18,9,53.863338609,-1.61470586923
16078,1CA1568,425336,440883,1,3,10/12/2014,2235,6,2,4,5,2,3,1,18,9,53.863338609,-1.61470586923
16079,1CA1568,425336,440883,1,3,10/12/2014,2235,6,2,4,5,2,3,1,18,9,53.863338609,-1.61470586923
16080,1CB0548,422242,436768,2,1,13/12/2014,1145,3,1,1,1,1,3,1,46,9,53.8264915751,-1.66205455212
16081,1CB0920,430195,438301,2,1,11/12/2014,1545,3,2,4,2,2,3,2,93,11,53.839869981,-1.5410695831
16082,1CB0981,430867,434253,3,2,11/12/2014,1625,6,1,4,1,1,3,1,39,19,53.8034443216,-1.53126258304
16083,1CB0981,430867,434253,3,2,11/12/2014,1625,6,1,4,1,1,3,2,28,9,53.8034443216,-1.53126258304
16084,1CC0522,441295,433228,1,1,12/12/2014,810,6,1,1,1,3,3,1,11,9,53.7935077611,-1.37305252343
16085,1CC0564,430814,431975,2,1,12/12/2014,1223,3,1,1,1,1,3,2,53,9,53.7829711592,-1.53229524485
16086,1CC0911,431885,435549,2,2,12/12/2014,900,6,2,1,2,2,3,1,26,9,53.8150322347,-1.51566986241
16087,1CC0911,431885,435549,2,2,12/12/2014,900,6,2,1,2,1,3,1,25,9,53.8150322347,-1.51566986241
16088,1CC1002,443654,437222,4,3,12/12/2014,1630,2,1,4,1,2,2,2,33,9,53.8292148252,-1.33667380417
16089,1CC1002,443654,437222,4,3,12/12/2014,1630,2,1,4,1,2,3,2,46,9,53.8292148252,-1.33667380417
16090,1CC1002,443654,437222,4,3,12/12/2014,1630,2,1,4,1,1,3,2,57,9,53.8292148252,-1.33667380417
16091,1CC1160,433408,434962,1,2,12/12/2014,1751,6,2,4,1,3,2,1,15,9,53.8096602705,-1.49260034138
16092,1CC1160,433408,434962,1,2,12/12/2014,1751,6,2,4,1,3,3,1,17,9,53.8096602705,-1.49260034138
16093,1CC1294,434721,438859,1,1,12/12/2014,1906,6,2,6,1,2,3,2,21,9,53.8446027868,-1.47221934794
16094,1CD0097,429389,425864,2,2,13/12/2014,130,3,2,4,1,1,3,1,55,9,53.7281229832,-1.55450525473
16095,1CD0097,429389,425864,2,2,13/12/2014,130,3,2,4,1,1,3,1,32,9,53.7281229832,-1.55450525473
16096,1CD0802,425802,428128,2,2,13/12/2014,1143,6,2,1,1,1,3,1,20,2,53.748663626,-1.60868850559
16097,1CD0802,425802,428128,2,2,13/12/2014,1143,6,2,1,1,2,3,2,68,9,53.748663626,-1.60868850559
16098,1CD0865,430686,436780,1,1,13/12/2014,1325,6,1,1,1,3,3,2,1,9,53.8261694514,-1.53375906434
16099,1CD1083,432157,433604,1,1,13/12/2014,1620,3,2,4,2,3,3,1,52,19,53.7975325118,-1.5117415532
16100,1CD1095,430181,426431,2,1,13/12/2014,1614,1,2,4,2,1,3,2,21,9,53.7331744188,-1.54244475775
16101,1CD1136,430386,433600,1,3,13/12/2014,1640,6,2,4,1,3,3,2,31,11,53.7976030117,-1.53863108348
16102,1CD1136,430386,433600,1,3,13/12/2014,1640,6,2,4,1,2,3,2,77,11,53.7976030117,-1.53863108348
16103,1CD1136,430386,433600,1,3,13/12/2014,1640,6,2,4,1,2,3,2,86,11,53.7976030117,-1.53863108348
16104,1CE0242,430933,433312,2,5,14/12/2014,250,3,2,4,1,1,2,1,41,8,53.7949820255,-1.53035488078
16105,1CE0242,430933,433312,2,5,14/12/2014,250,3,2,4,1,2,2,1,21,8,53.7949820255,-1.53035488078
16106,1CE0242,430933,433312,2,5,14/12/2014,250,3,2,4,1,2,2,1,26,8,53.7949820255,-1.53035488078
16107,1CE0242,430933,433312,2,5,14/12/2014,250,3,2,4,1,2,2,2,21,8,53.7949820255,-1.53035488078
16108,1CE0242,430933,433312,2,5,14/12/2014,250,3,2,4,1,2,2,2,28,8,53.7949820255,-1.53035488078
16109,1CE0243,430859,433343,1,1,14/12/2014,250,3,1,4,1,3,2,1,31,9,53.79526507,-1.53147525041
16110,1CE0606,424759,433577,2,1,14/12/2014,1057,6,2,1,1,1,3,1,21,3,53.7976945009,-1.62406880281
16111,1CE1140,433268,436242,1,1,14/12/2014,1729,3,2,4,1,2,3,2,53,9,53.8211747012,-1.49458815719
16112,1CE1380,429811,432954,1,1,14/12/2014,1940,6,2,4,1,3,2,2,59,9,53.7918295542,-1.5474238678
16113,1CF0246,432210,444913,2,1,15/12/2014,815,3,2,1,2,1,3,2,51,9,53.8991814107,-1.50975052377
16114,1CF0721,426972,439836,2,2,15/12/2014,1355,3,1,1,1,1,3,2,51,9,53.8538450048,-1.58991930772
16115,1CF0721,426972,439836,2,2,15/12/2014,1355,3,1,1,1,2,3,1,55,9,53.8538450048,-1.58991930772
16116,1CF0800,434652,434524,2,1,15/12/2014,1426,3,2,1,2,1,3,2,46,9,53.8056418468,-1.47375667917
16117,1CF0877,427081,436955,1,1,14/12/2014,2345,6,1,7,1,3,3,2,19,8,53.8279428385,-1.5885161076
16118,1CF1328,425059,433375,1,1,15/12/2014,1840,6,2,4,1,3,2,1,10,9,53.7958643959,-1.61953026178
16119,1CG0265,443946,442722,1,1,16/12/2014,850,6,2,1,1,1,3,2,37,9,53.8786259583,-1.33144973475
16120,1CG0729,433161,435243,2,1,16/12/2014,1405,6,1,1,1,1,3,2,22,9,53.8122018898,-1.49632133034
16121,1CG0771,430701,433612,1,1,16/12/2014,1441,3,1,1,1,3,3,1,21,19,53.7976923824,-1.53384722626
16122,1CG1251,426837,438055,3,1,16/12/2014,1846,3,1,4,1,1,3,2,28,9,53.8378431027,-1.59212742308
16123,1CG1611,427569,436873,2,1,16/12/2014,2250,3,2,4,2,1,3,1,30,1,53.8271801027,-1.58110873174
16124,1CH0233,430326,435936,1,1,17/12/2014,740,3,2,4,1,3,2,2,11,9,53.8186041327,-1.53931191074
16125,1CH0522,426041,436553,1,1,17/12/2014,1140,6,2,1,1,1,3,1,33,9,53.8243825151,-1.60435207526
16126,1CH0716,422278,433404,1,1,17/12/2014,1345,6,2,1,1,3,3,1,85,9,53.7962515886,-1.66175110892
16127,1CH0930,431880,435714,1,1,17/12/2014,1546,3,1,1,1,3,3,2,69,9,53.8165156711,-1.51572871124
16128,1CH1008,420922,433534,1,1,17/12/2014,1624,6,2,4,1,3,3,1,11,9,53.7974764405,-1.68233018934
16129,1CH1054,435020,436052,1,1,17/12/2014,1642,6,2,4,2,3,3,2,11,9,53.819351784,-1.46799440778
16130,1CH1402,426058,436619,2,1,17/12/2014,1944,6,2,4,2,1,2,1,35,1,53.8249749211,-1.60408820334
16131,1CH1409,436739,433810,1,1,17/12/2014,1947,3,2,4,2,1,3,2,67,9,53.7990807623,-1.44214921172
16132,1CI0839,429128,433853,2,1,18/12/2014,1340,6,2,1,1,2,3,2,57,9,53.7999491201,-1.55770748509
16133,1CI1175,431044,433564,1,1,18/12/2014,1651,3,2,4,2,3,3,1,34,9,53.7972405696,-1.52864427062
16134,1CI1253,425473,437539,2,1,18/12/2014,1731,6,2,4,9,1,3,1,32,1,53.8332735831,-1.61289993013
16135,1CI1311,428506,431275,1,1,18/12/2014,1755,6,2,4,2,3,3,1,20,9,53.7768105256,-1.56739038222
16136,1CI1321,431483,435012,2,1,18/12/2014,1801,6,2,4,2,1,3,1,26,9,53.8102298133,-1.52183091061
16137,1CI1515,433164,436091,2,1,18/12/2014,2000,6,2,4,2,1,3,2,56,9,53.8198240637,-1.49618435334
16138,1CI1594,437870,432950,1,1,18/12/2014,2050,2,2,6,2,3,1,1,51,21,53.7912694928,-1.42508259433
16139,1CI1699,427471,433776,2,1,18/12/2014,2215,6,2,4,2,1,3,1,25,1,53.7993471289,-1.58287422278
16140,1CJ0063,429486,438077,2,3,19/12/2014,111,6,2,4,2,1,3,1,34,9,53.837897248,-1.55186672543
16141,1CJ0063,429486,438077,2,3,19/12/2014,111,6,2,4,2,2,3,1,38,9,53.837897248,-1.55186672543
16142,1CJ0063,429486,438077,2,3,19/12/2014,111,6,2,4,2,2,3,1,36,9,53.837897248,-1.55186672543
16143,1CJ0355,420224,434835,2,1,19/12/2014,932,6,2,1,2,1,3,1,34,9,53.8091985705,-1.69284266387
16144,1CJ0678,423869,434279,2,1,19/12/2014,1315,3,2,1,1,1,3,1,54,9,53.8040462543,-1.63752750453
16145,1CJ0817,430037,431028,2,1,15/12/2014,1545,3,2,1,2,1,3,1,33,9,53.7745042239,-1.54418063443
16146,1CJ1219,427709,426389,3,1,19/12/2014,1600,1,2,4,5,1,3,1,41,19,53.7329341019,-1.57992380772
16147,1CJ1944,429942,433381,1,1,19/12/2014,2335,6,2,4,1,3,3,1,39,8,53.7956602231,-1.54539365633
16148,1CK0283,432531,443201,1,1,20/12/2014,312,3,2,4,1,1,3,1,56,9,53.8837729882,-1.50504682573
16149,1CK1199,433334,434251,1,1,20/12/2014,1632,6,1,4,1,3,3,1,6,19,53.8032740898,-1.4938011952
16150,1CK1248,430432,431268,2,1,18/12/2014,1800,6,1,4,1,2,3,2,6,9,53.7766385882,-1.53816293636
16151,1CK1571,430338,433385,1,1,20/12/2014,2025,6,1,4,1,3,3,1,32,11,53.7956732373,-1.53938104718
16152,1CL0443,423570,434696,2,2,20/12/2014,2230,6,1,4,1,2,3,2,17,8,53.8078082303,-1.6420360653
16153,1CL0443,423570,434696,2,2,20/12/2014,2230,6,1,4,1,2,3,2,18,8,53.8078082303,-1.6420360653
16154,1CL0648,431228,445744,2,1,21/12/2014,1230,3,2,1,1,2,3,2,64,9,53.9067109869,-1.52461159774
16155,1CL0989,429561,431050,2,1,21/12/2014,1639,6,1,4,1,2,3,2,61,8,53.7747292191,-1.55140170511
16156,1CL1017,430912,428655,2,2,21/12/2014,1702,6,1,4,1,1,3,2,22,9,53.7531226764,-1.53114044585
16157,1CL1017,430912,428655,2,2,21/12/2014,1702,6,1,4,1,2,3,2,60,9,53.7531226764,-1.53114044585
16158,1CL1308,430032,431022,2,3,21/12/2014,2015,3,2,4,1,1,3,1,66,9,53.7744505798,-1.54425709234
16159,1CL1308,430032,431022,2,3,21/12/2014,2015,3,2,4,1,2,3,1,44,9,53.7744505798,-1.54425709234
16160,1CL1308,430032,431022,2,3,21/12/2014,2015,3,2,4,1,1,3,1,32,9,53.7744505798,-1.54425709234
16161,1CL1483,430905,436562,2,3,21/12/2014,2212,4,2,4,4,1,3,2,48,9,53.8241969441,-1.53045362762
16162,1CL1483,430905,436562,2,3,21/12/2014,2212,4,2,4,4,2,3,1,18,9,53.8241969441,-1.53045362762
16163,1CL1483,430905,436562,2,3,21/12/2014,2212,4,2,4,4,2,3,2,10,9,53.8241969441,-1.53045362762
16164,1CM0248,425830,438647,1,1,22/12/2014,739,6,1,4,4,3,3,1,41,9,53.843215483,-1.60738177258
16165,1CM0892,430634,431191,2,1,22/12/2014,1448,6,2,1,5,2,3,1,16,9,53.7759346081,-1.5351051371
16166,1CM0916,429006,429700,2,1,22/12/2014,1501,6,1,1,1,1,3,2,34,9,53.7626255647,-1.55995066209
16167,1CM1165,430910,435581,1,1,22/12/2014,1710,6,2,4,4,3,3,2,52,9,53.8153787535,-1.53047624899
16168,1CM1223,425397,437918,1,2,22/12/2014,1756,3,2,4,4,1,3,1,28,9,53.8366840412,-1.61402351117
16169,1CM1223,425397,437918,1,2,22/12/2014,1756,3,2,4,4,2,3,1,10,9,53.8366840412,-1.61402351117
16170,1CM1273,430936,433389,1,1,22/12/2014,1550,3,2,1,4,2,3,1,5,11,53.7956739782,-1.53030160137
16171,1CM1390,431474,431698,2,1,22/12/2014,1923,6,2,4,2,1,3,1,31,2,53.7804417926,-1.52230621265
16172,1CM1603,427493,425504,2,1,22/12/2014,2130,3,1,4,1,1,3,1,20,9,53.7249903771,-1.58327700584
16173,1CM1751,434219,433855,1,1,22/12/2014,2322,4,2,4,5,1,2,1,54,3,53.7996571187,-1.4804064936
16174,1CN0652,434613,434512,2,3,23/12/2014,1150,3,2,1,1,2,3,1,78,11,53.8055365803,-1.47435027525
16175,1CN0652,434613,434512,2,3,23/12/2014,1150,3,2,1,1,2,3,2,77,11,53.8055365803,-1.47435027525
16176,1CN0652,434613,434512,2,3,23/12/2014,1150,3,2,1,1,2,3,2,75,11,53.8055365803,-1.47435027525
16177,1CN0767,430812,436622,1,1,23/12/2014,1310,6,1,1,1,2,3,1,64,11,53.8247417862,-1.53186053255
16178,1CN1086,430859,424444,2,1,23/12/2014,1700,1,2,4,2,1,3,2,21,9,53.715273943,-1.53236460338
16179,1CN1095,431817,434294,2,1,23/12/2014,1700,6,2,4,1,1,3,2,29,9,53.8037556123,-1.51683247477
16180,1CN1112,429917,438776,2,1,23/12/2014,1030,6,1,1,1,2,3,1,50,9,53.844155682,-1.54524846336
16181,1CN1135,435301,435253,1,2,23/12/2014,1744,6,2,4,1,2,3,2,22,8,53.8121508922,-1.46381748594
16182,1CN1135,435301,435253,1,2,23/12/2014,1744,6,2,4,1,2,3,2,22,8,53.8121508922,-1.46381748594
16183,1CN1174,424469,433844,2,1,23/12/2014,1845,3,2,4,5,1,3,2,29,9,53.8001082374,-1.62845073546
16184,1CN1299,428550,433012,2,2,23/12/2014,1915,3,1,4,4,1,3,1,28,9,53.7924216182,-1.56656176652
16185,1CN1299,428550,433012,2,2,23/12/2014,1915,3,1,4,4,2,3,1,55,9,53.7924216182,-1.56656176652
16186,1CO0288,431496,433971,3,1,24/12/2014,800,6,1,1,1,1,3,1,48,9,53.8008718017,-1.52173997798
16187,1CO0718,419833,441195,3,1,24/12/2014,1327,3,1,1,1,2,3,2,12,9,53.8663825808,-1.69837044261
16188,1CO0793,441270,431106,1,1,24/12/2014,1345,6,1,1,1,3,2,2,79,9,53.7744361552,-1.37371615805
16189,1CO0919,430267,433754,1,1,24/12/2014,1607,6,1,4,1,3,3,2,25,9,53.798994212,-1.54042273343
16190,1CQ0124,431968,435819,2,2,26/12/2014,150,3,1,4,1,1,3,1,34,19,53.8174540767,-1.51438109397
16191,1CQ0124,431968,435819,2,2,26/12/2014,150,3,1,4,1,2,3,2,24,19,53.8174540767,-1.51438109397
16192,1CQ0293,434120,429958,1,1,26/12/2014,745,1,2,1,1,1,3,2,23,9,53.764634777,-1.48234099103
16193,1CQ0491,433654,438995,2,1,26/12/2014,1150,3,2,1,1,1,2,1,29,5,53.8458954722,-1.4884227802
16194,1CQ0518,425680,426870,2,1,26/12/2014,1100,3,1,1,1,1,3,2,33,9,53.7373616308,-1.61064324843
16195,1CQ0820,440675,447730,2,2,26/12/2014,1645,3,2,4,2,1,3,2,19,9,53.9239063409,-1.3805425752
16196,1CQ0820,440675,447730,2,2,26/12/2014,1645,3,2,4,2,2,3,2,76,9,53.9239063409,-1.3805425752
16197,1CQ0911,427956,429368,2,1,26/12/2014,1750,6,1,4,1,2,3,2,17,9,53.7596986862,-1.57590976672
16198,1CQ0913,432565,439367,2,1,26/12/2014,1752,3,2,4,2,1,1,1,58,9,53.8493086617,-1.50493661488
16199,1CQ0917,429965,427061,1,1,26/12/2014,1754,6,2,4,2,3,1,1,63,11,53.7388498344,-1.54565821852
16200,1CQ0968,420220,445622,2,1,26/12/2014,1830,4,3,4,3,1,3,1,44,1,53.9061608455,-1.69219265897
16201,1CQ1060,425680,426869,2,1,26/12/2014,1930,6,2,4,3,1,3,1,30,8,53.7373526419,-1.61064333151
16202,1CR0161,424124,435026,1,1,27/12/2014,125,6,1,4,1,3,3,2,27,8,53.8107491341,-1.63359663941
16203,1CR1338,432563,435023,2,1,27/12/2014,1950,6,2,4,1,2,3,1,2,9,53.8102621792,-1.50542718736
16204,1CR1342,417978,442773,2,2,27/12/2014,1955,3,4,4,2,1,3,2,20,9,53.880634483,-1.72648924535
16205,1CR1342,417978,442773,2,2,27/12/2014,1955,3,4,4,2,2,3,2,20,9,53.880634483,-1.72648924535
16206,1CR1601,432007,434490,2,2,27/12/2014,2330,6,2,4,1,1,2,1,16,9,53.805505736,-1.51392690404
16207,1CR1601,432007,434490,2,2,27/12/2014,2330,6,2,4,1,2,3,1,17,9,53.805505736,-1.51392690404
16208,1CS0418,440330,435697,1,1,28/12/2014,955,6,4,1,1,1,3,1,45,9,53.8157760329,-1.38737894091
16209,1CS0430,421208,434125,1,1,28/12/2014,1005,3,4,1,1,1,3,2,22,9,53.8027772809,-1.67794707294
16210,1CS0465,429018,429439,1,1,28/12/2014,1118,6,1,1,1,3,2,1,86,19,53.7602788189,-1.55979315325
16211,1CS0477,435574,440137,1,1,28/12/2014,1055,3,4,1,1,1,3,2,74,9,53.8560324053,-1.45910576702
16212,1CT0467,426865,437535,2,3,30/12/2014,1154,3,2,1,1,1,3,1,55,9,53.8331675167,-1.59174734853
16213,1CT0467,426865,437535,2,3,30/12/2014,1154,3,2,1,1,1,3,1,65,9,53.8331675167,-1.59174734853
16214,1CT0467,426865,437535,2,3,30/12/2014,1154,3,2,1,1,2,3,2,62,9,53.8331675167,-1.59174734853
16215,1CT1319,425800,428414,2,1,29/12/2014,2025,4,2,4,1,1,3,1,28,9,53.7512345434,-1.60869494768
16216,1CU0553,421674,434229,1,1,30/12/2014,1335,6,2,1,1,3,3,2,73,9,53.8036929126,-1.67086346139
16217,1CU0802,429119,430977,2,1,30/12/2014,1554,6,2,1,1,1,3,2,55,9,53.774097945,-1.55811587722
16218,1CV0080,428839,433995,1,1,31/12/2014,153,6,2,4,1,3,2,1,19,8,53.8012416243,-1.5620823492
16219,1CV0542,436092,434785,2,1,31/12/2014,1310,6,2,1,1,2,3,2,15,9,53.8078899316,-1.45185856732
16220,2130577,426119,426906,1,1,25/12/2014,830,6,1,1,1,2,3,1,71,8,53.7376634234,-1.60398432031
16221,21D1298,430261,431186,1,1,27/12/2014,50,6,1,7,1,3,3,1,23,9,53.7759114773,-1.54076599245
16222,25D0630,430906,433484,2,1,13/05/2014,1220,6,1,1,1,1,2,1,77,22,53.796529689,-1.53074753968